No. ,Exhibitor Name (KOR),Exhibitor Name (ENG),Country ,Hall,Show Name ,Exhibit Item (KOR),Exhibit Item (ENG)
1,LG에너지솔루션 ,LG Energy Solution,South Korea ,C3.410,InterBattery Europe,리튬이온 배터리 (ESS 배터리) ,Lithium-ion Battery (ESS Battery)
2,삼성SDI,Samsung SDI ,South Korea,C3.310 ,InterBattery Europe,"ESS, 배터리 ","ESS, Battery"
3,제이스텍 ,"JASTECH,Ltd.",South Korea,C3.460 ,InterBattery Europe,"이차전지 Cell, Can, Cap Assembly 및 이차전지 자동화 제조장비 ","2nd Battery Cell, Can, Cap Assembly, and Secondary Battery Automation Manufacturing Equipment"
4,에너테크 인터내셔널,EnerTech International ,South Korea,C3.530 ,InterBattery Europe,"이차전지 - 전극, 셀, 팩","Secondary Battery - Electrodes, Cells, Packs"
5,재단법인충북테크노파크,CHUNGBUK TECHNOPARK,South Korea,C3.640 ,InterBattery Europe,배터리 소재 및 부품 ,Battery Materrials
6,에버모어테크놀러지스 ,EVERMORE TECHNOLOGIES,South Korea,C3.430 ,InterBattery Europe,이차전지 및 소재 ,Secondary Battery and Material
7,비나텍 ,"VINATech Co.,Ltd.",South Korea,C3.630 ,InterBattery Europe,"슈퍼커패시터 셀 및 모듈, 수소연료전지 소재 및 부품 ","Supercapacitor Cell & Module, materials and components of hydrogen fuel cells"
8,에이치투 ,"H2, Inc.",South Korea,C3.450 ,InterBattery Europe,바나듐흐름전지,Vanadium Flow Battery
9,씨엔피솔루션즈,"CNP Solutions Co., LTD.",South Korea,C3.534,InterBattery Europe,이차전지 바인더,Secondary battery (Binder)
10,비츠로셀,Vitzrocell ,South Korea,C3.538 ,InterBattery Europe,"리튬이차전지 소재, 리튬이차전지, 리튬일차전지, 초박형전지, 슈퍼캐퍼시터 ","Lithium-Ion Battery Materials, Lithium Secondary Battery, Lithium Primary Battery(Li-SOCl2)"
11,대전테크노파크 ,DAEJEON TECHNOPARK ,South Korea,C3.639 ,InterBattery Europe,기업제품 ,corporate products
12,투에스티 ,"SST Co., Ltd.",South Korea,C3.650,InterBattery Europe,"ESS, 전기차 화재확산방지 및 소화용구","ESS, Electric vehicle fine spread prevention and fire extinguishing equipment"
13,포항시청 ,Pohang City Hall ,South Korea,C3.634 ,InterBattery Europe,포항시 이차전지 산업 ,The Secondary Battery Industry in Pohang City
14,경북도청 ,Province of Gyeongsangbuk-do ,South Korea,C3.634 ,InterBattery Europe,이차전지 투자환경 소개 등 ,Investment PR
15,유진테크놀로지,"Yujin Technology, Inc. ",South Korea,C3.454,InterBattery Europe,"금형, 정밀 기계 부품, 2차 전지 설비, 리드탭 ","Metal Mold, Precision Machine Parts, Automated Machine, Lead Tap"
16,블루캡캔,BlueCapCan Inc.,South Korea,C3.434 ,InterBattery Europe,"각형 캡 조립품, 캔","Prismatic Can, Assembled Cap Plate"
17,제이이엔지 ,J-ENG ,South Korea,C3.535 ,InterBattery Europe,"이차전지 조립 및 화성 공정 장비, 물류 자동화, ESS 모듈/팩 조립 장비","Secondary battery assembly and formation process equipment, logistics automation, ESS modul/pack M/C"
18,태웅로직스 ,Taewoong Logistics,South Korea,C3.555 ,InterBattery Europe,"ISO탱크, 물류서비스 ","ISO TANK, LOGISTIC SERVICE, FREIGHT FORWARDING"
19,디이엔티,DE&T ,South Korea,C3.655 ,InterBattery Europe,"노칭 장비, 유지부커팅, DNC, Laser Slitting, 통합 비전 ","Laser/Press Notching, Uncoated Cutting, DNC, Laser Slitting, Total Vision"
20,네오배터리머티리얼즈 코리아,Neo Battery Materials Korea ,South Korea,C3.730 ,InterBattery Europe,리튬이차전지용 실리콘 음극재 ,Silicon anode for Lithium-ion Battery
21,구미시청,GUMICO ,South Korea,C3.651 ,InterBattery Europe,구미 국가산업단지 투자환경 안내 ,Information on investment environment for Gumi National Industrial Complex
22,나래나노텍 ,NARAENANOTECH ,South Korea,C3.736,InterBattery Europe,배터리 전극 코터 ,Battery Electrode Coater
23,강원에너지 ,"KANGWON ENERGY CO,. Ltd.",South Korea,C3.550,InterBattery Europe,"고속에어제트밀, 전기히터건조기, PD믹서기, 전자석탈철기","Air jet mil, PD Mixer, Electric heater dryer, Electro magnet filter"
24,자인에너지,ZAIN ENERGY Inc. ,South Korea,C3.556,InterBattery Europe,"리튬이온배터리셀, 전해질 첨가제, 전극 바인더, 고분자전해질","Lithium ion battery, Electrolyte additives, binder, polymer electrolyte"
25,에스앤이리서치,SNE RESEARCH ,South Korea,C3.552 ,InterBattery Europe,"시장 조사 리포트, 데이터베이스 서비스, 컨설팅 서비스","Market Research Report, Database Service, Consulting Service"
26,에프디씨 ,"FDC Co., Ltd. ",South Korea,C3.540,InterBattery Europe,배터리 에너지 저장 시스템,Battery Energy Storage System
27,와이엠텍,"YM TECH CO., LTD",South Korea,C3.735,InterBattery Europe,EV 릴레이 ,EV Relay
28,에버인더스,Everindus Inc.,South Korea,C3.554,InterBattery Europe,이차전지 소재 ,Secondary Battery Material
29,한국수출입은행 ,The Export-Import Bank of Korea ,South Korea,C3.654,InterBattery Europe,금융상담 제공 ,Financial Consulting
30,옥스머티리얼즈 ,"OCSmaterials.Co.,Ltd. ",South Korea,C3.658 ,InterBattery Europe,"실리콘 방열 제품-충진재(Encapsulants), 갭필러(Gap Filler),그리스(Gap Pad),갭패드(Gap Pad) ","Thermal Interface Materials- Encapsulants, Gap Filler, Grease, Gap Pad"
31,미르지엔아이 ,"MIR G&I Co., Ltd.",South Korea,C3.759 ,InterBattery Europe,"드라이룸, 공조설비 ","Dry room, HVAC system"
32,코리아시뮬레이터,"KOREA SIMULATOR Co.,Ltd ",South Korea,C3.656,InterBattery Europe,"양방향 충방전기(360kW, 150kW, 400kW), 베어링 전식 시험기, 모터다이나모 시험기, 모터 액추에이터 성능 시험기, 모터 액추에이터 복합환경 내구성 시험기 ","Bi-directional Charger/Discharger(360kW, 150kW, 400kW), Bearing Electric Corrosion Tester"
33,고려기연 ,"KOREA KIYON CO.,LTD. ",South Korea,C3.751 ,InterBattery Europe,증착기+글로브박스,Evaporation System with Glovebox
34,이온어스,AEONUS,South Korea,C3.739,InterBattery Europe,"인디고 스테이션, 인디고 차지, 모뱃 ","indego STATION, indego CHARGE, Mobatt"
35,이투텍,"E2Technology Co.,LTD.",South Korea,C3.640 ,InterBattery Europe,,1. Secondary Battery Electrodes 2. Secondary Battery Cell 3. ESS 4. Power bank 5. Battery pack for Dron etc. 
36,제이알에너지솔루션,JR ENERGY SOLUTION INC,South Korea,C3.640,InterBattery Europe,,"Electrode, Battery Cell"
37,와이케이신터링,YKS Intering ,South Korea,C3.640,InterBattery Europe,,"Recycled battery raw materials, Cemented carbide jig"
38,에이투비투,A2B2 Corporation ,South Korea,C3.640,InterBattery Europe,,"Insulation/thermal adhesion film for secondary batteries (Cylindrical, Pouch type batteries). And lead tabs"
39,넥스포 ,NexPO ,South Korea,C3.640,InterBattery Europe,,Lead tab
40,민테크,"Mintech Co., Ltd.",South Korea,C3.639,InterBattery Europe,,"AC Impedance Analyzer, All-In-One Battery Tester with Cycler, EIS Integrated Formation System"
41,휴비스,"HUBIS CO., LTD.",South Korea,C3.639,InterBattery Europe,,Laser welding scanner
42,유뱃,UBATT Inc.,South Korea,C3.639 ,InterBattery Europe,,Lithium Secondary Battery
43,에이앤폴리 ,ANPOLY,South Korea,C3.634 ,InterBattery Europe,,Nanocellulose LFP Binder
44,투엔,Two-N ,South Korea,C3.634 ,InterBattery Europe,,Water Treatment for Battery Industry & Battery Electrodes Stripping Solution
45,인터배터리,InterBattery ,South Korea,C3.641 ,InterBattery Europe,,
46,한국배터리산업협회,Korea Battery Industry Association ,South Korea,C3.653 ,InterBattery Europe,,
47,EV 트렌드 코리아 2025,EV Trend Korea 2025 ,South Korea,C3.753 ,InterBattery Europe,,
48,Green Energy Origin Texas ,Green Energy Origin Texas ,China,C3.320 ,InterBattery Europe,,Battery Materials
49,"Zhejiang GSP&DC Energy Technology CO., Ltd.","Zhejiang GSP&DC Energy Technology CO., Ltd.",China,C3.440,InterBattery Europe,,"Battery, Power bank, Industrial and commercial energy storage cabinet, energy storage device"
50,"Shenzhen Yunt Digital Power Co., Ltd. ","Shenzhen Yunt Digital Power Co., Ltd. ",China,C3.470,InterBattery Europe,,Portable Power Station/Energy Storage System
51,"Hunan Ancheng New Energy Co., Ltd","Hunan Ancheng New Energy Co., Ltd",China,C3.570 ,InterBattery Europe,,Battery Energy Storage System
52,"Anhui QNAS Energy Technology Co., Ltd","Anhui QNAS Energy Technology Co., Ltd ",China,C3.590,InterBattery Europe,,Sodium-Ion Cells and Batteries
53,"Shenzhen Huaxing New Energy Technology Co., Ltd.","Shenzhen Huaxing New Energy Technology Co., Ltd.",China,C3.579 ,InterBattery Europe,,"Residential EES, Energy Storage System"
54,Shenzhen Qichang intelligent Technology Co. Ltd ,Shenzhen Qichang intelligent Technology Co. Ltd ,China,C3.480 ,InterBattery Europe,,Portable Power Stations
55,"Ucanpower New Energy Technology co., Ltd ","Ucanpower New Energy Technology co., Ltd ",China,C3.572 ,InterBattery Europe,,"Solar inverter, storage battery"
56,"SUNWAY SOLAR CO., LTD ","SUNWAY SOLAR CO., LTD",China,C3.682 ,InterBattery Europe,,"Solar panel, Solar Battery, Inverter"
57,"Shenzhen Minglida Precision Technology Co., Ltd.","Shenzhen Minglida Precision Technology Co., Ltd.",China,C3.770 ,InterBattery Europe,,"Solar storage mechanical parts, Solar inverter mechanical parts"
58,"Jiangxi SinNET Electronics Technologies Co.,Ltd ","Jiangxi SinNET Electronics Technologies Co.,Ltd ",China,C3.575 ,InterBattery Europe,,Household energy storage systems
59,"Huizhou Carku Technology Co., Ltd","Huizhou Carku Technology Co., Ltd ",China,C3.679 ,InterBattery Europe,,Portable Power Station
60,"Zhonghai Chao ( hebei ) New Energy Technology Co.,Ltd","Zhonghai Chao ( hebei ) New Energy Technology Co.,Ltd. ",China,C3.580,InterBattery Europe,,Home Energy Storage-1、2、4、8kWh; Energy Storage Cabinet&Container
61,"Guangzhou HYNER Energy Co., Ltd.","Guangzhou HYNER Energy Co., Ltd.",China,C3.750,InterBattery Europe,,"ESS Module, ESS Cabinet, ALL-IN-ONE ESS, ESS Container"
62,"Nanjing Ifusion Technology Co.,Ltd","Nanjing Ifusion Technology Co.,Ltd.",China,C3.762 ,InterBattery Europe,,ENERGY STORAGE BATTERY
63,ANHUI SHENGXIN ALUMINIUM CORPORATION LIMITED ,ANHUI SHENGXIN ALUMINIUM CORPORATION LIMITED,China,C3.775,InterBattery Europe,,ALUMINIUM PROFILES FOR SOLAR
64,"Zhejiang Sinopont Technology Co., Ltd. ","Zhejiang Sinopont Technology Co., Ltd.",China,C3.783 ,InterBattery Europe,,"high-end functional films, pure POE, EVA, and white film"
65,"Haicen Antech Power (Qingdao) Co., Ltd.","Haicen Antech Power (Qingdao) Co., Ltd. ",China,C3.782 ,InterBattery Europe,,Lithium Battery
66,"Jiangxi Ruiwei New Energy Co.,Ltd. ","Jiangxi Ruiwei New Energy Co.,Ltd. ",China,C3.472,InterBattery Europe,,Lead acid battery
67,"Shenzhen Jieyo Technology Co., Ltd","Shenzhen Jieyo Technology Co., Ltd",China,C3.476 ,InterBattery Europe,,"portable power station, energy storage system, li-ion battery, Ni-MH battery"
68,"Guangdong QianWei Precision Connector Co.,Ltd.","Guangdong QianWei Precision Connector Co.,Ltd.",China,C3.675,InterBattery Europe,,Terminals
69,"HomSolar (Shenzhen) Technology Co., Ltd.","HomSolar (Shenzhen) Technology Co., Ltd.",China,C3.677,InterBattery Europe,,Storage Energy Battery
70,"JIANGXI OYF VEHICLE INDUSTRY CO., LTD","JIANGXI OYF VEHICLE INDUSTRY CO., LTD ",China,C3.574,InterBattery Europe,,"Lithium-ion battery for vehicles, residential buildings, outdoor"
71,"Spaceflight Power Supply Co., Ltd ","Spaceflight Power Supply Co., Ltd ",China,C3.576 ,InterBattery Europe,,"Lead acid battery, lithium battery"
72,"Ostar Power Technology Co., Ltd.","Ostar Power Technology Co., Ltd. ",China,C3.772 ,InterBattery Europe,,Batteries
73,"Jiangxi Yudian New Energy Technology Co., Ltd","Jiangxi Yudian New Energy Technology Co., Ltd.",China,C3.774 ,InterBattery Europe,,"Small portable power banks and household energy storage products, battery production"
74,"Jiangsu Guoning Power Cable Co., Ltd ","Jiangsu Guoning Power Cable Co., Ltd ",China,C3.758,InterBattery Europe,,solar cable & control cable
75,"Q-SUN (NANJING) CO., LTD.","Q-SUN (NANJING) CO., LTD.",China,C3.776 ,InterBattery Europe,,Energy Storage system
76,"SHENZHEN GRT COMMUNICATION SCIENCE & TECHNOLOGY CO.,LTD ","SHENZHEN GRT COMMUNICATION SCIENCE & TECHNOLOGY CO.,LTD ",China,C3.756,InterBattery Europe,,"Flexible copper foil, Laminated Busbar, Copper connectors"
77,"Ningbo Duopower New Energy Electrical Technology CO., LTD ","Ningbo Duopower New Energy Electrical Technology CO., LTD ",China,C3.780 ,InterBattery Europe,,Portable Power Station
78,"Jiangxi Wannianxin Micro-Electronics Co.,Ltd","Jiangxi Wannianxin Micro-Electronics Co.,Ltd ",China,C3.754 ,InterBattery Europe,,"UPS Energy Storage Power Supply, All-in-One residential Energy Storage Power Supply, Pure Sine Wave Solar Inverter"
79,"Hubei XYC New Energy CO.,LTD.","Hubei XYC New Energy CO.,LTD. ",China,C3.760 ,InterBattery Europe,,"Lithium battery, Commerical Energy-storage, Home Energy-storage"
80,"HUANGHUA GUNTER HARDWARE CO., LTD","HUANGHUA GUNTER HARDWARE CO., LTD ",China,C3.778,InterBattery Europe,,portable power station
81,"CHONGQING LIHONG FINE CHEMICALS CO., LTD.","CHONGQING LIHONG FINE CHEMICALS CO., LTD.",China,C3.755 ,InterBattery Europe,,Sodium Carboxy Methyl Cellulose (CMC)
82,"Shenzhen Swalle Technology Co.,Ltd.","Shenzhen Swalle Technology Co.,Ltd.",China,C3.757 ,InterBattery Europe,,"LifePO4 battery, Portbable power station, Home energy storage system"
83,"China ZBB group Shanghai transformer Co., Ltd. ","China ZBB group Shanghai transformer Co., Ltd.",China,C3.668,InterBattery Europe,,Power Transformer
84,"SHENZHEN BLUESEA INTELLIGENT MANUFACTURING TECHNOLOGY.CO.,LTD. ","SHENZHEN BLUESEA INTELLIGENT MANUFACTURING TECHNOLOGY.CO.,LTD. ",China,C3.674,InterBattery Europe,,Energy Storage battery/lithium battery Moudle Pack Automatic Assembly Line
85,"ShenZhen Friend Mechanical and Electrical Technology Co., Ltd ","ShenZhen Friend Mechanical and Electrical Technology Co., Ltd ",China,C3.670 ,InterBattery Europe,,"heatsink,cooling plate,heat exchanger,air conditioner"
86,"Xiamen Taohong Technology Co., Ltd","Xiamen Taohong Technology Co., Ltd",China,C3.672 ,InterBattery Europe,,"Solar Sunflower, Solor Mouting Brackets"
87,LOVSUN TEK CO.LTD,LOVSUN TEK CO.LTD ,China,C3.676,InterBattery Europe,,"Solar battery, energy storage system"
88,Sysai Global Venture Ltd ,Sysai Global Venture Ltd,China,C3.678 ,InterBattery Europe,,Battery and solar panels for home usage
89,"LUAN GREENERGY REFRACTORY AND INSULATION MATERIAL CO., LTD ","LUAN GREENERGY REFRACTORY AND INSULATION MATERIAL CO., LTD ",China,C3.680 ,InterBattery Europe,,Insulation Materials
90,"Anhui Lvwo Energy Technology Co., Ltd. ","Anhui Lvwo Energy Technology Co., Ltd. ",China,C3.771,InterBattery Europe,,"12V lithium battery, household energy storage, industrial and commercial energy storage"
91,"Anhui Hanxing Energy Co., Ltd.","Anhui Hanxing Energy Co., Ltd.",China,C3.773 ,InterBattery Europe,,"PCS, battery, BMS, EMS, thermal management, power distribution and fire protection"
92,"Anhui Jixingyuan Technology Co., Ltd ","Anhui Jixingyuan Technology Co., Ltd ",China,C3.777 ,InterBattery Europe,,"Precision coating equipment for cadmium chloride in thin-film photovoltaics, precision roll coating and UV curing equipment for photoresist, AR coating equipment for photovoltaic glass"
93,"Jiangsu Weijinmai Tech. Co., Ltd. ","Jiangsu Weijinmai Tech. Co., Ltd.",China,C3.779 ,InterBattery Europe,,nickel-plated strip steel for new energy battery cases
94,"Sky Star Advanced Materials Technology (Suzhou) Co., Ltd. ","Sky Star Advanced Materials Technology (Suzhou) Co., Ltd.",China,C3.320,InterBattery Europe,,"Sandbox，Pneumatic conveying equipment, Flow cell, Optical machine,10-station filling system."
95,"Xiamen Egret Solar New Energy Technology Co.,Ltd ","Xiamen Egret Solar New Energy Technology Co.,Ltd ",China,C3.785 ,InterBattery Europe,,Solar mounting products
96,Neware Technology Limited,Neware Technology Limited ,China,C3.734,InterBattery Europe,,"battery testing system, environmental chamber, etc."
97,Albat doo Sarajevo ,Albat doo Sarajevo ,Bosnia and Herzegovina ,B0.136 ,ees Europe ,,Lead-based batteries | Lithium-based batteries | BatteryChargers | Stationary energy storage for utilities and gridoperators | Stationary energy storage for residential buildings |Uninterruptible power supply systems (UPS) | Stationary energystorage for commercial and industrial applications | DCcharging systems
98,AKKU SYS Akkumulator- und Batterietechnik NordGmbH,AKKU SYS Akkumulator- und Batterietechnik NordGmbH ,Germany,B1.440 ,ees Europe ,,Materials and components | Lithium-based batteries | ACcharging systems | Home energy management solutions(HEMS)
99,Alpha ESS Europe GmbH,Alpha ESS Europe GmbH ,Germany,B1.150 ,ees Europe ,,"Lithium-based batteries | Stationary energy storage for utilitiesand grid operators | Stationary energy storage for residentialbuildings | Uninterruptible power supply systems (UPS) | ICT,software for energy storage systems | Stationary energy storagefor commercial and industrial applications | AC chargingsystems | Energy management, monitoring, controlling and loadmanagement | Flexibility management (loadmanagement/demand response) | Research and development"
100,"Anker Technology (UK) Co., Ltd.","Anker Technology (UK) Co., Ltd. ",United Kingdom ,B1.571,ees Europe ,,Other energy storage technologies | Stationary energy storagefor residential buildings
101,Bachmann electronic GmbH ,Bachmann electronic GmbH ,Austria ,B1.119 ,ees Europe ,,"Stationary energy storage for utilities and grid operators |Stationary energy storage for commercial and industrialapplications | Products and services for microgrids | Productsand services for smart grids | Combined heat, (cooling) andpower systems"
102,BASF Stationary Energy Storage GmbH,BASF Stationary Energy Storage GmbH ,Germany,B1.309,ees Europe ,,Other battery technologies
103,"Beijing Energy Connecting International ExhibitionCo., Ltd.","Beijing Energy Connecting International ExhibitionCo., Ltd. ",China ,B1.151 ,ees Europe ,,"Lithium-based batteries | Stationary energy storage for utilitiesand grid operators | Energy Storage for low-capacity mobileapplications (smartphones, laptops, tablets, etc.) | Stationaryenergy storage for residential buildings | Stationary energystorage for commercial and industrial applications"
104,"Beijing HyperStrong Technology Co., Ltd.","Beijing HyperStrong Technology Co., Ltd. ",China,B1.519 ,ees Europe ,,"EPC contracting/project development for energy storagesystems | Stationary energy storage for utilities and gridoperators | Energy Storage for low-capacity mobile applications(smartphones, laptops, tablets, etc.) | Stationary energy storagefor residential buildings | Stationary energy storage forcommercial and industrial applications"
105,BOS Balance of Storage Systems AG ,BOS Balance of Storage Systems AG ,Germany ,B1.436 ,ees Europe ,,Other battery technologies | Lithium-based batteries | Powerelectronics for storage systems | Uninterruptible power supplysystems (UPS) | Stationary energy storage for commercial andindustrial applications
106,BST Power (Shenzhen) Limited ,BST Power (Shenzhen) Limited ,China ,B1.510,ees Europe ,,Lithium-based batteries | Other energy storage technologies |Battery management systems
107,BYD Energy Storage ,BYD Energy Storage,China ,"B1.130, B1.131",ees Europe ,,Lithium-based batteries | Stationary energy storage for utilitiesand grid operators | Stationary energy storage for residentialbuildings | Stationary energy storage for commercial andindustrial applications | Electric passenger cars
108,Cegasa Energía S.L.U.,Cegasa Energía S.L.U.,Spain ,B1.409 ,ees Europe ,,"Stand-alone systems, off-grid systems | Inverters | Lithiumbasedbatteries | Stationary energy storage for commercial andindustrial applications | Energy management, monitoring,controlling and load management"
109,"Chengdu Tecloman Energy Storage TechnologyCo., Ltd","Chengdu Tecloman Energy Storage TechnologyCo., Ltd ",China ,B1.470,ees Europe ,,Lithium-based batteries | Stationary energy storage forresidential buildings | Stationary energy storage for commercialand industrial applications
110,"CIEC Haihua International Exhibition Co., Ltd ","CIEC Haihua International Exhibition Co., Ltd",China ,B1.370 ,ees Europe ,,"Battery testing, inspection systems, safety | Manufacturingequipment for battery module production/assembly and systeminstallation/assembly | Stationary energy storage for utilitiesand grid operators | Stationary energy storage for residentialbuildings | Stationary energy storage for commercial andindustrial applications"
111,"Contemporary Amperex Technology Co.,Ltd.","Contemporary Amperex Technology Co.,Ltd.",China ,B1.330,ees Europe ,,Lithium-based batteries | Stationary energy storage for utilitiesand grid operators | Stationary energy storage for residentialbuildings | Uninterruptible power supply systems (UPS) |Stationary energy storage for commercial and industrialapplications
112,E3DC - by HagerEnergy GmbH,E3DC - by HagerEnergy GmbH ,Germany,B1.240,ees Europe ,,"Lithium-based batteries | Power electronics for storage systems| Stationary energy storage for residential buildings | ICT,software for energy storage systems | Stationary energy storagefor commercial and industrial applications"
113,ECO STOR GmbH,ECO STOR GmbH ,Germany,B1.490,ees Europe ,,EPC contracting/project development for energy storagesystems | Stationary energy storage for utilities and gridoperators
114,Ecoflow Europe s.r.o ,Ecoflow Europe s.r.o ,Czech Republic ,B1.170,ees Europe ,,Lithium-based batteries | Stationary energy storage forresidential buildings | AC charging systems | DC chargingsystems
115,EET - Efficient Energy Technology GmbH ,EET - Efficient Energy Technology GmbH,Austria ,B1.115,ees Europe ,,PV systems for residential buildings | Power electronics forstorage systems | Stationary energy storage for residentialbuildings
116,ESS Inc.,ESS Inc.,United States,B1.180,ees Europe ,,Other battery technologies | Stationary energy storage forutilities and grid operators | Stationary energy storage forcommercial and industrial applications
117,"EVE Energy Storage Co., Ltd ","EVE Energy Storage Co., Ltd ",China ,B1.431,ees Europe ,,Lithium-based batteries | Power electronics for storage systems| Battery management systems | Stationary energy storage forutilities and grid operators | Stationary energy storage forcommercial and industrial applications
118,Fenecon GmbH ,Fenecon GmbH ,Germany ,B1.410 ,ees Europe ,,"Lithium-based batteries | Battery recycling/second use | Batterymanagement systems | Stationary energy storage for utilitiesand grid operators | Stationary energy storage for residentialbuildings | Uninterruptible power supply systems (UPS) | ICT,software for energy storage systems | Stationary energy storagefor commercial and industrial applications | Energymanagement, monitoring, controlling and load management"
119,Fox ESS ,Fox ESS,China,B1.270 ,ees Europe ,,Inverters | Lithium-based batteries | Stationary energy storagefor residential buildings
120,GS HUB GmbH,GS HUB GmbH ,Germany ,B1.590 ,ees Europe ,,"Inverters | Lithium-based batteries | Battery managementsystems | Energy management, monitoring, controlling and loadmanagement | Smart energy management systems forbuildings and districts"
121,"Hefei Huasi Systems Co., Ltd.","Hefei Huasi Systems Co., Ltd.",China ,B1.290,ees Europe ,,Cooling/temperature management of storage systems | Powerelectronics for storage systems | Battery management systems| Stationary energy storage for residential buildings | Stationaryenergy storage for commercial and industrial applications
122,Indrivetec AG,Indrivetec AG ,Switzerland,B1.111 ,ees Europe ,,Power electronics for storage systems | Stationary energystorage for utilities and grid operators | Uninterruptible powersupply systems (UPS) | Stationary energy storage forcommercial and industrial applications
123,RTC Power GmbH ,RTC Power GmbH,Germany,B1.230,ees Europe ,,Inverters | Lithium-based batteries | Stationary energy storage for residential buildings | Stationary energy storage for commercial and industrial applications | Uninterruptible power supply systems (UPS)
124,SENEC GmbH,SENEC GmbH ,Germany,B1.310 ,ees Europe ,,Crystalline modules | Lithium-based batteries | Stationary energy storage for residential buildings | Battery management systems | AC charging systems
125,"Ningbo Deye Inverter Technology Co., Ltd ","Ningbo Deye Inverter Technology Co., Ltd",China ,B1.450 ,ees Europe ,,Inverters | Other battery technologies | Lithium-based batteries
126,Pylon Technologies Co. Ltd ,Pylon Technologies Co. Ltd,China ,B1.350 ,ees Europe ,,Lithium-based batteries
127,RUNHOOD POWER INC.,RUNHOOD POWER INC. ,United States,B1.220 ,ees Europe ,,Stationary energy storage for utilities and grid operators |Stationary energy storage for residential buildings | Stationaryenergy storage for commercial and industrial applications
128,SENEC GmbH,SENEC GmbH,Germany ,B1.310 ,ees Europe ,,Crystalline modules | Lithium-based batteries | Batterymanagement systems | Stationary energy storage for residentialbuildings | AC charging systems
129,"Shenzhen Infypower Co., Ltd ","Shenzhen Infypower Co., Ltd ",China,B1.580 ,ees Europe ,,Power electronics for storage systems | Stationary energystorage for utilities and grid operators | Stationary energystorage for commercial and industrial applications
130,"Sigenergy Technology Co., Ltd.","Sigenergy Technology Co., Ltd.",China,B1.480 ,ees Europe ,,Stationary energy storage for utilities and grid operators |Stationary energy storage for residential buildings |Uninterruptible power supply systems (UPS) | Stationary energystorage for commercial and industrial applications
131,"SolaX Power Network Technology(Zhejiang)Co.,Ltd. ","SolaX Power Network Technology(Zhejiang)Co.,Ltd. ",China,B1.250 ,ees Europe ,,Battery management systems | Stationary energy storage forcommercial and industrial applications
132,"Soluna (Shanghai) Co., Ltd ","Soluna (Shanghai) Co., Ltd ",China,B1.420 ,ees Europe ,,Lithium-based batteries | Stationary energy storage for utilitiesand grid operators | Stationary energy storage for residentialbuildings | Stationary energy storage for commercial andindustrial applications
133,Stem,Stem ,Germany,B1.576 ,ees Europe ,,Monitoring and measuring technology | Battery managementsystems | Stationary energy storage for utilities and gridoperators | Stationary energy storage for commercial andindustrial applications
134,TESLA Group a.s. ,TESLA Group a.s.,Czech Republic ,B1.439 ,ees Europe ,,"Lithium-based batteries | EPC contracting/project developmentfor energy storage systems | Stationary energy storage forutilities and grid operators | ICT, software for energy storagesystems | Stationary energy storage for commercial andindustrial applications"
135,Turbo Energy S.A.,Turbo Energy S.A. ,Spain ,B1.430 ,ees Europe ,,"Other battery technologies | Stationary energy storage forresidential buildings | ICT, software for energy storage systems |Stationary energy storage for commercial and industrialapplications"
136,VARTA Storage GmbH,VARTA Storage GmbH ,Germany,B1.210 ,ees Europe ,,Lithium-based batteries
137,V-TAC EUROPE Ltd. ,V-TAC EUROPE Ltd.,Bulgaria,B1.171 ,ees Europe ,,"Lithium-based batteries | Stationary energy storage forresidential buildings | ICT, software for energy storage systems |Stationary energy storage for commercial and industrialapplications"
138,WECO SRL a socio unico ,WECO SRL a socio unico,Italy ,B1.360 ,ees Europe ,,Lithium-based batteries | Stationary energy storage for utilitiesand grid operators | Stationary energy storage for residentialbuildings | Stationary energy storage for commercial andindustrial applications | AC charging systems | DC chargingsystems
139,A123 Systems GmbH ,A123 Systems GmbH ,Germany,B2.119 ,ees Europe ,,Lithium-based batteries | Stationary energy storage for utilitiesand grid operators | Stationary energy storage for residentialbuildings | Stationary energy storage for commercial andindustrial applications
140,AB Volvo Penta ,AB Volvo Penta ,Sweden ,B2.160,ees Europe ,,"Stationary energy storage for utilities and grid operators |Stationary energy storage for commercial and industrialapplications | Energy management, monitoring, controlling andload management | EV system technology and components"
141,ACCURE Battery Intelligence GmbH ,ACCURE Battery Intelligence GmbH ,Germany ,B2.386 ,ees Europe ,,"Lithium-based batteries | Stationary energy storage for utilitiesand grid operators | ICT, software for energy storage systems |Stationary energy storage for commercial and industrialapplications | Testing and safety"
142,Alfen B.V.,Alfen B.V.,France,B2.210 ,ees Europe ,,Lithium-based batteries | Stationary energy storage for utilitiesand grid operators | Stationary energy storage for commercialand industrial applications | AC charging systems | DC chargingsystems
143,Amphenol Communications Solutions ,Amphenol Communications Solutions,Netherlands ,B2.671 ,ees Europe ,,"Battery testing, inspection systems, safety | Power electronicsfor storage systems | Energy Storage for low-capacity mobileapplications (smartphones, laptops, tablets, etc.) | Stationaryenergy storage for commercial and industrial applications |Contacts, wiring, insulation for batteries"
144,Bergstrom Inc. ,Bergstrom Inc.,United States,B2.270,ees Europe ,,Cooling/temperature management of storage systems
145,"Changzhou Hongju Electric Technology Co., Ltd ","Changzhou Hongju Electric Technology Co., Ltd",China ,B2.578 ,ees Europe ,,"Cooling/temperature management of storage systems | Batterymanagement systems | Energy Storage for low-capacity mobileapplications (smartphones, laptops, tablets, etc.) | Contacts,wiring, insulation for batteries | Battery housing"
146,CMBlu Energy AG ,CMBlu Energy AG,Germany ,B2.354,ees Europe ,,Other battery technologies | Redox flow batteries | Batterymanagement systems
147,Cornex New Energy,Cornex New Energy,China ,B2.151,ees Europe ,,Lithium-based batteries | Cooling/temperature management ofstorage systems | Battery management systems | Stationaryenergy storage for utilities and grid operators | Stationaryenergy storage for commercial and industrial applications
148,"CRRC Zhuzhou Institute Co., LTD ","CRRC Zhuzhou Institute Co., LTD ",China ,B2.540,ees Europe ,,Electrolyzers | H2 production equipment/materials
149,DB Bahnbau Gruppe GmbH ,DB Bahnbau Gruppe GmbH ,Germany,B2.309 ,ees Europe ,,Fuel cells | Lithium-based batteries | Battery recycling/seconduse | Stationary energy storage for utilities and grid operators |Stationary energy storage for commercial and industrialapplications
150,Denios SE ,Denios SE ,Germany,B2.190 ,ees Europe ,,"Battery testing, inspection systems, safety |Cooling/temperature management of storage systems |Stationary energy storage for utilities and grid operators |Uninterruptible power supply systems (UPS) | Stationary energystorage for commercial and industrial applications"
151,"Dyness Digital Energy Technology Co., LTD","Dyness Digital Energy Technology Co., LTD",China,B2.131 ,ees Europe ,,"Inverters | Lithium-based batteries | Stationary energy storagefor residential buildings | ICT, software for energy storagesystems | Stationary energy storage for commercial andindustrial applications"
152,ECS Falko Jahn e.K. ,ECS Falko Jahn e.K. ,Germany ,B2.477,ees Europe ,,"Lithium-based batteries | Battery Chargers | Power electronicsfor storage systems | Battery management systems | EnergyStorage for low-capacity mobile applications (smartphones,laptops, tablets, etc.)"
153,EDF group ,EDF group ,France,B2.120 ,ees Europe ,,"Lithium-based batteries | Other energy storage technologies |EPC contracting/project development for energy storagesystems | Stationary energy storage for utilities and gridoperators | ICT, software for energy storage systems |Stationary energy storage for commercial and industrialapplications | Financial services, subsidies, insurances |Consulting | Engineering services"
154,Elysia - Battery Intelligence ,Elysia - Battery Intelligence ,United Kingdom ,B2.574,ees Europe ,,Other battery technologies | Battery recycling/second use |Battery management systems
155,enercap ,enercap,United Arab Emirates,B2.240 ,ees Europe ,,Other battery technologies | EV system technology andcomponents
156,Energy3000 solar GmbH ,Energy3000 solar GmbH ,Austria,B2.520 ,ees Europe ,,"Stationary energy storage for commercial and industrialapplications | Hydrogen storage, infrastructure, components"
157,ENERTRAG SE ,ENERTRAG SE ,Germany,B2.619 ,ees Europe ,,"Hydrogen storage, infrastructure, components | Electrolyzers"
158,Epic Power Converters S.L.,Epic Power Converters S.L.,Spain ,B2.355 ,ees Europe ,,"Fuel cells | Lead-based batteries | Other battery technologies |Lithium-based batteries | Other energy storage technologies |Battery recycling/second use | Redox flow batteries | Powerelectronics for storage systems | Battery management systems| EPC contracting/project development for energy storagesystems | Uninterruptible power supply systems (UPS) |Hydrogen storage, infrastructure, components | Electrolyzers |H2 production equipment/materials"
159,"Eway Energy Technology (Wuhan) Co. , LTD ","Eway Energy Technology (Wuhan) Co. , LTD",China,B2.479,ees Europe ,,Lithium-based batteries | Other energy storage technologies
160,Exide Technologies GmbH ,Exide Technologies GmbH,Germany ,B2.320,ees Europe ,,"Lead-based batteries | Other battery technologies | Lithiumbasedbatteries | Power electronics for storage systems |Stationary energy storage for utilities and grid operators |Energy Storage for low-capacity mobile applications(smartphones, laptops, tablets, etc.) | Uninterruptible powersupply systems (UPS) | ICT, software for energy storagesystems | Stationary energy storage for commercial andindustrial applications | Energy management, monitoring,controlling and load management"
161,FCL Components Europe B.V. ,FCL Components Europe B.V.,Netherlands,B2.579,ees Europe ,,"Materials and components | Contacts, wiring, insulation forbatteries | EV system technology and components"
162,Fike,Fike,Belgium,B2.373 ,ees Europe ,,Lithium-based batteries | Consulting | Engineering services
163,FirePro Systems Ltd ,FirePro Systems Ltd ,Cyprus ,B2.174 ,ees Europe ,,Manufacturing equipment for battery moduleproduction/assembly and system installation/assembly |Manufacturing equipment for battery cell production
164,FOGTEC Brandschutz GmbH,FOGTEC Brandschutz GmbH ,Germany,B2.372 ,ees Europe ,,"Battery testing, inspection systems, safety | Research anddevelopment | Engineering services"
165, FREQCON GmbH ,FREQCON GmbH ,Germany,B2.340,ees Europe ,,(Ultra)capacitors | Other battery technologies | Lithium-basedbatteries | Stationary energy storage for utilities and gridoperators | Uninterruptible power supply systems (UPS) |Stationary energy storage for commercial and industrialapplications
166,FrigorTec GmbH,FrigorTec GmbH ,Germany,B2.436,ees Europe ,,"Cooling/temperature management of storage systems |Hydrogen storage, infrastructure, components | Electrolyzers"
167,FRÖTEK-Kunststofftechnik GmbH ,FRÖTEK-Kunststofftechnik GmbH ,Germany,B2.374 ,ees Europe ,,"Battery Materials | Contacts, wiring, insulation for batteries"
168,"Fujian Yanan Power Co., Ltd ","Fujian Yanan Power Co., Ltd ",China,B2.518 ,ees Europe ,,"Fuel cells | Battery management systems | Stationary energystorage for residential buildings | ICT, software for energystorage systems | Stationary energy storage for commercial andindustrial applications"
169,Graphenano Energy,Graphenano Energy,Spain,B2.680 ,ees Europe ,,Other battery technologies | Lithium-based batteries
170,GS Yuasa Battery Germany GmbH,GS Yuasa Battery Germany GmbH ,Germany ,B2.360 ,ees Europe ,,Lead-based batteries | Lithium-based batteries | Uninterruptiblepower supply systems (UPS) | Stationary energy storage forcommercial and industrial applications | Traction battery andinfrastructure
171,"Guangzhou Sanjing Electric Co., Ltd.","Guangzhou Sanjing Electric Co., Ltd.",China ,B2.310 ,ees Europe ,,Inverters | EPC contracting/project development for energystorage systems | Stationary energy storage for utilities and gridoperators | Stationary energy storage for residential buildings |Stationary energy storage for commercial and industrialapplications
172,H&MV Engineering ,H&MV Engineering,Ireland ,B2.532,ees Europe ,,"EPC contracting/project development for solar power plants |Lithium-based batteries | EPC contracting/project developmentfor energy storage systems | Stationary energy storage forutilities and grid operators | Grid infrastructure (e.g.transformers, substations, secondary substations)"
173,Hangzhou Gold Electronic Equipment Inc,Hangzhou Gold Electronic Equipment Inc,China,B2.474 ,ees Europe ,,Battery management systems
174,"Harbin Coslight New Energy Co., Ltd.","Harbin Coslight New Energy Co., Ltd. ",China,B2.273,ees Europe ,,Lithium-based batteries | Automation technology for batteryproduction | Stationary energy storage for residential buildings |Uninterruptible power supply systems (UPS) | Stationary energystorage for commercial and industrial applications
175,HIS Renewables GmbH,HIS Renewables GmbH,Germany,B2.111 ,ees Europe ,,"Lithium-based batteries | Power electronics for storage systems| Stationary energy storage for utilities and grid operators | ICT,software for energy storage systems | Stationary energy storagefor commercial and industrial applications | AC chargingsystems | Vehicle-to-X, bi-directional charging | Charging cables,connector and cable routing systems, housings and otherhardware | Charging/Load management and monitoring"
176,"Hubei Jiandun Fire Technology Co., Ltd.","Hubei Jiandun Fire Technology Co., Ltd.",China ,B2.277 ,ees Europe ,,"Other energy storage technologies | Battery testing, inspectionsystems, safety"
177,"Hubei Urance Electronics Co., Ltd ","Hubei Urance Electronics Co., Ltd ",China ,B2.490 ,ees Europe ,,Other battery technologies | Battery Materials
178,"Hudson Electric (Wuxi) Co., Ltd.","Hudson Electric (Wuxi) Co., Ltd.",China ,B2.378,ees Europe ,,"Contacts, wiring, insulation for batteries"
179,"Huiyao Laser Technology (Luoyang) Co., Ltd. ","Huiyao Laser Technology (Luoyang) Co., Ltd.",China ,B2.375 ,ees Europe ,,Battery recycling/second use | Manufacturing equipment forbattery module production/assembly and systeminstallation/assembly | Manufacturing equipment for batterycell production | Automation technology for battery production |Stationary energy storage for commercial and industrialapplications
180,INTILION AG ,INTILION AG,Germany,B2.330 ,ees Europe ,,"EPC contracting/project development for energy storagesystems | Stationary energy storage for utilities and gridoperators | Stationary energy storage for commercial andindustrial applications | Grid infrastructure (e.g. transformers,substations, secondary substations)"
181,"Jiangsu HuaDe Hydrogen Energy Technology Co.,Ltd ","Jiangsu HuaDe Hydrogen Energy Technology Co.,Ltd ",China ,B2.630,ees Europe ,,"Fuel cells | Battery management systems | Hydrogen storage,infrastructure, components"
182,JM Europe GmbH,JM Europe GmbH ,Germany,B2.278 ,ees Europe ,,"Energy Storage for low-capacity mobile applications(smartphones, laptops, tablets, etc.) | Stationary energy storagefor residential buildings"
183,KERAFOL Keramische Folien GmbH & Co. KG,KERAFOL Keramische Folien GmbH & Co. KG,Germany,B2.370,ees Europe ,,"Cooling/temperature management of storage systems | Batterymanagement systems | Battery Materials | H2 productionequipment/materials | Contacts, wiring, insulation for batteries"
184,Kyon Energy Solutions GmbH ,Kyon Energy Solutions GmbH ,Germany,B2.254 ,ees Europe ,,Lithium-based batteries
185,Landesentwicklungsgesellschaft Thüringen GmbH,Landesentwicklungsgesellschaft Thüringen GmbH,Germany,B2.260,ees Europe ,,Other battery technologies
186,LION Smart GmbH ,LION Smart GmbH ,Germany,B2.180 ,ees Europe ,,Lithium-based batteries | Battery management systems |Uninterruptible power supply systems (UPS) | Traction batteryand infrastructure
187,LogBATT GmbH ,LogBATT GmbH ,Germany,B2.280,ees Europe ,,Lithium-based batteries | Battery management systems |Consulting | Fleet management solutions
188,MaxxContact GmbH ,MaxxContact GmbH,Germany,B2.571 ,ees Europe ,,Other energy storage technologies
189,Mianyang Hitek ,Mianyang Hitek ,China,B2.376 ,ees Europe ,,"Contacts, wiring, insulation for batteries"
190,"Minno Cooling Technology (Hainan) Co.,Ltd ","Minno Cooling Technology (Hainan) Co.,Ltd ",China,B2.382 ,ees Europe ,,Cooling/temperature management of storage systems
191,Monbat AD,Monbat AD ,Bulgaria,B2.458,ees Europe ,,Lead-based batteries | Lithium-based batteries | Stationaryenergy storage for utilities and grid operators | Stationaryenergy storage for residential buildings | Stationary energystorage for commercial and industrial applications
192,MSR-Electronic GmbH ,MSR-Electronic GmbH ,Germany,B2.530,ees Europe ,,"Hydrogen storage, infrastructure, components | H2 productionequipment/materials | Gas safety, monitoring, testing"
193,Nidec Conversion ,Nidec Conversion,Italy,B2.230,ees Europe ,,"Stationary energy storage for utilities and grid operators |Stationary energy storage for commercial and industrialapplications | High power charger, megawatt charging systems |DC charging systems"
194,Parker Lord ,Parker Lord ,United States,B2.276 ,ees Europe ,,"Fuel cells | Other battery technologies | Lithium -based batteries |Other energy storage technologies | Battery Chargers |Cooling/ temperature m anagem ent of storage system s | Powerelectronics for storage system s | Battery m anagem ent system s| Manufacturing equipm ent for battery moduleproduction/assembly and system installation/assembly |Manufacturing equipm ent for battery cell production | Stationaryenergy storage for utilities and grid operators | Energy Storagefor low-capacity mobile applications (sm artphones, laptops,tablets, etc.) | Stationary energy storage for residential buildings| Stationary energy storage for comm ercial and industrialapplications | Hydrogen storage, infrastructure, components |Electrolyzers | H2 production equipm ent/m aterials | Contacts,wiring, insulation for batteries | Battery housing"
195,Pfannenberg Europe GmbH,Pfannenberg Europe GmbH,Germany,B2.440 ,ees Europe ,,"Cooling/temperature management of storage systems |Stationary energy storage for commercial and industrialapplications | Products and services for smart grids | Hydrogenstorage, infrastructure, components"
196,PR Industrial Srl unipersonale,PR Industrial Srl unipersonale,Italy,B2.259 ,ees Europe ,,Stationary energy storage for utilities and grid operators |Stationary energy storage for commercial and industrialapplications
197,Prolux Solutions · c/o Kermi GmbH,Prolux Solutions · c/o Kermi GmbH,Germany ,B2.334 ,ees Europe ,,Redox flow batteries | Stationary energy storage for residentialbuildings | Stationary energy storage for commercial andindustrial applications
198,Quest One GmbH,Quest One GmbH ,Germany ,B2.537 ,ees Europe ,,Electrolyzers
199,REMBE® GmbH Safety + Control ,REMBE® GmbH Safety + Control ,Germany ,B2.677,ees Europe ,,"Lithium-based batteries | Battery testing, inspection systems,safety | Test institutes | Gas safety, monitoring, testing | Testingand safety"
200,Reverion GmbH ,Reverion GmbH ,Germany ,B2.450A ,ees Europe ,,Fuel cells | Other battery technologies | Stationary energystorage for utilities and grid operators | Stationary energystorage for commercial and industrial applications |Electrolyzers
201,Rolls-Royce Solutions GmbH ,Rolls-Royce Solutions GmbH ,Germany ,B2.410 ,ees Europe ,,Lithium-based batteries | Stationary energy storage for utilitiesand grid operators | Uninterruptible power supply systems (UPS)| Stationary energy storage for commercial and industrialapplications | H2 production equipment/materials
202,Rotovia Deventer B.V.,Rotovia Deventer B.V.,Netherlands ,B2.290 ,ees Europe ,,"Redox flow batteries | Hydrogen storage, infrastructure,components | Battery housing"
203,S.C. Prime Batteries Technology S.R.L.,S.C. Prime Batteries Technology S.R.L.,Romania,B2.250 ,ees Europe ,,Lithium-based batteries
204,Saft ,Saft,France,B2.220 ,ees Europe ,,Lithium-based batteries | Battery management systems
205,"Sanhe Tongfei Refrigeration Co., Ltd.","Sanhe Tongfei Refrigeration Co., Ltd.",China ,B2.179 ,ees Europe ,,Cooling/temperature management of storage systems
206,SAX Power GmbH ,SAX Power GmbH,Germany ,B2.140,ees Europe ,,"Stand-alone systems, off-grid systems | Inverters | Lithiumbasedbatteries"
207,Schaltbau GmbH,Schaltbau GmbH,Germany ,B2.476 ,ees Europe ,,"Battery testing, inspection systems, safety | Batterymanagement systems | Contacts, wiring, insulation for batteries"
208,"Shandong Goldencell Electronics TechnologyCo.,Ltd ","Shandong Goldencell Electronics TechnologyCo.,Ltd",China ,B2.253 ,ees Europe ,,Fuel cells | Lithium-based batteries
209,"Shandong Xinheyuan Heat TransferringTechnology Co., Ltd.","Shandong Xinheyuan Heat TransferringTechnology Co., Ltd.",China ,B2.471 ,ees Europe ,,Battery housing
210,"Shanghai Sepna Chemical Technology Co., LTD ","Shanghai Sepna Chemical Technology Co., LTD ",China ,B2.573 ,ees Europe ,,"Other energy storage technologies | Cooling/temperaturemanagement of storage systems | Manufacturing equipment forbattery module production/assembly and systeminstallation/assembly | Contacts, wiring, insulation for batteries"
211,"Shenzhen Baiqiancheng Electronic Co., Ltd.","Shenzhen Baiqiancheng Electronic Co., Ltd.",China ,B2.384 ,ees Europe ,,Battery management systems
212,"Shenzhen EENOVANCE Energy Technology Co.,Ltd.","Shenzhen EENOVANCE Energy Technology Co.,Ltd.",China ,B2.455 ,ees Europe ,,Stationary energy storage for residential buildings | Stationaryenergy storage for commercial and industrial applications
213,SIBA GmbH ,SIBA GmbH ,Germany ,B2.271,ees Europe ,,"Materials and components | Battery testing, inspection systems,safety | High power charger, megawatt charging systems | ACcharging systems | Hydrogen storage, infrastructure,components | DC charging systems"
214,"Sichuan Kepai New Material Co., Ltd ","Sichuan Kepai New Material Co., Ltd ",China ,B2.274,ees Europe ,,"Contacts, wiring, insulation for batteries"
215,SMARTENERGY Group AG ,SMARTENERGY Group AG ,Switzerland ,B2.510,ees Europe ,,"Free-standing PV installations | EPC contracting/projectdevelopment for solar power plants | Agri PV | Hydrogenstorage, infrastructure, components"
216,SOCOMEC,SOCOMEC ,France ,B2.130,ees Europe ,,Stationary energy storage for utilities and grid operators |Stationary energy storage for commercial and industrialapplications
217,Southco Manufacturing Limited ,Southco Manufacturing Limited ,United Kingdom ,B2.570,ees Europe ,,Stationary energy storage for residential buildings | Stationaryenergy storage for commercial and industrial applications | ACcharging systems | Electric passenger cars | DC chargingsystems
218,STABL Energy GmbH ,STABL Energy GmbH ,Italy ,B2.350 ,ees Europe ,,Lithium-based batteries | Other energy storage technologies |Battery recycling/second use
219,STIF France,STIF France,France ,B2.170 ,ees Europe ,,"Battery testing, inspection systems, safety"
220,STROPOWER,STROPOWER ,China ,B2.377 ,ees Europe ,,"Battery testing, inspection systems, safety"
221,Sun.King Technology Group Limited,Sun.King Technology Group Limited,China ,B2.675,ees Europe ,,Power electronics for storage systems
222,"Suzhou Walter Electronic Co., Ltd ","Suzhou Walter Electronic Co., Ltd ",China ,B2.590 ,ees Europe ,,Power electronics for storage systems
223,Switchlab Inc,Switchlab Inc.,Taiwan,B2.690 ,ees Europe ,,"PV components (cables, connectors, junction boxes, etc.) |Other battery technologies | Power electronics for storagesystems"
224,Symbase S.A. ,Symbase S.A.,Poland ,B2.632 ,ees Europe ,,"Fuel cells | Hydrogen storage, infrastructure, components"
225,TechRad (Zhejiang) Automotive Thermal SystemCorp.,TechRad (Zhejiang) Automotive Thermal SystemCorp. ,China ,B2.475,ees Europe ,,Air conditioning and cooling | Cooling/temperaturemanagement of storage systems
226,tesa SE,tesa SE,Germany,B2.379 ,ees Europe ,,"Thin-film modules | Solar cells | Manufacturing machinery andequipment | Other battery technologies | Other energy storagetechnologies | Contacts, wiring, insulation for batteries | EVsystem technology and components"
227,Tesvolt AG,Tesvolt AG,Germany,B2.110 ,ees Europe ,,Lithium-based batteries | EPC contracting/project developmentfor energy storage systems | Stationary energy storage forutilities and grid operators | Uninterruptible power supplysystems (UPS) | Stationary energy storage for commercial andindustrial applications
228,TWAICE Battery Analytics Software ,TWAICE Battery Analytics Software ,Germany,B2.480,ees Europe ,,Lithium-based batteries | Battery recycling/second use |Stationary energy storage for utilities and grid operators |Stationary energy storage for commercial and industrialapplications | Testing and safety
229,Voltfang GmbH ,Voltfang GmbH ,Germany,B2.109 ,ees Europe ,,Battery recycling/second use | Battery management systems |EPC contracting/project development for energy storagesystems | Stationary energy storage for utilities and gridoperators | Stationary energy storage for commercial andindustrial applications
230,volytica diagnostics GmbH ,volytica diagnostics GmbH ,Germany,B2.470 ,ees Europe ,,"Lithium-based batteries | Battery testing, inspection systems,safety | ICT, software for energy storage systems | Electrolyzers| Testing and safety | EV system technology and components"
231,VOSS Automotive GmbH ,VOSS Automotive GmbH,Germany,B2.580 ,ees Europe ,,"Cooling/temperature management of storage systems |Hydrogen storage, infrastructure, components"
232,"Wattius Battery Solutions, S.L.","Wattius Battery Solutions, S.L. ",Spain,B2.679 ,ees Europe ,,"Battery testing, inspection systems, safety | Battery Chargers |Battery management systems | ICT, embedded systems andsoftware | EV system technology and components"
233,Wetrax GmbH ,Wetrax GmbH ,Germany,B2.174 ,ees Europe ,,Other energy storage technologies
234,Wirtschaftsförderung Sachsen GmbH ,Wirtschaftsförderung Sachsen GmbH ,Germany,B2.150 ,ees Europe ,,Consulting | State initiatives and public authorities |Associations/societies
235,Xiamen Tmax Battery Equipments Limited,Xiamen Tmax Battery Equipments Limited ,China ,B2.473 ,ees Europe ,,"Battery testing, inspection systems, safety | Manufacturingequipment for battery module production/assembly and systeminstallation/assembly | Manufacturing equipment for batterycell production | Automation technology for battery production |Battery Materials"
236,"YIFI Laser Co., Ltd. ","YIFI Laser Co., Ltd.",China ,B2.171 ,ees Europe ,,Manufacturing equipment for battery moduleproduction/assembly and system installation/assembly |Manufacturing equipment for battery cell production |Automation technology for battery production
237,"Yimanfeng Science & Technology Co., Ltd. ","Yimanfeng Science & Technology Co., Ltd. ",China ,B2.380 ,ees Europe ,,Battery Materials
238,Zeppelin Power Systems GmbH,Zeppelin Power Systems GmbH,China ,B2.154 ,ees Europe ,,"Lithium-based batteries | Stationary energy storage for utilitiesand grid operators | Stationary energy storage for commercialand industrial applications | High power charger, megawattcharging systems | Energy management, monitoring, controllingand load management | Other H2 based mobility | Digitalisation,data management & analytics, IoT"
239,"Zhejiang BSB Electrical Appliance Co.,Ltd. ","Zhejiang BSB Electrical Appliance Co.,Ltd",China ,B2.178 ,ees Europe ,,"Battery Chargers | Battery management systems | Powerelectronics, protection systems | Contacts, wiring, insulation forbatteries | EV system technology and components"
240,"ZHONGTIAN ENERGY STORAGE TECHNOLOGYCO.,LTD","ZHONGTIAN ENERGY STORAGE TECHNOLOGYCO.,LTD ",China ,B2.430 ,ees Europe ,,Stationary energy storage for utilities and grid operators |Stationary energy storage for residential buildings | Stationaryenergy storage for commercial and industrial applications |Electrolyzers | H2 production equipment/materials
241,"Dunext Technology Suzhou Co., Ltd.","Dunext Technology Suzhou Co., Ltd. ",China ,B3.175,ees Europe ,,Inverters | Battery management systems | Stationary energystorage for residential buildings | Stationary energy storage forcommercial and industrial applications | AC charging systems
242,Delta Electronics (Netherlands) B.V.,Delta Electronics (Netherlands) B.V. ,Netherlands ,B3.350 ,ees Europe ,,"Inverters | Power electronics for storage systems | High powercharger, megawatt charging systems | Energy management,monitoring, controlling and load management"
243,Beck Automation GmbH ,Beck Automation GmbH ,Germany,B0.131 ,ees Europe ,,Lithium-based batteries | Stationary energy storage for utilities and grid operators | Stationary energy storage for commercial and industrial applications
244,BeePlanet Factory S.L. ,BeePlanet Factory S.L. ,Spain,B0.250 ,ees Europe ,,Lithium-based batteries | Stationary energy storage for utilitiesand grid operators | Stationary energy storage for residentialbuildings | Stationary energy storage for commercial andindustrial applications
245,"Buima Energy Co., Ltd.","Buima Energy Co., Ltd. ",Taiwan,B0.326 ,ees Europe ,,Other energy storage technologies | Stationary energy storagefor commercial and industrial applications | DC chargingsystems
246,CellCube Energy Storage GmbH ,CellCube Energy Storage GmbH ,Spain ,B0.116 ,ees Europe ,,Redox flow batteries | Stationary energy storage for utilities and grid operators | Uninterruptible power supply systems (UPS) | Stationary energy storage for commercial and industrial applications
247,Cellect Energy ,Cellect Energy,Spain ,B0.146 ,ees Europe ,,"Stationary energy storage for utilities and grid operators | ICT,software for energy storage systems | Stationary energy storagefor commercial and industrial applications | Electricity tradingand marketing tools (power supply, distribution via direct andflexibility markets) | Products and services for microgrids |Virtual power plants/combined power plants | Products andservices for smart grids | Flexibility management (loadmanagement/demand response) | Carbon Footprint calculation,reduction and offsetting | Digitalisation, data management &analytics, IoT"
248,Circunomics GmbH,Circunomics GmbH,Germany ,B0.155 ,ees Europe ,,Lithium-based batteries | Battery recycling/second use |Stationary energy storage for utilities and grid operators |Stationary energy storage for residential buildings | Stationaryenergy storage for commercial and industrial applications
249,DHYBRID Power Systems GmbH ,DHYBRID Power Systems GmbH ,Germany ,B0.141,ees Europe ,,Lithium-based batteries | Power electronics for storage systems| Stationary energy storage for utilities and grid operators |Uninterruptible power supply systems (UPS) | Stationary energystorage for commercial and industrial applications
250,e.battery systems AG,e.battery systems AG,Austria ,B0.140,ees Europe ,,Lithium-based batteries | Stationary energy storage for utilitiesand grid operators | Stationary energy storage for residentialbuildings | Uninterruptible power supply systems (UPS) |Stationary energy storage for commercial and industrialapplications
251,EDAG Engineering GmbH ,EDAG Engineering GmbH,Germany ,B0.236 ,ees Europe ,,Battery recycling/second use | Manufacturing equipment forbattery module production/assembly and systeminstallation/assembly | Manufacturing equipment for batterycell production | Automation technology for battery production |Stationary energy storage for utilities and grid operators |Stationary energy storage for commercial and industrialapplications | Traction battery and infrastructure | Hydrogenstations and infrastructure | Electric passenger cars |Commercial & special electric vehicles | Test institutes |Engineering services | Testing and safety | Fuel cell electricvehicle (FCEV) or hydrogen based fuel vehicles
252,Elpower Srl ,Elpower Srl ,Italy ,B0.107 ,ees Europe ,,Other energy storage technologies | Power electronics for storage systems
253,emost AG,emost AG ,Switzerland ,B0.159,ees Europe ,,Lithium-based batteries | Battery Chargers | Uninterruptiblepower supply systems (UPS) | Stationary energy storage forcommercial and industrial applications
254,Enerpoly AB ,Enerpoly AB ,Sweden ,B0.121,ees Europe ,," Fuel cells | Redox flow batteries | Stationary energy storage for utilities and grid operators | Stationary energy storage for commercial and industrial applications | Hydrogen storage, infrastructure, components | Electrolyzers"
255,Flexoo GmbH,Flexoo GmbH,Germany ,B0.135 ,ees Europe ,,"Battery testing, inspection systems, safety | Power electronicsfor storage systems | Battery management systems | ICT,software for energy storage systems | Research anddevelopment"
256,GREINER Schaltanlagen GmbH ,GREINER Schaltanlagen GmbH ,Germany ,B0.356 ,ees Europe ,,"Stand-alone systems, off-grid systems | Monitoring andmeasuring technology | Lithium-based batteries | Stationaryenergy storage for utilities and grid operators | Stationaryenergy storage for residential buildings | Uninterruptible powersupply systems (UPS) | ICT, software for energy storagesystems | Stationary energy storage for commercial andindustrial applications | AC charging systems | Gridinfrastructure (e.g. transformers, substations, secondarysubstations) | Home energy management solutions (HEMS) |Energy management, monitoring, controlling and loadmanagement | Smart energy management systems forbuildings and distri"
257,Hydrostor Inc. ,Hydrostor Inc.,Canada ,B0.240,ees Europe ,,Stationary energy storage for utilities and grid operators
258,Zonergy Company Limited ,Zonergy Company Limited,China,B1.390 ,ees Europe ,,Lithium-based batteries | Manufacturing equipment for batterymodule production/assembly and system installation/assembly| Stationary energy storage for utilities and grid operators |Stationary energy storage for residential buildings | Stationaryenergy storage for commercial and industrial applications
259,Karlsruher Institut für Technologie (KIT) -Elektrotechnisches Institut (ETI) ,Karlsruher Institut für Technologie (KIT) -Elektrotechnisches Institut (ETI) ,Germany,B0.230 ,ees Europe ,,Lithium-based batteries | Redox flow batteries | Stationaryenergy storage for residential buildings | Solar mobility andcharging solutions as well as vehicle-integrated PV (ViPV) |Smart energy management systems for buildings and districts
260,Lemberg Solutions,Lemberg Solutions,Germany,B0.257,ees Europe ,,"EPC contracting/project development for energy storagesystems | Energy Storage for low-capacity mobile applications(smartphones, laptops, tablets, etc.) | User interface, backend,ICT, software and apps | ICT, embedded systems and software |Apps, products and services"
261,Leoch Europe S.A.,Leoch Europe S.A.,Greece ,B0.256 ,ees Europe ,,(Ultra)capacitors | Lead-based batteries | Lithium-basedbatteries | Other energy storage technologies | Battery Chargers| Battery management systems | Stationary energy storage forutilities and grid operators | Stationary energy storage forresidential buildings | Uninterruptible power supply systems(UPS) | Stationary energy storage for commercial and industrialapplications | Battery housing
262,Maschinenfabrik Reinhausen GmbH ,Maschinenfabrik Reinhausen GmbH,Germany ,B0.330,ees Europe ,,"Stationary energy storage for commercial and industrialapplications | High power charger, megawatt charging systems |AC charging systems | DC charging systems"
263,Miba Battery Systems GmbH ,Miba Battery Systems GmbH,Austria,B0.110,ees Europe ,,Lithium-based batteries | Cooling/temperature management of storage systems | Stationary energy storage for residential buildings | Stationary energy storage for commercial and industrial applications
264,Moxa Europe GmbH,Moxa Europe GmbH ,Germany,B0.261 ,ees Europe ,,Automation technology | Monitoring and measuring technology| Other energy storage technologies | Battery managementsystems | Cybersecurity
265,MPS Germany GmbH,MPS Germany GmbH,Germany,B0.127 ,ees Europe ,," Battery testing, inspection systems, safety | Battery Chargers | Power electronics for storage systems | Battery management systems | Stationary energy storage for commercial and industrial applications"
266,Off-Grid Europe GmbH ,Off-Grid Europe GmbH ,Germany,B0.341 ,ees Europe ,,"Stand-alone systems, off-grid systems | Battery managementsystems | EPC contracting/project development for energystorage systems | Stationary energy storage for commercial andindustrial applications | Research and development"
267,ONERGY POWER s.r.o.,ONERGY POWER s.r.o. ,Czech Republic,B0.350,ees Europe ,,Lithium-based batteries | Battery management systems |Stationary energy storage for residential buildings | Stationaryenergy storage for commercial and industrial applications
268,Polar Night Energy Oy ,Polar Night Energy Oy ,Finland,B0.149 ,ees Europe ,,Other energy storage technologies
269,Polarium Energy Solutions,Polarium Energy Solutions,Sweden,B0.220 ,ees Europe ,,Lithium-based batteries
270,"PolyJoule, Inc","PolyJoule, Inc.",United States ,B0.251 ,ees Europe ,,Other battery technologies | Stationary energy storage forutilities and grid operators | Stationary energy storage forresidential buildings | Uninterruptible power supply systems(UPS) | Stationary energy storage for commercial and industrialapplications
271,Protex BV - KonkaEnergy,Protex BV - KonkaEnergy ,Netherlands,B0.226,ees Europe ,,"Other battery technologies | Lithium-based batteries | Highpower charger, megawatt charging systems | DC chargingsystems"
272,SIG Energy Technology,SIG Energy Technology ,France,B0.320 ,ees Europe ,,"Lithium-based batteries | Battery testing, inspection systems,safety | Stationary energy storage for commercial and industrialapplications"
273,Sol Research GmbH,Sol Research GmbH,Germany ,B0.360 ,ees Europe ,,"Stand-alone systems, off-grid systems | Inverters | EnergyStorage for low-capacity mobile applications (smartphones,laptops, tablets, etc.) | Stationary energy storage for residentialbuildings | Energy management, monitoring, controlling andload management"
274,Toshiba Electronics Europe GmbH ,Toshiba Electronics Europe GmbH ,Germany,B0.109 ,ees Europe ,, Lithium-based batteries | Other energy storage technologies
275,Trasf Eco Srl ,Trasf Eco Sr,Italy,B0.125,ees Europe ,, Uninterruptible power supply systems (UPS)
276,VisBlue,VisBlue,Denmark ,B0.246 ,ees Europe ,,Redox flow batteries | Stationary energy storage for commercialand industrial applications
277,VoltStorage GmbH ,VoltStorage GmbH ,Germany,B0.216 ,ees Europe ,,"Redox flow batteries | Stationary energy storage for utilities andgrid operators | Stationary energy storage for commercial andindustrial applications | Carbon Footprint calculation, reductionand offsetting"
278,Wright Energy Storage Technologies ,Wright Energy Storage Technologies,South Africa,B0.134,ees Europe ,," Other battery technologies | EPC contracting/project development for energy storage systems | Stationary energy storage for utilities and grid operators | Stationary energy storage for residential buildings | Uninterruptible power supply systems (UPS) | ICT, software for energy storage systems | Stationary energy storage for commercial and industrial applications | High power charger, megawatt charging systems | DC charging systems"
279,"Afore New Energy Technology (Shanghai) Co.,Ltd. ","Afore New Energy Technology (Shanghai) Co.,Ltd.",China,B4.260 ,ees Europe ,,Inverters | Lithium-based batteries | Stationary energy storagefor residential buildings | Stationary energy storage forcommercial and industrial applications
280,"Alpha Lithium Energy Storage Technology (Xi'an)Co, Ltd ","Alpha Lithium Energy Storage Technology (Xi'an)Co, Ltd",China,C1.360 ,ees Europe ,,Lithium-based batteries | Cooling/temperature management ofstorage systems | Automation technology for battery production| Stationary energy storage for utilities and grid operators |Stationary energy storage for commercial and industrialapplications
281,CBoom International GmbH ,CBoom International GmbH ,Germany,C1.274,ees Europe ,,Lithium-based batteries | Stationary energy storage for residential buildings | Stationary energy storage for commercial and industrial applications | Stationary energy storage for utilities and grid operators | Battery Materials | Manufacturing equipment for battery module production/assembly and system installation/assembly
282,CNBM Germany GmbH ,CNBM Germany GmbH ,Germany,C1.630 ,ees Europe ,,Stationary energy storage for residential buildings | Stationary energy storage for commercial and industrial applications | Power electronics for storage systems
283,ECACTUS B.V.,ECACTUS B.V. ,Netherlands ,C1.380,ees Europe ,,Lithium-based batteries | Stationary energy storage for utilitiesand grid operators | Stationary energy storage for residentialbuildings | Stationary energy storage for commercial andindustrial applications | AC charging systems | DC chargingsystems
284,Envision Energy CoE GmbH ,Envision Energy CoE GmbH ,Germany,C1.450 ,ees Europe ,,Stationary energy storage for utilities and grid operators
285,Esysunhome New Energy Technology GmbH,Esysunhome New Energy Technology GmbH ,Germany,C1.190 ,ees Europe ,,Stationary energy storage for residential buildings | Stationaryenergy storage for commercial and industrial applications
286,FAAM - FIB SPA,FAAM - FIB SPA ,Italy ,C1.390,ees Europe ,,Lithium-based batteries | Stationary energy storage for utilitiesand grid operators | Stationary energy storage for residentialbuildings | Stationary energy storage for commercial andindustrial applications
287,"Gobel Power Energy (Shenzhen) Co., Ltd.","Gobel Power Energy (Shenzhen) Co., Ltd.",China ,C1.375 ,ees Europe ,,Lithium-based batteries | Battery management systems
288,Gotion High-Tech ,Gotion High-Tech,China ,C1.350,ees Europe ,,Stationary energy storage for utilities and grid operators |Stationary energy storage for residential buildings | Stationaryenergy storage for commercial and industrial applications
289,"Guangzhou Great Power Energy & Technology Co.,Ltd.","Guangzhou Great Power Energy & Technology Co.,Ltd.",China ,C1.210 ,ees Europe ,,Lithium-based batteries | Power electronics for storage systems| Stationary energy storage for residential buildings | Stationaryenergy storage for commercial and industrial applications
290,"Huizhou Desay Battery Co., Ltd.","Huizhou Desay Battery Co., Ltd.",China ,C1.460 ,ees Europe ,,"Lithium-based batteries | Battery Materials | Energy Storage forlow-capacity mobile applications (smartphones, laptops,tablets, etc.) | Stationary energy storage for residential buildings| Stationary energy storage for commercial and industrialapplications"
291,well ,iwell ,Germany ,C1.270 ,ees Europe ,,Stationary energy storage for utilities and grid operators |Stationary energy storage for commercial and industrialapplications
292,Jonsol GmbH ,Jonsol GmbH ,Germany ,C1.290 ,ees Europe ,,Crystalline modules | Lithium-based batteries | Stationaryenergy storage for residential buildings | Stationary energystorage for commercial and industrial applications | DCcharging systems
293,Karyn International INC ,Karyn International INC,United States ,C1.480,ees Europe ,,Lead-based batteries | Lithium-based batteries
294,Kontek Kontrol Teknolojileri ve Otomasyon San.Tic. A.S,Kontek Kontrol Teknolojileri ve Otomasyon San.Tic. A.S,Turkiye,C1.280 ,ees Europe ,,EPC contracting/project development for energy storagesystems | Stationary energy storage for commercial andindustrial applications
295,NPP Power Europe B.V.,NPP Power Europe B.V. ,Netherlands,C1.220 ,ees Europe ,,Lead-based batteries | Lithium-based batteries
296,POWEROAK GmbH,POWEROAK GmbH,Germany,C1.476 ,ees Europe ,,EPC contracting/project development for energy storagesystems | Stationary energy storage for residential buildings |Uninterruptible power supply systems (UPS)
297,"Shanghai PYTES Energy Co., Ltd.","Shanghai PYTES Energy Co., Ltd.",China ,C1.640 ,ees Europe ,,Lithium-based batteries | Stationary energy storage forresidential buildings | Stationary energy storage for commercialand industrial applications
298,"Shanghai Sunnic New Energy Technology Co., Ltd","Shanghai Sunnic New Energy Technology Co., Ltd ",China ,C1.550 ,ees Europe ,,Solar cells | Stationary energy storage for utilities and gridoperators | Stationary energy storage for commercial andindustrial applications | DC charging systems
299,"Shenghong Ligend Power Co., Ltd.","Shenghong Ligend Power Co., Ltd. ",China ,C1.560 ,ees Europe ,,"Lithium-based batteries | Battery testing, inspection systems,safety | Stationary energy storage for utilities and grid operators| Stationary energy storage for residential buildings | Stationaryenergy storage for commercial and industrial applications"
300,"Shenzhen CLOU Electronics Co., Ltd.","Shenzhen CLOU Electronics Co., Ltd.",China ,C1.559 ,ees Europe ,,Power electronics for storage systems | Battery managementsystems | Stationary energy storage for utilities and gridoperators | Uninterruptible power supply systems (UPS) |Stationary energy storage for commercial and industrialapplications
301,"Sichuan Aviation Electrical Micro Energy Co., Ltd.","Sichuan Aviation Electrical Micro Energy Co., Ltd.",China ,C1.470 ,ees Europe ,,"Inverters | Battery management systems | Energy Storage forlow-capacity mobile applications (smartphones, laptops,tablets, etc.) | Stationary energy storage for residential buildings"
302,Absen Energy ,Absen Energy ,China ,C2.13,ees Europe ,,"Lithium-based batteries | Stationary energy storage forresidential buildings | Stationary energy storage for commercialand industrial applications | Home energy managementsolutions (HEMS) | Energy management, monitoring, controllingand load management"
303,"Beijing XD Battery Technology Co., LTD. ","Beijing XD Battery Technology Co., LTD. ",China ,C2.572 ,ees Europe ,,Lithium-based batteries
304,BMZ Group,BMZ Group ,Germany ,C2.240,ees Europe ,,Lithium-based batteries | Stationary energy storage for residential buildings | Stationary energy storage for commercial and industrial applications 
305,"Bescore New Energy Technology (Qingdao) Co.,Ltd.","Bescore New Energy Technology (Qingdao) Co.,Ltd.",China,C2.250 ,ees Europe ,,Stationary energy storage for residential buildings | Stationaryenergy storage for commercial and industrial applications
306,"BSL New Energy Technology Co., Ltd ","BSL New Energy Technology Co., Ltd ",China,C2.660,ees Europe ,,Lead-based batteries | Lithium-based batteries
307,CE+T Power,CE+T Power,Belgium ,C2.139 ,ees Europe ,,Power electronics for storage systems | Stationary energystorage for utilities and grid operators | Uninterruptible powersupply systems (UPS) | Stationary energy storage forcommercial and industrial applications
308,"CEA Group International Co., Ltd","CEA Group International Co., Ltd",China ,C2.371 ,ees Europe ,,Lithium-based batteries
309,"CEEC Energy Storage Technology (Wuhan) Co.,Ltd. ","CEEC Energy Storage Technology (Wuhan) Co.,Ltd. ",China ,C2.180 ,ees Europe ,,Battery management systems | Stationary energy storage forutilities and grid operators | Stationary energy storage forresidential buildings | Stationary energy storage for commercialand industrial applications
310,"Ceepower Co., Ltd. ","Ceepower Co., Ltd.",China ,C2.780 ,ees Europe ,,"Collectors, absorbers | PV systems for residential buildings | Stationary energy storage for residential buildings | Battery management systems | Vehicle-to-X, bi-directional charging"
311,"CIEC Haihua International Exhibition Co., Ltd ","CIEC Haihua International Exhibition Co., Ltd",China ,C2.530 ,ees Europe ,,"Battery testing, inspection systems, safety | Manufacturingequipment for battery module production/assembly and systeminstallation/assembly | Stationary energy storage for utilitiesand grid operators | Stationary energy storage for residentialbuildings | Stationary energy storage for commercial andindustrial applications"
312,"Contemporary Nebula Technology Energy Co., Ltd.","Contemporary Nebula Technology Energy Co., Ltd.",China ,C2.360 ,ees Europe ,,"Battery testing, inspection systems, safety | Batterymanagement systems | Stationary energy storage for utilitiesand grid operators | Stationary energy storage for residentialbuildings | Stationary energy storage for commercial andindustrial applications"
313,Cubenergy GmbH,Cubenergy GmbH,Germany ,C2.130,ees Europe ,,Stationary energy storage for utilities and grid operators |Stationary energy storage for commercial and industrialapplications
314,"Dongguan Hinen New Energy Technology Co., Ltd ","Dongguan Hinen New Energy Technology Co., Ltd ",China ,C2.280 ,ees Europe ,,Inverters | Lithium-based batteries | Stationary energy storagefor residential buildings | Uninterruptible power supply systems(UPS) | Stationary energy storage for commercial and industrialapplications
315,"Eitai (Xiamen) New Energy Technology Co., Ltd","Eitai (Xiamen) New Energy Technology Co., Ltd",China ,C2.272,ees Europe ,,"Crystalline modules | Inverters | Lithium-based batteries | EnergyStorage for low-capacity mobile applications (smartphones,laptops, tablets, etc.) | Stationary energy storage for residentialbuildings"
316,EKOS Electric ,EKOS Electric,Turkiye ,C2.151 ,ees Europe ,,Lithium-based batteries | Power electronics for storage systems| Stationary energy storage for utilities and grid operators |Stationary energy storage for commercial and industrialapplications | Mobility as a Service (MaaS)
317,Energy S.p.A.,Energy S.p.A. ,Italy ,C2.450 ,ees Europe ,,"Lithium-based batteries | Power electronics for storage systems| Stationary energy storage for utilities and grid operators | ICT,software for energy storage systems | Stationary energy storagefor commercial and industrial applications"
318,Evyon AS ,Evyon AS,Norway ,C2.355 ,ees Europe ,,"Lithium-based batteries | Battery recycling/second use | ICT,software for energy storage systems | Stationary energy storagefor commercial and industrial applications"
319,"Far East Battery Jiangsu Co., Ltd ","Far East Battery Jiangsu Co., Ltd ",China ,C2.550 ,ees Europe ,,Manufacturing equipment for battery moduleproduction/assembly and system installation/assembly |Automation technology for battery production | Stationaryenergy storage for utilities and grid operators | Stationaryenergy storage for residential buildings | Stationary energystorage for commercial and industrial applications
320,Fluence Energy GmbH ,Fluence Energy GmbH,Germany ,C2.420,ees Europe ,,"Other battery technologies | Lithium-based batteries | Stationaryenergy storage for utilities and grid operators | Products andservices for smart grids | Digitalisation, data management &analytics, IoT"
321,"Fujian BETTENERGY Technology Co., Ltd ","Fujian BETTENERGY Technology Co., Ltd ",China ,C2.454 ,ees Europe ,,Lithium-based batteries | Stationary energy storage forresidential buildings
322, GivEnergy Europe BV ,GivEnergy Europe BV ,Netherlands ,C2.140 ,ees Europe ,,"Lithium-based batteries | Manufacturing equipment for batterymodule production/assembly and system installation/assembly| Stationary energy storage for utilities and grid operators |Stationary energy storage for residential buildings |Uninterruptible power supply systems (UPS) | Stationary energystorage for commercial and industrial applications | ACcharging systems | Home energy management solutions(HEMS) | Energy management, monitoring, controlling and loadmanagement | Fleet management solutions | Apps, productsand services"
323,GLOCK Ecotech GmbH ,GLOCK Ecotech GmbH ,Austria,C2.160,ees Europe ,,"Stationary energy storage for commercial and industrialapplications | Products and services for microgrids | Combinedheat, (cooling) and power systems | DER management & systemintegration | Other renewable energy systems (biomass, wind,hydro etc.)"
324,"GreenOE Technology Co., Ltd.","GreenOE Technology Co., Ltd.",China,C2.576,ees Europe ,,"Energy Storage for low-capacity mobile applications(smartphones, laptops, tablets, etc.)"
325,"Guangzhou Rongjie Energy Technology Co., Ltd","Guangzhou Rongjie Energy Technology Co., Ltd.",China,C2.560,ees Europe ,,Lead-based batteries | Other battery technologies | Lithiumbasedbatteries | Stationary energy storage for residentialbuildings | Stationary energy storage for commercial andindustrial applications
326,"Hangzhou Espark New Energy Co.,Ltd ","Hangzhou Espark New Energy Co.,Ltd ",China,C2.676 ,ees Europe ,,"Lithium-based batteries | Energy Storage for low-capacitymobile applications (smartphones, laptops, tablets, etc.) |Stationary energy storage for residential buildings | Stationaryenergy storage for commercial and industrial applications"
327,"Hangzhou Huasu Technology Co., Ltd ","Hangzhou Huasu Technology Co., Ltd ",China,C2.574 ,ees Europe ,,Battery management systems | Stationary energy storage forutilities and grid operators | Stationary energy storage forcommercial and industrial applications
328,"Hoenergy Power Technology Co., Ltd. ","Hoenergy Power Technology Co., Ltd. ",China,C2.155 ,ees Europe ,,Lithium-based batteries | Stationary energy storage for utilitiesand grid operators | Stationary energy storage for residentialbuildings | Stationary energy storage for commercial andindustrial applications
329,"Hunan GCE Technology Co.,Ltd.","Hunan GCE Technology Co.,Ltd.",China,C2.377 ,ees Europe ,,Other energy storage technologies | Battery managementsystems | Stationary energy storage for residential buildings |Stationary energy storage for commercial and industrialapplications
330,"Hunan Hametech Technology Co.,Limited ","Hunan Hametech Technology Co.,Limited ",China,C2.210,ees Europe ,,"Other battery technologies | Lithium-based batteries | Powerelectronics for storage systems | Energy Storage for lowcapacitymobile applications (smartphones, laptops, tablets,etc.) | Stationary energy storage for residential buildings"
331,Inovat Mühendislik Sanayi Ticaret a.s. ,Inovat Mühendislik Sanayi Ticaret a.s.,Turkiye,C2.554 ,ees Europe ,,"Stationary energy storage for utilities and grid operators | ICT,software for energy storage systems | Stationary energy storagefor commercial and industrial applications | Virtual powerplants/combined power plants | DER management & systemintegration"
332,"iPotisEdge Co., Ltd.","iPotisEdge Co., Ltd.",China ,C2.290,ees Europe ,,Lithium-based batteries | Battery management systems |Stationary energy storage for utilities and grid operators |Stationary energy storage for residential buildings | Stationaryenergy storage for commercial and industrial applications
333,"Jiangsu CCPIT International Conference &Exhibition Co., Ltd.","Jiangsu CCPIT International Conference &Exhibition Co., Ltd.",China ,C2.370 ,ees Europe ,,Stationary energy storage for utilities and grid operators |Stationary energy storage for residential buildings | Stationaryenergy storage for commercial and industrial applications
334,"Jiangsu Oliter Energy Technology Co., Ltd ","Jiangsu Oliter Energy Technology Co., Ltd ",China ,C2.650 ,ees Europe ,,Lithium-based batteries | Stationary energy storage for utilitiesand grid operators | Stationary energy storage for residentialbuildings | Stationary energy storage for commercial andindustrial applications
335,MAS Elektronik AG,MAS Elektronik AG ,Germany ,C2.654 ,ees Europe ,,"Lithium-based batteries | Power electronics for storage systems| Stationary energy storage for residential buildings | Stationaryenergy storage for commercial and industrial applications |Contacts, wiring, insulation for batteries"
336,Mercedes-Benz Energy GmbH,Mercedes-Benz Energy GmbH ,Germany ,C2.310 ,ees Europe ,,Lithium-based batteries | Battery recycling/second use |Stationary energy storage for utilities and grid operators |Stationary energy storage for commercial and industrialapplications
337,"MICA POWER CO., LTD.","MICA POWER CO., LTD.",China,C2.137,ees Europe ,,Lithium-based batteries | Stationary energy storage for utilitiesand grid operators | Stationary energy storage for residentialbuildings | Stationary energy storage for commercial andindustrial applications
338,"Nahui Renewable Energy Technology Co.,Ltd","Nahui Renewable Energy Technology Co.,Ltd ",China,C2.150 ,ees Europe ,,"Power electronics for storage systems | Battery managementsystems | Uninterruptible power supply systems (UPS) | ICT,software for energy storage systems"
339,Nala Energy GmbH ,Nala Energy GmbH ,Germany,C2.254,ees Europe ,,Other battery technologies | Other energy storage technologies |EPC contracting/project development for energy storagesystems | Stationary energy storage for utilities and gridoperators
340,NHOA Energy S.r.l.,NHOA Energy S.r.l.,Italy,C2.179 ,ees Europe ,,Lithium-based batteries | Manufacturing equipment for batterymodule production/assembly and system installation/assembly| Stationary energy storage for utilities and grid operators
341,"PCENERSYS (Shenzhen) Co., Ltd. ","PCENERSYS (Shenzhen) Co., Ltd.",China ,C2.774,ees Europe ,,Lithium-based batteries | Battery management systems
342,Pixii AS ,Pixii AS,Norway,C2.220 ,ees Europe ,,Stationary energy storage for utilities and grid operators |Stationary energy storage for residential buildings | Stationaryenergy storage for commercial and industrial applications
343,Pomega Energy Storage Technologies Inc.,Pomega Energy Storage Technologies Inc.,Turkiye,C2.655 ,ees Europe ,,Lithium-based batteries | Battery recycling/second use | EPCcontracting/project development for energy storage systems |Stationary energy storage for utilities and grid operators |Stationary energy storage for commercial and industrialapplications
344,Powin LLC ,Powin LLC,United States ,C2.340 ,ees Europe ,,Lithium-based batteries | Stationary energy storage for utilitiesand grid operators
345,"Qingdao Angile Energy Tech Co., Ltd ","Qingdao Angile Energy Tech Co., Ltd ",China ,C2.580 ,ees Europe ,,Stationary energy storage for residential buildings | Stationaryenergy storage for commercial and industrial applications
346,"Resources Technology Co., Ltd","Resources Technology Co., Ltd",China ,C2.776 ,ees Europe ,,Inverters | Lithium-based batteries | Stationary energy storagefor utilities and grid operators | Stationary energy storage forresidential buildings | Stationary energy storage for commercialand industrial applications
347,RVA Energietechnick GmbH & Co. KG ,RVA Energietechnick GmbH & Co. KG ,Germany,C2.610 ,ees Europe ,,Lithium-based batteries | Stationary energy storage forcommercial and industrial applications | Traction battery andinfrastructure | Light electric vehicles (LEV) | Commercial &special electric vehicles
348,Sentisina GmbH ,Sentisina GmbH,Germany,C2.570 ,ees Europe ,,Lithium-based batteries
349,Shanghai Sermatec Energy Technology Co. Ltd. ,Shanghai Sermatec Energy Technology Co. Ltd.,China ,C2.460 ,ees Europe ,,Stationary energy storage for residential buildings | Stationaryenergy storage for commercial and industrial applications
350,"Shenzhen Doke Electronic Co., Ltd ","Shenzhen Doke Electronic Co., Ltd ",China ,C2.777,ees Europe ,,"Energy Storage for low-capacity mobile applications(smartphones, laptops, tablets, etc.)"
351,"Shenzhen Eel Battery Co., Ltd. ","Shenzhen Eel Battery Co., Ltd.",China ,C2.379 ,ees Europe ,,Lithium-based batteries | Battery management systems |Stationary energy storage for residential buildings | Stationaryenergy storage for commercial and industrial applications |Battery housing
352,"Shenzhen Envicool Technology Co., Ltd","Shenzhen Envicool Technology Co., Ltd ",China ,C2.171 ,ees Europe ,,Other energy storage technologies
353,"Shenzhen Grenergy Technology Co.,Ltd ","Shenzhen Grenergy Technology Co.,Ltd",China ,C2.373 ,ees Europe ,,Lead-based batteries | Lithium-based batteries | Stationaryenergy storage for residential buildings | Stationary energystorage for commercial and industrial applications | Lightelectric vehicles (LEV)
354,"SHENZHEN HUAHANG ENERGY CO., LTD ","SHENZHEN HUAHANG ENERGY CO., LTD ",China ,C2.375 ,ees Europe ,,Lithium-based batteries
355,"Shenzhen Shine Well Power Technology Co., Ltd. ","Shenzhen Shine Well Power Technology Co., Ltd.",China ,C2.274 ,ees Europe ,,Lithium-based batteries | Stationary energy storage forresidential buildings | Stationary energy storage for commercialand industrial applications
356,"Shenzhen Sinexcel Electric Co.,Ltd.","Shenzhen Sinexcel Electric Co.,Ltd. ",China ,C2.110 ,ees Europe ,,Power electronics for storage systems | Stationary energystorage for utilities and grid operators | Stationary energystorage for commercial and industrial applications
357,Shenzhen UZ Energy Limited ,Shenzhen UZ Energy Limited ,China ,C2.620 ,ees Europe ,,Lithium-based batteries | Stationary energy storage for utilitiesand grid operators | Stationary energy storage for residentialbuildings | Stationary energy storage for commercial andindustrial applications
358,"Shenzhen Wodefeng Technology Co.,Ltd. ","Shenzhen Wodefeng Technology Co.,Ltd.",China ,C2.358 ,ees Europe ,,"Stationary energy storage for utilities and grid operators |Energy Storage for low-capacity mobile applications(smartphones, laptops, tablets, etc.) | Stationary energy storagefor residential buildings | Uninterruptible power supply systems(UPS) | Stationary energy storage for commercial and industrialapplications"
359,"Shenzhen Zetara Power System Co.,Ltd ","Shenzhen Zetara Power System Co.,Ltd ",China ,C2.670,ees Europe ,,Lithium-based batteries | Stationary energy storage forresidential buildings | Stationary energy storage for commercialand industrial applications
360,Solar Kit Hungary Kft,Solar Kit Hungary Kft ,Hungary,C2.616,ees Europe ,,"Crystalline modules | Mounting systems, installation aids | PVcomponents (cables, connectors, junction boxes, etc.) | Lithiumbasedbatteries"
361,"SolarEast Energy Storage Technology Co., Ltd ","SolarEast Energy Storage Technology Co., Ltd ",China ,C2.770 ,ees Europe ,,Lithium-based batteries | Stationary energy storage for utilitiesand grid operators | Stationary energy storage for residentialbuildings | Stationary energy storage for commercial andindustrial applications
362,Solinteg GmbH,Solinteg GmbH ,Germany ,C2.120 ,ees Europe ,,"Inverters | Lithium-based batteries | Stationary energy storagefor residential buildings | Stationary energy storage forcommercial and industrial applications | Energy management,monitoring, controlling and load management"
363,"Sunwoda Energy Technology Co., Ltd.","Sunwoda Energy Technology Co., Ltd. ",China,C2.440 ,ees Europe ,,Lithium-based batteries | Stationary energy storage for utilitiesand grid operators | Stationary energy storage for residentialbuildings | Stationary energy storage for commercial andindustrial applications
364,"SVOLT Energy Technology Co., Ltd.","SVOLT Energy Technology Co., Ltd.",China,C2.330,ees Europe ,,Lithium-based batteries | Manufacturing equipment for batterymodule production/assembly and system installation/assembly| Manufacturing equipment for battery cell production |Stationary energy storage for residential buildings | Stationaryenergy storage for commercial and industrial applications
365,TAB D.D.,TAB D.D.,Slovenia,C2.111 ,ees Europe ,,Lead-based batteries | Lithium-based batteries | Stationaryenergy storage for utilities and grid operators | Stationaryenergy storage for residential buildings | Uninterruptible powersupply systems (UPS) | Stationary energy storage forcommercial and industrial applications
366,"Tcsn Power Technology (Shenzhen) Co.,Ltd ","Tcsn Power Technology (Shenzhen) Co.,Ltd ",China ,C2.677 ,ees Europe ,,Lithium-based batteries | Stationary energy storage forresidential buildings | Uninterruptible power supply systems(UPS) | Stationary energy storage for commercial and industrialapplications | Traction battery and infrastructure
367,"Teplore Co., Ltd.","Teplore Co., Ltd. ",China ,C2.455 ,ees Europe ,,Stationary energy storage for utilities and grid operators |Stationary energy storage for commercial and industrialapplications
368,Tesla Germany GmbH ,Tesla Germany GmbH ,Germany,C2.231 ,ees Europe ,,Lithium-based batteries | Battery management systems |Stationary energy storage for utilities and grid operators |Stationary energy storage for residential buildings | Stationaryenergy storage for commercial and industrial applications
369,Topband Germany GmbH ,Topband Germany GmbH,Germany,C2.320,ees Europe ,,Fuel cells | Lithium-based batteries | Power electronics forstorage systems | Stationary energy storage for utilities and gridoperators | Stationary energy storage for residential buildings |Uninterruptible power supply systems (UPS) | Stationary energystorage for commercial and industrial applications
370,VESTEL ,VESTEL,Turkiye ,C2.170 ,ees Europe ,,Stationary energy storage for utilities and grid operators |Stationary energy storage for residential buildings | Stationaryenergy storage for commercial and industrial applications | ACcharging systems | DC charging systems
371,Xiamen Ampace Technology Limited ,Xiamen Ampace Technology Limited,China ,C2.430 ,ees Europe ,,Lithium-based batteries | Stationary energy storage forresidential buildings | Uninterruptible power supply systems(UPS) | Stationary energy storage for commercial and industrialapplications
372,"Xiamen Hithium Energy StorageTechnology Co,Ltd ","Xiamen Hithium Energy StorageTechnology Co,Ltd ",China ,C2.510 ,ees Europe ,,Lithium-based batteries | Stationary energy storage for utilitiesand grid operators | Stationary energy storage for commercialand industrial applications
373,XING MOBILITY INC.,XING MOBILITY INC.,Taiwan,C2.270 ,ees Europe ,,Lithium-based batteries | Other energy storage technologies |Stationary energy storage for utilities and grid operators |Uninterruptible power supply systems (UPS) | Stationary energystorage for commercial and industrial applications
374,"Zhejiang Chisage New Energy Tech. Co., Ltd.","Zhejiang Chisage New Energy Tech. Co., Ltd.",China ,C2.680 ,ees Europe ,,Inverters | Lithium-based batteries
375,"Zhejiang Lisiner Industrial Development Co.,Ltd. ","Zhejiang Lisiner Industrial Development Co.,Ltd.",China ,C2.356 ,ees Europe ,,"Power electronics for storage systems | Stationary energystorage for residential buildings | ICT, software for energystorage systems | Stationary energy storage for commercial andindustrial applications"
376,"Zhejiang Narada Power Source Co., Ltd ","Zhejiang Narada Power Source Co., Ltd ",China ,C2.520 ,ees Europe ,,Lithium-based batteries | Battery recycling/second use |Stationary energy storage for utilities and grid operators |Uninterruptible power supply systems (UPS) | Stationary energystorage for commercial and industrial applications
377,"Zhejiang Wolong Energy Storage System Co., Ltd. ","Zhejiang Wolong Energy Storage System Co., Ltd.",China ,C2.674 ,ees Europe ,,Lithium-based batteries | Power electronics for storage systems| Stationary energy storage for utilities and grid operators |Stationary energy storage for residential buildings | Stationaryenergy storage for commercial and industrial applications
378,"Zhuhai Gecen Technology Co., Ltd.","Zhuhai Gecen Technology Co., Ltd. ",China ,C2.276 ,ees Europe ,,Lithium-based batteries
379,ZPUE S.A. ,ZPUE S.A.,Poland ,C2.410 ,ees Europe ,,Power electronics for storage systems | Stationary energystorage for utilities and grid operators | Stationary energystorage for commercial and industrial applications
380,ZYC Energy Company Limited ,ZYC Energy Company Limited ,China,C2.119 ,ees Europe ,,Lithium-based batteries
381,"AC NEWENERGY (Hunan) Co., Ltd ","AC NEWENERGY (Hunan) Co., Ltd",China,C3.139 ,ees Europe ,,Power electronics for storage systems | EPCcontracting/project development for energy storage systems |Stationary energy storage for utilities and grid operators |Stationary energy storage for residential buildings | Stationaryenergy storage for commercial and industrial applications
382,"Beijing Energy Connecting International ExhibitionCo., Ltd.","Beijing Energy Connecting International ExhibitionCo., Ltd.",China,C3.250 ,ees Europe ,,"Lithium-based batteries | Stationary energy storage for utilitiesand grid operators | Energy Storage for low-capacity mobileapplications (smartphones, laptops, tablets, etc.) | Stationaryenergy storage for residential buildings | Stationary energystorage for commercial and industrial applications"
383,"Beijing Goldwind Carbon Neutral Energy Co.,Ltd. ","Beijing Goldwind Carbon Neutral Energy Co.,Ltd. ",China,C3.230 ,ees Europe ,,"Stationary energy storage for utilities and grid operators | ICT,software for energy storage systems | Stationary energy storagefor commercial and industrial applications"
384,Beyond Technology Limited ,Beyond Technology Limited ,China,C3.135,ees Europe ,,Small solar devices | Inverters | Lithium-based batteries |Stationary energy storage for residential buildings |Uninterruptible power supply systems (UPS)
385,CALB GmbH ,CALB GmbH ,Germany,C3.210,ees Europe ,,Other battery technologies | Lithium-based batteries | Stationaryenergy storage for utilities and grid operators | Stationaryenergy storage for residential buildings | Stationary energystorage for commercial and industrial applications
386,"CF Energy Co., Ltd. ","CF Energy Co., Ltd. ",China ,C3.177 ,ees Europe ,,"Other battery technologies | Lithium-based batteries | Batterytesting, inspection systems, safety | Battery managementsystems | Battery Materials"
387,"CIEC Haihua International Exhibition Co., Ltd","CIEC Haihua International Exhibition Co., Ltd",China ,C3.151,ees Europe ,,"Lithium-based batteries | Battery Materials | Stationary energystorage for residential buildings | Stationary energy storage forcommercial and industrial applications | Hydrogen storage,infrastructure, components"
388,"Dongguan Lithium Valley Energy Co., Ltd.","Dongguan Lithium Valley Energy Co., Ltd. ",China ,C3.179 ,ees Europe ,,Stationary energy storage for utilities and grid operators |Stationary energy storage for residential buildings | Stationaryenergy storage for commercial and industrial applications | EPCcontracting/project development for charging infrastructure |Solar mobility and charging solutions as well as vehicleintegratedPV (ViPV)
389,"Dongguan ZWAYN New Energy Co., Ltd.","Dongguan ZWAYN New Energy Co., Ltd.",China ,C3.373 ,ees Europe ,,Lithium-based batteries | Stationary energy storage for utilitiesand grid operators | Stationary energy storage for residentialbuildings | Stationary energy storage for commercial andindustrial applications
390,Elite Solar Power Hongkong Limited (EcoFlare),Elite Solar Power Hongkong Limited (EcoFlare),China ,C3.220 ,ees Europe ,,Stationary energy storage for utilities and grid operators |Stationary energy storage for residential buildings | Stationaryenergy storage for commercial and industrial applications
391,"Enerlution Energy Technology Co., Ltd. ","Enerlution Energy Technology Co., Ltd.",China ,C3.251 ,ees Europe ,,"Inverters | Lithium-based batteries | EPC contracting/projectdevelopment for energy storage systems | Stationary energystorage for utilities and grid operators | Stationary energystorage for residential buildings | Stationary energy storage forcommercial and industrial applications | Home energymanagement solutions (HEMS) | Energy management,monitoring, controlling and load management | Smart energymanagement systems for buildings and districts"
392,Enershare Tech Company Limited ,Enershare Tech Company Limited,China ,C3.131 ,ees Europe ,,Lithium-based batteries | Battery management systems |Stationary energy storage for residential buildings |Uninterruptible power supply systems (UPS) | Stationary energystorage for commercial and industrial applications
393,Entrade S.R.L. ,Entrade S.R.L. ,Italy,C3.240 ,ees Europe ,,Inverters | Lithium-based batteries | EPC contracting/projectdevelopment for energy storage systems | Stationary energystorage for residential buildings | Stationary energy storage forcommercial and industrial applications
394,"EP Equipment Co., Ltd.","EP Equipment Co., Ltd.",China,C3.175 ,ees Europe ,,Lithium-based batteries | Battery Chargers | Stationary energystorage for utilities and grid operators | Stationary energystorage for commercial and industrial applications | Mobilecharging system with buffer storage (e.g. trailers)
395,"Guangdong Basen Green New Energy Co.,Ltd","Guangdong Basen Green New Energy Co.,Ltd ",China,C3.154 ,ees Europe ,,Lithium-based batteries | Stationary energy storage for utilitiesand grid operators | Stationary energy storage for residentialbuildings | Stationary energy storage for commercial andindustrial applications
396,"Hunan Wincle Energy Storage Technology Co.,Ltd.","Hunan Wincle Energy Storage Technology Co.,Ltd.",China,C3.451 ,ees Europe ,,"Lithium-based batteries | Stationary energy storage for utilitiesand grid operators | Energy Storage for low-capacity mobileapplications (smartphones, laptops, tablets, etc.) | Stationaryenergy storage for residential buildings | Stationary energystorage for commercial and industrial applications"
397,Hynn Technology Europe GmbH ,Hynn Technology Europe GmbH,Germany,C3.471 ,ees Europe ,,"Battery testing, inspection systems, safety | Batterymanagement systems | Manufacturing equipment for batterymodule production/assembly and system installation/assembly| Stationary energy storage for utilities and grid operators |Stationary energy storage for commercial and industrialapplications"
398,"Jiangsu Essis New Energy Technology Co., Ltd","Jiangsu Essis New Energy Technology Co., Ltd ",China,C3.275 ,ees Europe ,,Lithium-based batteries | Battery management systems
399,JIANGSU GXY NEW ENERGY CO LTD,JIANGSU GXY NEW ENERGY CO LTD ,China,C3.255 ,ees Europe ,,Lithium-based batteries | Stationary energy storage for utilitiesand grid operators | Stationary energy storage for residentialbuildings | Stationary energy storage for commercial andindustrial applications
400,"Jiangsu Highstar Battery Manufacturing Co.,Ltd","Jiangsu Highstar Battery Manufacturing Co.,Ltd.",China,C3.375 ,ees Europe ,,Other battery technologies | Lithium-based batteries | Stationaryenergy storage for utilities and grid operators | Uninterruptiblepower supply systems (UPS) | Stationary energy storage forcommercial and industrial applications
401,"Jiangsu Megalion Energy Storage IntegrationTechnology Co., Ltd","Jiangsu Megalion Energy Storage IntegrationTechnology Co., Ltd ",China,C3.234 ,ees Europe ,,Inverters | Lithium-based batteries | EPC contracting/projectdevelopment for energy storage systems | Stationary energystorage for residential buildings | Stationary energy storage forcommercial and industrial applications
402,"LONCIN MOTOR CO.,LTD.","LONCIN MOTOR CO.,LTD. ",China,C3.279 ,ees Europe ,,Stationary energy storage for utilities and grid operators |Stationary energy storage for residential buildings | Stationaryenergy storage for commercial and industrial applications
403,MaxLi ,MaxLi,China,C3.280 ,ees Europe ,,Lithium-based batteries
404,Menred GmbH ,Menred GmbH ,Germany ,C3.137 ,ees Europe ,,Lithium-based batteries | Battery management systems |Stationary energy storage for residential buildings |Uninterruptible power supply systems (UPS)
405,Multi Source Power,Multi Source Power ,United Kingdom,C3.170 ,ees Europe ,,Stationary energy storage for utilities and grid operators |Stationary energy storage for commercial and industrialapplications
406,NGEN d.o.o.,NGEN d.o.o. ,Slovenia,C3.319 ,ees Europe ,,"Lithium -based batteries | Battery m anagem ent system s | ACcharging system s | Electricity trading and m arketing tools(power supply, distribution via direct and flexibility m arkets) |Grid m anagem ent technologies and services, grid system services, grid Monitoring | Virtual power plants/combined powerplants | Products and services for sm art grids | Weather andperform ance/Yield forecasts & grid integration of renewableenergy system s | Hom e energy m anagem ent solutions (HEMS) |Energy m anagem ent, monitoring, controlling and loadm anagem ent | Flexibility m anagem ent (loadm anagem ent/dem and response) | Research and developm ent |Engineering services | DER m anagem ent & system integration |Cybersecurity | Digitalisation, data m anagem ent & analytics, IoT| Sm art energy m anagem ent system s for buildings and districts"
407,"NR Electric CO., LTD. ","NR Electric CO., LTD. ",China ,C3.330 ,ees Europe ,,"Inverters | Power electronics for storage systems | Stationaryenergy storage for utilities and grid operators | ICT, software forenergy storage systems | Stationary energy storage forcommercial and industrial applications"
408,nVent,nVent,Romania ,C3.119 ,ees Europe ,,"Cooling/temperature management of storage systems |Charging cables, connector and cable routing systems,housings and other hardware | Products and services for smartgrids | Hydrogen storage, infrastructure, components | Contacts,wiring, insulation for batteries"
409,Oriental Smart Lion (Fujian) Energy StorageTechnology Co.Ltd ,Oriental Smart Lion (Fujian) Energy StorageTechnology Co.Ltd ,China ,C3.277 ,ees Europe ,,Lithium-based batteries | Stationary energy storage for utilitiesand grid operators | Stationary energy storage for residentialbuildings | Uninterruptible power supply systems (UPS) |Stationary energy storage for commercial and industrialapplications
410,PowerHub Limited ,PowerHub Limited ,New Zealand ,C3.156 ,ees Europe ,,Lithium-based batteries | Automation technology for batteryproduction | Stationary energy storage for utilities and gridoperators | Stationary energy storage for residential buildings |Stationary energy storage for commercial and industrialapplications
411,"PowerLink Energy Tech (UK) Co., LTD.","PowerLink Energy Tech (UK) Co., LTD. ",United Kingdom,C3.334,ees Europe ,,Lithium-based batteries | Stationary energy storage for utilitiesand grid operators | Stationary energy storage for residentialbuildings | Uninterruptible power supply systems (UPS) |Stationary energy storage for commercial and industrialapplications
412,"Poweroad Renewable Energy Co., Ltd.","Poweroad Renewable Energy Co., Ltd.",China ,C3.160,ees Europe ,,Lithium-based batteries | Stationary energy storage for utilitiesand grid operators | Stationary energy storage for residentialbuildings | Stationary energy storage for commercial andindustrial applications
413,"Qingan Energy Storage Technology (Chongqing)Co., Ltd. ","Qingan Energy Storage Technology (Chongqing)Co., Ltd. ",China ,C3.150 ,ees Europe ,,"Lithium-based batteries | Stationary energy storage for utilitiesand grid operators | Stationary energy storage for commercialand industrial applications | High power charger, megawattcharging systems | Energy management, monitoring, controllingand load management"
414,"Rept Battero Energy Co., Ltd.","Rept Battero Energy Co., Ltd. ",China ,C3.110 ,ees Europe ,,Lithium-based batteries | Battery management systems |Manufacturing equipment for battery moduleproduction/assembly and system installation/assembly |Stationary energy storage for residential buildings | Stationaryenergy storage for commercial and industrial applications
415,"Roche Energy Technology (Jiangsu) Co., Ltd. ","Roche Energy Technology (Jiangsu) Co., Ltd.",China ,C3.360 ,ees Europe ,,Battery management systems | Stationary energy storage forutilities and grid operators | Stationary energy storage forresidential buildings | Stationary energy storage for commercialand industrial applications
416,"Shanghai Robestec Energy Co., Ltd. ","Shanghai Robestec Energy Co., Ltd. ",China ,C3.370 ,ees Europe ,,Stationary energy storage for utilities and grid operators |Stationary energy storage for residential buildings | Stationaryenergy storage for commercial and industrial applications
417,"Shenzhen Ace Battery Co.,Ltd.","Shenzhen Ace Battery Co.,Ltd.",China ,C3.180 ,ees Europe ,,Inverters | Battery Materials | Stationary energy storage forresidential buildings | Stationary energy storage for commercialand industrial applications
418,"Shenzhen Biwatt Technology Co., Ltd.","Shenzhen Biwatt Technology Co., Ltd. ",China ,C3.335 ,ees Europe ,,Other battery technologies | Lithium-based batteries | Stationaryenergy storage for residential buildings | Uninterruptible powersupply systems (UPS)
419,Shenzhen FBTech Electronics Ltd ,Shenzhen FBTech Electronics Ltd ,China ,C3.356 ,ees Europe ,,Solar cells | Lithium-based batteries | Stationary energy storagefor utilities and grid operators | Stationary energy storage forresidential buildings | Stationary energy storage for commercialand industrial applications
420,"Shenzhen GSL Energy Co., Ltd.","Shenzhen GSL Energy Co., Ltd.",China ,C3.475,ees Europe ,,Lithium-based batteries | Stationary energy storage for utilitiesand grid operators | Stationary energy storage for residentialbuildings | Uninterruptible power supply systems (UPS) |Stationary energy storage for commercial and industrialapplications
421,"Shenzhen Hello Tech Energy Co., Ltd.","Shenzhen Hello Tech Energy Co., Ltd. ",China ,C3.340,ees Europe ,,"Lithium-based batteries | Energy Storage for low-capacitymobile applications (smartphones, laptops, tablets, etc.) |Stationary energy storage for residential buildings | Stationaryenergy storage for commercial and industrial applications"
422,"Shenzhen Kerui Power Storage Co., LTD","Shenzhen Kerui Power Storage Co., LTD",China ,C3.158,ees Europe ,,"Energy Storage for low-capacity mobile applications(smartphones, laptops, tablets, etc.) | Stationary energy storagefor residential buildings"
423,"Shenzhen Kexin Communication TechnologiesCo.,Ltd ","Shenzhen Kexin Communication TechnologiesCo.,Ltd ",China ,C3.276 ,ees Europe ,,Inverters | Lithium-based batteries | Battery managementsystems | Stationary energy storage for residential buildings |Stationary energy storage for commercial and industrialapplications
424,"Shenzhen Rising Co., Ltd. ","Shenzhen Rising Co., Ltd.",China ,C3.140 ,ees Europe ,,Lithium-based batteries
425,"Shenzhen Skyworth Energy Storage TechnologyCo., Ltd. ","Shenzhen Skyworth Energy Storage TechnologyCo., Ltd.",China ,C3.459 ,ees Europe ,,Inverters | Lithium-based batteries | Stationary energy storagefor residential buildings | Stationary energy storage forcommercial and industrial applications
426,"Shenzhen Yunji New Energy Technology Co.,Ltd. ","Shenzhen Yunji New Energy Technology Co.,Ltd. ",China ,C3.257 ,ees Europe ,,"Energy Storage for low-capacity mobile applications(smartphones, laptops, tablets, etc.) | Stationary energy storagefor residential buildings"
427,"SinoPower (Shenzhen) Co.,Ltd. ","SinoPower (Shenzhen) Co.,Ltd.",China ,C3.374 ,ees Europe ,,Stationary energy storage for utilities and grid operators |Stationary energy storage for residential buildings | Stationaryenergy storage for commercial and industrial applications
428,TOPA Technology Limited,TOPA Technology Limited ,China ,C3.272,ees Europe ,,"Inverters | Lithium-based batteries | Energy Storage for lowcapacitymobile applications (smartphones, laptops, tablets,etc.) | Stationary energy storage for residential buildings |Stationary energy storage for commercial and industrialapplications"
429,TWS Technology (Anhui) Ltd.,TWS Technology (Anhui) Ltd.,China ,C3.350 ,ees Europe ,,Stationary energy storage for commercial and industrialapplications
430," Vilion (Shenzhen) New Energy Technology Co.,Ltd. ","Vilion (Shenzhen) New Energy Technology Co.,Ltd. ",China ,C3.171 ,ees Europe ,,Other energy storage technologies | Battery managementsystems | Stationary energy storage for commercial andindustrial applications
431,Voltsmile BV,Voltsmile BV ,Netherlands,C3.111 ,ees Europe ,,Lithium-based batteries | Battery housing
432,"Xi'an XYPower Technology Co., Ltd","Xi'an XYPower Technology Co., Ltd ",China,C3.176 ,ees Europe ,,Stationary energy storage for utilities and grid operators |Stationary energy storage for commercial and industrialapplications
433,Yigit Akü A.S. ,Yigit Akü A.S. ,Turkiye,C3.479 ,ees Europe ,,"Lead-based batteries | Other battery technologies | Lithiumbasedbatteries | Traction battery and infrastructure | Othercharging systems (portable, inductive, etc.)"
434,"Zhejiang Chint Electrics Co., Ltd.","Zhejiang Chint Electrics Co., Ltd.",China,C3.219,ees Europe ,,"PV systems for residential buildings | EPC contracting/projectdevelopment for energy storage systems | Stationary energystorage for utilities and grid operators | Hydrogen storage,infrastructure, components | DC charging systems"
435,"Zhejiang Xupai Power Technology Co., Ltd.","Zhejiang Xupai Power Technology Co., Ltd,",China,C3.130,ees Europe ,,Other battery technologies | Stationary energy storage forutilities and grid operators | Stationary energy storage forresidential buildings | Uninterruptible power supply systems(UPS) | Stationary energy storage for commercial and industrialapplications
436,Benning Elektrotechnik und Elektronik GmbH &Co. KG ,Benning Elektrotechnik und Elektronik GmbH &Co. KG ,Germany ,C4.130 ,ees Europe ,,Stationary energy storage for utilities and grid operators |Uninterruptible power supply systems (UPS) | Stationary energystorage for commercial and industrial applications
437,Borochi Climate Solutions GmbH ,Borochi Climate Solutions GmbH ,Germany ,C4.157,ees Europe ,,PV systems for residential buildings | Stationary energy storagefor residential buildings | AC charging systems | Power-to-heatand conversion (e.g. heat pumps) | Smart energy managementsystems for buildings and districts
438,Celxpert Energy Corporation,Celxpert Energy Corporation,Taiwan,C4.239 ,ees Europe ,,Lithium-based batteries | Stationary energy storage for utilitiesand grid operators | Stationary energy storage for residentialbuildings | Uninterruptible power supply systems (UPS) |Stationary energy storage for commercial and industrialapplications
439,"CESC New Energy Technology Co.,Ltd. ","CESC New Energy Technology Co.,Ltd.",China ,C4.237 ,ees Europe ,,Inverters | Stationary energy storage for residential buildings
440,"CYG ET CO., LTD.","CYG ET CO., LTD.",China ,C4.175,ees Europe ,,"Stationary energy storage for residential buildings |Uninterruptible power supply systems (UPS) | ICT, software forenergy storage systems | Stationary energy storage forcommercial and industrial applications | DC charging systems"
441,FlexGen,FlexGen,United States ,C4.110 ,ees Europe ,,"Other battery technologies | Lithium-based batteries |Cooling/temperature management of storage systems | Batterymanagement systems | ICT, software for energy storagesystems"
442,"Golen Power Technology Co., Ltd.","Golen Power Technology Co., Ltd.",China ,C4.151,ees Europe ,,Stationary energy storage for utilities and grid operators |Stationary energy storage for residential buildings |Uninterruptible power supply systems (UPS) | Stationary energystorage for commercial and industrial applications
443,"Guangzhou Zhiguang Electric Co., Ltd.","Guangzhou Zhiguang Electric Co., Ltd. ",China ,C4.159,ees Europe ,,Lithium-based batteries | Battery management systems |Stationary energy storage for utilities and grid operators |Stationary energy storage for residential buildings | Stationaryenergy storage for commercial and industrial applications
444,"Hichain Electricity (Zhaoqing) Co., Ltd. ","Hichain Electricity (Zhaoqing) Co., Ltd.",China ,C4.137,ees Europe ,,Inverters | Battery Chargers | Battery Materials
445,"Howell Energy Co., Ltd","Howell Energy Co., Ltd ",China,C4.133,ees Europe ,,Other battery technologies | Lithium-based batteries | Batteryrecycling/second use | Redox flow batteries
446,Innopower Industrieakkutechnik GmbH,Innopower Industrieakkutechnik GmbH ,Germany,C4.134,ees Europe ,,"Lithium-based batteries | Stationary energy storage for utilitiesand grid operators | Stationary energy storage for commercialand industrial applications | Other electric vehicles (water-,aircraft) | Commercial & special electric vehicles"
447,"Jiangsu Furen Energy Technology Co.,Ltd. ","Jiangsu Furen Energy Technology Co.,Ltd.",China ,C4.139,ees Europe ,,Stationary energy storage for utilities and grid operators |Stationary energy storage for residential buildings | Stationaryenergy storage for commercial and industrial applications
448,Kijo Power (Shenzhen) Co.Ltd ,Kijo Power (Shenzhen) Co.Ltd,China ,C4.136 ,ees Europe ,,Lead-based batteries | Lithium-based batteries | Stationaryenergy storage for utilities and grid operators | Stationaryenergy storage for residential buildings | Stationary energystorage for commercial and industrial applications
449,"Renon Technology (Shenzhen) Co., Ltd","Renon Technology (Shenzhen) Co., Ltd.",China ,C4.119,ees Europe ,,Lithium-based batteries | Battery management systems |Manufacturing equipment for battery moduleproduction/assembly and system installation/assembly |Stationary energy storage for residential buildings | Stationaryenergy storage for commercial and industrial applications
450,"Shandong Wina Green Power Technology Co., Ltd.","Shandong Wina Green Power Technology Co., Ltd. ",China ,C4.135 ,ees Europe ,,Lithium-based batteries | Stationary energy storage for utilitiesand grid operators | Stationary energy storage for residentialbuildings | Uninterruptible power supply systems (UPS) |Stationary energy storage for commercial and industrialapplications
451,"Shanghai ZOE Energy Storage Technology Co., Ltd ","Shanghai ZOE Energy Storage Technology Co., Ltd",China ,C4.150 ,ees Europe ,,Stationary energy storage for utilities and grid operators |Stationary energy storage for residential buildings | Stationaryenergy storage for commercial and industrial applications
452,"Shenzhen CHAM Battery Technology Co., Ltd","Shenzhen CHAM Battery Technology Co., Ltd ",China ,C4.259,ees Europe ,,Lithium-based batteries | Stationary energy storage forresidential buildings | Stationary energy storage for commercialand industrial applications
453," Shenzhen HB Electronic Co., Ltd ","Shenzhen HB Electronic Co., Ltd ",China ,C4.111 ,ees Europe ,,Lithium-based batteries | Other energy storage technologies
454,"Shuangdeng Group Co., Ltd.","Shuangdeng Group Co., Ltd.",China ,C4.219 ,ees Europe ,,Lithium-based batteries | Stationary energy storage for utilitiesand grid operators | Stationary energy storage for residentialbuildings | Stationary energy storage for commercial andindustrial applications
455,"Tianjin Lishen New Energy Technology Co.,Ltd","Tianjin Lishen New Energy Technology Co.,Ltd ",China ,C4.231,ees Europe ,,Lithium-based batteries | Stationary energy storage for utilitiesand grid operators | Stationary energy storage for residentialbuildings | Stationary energy storage for commercial andindustrial applications
456,Vidis GmbH,Vidis GmbH ,Germany,C4.160 ,ees Europe ,,"Crystalline modules | Stand-alone systems, off-grid systems |Inverters | Materials and components | Stationary energystorage for utilities and grid operators"
457,Waco Energy Inc.,Waco Energy Inc. ,United States,C4.171 ,ees Europe ,,"Stationary energy storage for residential buildings | Stationaryenergy storage for commercial and industrial applications | Gridmanagement technologies and services, grid system services,grid Monitoring | Home energy management solutions (HEMS)"
458,Weifang Lishen Power Battery System Co.. Ltd.,Weifang Lishen Power Battery System Co.. Ltd. ,China ,C4.177,ees Europe ,,"Stationary energy storage for utilities and grid operators |Energy Storage for low-capacity mobile applications(smartphones, laptops, tablets, etc.) | Stationary energy storagefor residential buildings | Uninterruptible power supply systems(UPS) | Stationary energy storage for commercial and industrialapplications"
459,"Xi' An Weiguang Energy Technology Co., Ltd. ","Xi' An Weiguang Energy Technology Co., Ltd. ",China ,C4.277,ees Europe ,,"Power electronics for storage systems | Stationary energystorage for utilities and grid operators | Stationary energystorage for residential buildings | Stationary energy storage forcommercial and industrial applications | High power charger,megawatt charging systems"
460,"Xi'an JD Energy Co.,Ltd.","Xi'an JD Energy Co.,Ltd. ",China ,C4.180,ees Europe ,,Stationary energy storage for utilities and grid operators |Stationary energy storage for residential buildings | Stationaryenergy storage for commercial and industrial applications
