No.,Exhibitor Name (KOR),Exhibitor Name (ENG),Country,Hall,Show Name,Exhibit Item (KOR),Exhibit Item (ENG),Category,DESCRIPTION,TEXT_FOR_KEYBERT,KEYWORDS
1,LG에너지솔루션,LG Energy Solution,South Korea,C3.410,InterBattery Europe,리튬이온 배터리 (ESS 배터리),Lithium-ion Battery (ESS Battery),Secondary Batteries,This company specializes in Secondary Batteries.,리튬이온 배터리 (ESS 배터리) Lithium-ion Battery (ESS Battery) Secondary Batteries,"ess, battery, lithium, batteries, secondary"
2,삼성SDI,Samsung SDI,South Korea,C3.310 ,InterBattery Europe,"ESS, 배터리","ESS, Battery",Secondary Batteries,This company specializes in Secondary Batteries.,"ESS, 배터리 ESS, Battery Secondary Batteries","ess, battery, batteries, 배터리, secondary"
3,제이스텍,"JASTECH,Ltd.",South Korea,C3.460 ,InterBattery Europe,"이차전지 Cell, Can, Cap Assembly 및 이차전지 자동화 제조장비","2nd Battery Cell, Can, Cap Assembly, and Secondary Battery Automation Manufacturing Equipment","Secondary Batteries, Manufacturing Equipment","This company specializes in Secondary Batteries, Manufacturing Equipment.","이차전지 Cell, Can, Cap Assembly 및 이차전지 자동화 제조장비 2nd Battery Cell, Can, Cap Assembly, and Secondary Battery Automation Manufacturing Equipment Secondary Batteries, Manufacturing Equipment","batteries, 이차전지, 제조장비, battery, cell"
4,에너테크 인터내셔널,EnerTech International,South Korea,C3.530 ,InterBattery Europe,"이차전지 - 전극, 셀, 팩","Secondary Battery - Electrodes, Cells, Packs",Secondary Batteries,This company specializes in Secondary Batteries.,"이차전지 - 전극, 셀, 팩 Secondary Battery - Electrodes, Cells, Packs Secondary Batteries","batteries, electrodes, battery, 이차전지, 전극"
5,재단법인충북테크노파크,CHUNGBUK TECHNOPARK,South Korea,C3.640 ,InterBattery Europe,배터리 소재 및 부품,Battery Materrials,Materials & Components,This company specializes in Materials & Components.,배터리 소재 및 부품 Battery Materrials Materials & Components,"materials, battery, materrials, components, 배터리"
6,에버모어테크놀러지스,EVERMORE TECHNOLOGIES,South Korea,C3.430 ,InterBattery Europe,이차전지 및 소재,Secondary Battery and Material,"Secondary Batteries, Materials & Components","This company specializes in Secondary Batteries, Materials & Components.","이차전지 및 소재 Secondary Battery and Material Secondary Batteries, Materials & Components","batteries, battery, 이차전지, materials, 소재"
7,비나텍,"VINATech Co.,Ltd.",South Korea,C3.630 ,InterBattery Europe,"슈퍼커패시터 셀 및 모듈, 수소연료전지 소재 및 부품","Supercapacitor Cell & Module, materials and components of hydrogen fuel cells","Capacitors, Manufacturing Equipment, Materials & Components","This company specializes in Capacitors, Manufacturing Equipment, Materials & Components.","슈퍼커패시터 셀 및 모듈, 수소연료전지 소재 및 부품 Supercapacitor Cell & Module, materials and components of hydrogen fuel cells Capacitors, Manufacturing Equipment, Materials & Components","supercapacitor, capacitors, hydrogen, 수소연료전지, fuel"
8,에이치투,"H2, Inc.",South Korea,C3.450 ,InterBattery Europe,바나듐흐름전지,Vanadium Flow Battery,Secondary Batteries,This company specializes in Secondary Batteries.,바나듐흐름전지 Vanadium Flow Battery Secondary Batteries,"vanadium, batteries, battery, 바나듐흐름전지, secondary"
9,씨엔피솔루션즈,"CNP Solutions Co., LTD.",South Korea,C3.534,InterBattery Europe,이차전지 바인더,Secondary battery (Binder),"Secondary Batteries, Materials & Components","This company specializes in Secondary Batteries, Materials & Components.","이차전지 바인더 Secondary battery (Binder) Secondary Batteries, Materials & Components","batteries, battery, 이차전지, 바인더, materials"
10,비츠로셀,Vitzrocell,South Korea,C3.538 ,InterBattery Europe,"리튬이차전지 소재, 리튬이차전지, 리튬일차전지, 초박형전지, 슈퍼캐퍼시터","Lithium-Ion Battery Materials, Lithium Secondary Battery, Lithium Primary Battery(Li-SOCl2)","Secondary Batteries, Materials & Components","This company specializes in Secondary Batteries, Materials & Components.","리튬이차전지 소재, 리튬이차전지, 리튬일차전지, 초박형전지, 슈퍼캐퍼시터 Lithium-Ion Battery Materials, Lithium Secondary Battery, Lithium Primary Battery(Li-SOCl2) Secondary Batteries, Materials & Components","lithium, socl2, 초박형전지, 리튬일차전지, 리튬이차전지"
11,대전테크노파크,DAEJEON TECHNOPARK,South Korea,C3.639 ,InterBattery Europe,기업제품,corporate products,Manufacturing Equipment,This company specializes in Manufacturing Equipment.,기업제품 corporate products Manufacturing Equipment,"기업제품, manufacturing, equipment, products, corporate"
12,투에스티,"SST Co., Ltd.",South Korea,C3.650,InterBattery Europe,"ESS, 전기차 화재확산방지 및 소화용구","ESS, Electric vehicle fine spread prevention and fire extinguishing equipment","Secondary Batteries, Manufacturing Equipment","This company specializes in Secondary Batteries, Manufacturing Equipment.","ESS, 전기차 화재확산방지 및 소화용구 ESS, Electric vehicle fine spread prevention and fire extinguishing equipment Secondary Batteries, Manufacturing Equipment","ess, extinguishing, batteries, electric, equipment"
13,포항시청,Pohang City Hall,South Korea,C3.634 ,InterBattery Europe,포항시 이차전지 산업,The Secondary Battery Industry in Pohang City,Secondary Batteries,This company specializes in Secondary Batteries.,포항시 이차전지 산업 The Secondary Battery Industry in Pohang City Secondary Batteries,"pohang, batteries, battery, secondary, 포항시"
14,경북도청,Province of Gyeongsangbuk-do,South Korea,C3.634 ,InterBattery Europe,이차전지 투자환경 소개 등,Investment PR,,No specific product category available.,이차전지 투자환경 소개 등 Investment PR,"investment, 투자환경, pr, 이차전지, 소개"
15,유진테크놀로지,"Yujin Technology, Inc.",South Korea,C3.454,InterBattery Europe,"금형, 정밀 기계 부품, 2차 전지 설비, 리드탭","Metal Mold, Precision Machine Parts, Automated Machine, Lead Tap","Inspection & Measurement Equipment, Materials & Components, Manufacturing Equipment","This company specializes in Inspection & Measurement Equipment, Materials & Components, Manufacturing Equipment.","금형, 정밀 기계 부품, 2차 전지 설비, 리드탭 Metal Mold, Precision Machine Parts, Automated Machine, Lead Tap Inspection & Measurement Equipment, Materials & Components, Manufacturing Equipment","inspection, 금형, 정밀, manufacturing, equipment"
16,블루캡캔,BlueCapCan Inc.,South Korea,C3.434 ,InterBattery Europe,"각형 캡 조립품, 캔","Prismatic Can, Assembled Cap Plate",Manufacturing Equipment,This company specializes in Manufacturing Equipment.,"각형 캡 조립품, 캔 Prismatic Can, Assembled Cap Plate Manufacturing Equipment","cap, plate, manufacturing, assembled, prismatic"
17,제이이엔지,J-ENG,South Korea,C3.535 ,InterBattery Europe,"이차전지 조립 및 화성 공정 장비, 물류 자동화, ESS 모듈/팩 조립 장비","Secondary battery assembly and formation process equipment, logistics automation, ESS modul/pack M/C","Secondary Batteries, Manufacturing Equipment","This company specializes in Secondary Batteries, Manufacturing Equipment.","이차전지 조립 및 화성 공정 장비, 물류 자동화, ESS 모듈/팩 조립 장비 Secondary battery assembly and formation process equipment, logistics automation, ESS modul/pack M/C Secondary Batteries, Manufacturing Equipment","batteries, battery, ess, logistics, manufacturing"
18,태웅로직스,Taewoong Logistics,South Korea,C3.555 ,InterBattery Europe,"ISO탱크, 물류서비스","ISO TANK, LOGISTIC SERVICE, FREIGHT FORWARDING",,No specific product category available.,"ISO탱크, 물류서비스 ISO TANK, LOGISTIC SERVICE, FREIGHT FORWARDING","freight, iso탱크, 물류서비스, iso, logistic"
19,디이엔티,DE&T,South Korea,C3.655 ,InterBattery Europe,"노칭 장비, 유지부커팅, DNC, Laser Slitting, 통합 비전","Laser/Press Notching, Uncoated Cutting, DNC, Laser Slitting, Total Vision","Secondary Batteries, Manufacturing Equipment, Inspection & Measurement Equipment","This company specializes in Secondary Batteries, Manufacturing Equipment, Inspection & Measurement Equipment.","노칭 장비, 유지부커팅, DNC, Laser Slitting, 통합 비전 Laser/Press Notching, Uncoated Cutting, DNC, Laser Slitting, Total Vision Secondary Batteries, Manufacturing Equipment, Inspection & Measurement Equipment","유지부커팅, equipment, inspection, 통합, laser"
20,네오배터리머티리얼즈 코리아,Neo Battery Materials Korea,South Korea,C3.730 ,InterBattery Europe,리튬이차전지용 실리콘 음극재,Silicon anode for Lithium-ion Battery,"Secondary Batteries, Materials & Components","This company specializes in Secondary Batteries, Materials & Components.","리튬이차전지용 실리콘 음극재 Silicon anode for Lithium-ion Battery Secondary Batteries, Materials & Components","anode, lithium, batteries, battery, silicon"
21,구미시청,GUMICO,South Korea,C3.651 ,InterBattery Europe,구미 국가산업단지 투자환경 안내,Information on investment environment for Gumi National Industrial Complex,Manufacturing Equipment,This company specializes in Manufacturing Equipment.,구미 국가산업단지 투자환경 안내 Information on investment environment for Gumi National Industrial Complex Manufacturing Equipment,"investment, gumi, 투자환경, industrial, 국가산업단지"
22,나래나노텍,NARAENANOTECH,South Korea,C3.736,InterBattery Europe,배터리 전극 코터,Battery Electrode Coater,"Secondary Batteries, Manufacturing Equipment","This company specializes in Secondary Batteries, Manufacturing Equipment.","배터리 전극 코터 Battery Electrode Coater Secondary Batteries, Manufacturing Equipment","electrode, batteries, battery, 코터, 배터리"
23,강원에너지,"KANGWON ENERGY CO,. Ltd.",South Korea,C3.550,InterBattery Europe,"고속에어제트밀, 전기히터건조기, PD믹서기, 전자석탈철기","Air jet mil, PD Mixer, Electric heater dryer, Electro magnet filter",Manufacturing Equipment,This company specializes in Manufacturing Equipment.,"고속에어제트밀, 전기히터건조기, PD믹서기, 전자석탈철기 Air jet mil, PD Mixer, Electric heater dryer, Electro magnet filter Manufacturing Equipment","고속에어제트밀, 전자석탈철기, 전기히터건조기, pd믹서기, equipment"
24,자인에너지,ZAIN ENERGY Inc.,South Korea,C3.556,InterBattery Europe,"리튬이온배터리셀, 전해질 첨가제, 전극 바인더, 고분자전해질","Lithium ion battery, Electrolyte additives, binder, polymer electrolyte","Secondary Batteries, Materials & Components","This company specializes in Secondary Batteries, Materials & Components.","리튬이온배터리셀, 전해질 첨가제, 전극 바인더, 고분자전해질 Lithium ion battery, Electrolyte additives, binder, polymer electrolyte Secondary Batteries, Materials & Components","electrolyte, batteries, lithium, battery, materials"
25,에스앤이리서치,SNE RESEARCH,South Korea,C3.552 ,InterBattery Europe,"시장 조사 리포트, 데이터베이스 서비스, 컨설팅 서비스","Market Research Report, Database Service, Consulting Service",Materials & Components,This company specializes in Materials & Components.,"시장 조사 리포트, 데이터베이스 서비스, 컨설팅 서비스 Market Research Report, Database Service, Consulting Service Materials & Components","데이터베이스, 컨설팅, database, consulting, 서비스"
26,에프디씨,"FDC Co., Ltd.",South Korea,C3.540,InterBattery Europe,배터리 에너지 저장 시스템,Battery Energy Storage System,Secondary Batteries,This company specializes in Secondary Batteries.,배터리 에너지 저장 시스템 Battery Energy Storage System Secondary Batteries,"batteries, battery, secondary, storage, system"
27,와이엠텍,"YM TECH CO., LTD",South Korea,C3.735,InterBattery Europe,EV 릴레이,EV Relay,,No specific product category available.,EV 릴레이 EV Relay,"ev, relay, 릴레이"
28,에버인더스,Everindus Inc.,South Korea,C3.554,InterBattery Europe,이차전지 소재,Secondary Battery Material,"Secondary Batteries, Materials & Components","This company specializes in Secondary Batteries, Materials & Components.","이차전지 소재 Secondary Battery Material Secondary Batteries, Materials & Components","batteries, battery, materials, secondary, 이차전지"
29,한국수출입은행,The Export-Import Bank of Korea,South Korea,C3.654,InterBattery Europe,금융상담 제공,Financial Consulting,,No specific product category available.,금융상담 제공 Financial Consulting,"consulting, 제공, 금융상담, financial"
30,옥스머티리얼즈,"OCSmaterials.Co.,Ltd.",South Korea,C3.658 ,InterBattery Europe,"실리콘 방열 제품-충진재(Encapsulants), 갭필러(Gap Filler),그리스(Gap Pad),갭패드(Gap Pad)","Thermal Interface Materials- Encapsulants, Gap Filler, Grease, Gap Pad","Materials & Components, Manufacturing Equipment","This company specializes in Materials & Components, Manufacturing Equipment.","실리콘 방열 제품-충진재(Encapsulants), 갭필러(Gap Filler),그리스(Gap Pad),갭패드(Gap Pad) Thermal Interface Materials- Encapsulants, Gap Filler, Grease, Gap Pad Materials & Components, Manufacturing Equipment","encapsulants, materials, pad, gap, 실리콘"
31,미르지엔아이,"MIR G&I Co., Ltd.",South Korea,C3.759 ,InterBattery Europe,"드라이룸, 공조설비","Dry room, HVAC system","Materials & Components, Manufacturing Equipment","This company specializes in Materials & Components, Manufacturing Equipment.","드라이룸, 공조설비 Dry room, HVAC system Materials & Components, Manufacturing Equipment","공조설비, hvac, materials, equipment, components"
32,코리아시뮬레이터,"KOREA SIMULATOR Co.,Ltd",South Korea,C3.656,InterBattery Europe,"양방향 충방전기(360kW, 150kW, 400kW), 베어링 전식 시험기, 모터다이나모 시험기, 모터 액추에이터 성능 시험기, 모터 액추에이터 복합환경 내구성 시험기","Bi-directional Charger/Discharger(360kW, 150kW, 400kW), Bearing Electric Corrosion Tester",Inspection & Measurement Equipment,This company specializes in Inspection & Measurement Equipment.,"양방향 충방전기(360kW, 150kW, 400kW), 베어링 전식 시험기, 모터다이나모 시험기, 모터 액추에이터 성능 시험기, 모터 액추에이터 복합환경 내구성 시험기 Bi-directional Charger/Discharger(360kW, 150kW, 400kW), Bearing Electric Corrosion Tester Inspection & Measurement Equipment","discharger, charger, 복합환경, tester, 충방전기"
33,고려기연,"KOREA KIYON CO.,LTD.",South Korea,C3.751 ,InterBattery Europe,증착기+글로브박스,Evaporation System with Glovebox,Manufacturing Equipment,This company specializes in Manufacturing Equipment.,증착기+글로브박스 Evaporation System with Glovebox Manufacturing Equipment,"evaporation, glovebox, 글로브박스, 증착기, equipment"
34,이온어스,AEONUS,South Korea,C3.739,InterBattery Europe,"인디고 스테이션, 인디고 차지, 모뱃","indego STATION, indego CHARGE, Mobatt",,No specific product category available.,"인디고 스테이션, 인디고 차지, 모뱃 indego STATION, indego CHARGE, Mobatt","인디고, station, indego, 스테이션, mobatt"
35,이투텍,"E2Technology Co.,LTD.",South Korea,C3.640 ,InterBattery Europe,,1. Secondary Battery Electrodes 2. Secondary Battery Cell 3. ESS 4. Power bank 5. Battery pack for Dron etc.,Secondary Batteries,This company specializes in Secondary Batteries.,1. Secondary Battery Electrodes 2. Secondary Battery Cell 3. ESS 4. Power bank 5. Battery pack for Dron etc. Secondary Batteries,"batteries, electrodes, battery, secondary, cell"
36,제이알에너지솔루션,JR ENERGY SOLUTION INC,South Korea,C3.640,InterBattery Europe,,"Electrode, Battery Cell",Secondary Batteries,This company specializes in Secondary Batteries.,"Electrode, Battery Cell Secondary Batteries","electrode, batteries, battery, cell, secondary"
37,와이케이신터링,YKS Intering,South Korea,C3.640,InterBattery Europe,,"Recycled battery raw materials, Cemented carbide jig","Secondary Batteries, Materials & Components","This company specializes in Secondary Batteries, Materials & Components.","Recycled battery raw materials, Cemented carbide jig Secondary Batteries, Materials & Components","recycled, materials, carbide, batteries, battery"
38,에이투비투,A2B2 Corporation,South Korea,C3.640,InterBattery Europe,,"Insulation/thermal adhesion film for secondary batteries (Cylindrical, Pouch type batteries). And lead tabs","Secondary Batteries, Materials & Components, Inspection & Measurement Equipment","This company specializes in Secondary Batteries, Materials & Components, Inspection & Measurement Equipment.","Insulation/thermal adhesion film for secondary batteries (Cylindrical, Pouch type batteries). And lead tabs Secondary Batteries, Materials & Components, Inspection & Measurement Equipment","insulation, batteries, adhesion, materials, thermal"
39,넥스포,NexPO,South Korea,C3.640,InterBattery Europe,,Lead tab,Materials & Components,This company specializes in Materials & Components.,Lead tab Materials & Components,"materials, lead, components, tab"
40,민테크,"Mintech Co., Ltd.",South Korea,C3.639,InterBattery Europe,,"AC Impedance Analyzer, All-In-One Battery Tester with Cycler, EIS Integrated Formation System","Secondary Batteries, Materials & Components, Manufacturing Equipment, Inspection & Measurement Equipment","This company specializes in Secondary Batteries, Materials & Components, Manufacturing Equipment, Inspection & Measurement Equipment.","AC Impedance Analyzer, All-In-One Battery Tester with Cycler, EIS Integrated Formation System Secondary Batteries, Materials & Components, Manufacturing Equipment, Inspection & Measurement Equipment","batteries, analyzer, equipment, tester, ac"
41,휴비스,"HUBIS CO., LTD.",South Korea,C3.639,InterBattery Europe,,Laser welding scanner,Manufacturing Equipment,This company specializes in Manufacturing Equipment.,Laser welding scanner Manufacturing Equipment,"welding, laser, scanner, manufacturing, equipment"
42,유뱃,UBATT Inc.,South Korea,C3.639 ,InterBattery Europe,,Lithium Secondary Battery,Secondary Batteries,This company specializes in Secondary Batteries.,Lithium Secondary Battery Secondary Batteries,"secondary, lithium, batteries, battery"
43,에이앤폴리,ANPOLY,South Korea,C3.634 ,InterBattery Europe,,Nanocellulose LFP Binder,Materials & Components,This company specializes in Materials & Components.,Nanocellulose LFP Binder Materials & Components,"nanocellulose, binder, materials, lfp, components"
44,투엔,Two-N,South Korea,C3.634 ,InterBattery Europe,,Water Treatment for Battery Industry & Battery Electrodes Stripping Solution,Secondary Batteries,This company specializes in Secondary Batteries.,Water Treatment for Battery Industry & Battery Electrodes Stripping Solution Secondary Batteries,"electrodes, batteries, battery, water, solution"
45,인터배터리,InterBattery,South Korea,C3.641 ,InterBattery Europe,,,,No specific product category available.,,
46,한국배터리산업협회,Korea Battery Industry Association,South Korea,C3.653 ,InterBattery Europe,,,,No specific product category available.,,
47,EV 트렌드 코리아 2025,EV Trend Korea 2025,South Korea,C3.753 ,InterBattery Europe,,,,No specific product category available.,,
48,Green Energy Origin Texas,Green Energy Origin Texas,China,C3.320 ,InterBattery Europe,,Battery Materials,Materials & Components,This company specializes in Materials & Components.,Battery Materials Materials & Components,"materials, battery, components"
49,"Zhejiang GSP&DC Energy Technology CO., Ltd.","Zhejiang GSP&DC Energy Technology CO., Ltd.",China,C3.440,InterBattery Europe,,"Battery, Power bank, Industrial and commercial energy storage cabinet, energy storage device",Secondary Batteries,This company specializes in Secondary Batteries.,"Battery, Power bank, Industrial and commercial energy storage cabinet, energy storage device Secondary Batteries","batteries, battery, cabinet, storage, energy"
50,"Shenzhen Yunt Digital Power Co., Ltd.","Shenzhen Yunt Digital Power Co., Ltd.",China,C3.470,InterBattery Europe,,Portable Power Station/Energy Storage System,"Secondary Batteries, Materials & Components","This company specializes in Secondary Batteries, Materials & Components.","Portable Power Station/Energy Storage System Secondary Batteries, Materials & Components","batteries, portable, storage, secondary, energy"
51,"Hunan Ancheng New Energy Co., Ltd","Hunan Ancheng New Energy Co., Ltd",China,C3.570 ,InterBattery Europe,,Battery Energy Storage System,Secondary Batteries,This company specializes in Secondary Batteries.,Battery Energy Storage System Secondary Batteries,"batteries, battery, secondary, storage, system"
52,"Anhui QNAS Energy Technology Co., Ltd","Anhui QNAS Energy Technology Co., Ltd",China,C3.590,InterBattery Europe,,Sodium-Ion Cells and Batteries,Secondary Batteries,This company specializes in Secondary Batteries.,Sodium-Ion Cells and Batteries Secondary Batteries,"batteries, cells, ion, sodium, secondary"
53,"Shenzhen Huaxing New Energy Technology Co., Ltd.","Shenzhen Huaxing New Energy Technology Co., Ltd.",China,C3.579 ,InterBattery Europe,,"Residential EES, Energy Storage System","Secondary Batteries, Materials & Components","This company specializes in Secondary Batteries, Materials & Components.","Residential EES, Energy Storage System Secondary Batteries, Materials & Components","batteries, storage, ees, residential, energy"
54,Shenzhen Qichang intelligent Technology Co. Ltd,Shenzhen Qichang intelligent Technology Co. Ltd,China,C3.480 ,InterBattery Europe,,Portable Power Stations,"Secondary Batteries, Materials & Components","This company specializes in Secondary Batteries, Materials & Components.","Portable Power Stations Secondary Batteries, Materials & Components","batteries, portable, stations, secondary, power"
55,"Ucanpower New Energy Technology co., Ltd","Ucanpower New Energy Technology co., Ltd",China,C3.572 ,InterBattery Europe,,"Solar inverter, storage battery",Secondary Batteries,This company specializes in Secondary Batteries.,"Solar inverter, storage battery Secondary Batteries","inverter, solar, batteries, storage, battery"
56,"SUNWAY SOLAR CO., LTD","SUNWAY SOLAR CO., LTD",China,C3.682 ,InterBattery Europe,,"Solar panel, Solar Battery, Inverter",Secondary Batteries,This company specializes in Secondary Batteries.,"Solar panel, Solar Battery, Inverter Secondary Batteries","inverter, solar, batteries, panel, secondary"
57,"Shenzhen Minglida Precision Technology Co., Ltd.","Shenzhen Minglida Precision Technology Co., Ltd.",China,C3.770 ,InterBattery Europe,,"Solar storage mechanical parts, Solar inverter mechanical parts",Secondary Batteries,This company specializes in Secondary Batteries.,"Solar storage mechanical parts, Solar inverter mechanical parts Secondary Batteries","batteries, solar, parts, inverter, storage"
58,"Jiangxi SinNET Electronics Technologies Co.,Ltd","Jiangxi SinNET Electronics Technologies Co.,Ltd",China,C3.575 ,InterBattery Europe,,Household energy storage systems,Secondary Batteries,This company specializes in Secondary Batteries.,Household energy storage systems Secondary Batteries,"batteries, storage, household, secondary, energy"
59,"Huizhou Carku Technology Co., Ltd","Huizhou Carku Technology Co., Ltd",China,C3.679 ,InterBattery Europe,,Portable Power Station,"Secondary Batteries, Materials & Components","This company specializes in Secondary Batteries, Materials & Components.","Portable Power Station Secondary Batteries, Materials & Components","batteries, portable, secondary, materials, station"
60,"Zhonghai Chao ( hebei ) New Energy Technology Co.,Ltd","Zhonghai Chao ( hebei ) New Energy Technology Co.,Ltd.",China,C3.580,InterBattery Europe,,Home Energy Storage-1、2、4、8kWh; Energy Storage Cabinet&Container,Secondary Batteries,This company specializes in Secondary Batteries.,Home Energy Storage-1、2、4、8kWh; Energy Storage Cabinet&Container Secondary Batteries,"batteries, storage, energy, cabinet, 8kwh"
61,"Guangzhou HYNER Energy Co., Ltd.","Guangzhou HYNER Energy Co., Ltd.",China,C3.750,InterBattery Europe,,"ESS Module, ESS Cabinet, ALL-IN-ONE ESS, ESS Container","Secondary Batteries, Manufacturing Equipment","This company specializes in Secondary Batteries, Manufacturing Equipment.","ESS Module, ESS Cabinet, ALL-IN-ONE ESS, ESS Container Secondary Batteries, Manufacturing Equipment","ess, equipment, batteries, cabinet, manufacturing"
62,"Nanjing Ifusion Technology Co.,Ltd","Nanjing Ifusion Technology Co.,Ltd.",China,C3.762 ,InterBattery Europe,,ENERGY STORAGE BATTERY,Secondary Batteries,This company specializes in Secondary Batteries.,ENERGY STORAGE BATTERY Secondary Batteries,"batteries, battery, secondary, storage, energy"
63,ANHUI SHENGXIN ALUMINIUM CORPORATION LIMITED,ANHUI SHENGXIN ALUMINIUM CORPORATION LIMITED,China,C3.775,InterBattery Europe,,ALUMINIUM PROFILES FOR SOLAR,Materials & Components,This company specializes in Materials & Components.,ALUMINIUM PROFILES FOR SOLAR Materials & Components,"aluminium, solar, materials, profiles, components"
64,"Zhejiang Sinopont Technology Co., Ltd.","Zhejiang Sinopont Technology Co., Ltd.",China,C3.783 ,InterBattery Europe,,"high-end functional films, pure POE, EVA, and white film",Materials & Components,This company specializes in Materials & Components.,"high-end functional films, pure POE, EVA, and white film Materials & Components","poe, materials, components, films, film"
65,"Haicen Antech Power (Qingdao) Co., Ltd.","Haicen Antech Power (Qingdao) Co., Ltd.",China,C3.782 ,InterBattery Europe,,Lithium Battery,Secondary Batteries,This company specializes in Secondary Batteries.,Lithium Battery Secondary Batteries,"lithium, batteries, battery, secondary"
66,"Jiangxi Ruiwei New Energy Co.,Ltd.","Jiangxi Ruiwei New Energy Co.,Ltd.",China,C3.472,InterBattery Europe,,Lead acid battery,Secondary Batteries,This company specializes in Secondary Batteries.,Lead acid battery Secondary Batteries,"batteries, battery, lead, secondary, acid"
67,"Shenzhen Jieyo Technology Co., Ltd","Shenzhen Jieyo Technology Co., Ltd",China,C3.476 ,InterBattery Europe,,"portable power station, energy storage system, li-ion battery, Ni-MH battery","Secondary Batteries, Materials & Components","This company specializes in Secondary Batteries, Materials & Components.","portable power station, energy storage system, li-ion battery, Ni-MH battery Secondary Batteries, Materials & Components","batteries, battery, storage, portable, materials"
68,"Guangdong QianWei Precision Connector Co.,Ltd.","Guangdong QianWei Precision Connector Co.,Ltd.",China,C3.675,InterBattery Europe,,Terminals,Materials & Components,This company specializes in Materials & Components.,Terminals Materials & Components,"terminals, materials, components"
69,"HomSolar (Shenzhen) Technology Co., Ltd.","HomSolar (Shenzhen) Technology Co., Ltd.",China,C3.677,InterBattery Europe,,Storage Energy Battery,Secondary Batteries,This company specializes in Secondary Batteries.,Storage Energy Battery Secondary Batteries,"batteries, battery, storage, secondary, energy"
70,"JIANGXI OYF VEHICLE INDUSTRY CO., LTD","JIANGXI OYF VEHICLE INDUSTRY CO., LTD",China,C3.574,InterBattery Europe,,"Lithium-ion battery for vehicles, residential buildings, outdoor","Secondary Batteries, Materials & Components","This company specializes in Secondary Batteries, Materials & Components.","Lithium-ion battery for vehicles, residential buildings, outdoor Secondary Batteries, Materials & Components","lithium, batteries, battery, residential, buildings"
71,"Spaceflight Power Supply Co., Ltd","Spaceflight Power Supply Co., Ltd",China,C3.576 ,InterBattery Europe,,"Lead acid battery, lithium battery",Secondary Batteries,This company specializes in Secondary Batteries.,"Lead acid battery, lithium battery Secondary Batteries","lithium, batteries, battery, lead, secondary"
72,"Ostar Power Technology Co., Ltd.","Ostar Power Technology Co., Ltd.",China,C3.772 ,InterBattery Europe,,Batteries,Secondary Batteries,This company specializes in Secondary Batteries.,Batteries Secondary Batteries,"batteries, secondary"
73,"Jiangxi Yudian New Energy Technology Co., Ltd","Jiangxi Yudian New Energy Technology Co., Ltd.",China,C3.774 ,InterBattery Europe,,"Small portable power banks and household energy storage products, battery production","Secondary Batteries, Materials & Components, Manufacturing Equipment","This company specializes in Secondary Batteries, Materials & Components, Manufacturing Equipment.","Small portable power banks and household energy storage products, battery production Secondary Batteries, Materials & Components, Manufacturing Equipment","batteries, equipment, battery, portable, products"
74,"Jiangsu Guoning Power Cable Co., Ltd","Jiangsu Guoning Power Cable Co., Ltd",China,C3.758,InterBattery Europe,,solar cable & control cable,Secondary Batteries,This company specializes in Secondary Batteries.,solar cable & control cable Secondary Batteries,"solar, batteries, cable, secondary, control"
75,"Q-SUN (NANJING) CO., LTD.","Q-SUN (NANJING) CO., LTD.",China,C3.776 ,InterBattery Europe,,Energy Storage system,"Secondary Batteries, Manufacturing Equipment","This company specializes in Secondary Batteries, Manufacturing Equipment.","Energy Storage system Secondary Batteries, Manufacturing Equipment","batteries, storage, equipment, secondary, energy"
76,"SHENZHEN GRT COMMUNICATION SCIENCE & TECHNOLOGY CO.,LTD","SHENZHEN GRT COMMUNICATION SCIENCE & TECHNOLOGY CO.,LTD",China,C3.756,InterBattery Europe,,"Flexible copper foil, Laminated Busbar, Copper connectors",Materials & Components,This company specializes in Materials & Components.,"Flexible copper foil, Laminated Busbar, Copper connectors Materials & Components","copper, materials, laminated, flexible, foil"
77,"Ningbo Duopower New Energy Electrical Technology CO., LTD","Ningbo Duopower New Energy Electrical Technology CO., LTD",China,C3.780 ,InterBattery Europe,,Portable Power Station,"Secondary Batteries, Materials & Components","This company specializes in Secondary Batteries, Materials & Components.","Portable Power Station Secondary Batteries, Materials & Components","batteries, portable, secondary, materials, station"
78,"Jiangxi Wannianxin Micro-Electronics Co.,Ltd","Jiangxi Wannianxin Micro-Electronics Co.,Ltd",China,C3.754 ,InterBattery Europe,,"UPS Energy Storage Power Supply, All-in-One residential Energy Storage Power Supply, Pure Sine Wave Solar Inverter","Secondary Batteries, Materials & Components","This company specializes in Secondary Batteries, Materials & Components.","UPS Energy Storage Power Supply, All-in-One residential Energy Storage Power Supply, Pure Sine Wave Solar Inverter Secondary Batteries, Materials & Components","ups, batteries, inverter, storage, components"
79,"Hubei XYC New Energy CO.,LTD.","Hubei XYC New Energy CO.,LTD.",China,C3.760 ,InterBattery Europe,,"Lithium battery, Commerical Energy-storage, Home Energy-storage",Secondary Batteries,This company specializes in Secondary Batteries.,"Lithium battery, Commerical Energy-storage, Home Energy-storage Secondary Batteries","batteries, lithium, battery, storage, energy"
80,"HUANGHUA GUNTER HARDWARE CO., LTD","HUANGHUA GUNTER HARDWARE CO., LTD",China,C3.778,InterBattery Europe,,portable power station,"Secondary Batteries, Materials & Components","This company specializes in Secondary Batteries, Materials & Components.","portable power station Secondary Batteries, Materials & Components","batteries, portable, secondary, materials, station"
81,"CHONGQING LIHONG FINE CHEMICALS CO., LTD.","CHONGQING LIHONG FINE CHEMICALS CO., LTD.",China,C3.755 ,InterBattery Europe,,Sodium Carboxy Methyl Cellulose (CMC),Materials & Components,This company specializes in Materials & Components.,Sodium Carboxy Methyl Cellulose (CMC) Materials & Components,"cellulose, materials, sodium, cmc, carboxy"
82,"Shenzhen Swalle Technology Co.,Ltd.","Shenzhen Swalle Technology Co.,Ltd.",China,C3.757 ,InterBattery Europe,,"LifePO4 battery, Portbable power station, Home energy storage system",Secondary Batteries,This company specializes in Secondary Batteries.,"LifePO4 battery, Portbable power station, Home energy storage system Secondary Batteries","lifepo4, batteries, battery, storage, station"
83,"China ZBB group Shanghai transformer Co., Ltd.","China ZBB group Shanghai transformer Co., Ltd.",China,C3.668,InterBattery Europe,,Power Transformer,Secondary Batteries,This company specializes in Secondary Batteries.,Power Transformer Secondary Batteries,"transformer, batteries, secondary, power"
84,"SHENZHEN BLUESEA INTELLIGENT MANUFACTURING TECHNOLOGY.CO.,LTD.","SHENZHEN BLUESEA INTELLIGENT MANUFACTURING TECHNOLOGY.CO.,LTD.",China,C3.674,InterBattery Europe,,Energy Storage battery/lithium battery Moudle Pack Automatic Assembly Line,"Secondary Batteries, Manufacturing Equipment","This company specializes in Secondary Batteries, Manufacturing Equipment.","Energy Storage battery/lithium battery Moudle Pack Automatic Assembly Line Secondary Batteries, Manufacturing Equipment","batteries, battery, lithium, equipment, pack"
85,"ShenZhen Friend Mechanical and Electrical Technology Co., Ltd","ShenZhen Friend Mechanical and Electrical Technology Co., Ltd",China,C3.670 ,InterBattery Europe,,"heatsink,cooling plate,heat exchanger,air conditioner",Materials & Components,This company specializes in Materials & Components.,"heatsink,cooling plate,heat exchanger,air conditioner Materials & Components","heatsink, cooling, components, materials, heat"
86,"Xiamen Taohong Technology Co., Ltd","Xiamen Taohong Technology Co., Ltd",China,C3.672 ,InterBattery Europe,,"Solar Sunflower, Solor Mouting Brackets",Secondary Batteries,This company specializes in Secondary Batteries.,"Solar Sunflower, Solor Mouting Brackets Secondary Batteries","sunflower, solar, batteries, brackets, solor"
87,LOVSUN TEK CO.LTD,LOVSUN TEK CO.LTD,China,C3.676,InterBattery Europe,,"Solar battery, energy storage system",Secondary Batteries,This company specializes in Secondary Batteries.,"Solar battery, energy storage system Secondary Batteries","batteries, solar, battery, secondary, storage"
88,Sysai Global Venture Ltd,Sysai Global Venture Ltd,China,C3.678 ,InterBattery Europe,,Battery and solar panels for home usage,Secondary Batteries,This company specializes in Secondary Batteries.,Battery and solar panels for home usage Secondary Batteries,"batteries, battery, panels, solar, secondary"
89,"LUAN GREENERGY REFRACTORY AND INSULATION MATERIAL CO., LTD","LUAN GREENERGY REFRACTORY AND INSULATION MATERIAL CO., LTD",China,C3.680 ,InterBattery Europe,,Insulation Materials,"Inspection & Measurement Equipment, Materials & Components","This company specializes in Inspection & Measurement Equipment, Materials & Components.","Insulation Materials Inspection & Measurement Equipment, Materials & Components","insulation, inspection, equipment, materials, components"
90,"Anhui Lvwo Energy Technology Co., Ltd.","Anhui Lvwo Energy Technology Co., Ltd.",China,C3.771,InterBattery Europe,,"12V lithium battery, household energy storage, industrial and commercial energy storage",Secondary Batteries,This company specializes in Secondary Batteries.,"12V lithium battery, household energy storage, industrial and commercial energy storage Secondary Batteries","batteries, battery, lithium, 12v, storage"
91,"Anhui Hanxing Energy Co., Ltd.","Anhui Hanxing Energy Co., Ltd.",China,C3.773 ,InterBattery Europe,,"PCS, battery, BMS, EMS, thermal management, power distribution and fire protection","Secondary Batteries, Materials & Components, Manufacturing Equipment","This company specializes in Secondary Batteries, Materials & Components, Manufacturing Equipment.","PCS, battery, BMS, EMS, thermal management, power distribution and fire protection Secondary Batteries, Materials & Components, Manufacturing Equipment","equipment, batteries, ems, bms, components"
92,"Anhui Jixingyuan Technology Co., Ltd","Anhui Jixingyuan Technology Co., Ltd",China,C3.777 ,InterBattery Europe,,"Precision coating equipment for cadmium chloride in thin-film photovoltaics, precision roll coating and UV curing equipment for photoresist, AR coating equipment for photovoltaic glass","Inspection & Measurement Equipment, Materials & Components, Manufacturing Equipment","This company specializes in Inspection & Measurement Equipment, Materials & Components, Manufacturing Equipment.","Precision coating equipment for cadmium chloride in thin-film photovoltaics, precision roll coating and UV curing equipment for photoresist, AR coating equipment for photovoltaic glass Inspection & Measurement Equipment, Materials & Components, Manufacturing Equipment","cadmium, photovoltaics, photovoltaic, coating, chloride"
93,"Jiangsu Weijinmai Tech. Co., Ltd.","Jiangsu Weijinmai Tech. Co., Ltd.",China,C3.779 ,InterBattery Europe,,nickel-plated strip steel for new energy battery cases,Secondary Batteries,This company specializes in Secondary Batteries.,nickel-plated strip steel for new energy battery cases Secondary Batteries,"nickel, batteries, battery, steel, plated"
94,"Sky Star Advanced Materials Technology (Suzhou) Co., Ltd.","Sky Star Advanced Materials Technology (Suzhou) Co., Ltd.",China,C3.320,InterBattery Europe,,"Sandbox，Pneumatic conveying equipment, Flow cell, Optical machine,10-station filling system.",Manufacturing Equipment,This company specializes in Manufacturing Equipment.,"Sandbox，Pneumatic conveying equipment, Flow cell, Optical machine,10-station filling system. Manufacturing Equipment","equipment, pneumatic, sandbox, manufacturing, machine"
95,"Xiamen Egret Solar New Energy Technology Co.,Ltd","Xiamen Egret Solar New Energy Technology Co.,Ltd",China,C3.785 ,InterBattery Europe,,Solar mounting products,"Secondary Batteries, Manufacturing Equipment","This company specializes in Secondary Batteries, Manufacturing Equipment.","Solar mounting products Secondary Batteries, Manufacturing Equipment","batteries, solar, equipment, mounting, manufacturing"
96,Neware Technology Limited,Neware Technology Limited,China,C3.734,InterBattery Europe,,"battery testing system, environmental chamber, etc.","Inspection & Measurement Equipment, Materials & Components","This company specializes in Inspection & Measurement Equipment, Materials & Components.","battery testing system, environmental chamber, etc. Inspection & Measurement Equipment, Materials & Components","inspection, equipment, chamber, testing, battery"
97,Albat doo Sarajevo,Albat doo Sarajevo,Bosnia and Herzegovina,B0.136 ,ees Europe ,,Lead-based batteries | Lithium-based batteries | BatteryChargers | Stationary energy storage for utilities and gridoperators | Stationary energy storage for residential buildings |Uninterruptible power supply systems (UPS) | Stationary energystorage for commercial and industrial applications | DCcharging systems,Secondary Batteries,This company specializes in Secondary Batteries.,Lead-based batteries | Lithium-based batteries | BatteryChargers | Stationary energy storage for utilities and gridoperators | Stationary energy storage for residential buildings |Uninterruptible power supply systems (UPS) | Stationary energystorage for commercial and industrial applications | DCcharging systems Secondary Batteries,"batterychargers, batteries, ups, energystorage, utilities"
98,AKKU SYS Akkumulator- und Batterietechnik NordGmbH,AKKU SYS Akkumulator- und Batterietechnik NordGmbH,Germany,B1.440 ,ees Europe ,,Materials and components | Lithium-based batteries | ACcharging systems | Home energy management solutions(HEMS),"Secondary Batteries, Materials & Components","This company specializes in Secondary Batteries, Materials & Components.","Materials and components | Lithium-based batteries | ACcharging systems | Home energy management solutions(HEMS) Secondary Batteries, Materials & Components","batteries, lithium, hems, materials, systems"
99,Alpha ESS Europe GmbH,Alpha ESS Europe GmbH,Germany,B1.150 ,ees Europe ,,"Lithium-based batteries | Stationary energy storage for utilitiesand grid operators | Stationary energy storage for residentialbuildings | Uninterruptible power supply systems (UPS) | ICT,software for energy storage systems | Stationary energy storagefor commercial and industrial applications | AC chargingsystems | Energy management, monitoring, controlling and loadmanagement | Flexibility management (loadmanagement/demand response) | Research and development",Secondary Batteries,This company specializes in Secondary Batteries.,"Lithium-based batteries | Stationary energy storage for utilitiesand grid operators | Stationary energy storage for residentialbuildings | Uninterruptible power supply systems (UPS) | ICT,software for energy storage systems | Stationary energy storagefor commercial and industrial applications | AC chargingsystems | Energy management, monitoring, controlling and loadmanagement | Flexibility management (loadmanagement/demand response) | Research and development Secondary Batteries","batteries, ups, chargingsystems, utilitiesand, lithium"
100,"Anker Technology (UK) Co., Ltd.","Anker Technology (UK) Co., Ltd.",United Kingdom,B1.571,ees Europe ,,Other energy storage technologies | Stationary energy storagefor residential buildings,"Secondary Batteries, Materials & Components","This company specializes in Secondary Batteries, Materials & Components.","Other energy storage technologies | Stationary energy storagefor residential buildings Secondary Batteries, Materials & Components","batteries, storage, energy, residential, storagefor"
101,Bachmann electronic GmbH,Bachmann electronic GmbH,Austria,B1.119 ,ees Europe ,,"Stationary energy storage for utilities and grid operators |Stationary energy storage for commercial and industrialapplications | Products and services for microgrids | Productsand services for smart grids | Combined heat, (cooling) andpower systems",Secondary Batteries,This company specializes in Secondary Batteries.,"Stationary energy storage for utilities and grid operators |Stationary energy storage for commercial and industrialapplications | Products and services for microgrids | Productsand services for smart grids | Combined heat, (cooling) andpower systems Secondary Batteries","microgrids, utilities, stationary, batteries, storage"
102,BASF Stationary Energy Storage GmbH,BASF Stationary Energy Storage GmbH,Germany,B1.309,ees Europe ,,Other battery technologies,Secondary Batteries,This company specializes in Secondary Batteries.,Other battery technologies Secondary Batteries,"batteries, battery, secondary, technologies, other"
103,"Beijing Energy Connecting International ExhibitionCo., Ltd.","Beijing Energy Connecting International ExhibitionCo., Ltd.",China,B1.151 ,ees Europe ,,"Lithium-based batteries | Stationary energy storage for utilitiesand grid operators | Energy Storage for low-capacity mobileapplications (smartphones, laptops, tablets, etc.) | Stationaryenergy storage for residential buildings | Stationary energystorage for commercial and industrial applications",Secondary Batteries,This company specializes in Secondary Batteries.,"Lithium-based batteries | Stationary energy storage for utilitiesand grid operators | Energy Storage for low-capacity mobileapplications (smartphones, laptops, tablets, etc.) | Stationaryenergy storage for residential buildings | Stationary energystorage for commercial and industrial applications Secondary Batteries","energystorage, stationaryenergy, batteries, lithium, storage"
104,"Beijing HyperStrong Technology Co., Ltd.","Beijing HyperStrong Technology Co., Ltd.",China,B1.519 ,ees Europe ,,"EPC contracting/project development for energy storagesystems | Stationary energy storage for utilities and gridoperators | Energy Storage for low-capacity mobile applications(smartphones, laptops, tablets, etc.) | Stationary energy storagefor residential buildings | Stationary energy storage forcommercial and industrial applications",Secondary Batteries,This company specializes in Secondary Batteries.,"EPC contracting/project development for energy storagesystems | Stationary energy storage for utilities and gridoperators | Energy Storage for low-capacity mobile applications(smartphones, laptops, tablets, etc.) | Stationary energy storagefor residential buildings | Stationary energy storage forcommercial and industrial applications Secondary Batteries","epc, storagesystems, utilities, storage, batteries"
105,BOS Balance of Storage Systems AG,BOS Balance of Storage Systems AG,Germany,B1.436 ,ees Europe ,,Other battery technologies | Lithium-based batteries | Powerelectronics for storage systems | Uninterruptible power supplysystems (UPS) | Stationary energy storage for commercial andindustrial applications,Manufacturing Equipment,This company specializes in Manufacturing Equipment.,Other battery technologies | Lithium-based batteries | Powerelectronics for storage systems | Uninterruptible power supplysystems (UPS) | Stationary energy storage for commercial andindustrial applications Manufacturing Equipment,"batteries, ups, battery, powerelectronics, lithium"
106,BST Power (Shenzhen) Limited,BST Power (Shenzhen) Limited,China,B1.510,ees Europe ,,Lithium-based batteries | Other energy storage technologies |Battery management systems,"Secondary Batteries, Inspection & Measurement Equipment","This company specializes in Secondary Batteries, Inspection & Measurement Equipment.","Lithium-based batteries | Other energy storage technologies |Battery management systems Secondary Batteries, Inspection & Measurement Equipment","batteries, lithium, battery, storage, inspection"
107,BYD Energy Storage,BYD Energy Storage,China,"B1.130, B1.131",ees Europe ,,Lithium-based batteries | Stationary energy storage for utilitiesand grid operators | Stationary energy storage for residentialbuildings | Stationary energy storage for commercial andindustrial applications | Electric passenger cars,Secondary Batteries,This company specializes in Secondary Batteries.,Lithium-based batteries | Stationary energy storage for utilitiesand grid operators | Stationary energy storage for residentialbuildings | Stationary energy storage for commercial andindustrial applications | Electric passenger cars Secondary Batteries,"batteries, lithium, residentialbuildings, stationary, electric"
108,Cegasa Energía S.L.U.,Cegasa Energía S.L.U.,Spain,B1.409 ,ees Europe ,,"Stand-alone systems, off-grid systems | Inverters | Lithiumbasedbatteries | Stationary energy storage for commercial andindustrial applications | Energy management, monitoring,controlling and load management",Secondary Batteries,This company specializes in Secondary Batteries.,"Stand-alone systems, off-grid systems | Inverters | Lithiumbasedbatteries | Stationary energy storage for commercial andindustrial applications | Energy management, monitoring,controlling and load management Secondary Batteries","batteries, lithiumbasedbatteries, inverters, storage, systems"
109,"Chengdu Tecloman Energy Storage TechnologyCo., Ltd","Chengdu Tecloman Energy Storage TechnologyCo., Ltd",China,B1.470,ees Europe ,,Lithium-based batteries | Stationary energy storage forresidential buildings | Stationary energy storage for commercialand industrial applications,"Secondary Batteries, Materials & Components","This company specializes in Secondary Batteries, Materials & Components.","Lithium-based batteries | Stationary energy storage forresidential buildings | Stationary energy storage for commercialand industrial applications Secondary Batteries, Materials & Components","batteries, lithium, storage, stationary, buildings"
110,"CIEC Haihua International Exhibition Co., Ltd","CIEC Haihua International Exhibition Co., Ltd",China,B1.370 ,ees Europe ,,"Battery testing, inspection systems, safety | Manufacturingequipment for battery module production/assembly and systeminstallation/assembly | Stationary energy storage for utilitiesand grid operators | Stationary energy storage for residentialbuildings | Stationary energy storage for commercial andindustrial applications",Manufacturing Equipment,This company specializes in Manufacturing Equipment.,"Battery testing, inspection systems, safety | Manufacturingequipment for battery module production/assembly and systeminstallation/assembly | Stationary energy storage for utilitiesand grid operators | Stationary energy storage for residentialbuildings | Stationary energy storage for commercial andindustrial applications Manufacturing Equipment","residentialbuildings, manufacturingequipment, utilitiesand, battery, inspection"
111,"Contemporary Amperex Technology Co.,Ltd.","Contemporary Amperex Technology Co.,Ltd.",China,B1.330,ees Europe ,,Lithium-based batteries | Stationary energy storage for utilitiesand grid operators | Stationary energy storage for residentialbuildings | Uninterruptible power supply systems (UPS) |Stationary energy storage for commercial and industrialapplications,Secondary Batteries,This company specializes in Secondary Batteries.,Lithium-based batteries | Stationary energy storage for utilitiesand grid operators | Stationary energy storage for residentialbuildings | Uninterruptible power supply systems (UPS) |Stationary energy storage for commercial and industrialapplications Secondary Batteries,"batteries, ups, lithium, utilitiesand, residentialbuildings"
112,E3DC - by HagerEnergy GmbH,E3DC - by HagerEnergy GmbH,Germany,B1.240,ees Europe ,,"Lithium-based batteries | Power electronics for storage systems| Stationary energy storage for residential buildings | ICT,software for energy storage systems | Stationary energy storagefor commercial and industrial applications","Secondary Batteries, Manufacturing Equipment","This company specializes in Secondary Batteries, Manufacturing Equipment.","Lithium-based batteries | Power electronics for storage systems| Stationary energy storage for residential buildings | ICT,software for energy storage systems | Stationary energy storagefor commercial and industrial applications Secondary Batteries, Manufacturing Equipment","batteries, lithium, storage, electronics, storagefor"
113,ECO STOR GmbH,ECO STOR GmbH,Germany,B1.490,ees Europe ,,EPC contracting/project development for energy storagesystems | Stationary energy storage for utilities and gridoperators,Secondary Batteries,This company specializes in Secondary Batteries.,EPC contracting/project development for energy storagesystems | Stationary energy storage for utilities and gridoperators Secondary Batteries,"epc, storagesystems, batteries, utilities, storage"
114,Ecoflow Europe s.r.o,Ecoflow Europe s.r.o,Czech Republic,B1.170,ees Europe ,,Lithium-based batteries | Stationary energy storage forresidential buildings | AC charging systems | DC chargingsystems,"Secondary Batteries, Materials & Components","This company specializes in Secondary Batteries, Materials & Components.","Lithium-based batteries | Stationary energy storage forresidential buildings | AC charging systems | DC chargingsystems Secondary Batteries, Materials & Components","chargingsystems, batteries, lithium, charging, buildings"
115,EET - Efficient Energy Technology GmbH,EET - Efficient Energy Technology GmbH,Austria,B1.115,ees Europe ,,PV systems for residential buildings | Power electronics forstorage systems | Stationary energy storage for residentialbuildings,"Secondary Batteries, Materials & Components, Manufacturing Equipment","This company specializes in Secondary Batteries, Materials & Components, Manufacturing Equipment.","PV systems for residential buildings | Power electronics forstorage systems | Stationary energy storage for residentialbuildings Secondary Batteries, Materials & Components, Manufacturing Equipment","residentialbuildings, pv, residential, batteries, buildings"
116,ESS Inc.,ESS Inc.,United States,B1.180,ees Europe ,,Other battery technologies | Stationary energy storage forutilities and grid operators | Stationary energy storage forcommercial and industrial applications,Secondary Batteries,This company specializes in Secondary Batteries.,Other battery technologies | Stationary energy storage forutilities and grid operators | Stationary energy storage forcommercial and industrial applications Secondary Batteries,"batteries, battery, stationary, storage, energy"
117,"EVE Energy Storage Co., Ltd","EVE Energy Storage Co., Ltd",China,B1.431,ees Europe ,,Lithium-based batteries | Power electronics for storage systems| Battery management systems | Stationary energy storage forutilities and grid operators | Stationary energy storage forcommercial and industrial applications,"Secondary Batteries, Manufacturing Equipment","This company specializes in Secondary Batteries, Manufacturing Equipment.","Lithium-based batteries | Power electronics for storage systems| Battery management systems | Stationary energy storage forutilities and grid operators | Stationary energy storage forcommercial and industrial applications Secondary Batteries, Manufacturing Equipment","batteries, lithium, battery, storage, electronics"
118,Fenecon GmbH,Fenecon GmbH,Germany,B1.410 ,ees Europe ,,"Lithium-based batteries | Battery recycling/second use | Batterymanagement systems | Stationary energy storage for utilitiesand grid operators | Stationary energy storage for residentialbuildings | Uninterruptible power supply systems (UPS) | ICT,software for energy storage systems | Stationary energy storagefor commercial and industrial applications | Energymanagement, monitoring, controlling and load management",Secondary Batteries,This company specializes in Secondary Batteries.,"Lithium-based batteries | Battery recycling/second use | Batterymanagement systems | Stationary energy storage for utilitiesand grid operators | Stationary energy storage for residentialbuildings | Uninterruptible power supply systems (UPS) | ICT,software for energy storage systems | Stationary energy storagefor commercial and industrial applications | Energymanagement, monitoring, controlling and load management Secondary Batteries","batterymanagement, energymanagement, batteries, ups, battery"
119,Fox ESS,Fox ESS,China,B1.270 ,ees Europe ,,Inverters | Lithium-based batteries | Stationary energy storagefor residential buildings,"Secondary Batteries, Materials & Components","This company specializes in Secondary Batteries, Materials & Components.","Inverters | Lithium-based batteries | Stationary energy storagefor residential buildings Secondary Batteries, Materials & Components","inverters, batteries, lithium, residential, buildings"
120,GS HUB GmbH,GS HUB GmbH,Germany,B1.590 ,ees Europe ,,"Inverters | Lithium-based batteries | Battery managementsystems | Energy management, monitoring, controlling and loadmanagement | Smart energy management systems forbuildings and districts","Secondary Batteries, Inspection & Measurement Equipment","This company specializes in Secondary Batteries, Inspection & Measurement Equipment.","Inverters | Lithium-based batteries | Battery managementsystems | Energy management, monitoring, controlling and loadmanagement | Smart energy management systems forbuildings and districts Secondary Batteries, Inspection & Measurement Equipment","batteries, inverters, managementsystems, battery, loadmanagement"
121,"Hefei Huasi Systems Co., Ltd.","Hefei Huasi Systems Co., Ltd.",China,B1.290,ees Europe ,,Cooling/temperature management of storage systems | Powerelectronics for storage systems | Battery management systems| Stationary energy storage for residential buildings | Stationaryenergy storage for commercial and industrial applications,"Secondary Batteries, Manufacturing Equipment, Inspection & Measurement Equipment","This company specializes in Secondary Batteries, Manufacturing Equipment, Inspection & Measurement Equipment.","Cooling/temperature management of storage systems | Powerelectronics for storage systems | Battery management systems| Stationary energy storage for residential buildings | Stationaryenergy storage for commercial and industrial applications Secondary Batteries, Manufacturing Equipment, Inspection & Measurement Equipment","storage, batteries, cooling, powerelectronics, stationaryenergy"
122,Indrivetec AG,Indrivetec AG,Switzerland,B1.111 ,ees Europe ,,Power electronics for storage systems | Stationary energystorage for utilities and grid operators | Uninterruptible powersupply systems (UPS) | Stationary energy storage forcommercial and industrial applications,Manufacturing Equipment,This company specializes in Manufacturing Equipment.,Power electronics for storage systems | Stationary energystorage for utilities and grid operators | Uninterruptible powersupply systems (UPS) | Stationary energy storage forcommercial and industrial applications Manufacturing Equipment,"ups, energystorage, electronics, powersupply, storage"
123,RTC Power GmbH,RTC Power GmbH,Germany,B1.230,ees Europe ,,Inverters | Lithium-based batteries | Stationary energy storage for residential buildings | Stationary energy storage for commercial and industrial applications | Uninterruptible power supply systems (UPS),Secondary Batteries,This company specializes in Secondary Batteries.,Inverters | Lithium-based batteries | Stationary energy storage for residential buildings | Stationary energy storage for commercial and industrial applications | Uninterruptible power supply systems (UPS) Secondary Batteries,"ups, batteries, inverters, lithium, storage"
124,SENEC GmbH,SENEC GmbH,Germany,B1.310 ,ees Europe ,,Crystalline modules | Lithium-based batteries | Stationary energy storage for residential buildings | Battery management systems | AC charging systems,"Secondary Batteries, Materials & Components, Manufacturing Equipment, Inspection & Measurement Equipment","This company specializes in Secondary Batteries, Materials & Components, Manufacturing Equipment, Inspection & Measurement Equipment.","Crystalline modules | Lithium-based batteries | Stationary energy storage for residential buildings | Battery management systems | AC charging systems Secondary Batteries, Materials & Components, Manufacturing Equipment, Inspection & Measurement Equipment","batteries, lithium, modules, battery, crystalline"
125,"Ningbo Deye Inverter Technology Co., Ltd","Ningbo Deye Inverter Technology Co., Ltd",China,B1.450 ,ees Europe ,,Inverters | Other battery technologies | Lithium-based batteries,Secondary Batteries,This company specializes in Secondary Batteries.,Inverters | Other battery technologies | Lithium-based batteries Secondary Batteries,"inverters, batteries, battery, lithium, secondary"
126,Pylon Technologies Co. Ltd,Pylon Technologies Co. Ltd,China,B1.350 ,ees Europe ,,Lithium-based batteries,Secondary Batteries,This company specializes in Secondary Batteries.,Lithium-based batteries Secondary Batteries,"lithium, batteries, secondary, based"
127,RUNHOOD POWER INC.,RUNHOOD POWER INC.,United States,B1.220 ,ees Europe ,,Stationary energy storage for utilities and grid operators |Stationary energy storage for residential buildings | Stationaryenergy storage for commercial and industrial applications,"Secondary Batteries, Materials & Components","This company specializes in Secondary Batteries, Materials & Components.","Stationary energy storage for utilities and grid operators |Stationary energy storage for residential buildings | Stationaryenergy storage for commercial and industrial applications Secondary Batteries, Materials & Components","stationaryenergy, stationary, batteries, storage, utilities"
128,SENEC GmbH,SENEC GmbH,Germany,B1.310 ,ees Europe ,,Crystalline modules | Lithium-based batteries | Batterymanagement systems | Stationary energy storage for residentialbuildings | AC charging systems,"Secondary Batteries, Materials & Components, Manufacturing Equipment, Inspection & Measurement Equipment","This company specializes in Secondary Batteries, Materials & Components, Manufacturing Equipment, Inspection & Measurement Equipment.","Crystalline modules | Lithium-based batteries | Batterymanagement systems | Stationary energy storage for residentialbuildings | AC charging systems Secondary Batteries, Materials & Components, Manufacturing Equipment, Inspection & Measurement Equipment","batterymanagement, batteries, residentialbuildings, lithium, modules"
129,"Shenzhen Infypower Co., Ltd","Shenzhen Infypower Co., Ltd",China,B1.580 ,ees Europe ,,Power electronics for storage systems | Stationary energystorage for utilities and grid operators | Stationary energystorage for commercial and industrial applications,"Secondary Batteries, Manufacturing Equipment","This company specializes in Secondary Batteries, Manufacturing Equipment.","Power electronics for storage systems | Stationary energystorage for utilities and grid operators | Stationary energystorage for commercial and industrial applications Secondary Batteries, Manufacturing Equipment","energystorage, batteries, stationary, storage, electronics"
130,"Sigenergy Technology Co., Ltd.","Sigenergy Technology Co., Ltd.",China,B1.480 ,ees Europe ,,Stationary energy storage for utilities and grid operators |Stationary energy storage for residential buildings |Uninterruptible power supply systems (UPS) | Stationary energystorage for commercial and industrial applications,Secondary Batteries,This company specializes in Secondary Batteries.,Stationary energy storage for utilities and grid operators |Stationary energy storage for residential buildings |Uninterruptible power supply systems (UPS) | Stationary energystorage for commercial and industrial applications Secondary Batteries,"energystorage, ups, batteries, stationary, utilities"
131,"SolaX Power Network Technology(Zhejiang)Co.,Ltd.","SolaX Power Network Technology(Zhejiang)Co.,Ltd.",China,B1.250 ,ees Europe ,,Battery management systems | Stationary energy storage forcommercial and industrial applications,"Secondary Batteries, Inspection & Measurement Equipment","This company specializes in Secondary Batteries, Inspection & Measurement Equipment.","Battery management systems | Stationary energy storage forcommercial and industrial applications Secondary Batteries, Inspection & Measurement Equipment","batteries, battery, storage, stationary, equipment"
132,"Soluna (Shanghai) Co., Ltd","Soluna (Shanghai) Co., Ltd",China,B1.420 ,ees Europe ,,Lithium-based batteries | Stationary energy storage for utilitiesand grid operators | Stationary energy storage for residentialbuildings | Stationary energy storage for commercial andindustrial applications,Secondary Batteries,This company specializes in Secondary Batteries.,Lithium-based batteries | Stationary energy storage for utilitiesand grid operators | Stationary energy storage for residentialbuildings | Stationary energy storage for commercial andindustrial applications Secondary Batteries,"batteries, lithium, residentialbuildings, stationary, storage"
133,Stem,Stem,Germany,B1.576 ,ees Europe ,,Monitoring and measuring technology | Battery managementsystems | Stationary energy storage for utilities and gridoperators | Stationary energy storage for commercial andindustrial applications,"Secondary Batteries, Inspection & Measurement Equipment","This company specializes in Secondary Batteries, Inspection & Measurement Equipment.","Monitoring and measuring technology | Battery managementsystems | Stationary energy storage for utilities and gridoperators | Stationary energy storage for commercial andindustrial applications Secondary Batteries, Inspection & Measurement Equipment","batteries, battery, monitoring, managementsystems, storage"
134,TESLA Group a.s.,TESLA Group a.s.,Czech Republic,B1.439 ,ees Europe ,,"Lithium-based batteries | EPC contracting/project developmentfor energy storage systems | Stationary energy storage forutilities and grid operators | ICT, software for energy storagesystems | Stationary energy storage for commercial andindustrial applications",Secondary Batteries,This company specializes in Secondary Batteries.,"Lithium-based batteries | EPC contracting/project developmentfor energy storage systems | Stationary energy storage forutilities and grid operators | ICT, software for energy storagesystems | Stationary energy storage for commercial andindustrial applications Secondary Batteries","lithium, batteries, storagesystems, storage, epc"
135,Turbo Energy S.A.,Turbo Energy S.A.,Spain,B1.430 ,ees Europe ,,"Other battery technologies | Stationary energy storage forresidential buildings | ICT, software for energy storage systems |Stationary energy storage for commercial and industrialapplications","Secondary Batteries, Materials & Components","This company specializes in Secondary Batteries, Materials & Components.","Other battery technologies | Stationary energy storage forresidential buildings | ICT, software for energy storage systems |Stationary energy storage for commercial and industrialapplications Secondary Batteries, Materials & Components","batteries, battery, storage, technologies, industrialapplications"
136,VARTA Storage GmbH,VARTA Storage GmbH,Germany,B1.210 ,ees Europe ,,Lithium-based batteries,Secondary Batteries,This company specializes in Secondary Batteries.,Lithium-based batteries Secondary Batteries,"lithium, batteries, secondary, based"
137,V-TAC EUROPE Ltd.,V-TAC EUROPE Ltd.,Bulgaria,B1.171 ,ees Europe ,,"Lithium-based batteries | Stationary energy storage forresidential buildings | ICT, software for energy storage systems |Stationary energy storage for commercial and industrialapplications","Secondary Batteries, Materials & Components","This company specializes in Secondary Batteries, Materials & Components.","Lithium-based batteries | Stationary energy storage forresidential buildings | ICT, software for energy storage systems |Stationary energy storage for commercial and industrialapplications Secondary Batteries, Materials & Components","batteries, lithium, storage, energy, stationary"
138,WECO SRL a socio unico,WECO SRL a socio unico,Italy,B1.360 ,ees Europe ,,Lithium-based batteries | Stationary energy storage for utilitiesand grid operators | Stationary energy storage for residentialbuildings | Stationary energy storage for commercial andindustrial applications | AC charging systems | DC chargingsystems,Secondary Batteries,This company specializes in Secondary Batteries.,Lithium-based batteries | Stationary energy storage for utilitiesand grid operators | Stationary energy storage for residentialbuildings | Stationary energy storage for commercial andindustrial applications | AC charging systems | DC chargingsystems Secondary Batteries,"batteries, chargingsystems, lithium, residentialbuildings, utilitiesand"
139,A123 Systems GmbH,A123 Systems GmbH,Germany,B2.119 ,ees Europe ,,Lithium-based batteries | Stationary energy storage for utilitiesand grid operators | Stationary energy storage for residentialbuildings | Stationary energy storage for commercial andindustrial applications,Secondary Batteries,This company specializes in Secondary Batteries.,Lithium-based batteries | Stationary energy storage for utilitiesand grid operators | Stationary energy storage for residentialbuildings | Stationary energy storage for commercial andindustrial applications Secondary Batteries,"batteries, lithium, residentialbuildings, stationary, storage"
140,AB Volvo Penta,AB Volvo Penta,Sweden,B2.160,ees Europe ,,"Stationary energy storage for utilities and grid operators |Stationary energy storage for commercial and industrialapplications | Energy management, monitoring, controlling andload management | EV system technology and components","Secondary Batteries, Materials & Components","This company specializes in Secondary Batteries, Materials & Components.","Stationary energy storage for utilities and grid operators |Stationary energy storage for commercial and industrialapplications | Energy management, monitoring, controlling andload management | EV system technology and components Secondary Batteries, Materials & Components","stationary, batteries, ev, utilities, storage"
141,ACCURE Battery Intelligence GmbH,ACCURE Battery Intelligence GmbH,Germany,B2.386 ,ees Europe ,,"Lithium-based batteries | Stationary energy storage for utilitiesand grid operators | ICT, software for energy storage systems |Stationary energy storage for commercial and industrialapplications | Testing and safety","Secondary Batteries, Inspection & Measurement Equipment","This company specializes in Secondary Batteries, Inspection & Measurement Equipment.","Lithium-based batteries | Stationary energy storage for utilitiesand grid operators | ICT, software for energy storage systems |Stationary energy storage for commercial and industrialapplications | Testing and safety Secondary Batteries, Inspection & Measurement Equipment","batteries, lithium, utilitiesand, storage, industrialapplications"
142,Alfen B.V.,Alfen B.V.,France,B2.210 ,ees Europe ,,Lithium-based batteries | Stationary energy storage for utilitiesand grid operators | Stationary energy storage for commercialand industrial applications | AC charging systems | DC chargingsystems,Secondary Batteries,This company specializes in Secondary Batteries.,Lithium-based batteries | Stationary energy storage for utilitiesand grid operators | Stationary energy storage for commercialand industrial applications | AC charging systems | DC chargingsystems Secondary Batteries,"chargingsystems, batteries, lithium, utilitiesand, charging"
143,Amphenol Communications Solutions,Amphenol Communications Solutions,Netherlands,B2.671 ,ees Europe ,,"Battery testing, inspection systems, safety | Power electronicsfor storage systems | Energy Storage for low-capacity mobileapplications (smartphones, laptops, tablets, etc.) | Stationaryenergy storage for commercial and industrial applications |Contacts, wiring, insulation for batteries",Manufacturing Equipment,This company specializes in Manufacturing Equipment.,"Battery testing, inspection systems, safety | Power electronicsfor storage systems | Energy Storage for low-capacity mobileapplications (smartphones, laptops, tablets, etc.) | Stationaryenergy storage for commercial and industrial applications |Contacts, wiring, insulation for batteries Manufacturing Equipment","batteries, storage, battery, electronicsfor, equipment"
144,Bergstrom Inc.,Bergstrom Inc.,United States,B2.270,ees Europe ,,Cooling/temperature management of storage systems,Secondary Batteries,This company specializes in Secondary Batteries.,Cooling/temperature management of storage systems Secondary Batteries,"batteries, cooling, storage, temperature, secondary"
145,"Changzhou Hongju Electric Technology Co., Ltd","Changzhou Hongju Electric Technology Co., Ltd",China,B2.578 ,ees Europe ,,"Cooling/temperature management of storage systems | Batterymanagement systems | Energy Storage for low-capacity mobileapplications (smartphones, laptops, tablets, etc.) | Contacts,wiring, insulation for batteries | Battery housing",Materials & Components,This company specializes in Materials & Components.,"Cooling/temperature management of storage systems | Batterymanagement systems | Energy Storage for low-capacity mobileapplications (smartphones, laptops, tablets, etc.) | Contacts,wiring, insulation for batteries | Battery housing Materials & Components","batterymanagement, batteries, storage, battery, cooling"
146,CMBlu Energy AG,CMBlu Energy AG,Germany,B2.354,ees Europe ,,Other battery technologies | Redox flow batteries | Batterymanagement systems,"Secondary Batteries, Inspection & Measurement Equipment","This company specializes in Secondary Batteries, Inspection & Measurement Equipment.","Other battery technologies | Redox flow batteries | Batterymanagement systems Secondary Batteries, Inspection & Measurement Equipment","batterymanagement, batteries, battery, redox, technologies"
147,Cornex New Energy,Cornex New Energy,China,B2.151,ees Europe ,,Lithium-based batteries | Cooling/temperature management ofstorage systems | Battery management systems | Stationaryenergy storage for utilities and grid operators | Stationaryenergy storage for commercial and industrial applications,Secondary Batteries,This company specializes in Secondary Batteries.,Lithium-based batteries | Cooling/temperature management ofstorage systems | Battery management systems | Stationaryenergy storage for utilities and grid operators | Stationaryenergy storage for commercial and industrial applications Secondary Batteries,"batteries, lithium, stationaryenergy, storage, battery"
148,"CRRC Zhuzhou Institute Co., LTD","CRRC Zhuzhou Institute Co., LTD",China,B2.540,ees Europe ,,Electrolyzers | H2 production equipment/materials,"Materials & Components, Manufacturing Equipment","This company specializes in Materials & Components, Manufacturing Equipment.","Electrolyzers | H2 production equipment/materials Materials & Components, Manufacturing Equipment","electrolyzers, h2, equipment, manufacturing, materials"
149,DB Bahnbau Gruppe GmbH,DB Bahnbau Gruppe GmbH,Germany,B2.309 ,ees Europe ,,Fuel cells | Lithium-based batteries | Battery recycling/seconduse | Stationary energy storage for utilities and grid operators |Stationary energy storage for commercial and industrialapplications,Secondary Batteries,This company specializes in Secondary Batteries.,Fuel cells | Lithium-based batteries | Battery recycling/seconduse | Stationary energy storage for utilities and grid operators |Stationary energy storage for commercial and industrialapplications Secondary Batteries,"batteries, battery, lithium, utilities, storage"
150,Denios SE,Denios SE,Germany,B2.190 ,ees Europe ,,"Battery testing, inspection systems, safety |Cooling/temperature management of storage systems |Stationary energy storage for utilities and grid operators |Uninterruptible power supply systems (UPS) | Stationary energystorage for commercial and industrial applications",,No specific product category available.,"Battery testing, inspection systems, safety |Cooling/temperature management of storage systems |Stationary energy storage for utilities and grid operators |Uninterruptible power supply systems (UPS) | Stationary energystorage for commercial and industrial applications","ups, energystorage, utilities, storage, battery"
151,"Dyness Digital Energy Technology Co., LTD","Dyness Digital Energy Technology Co., LTD",China,B2.131 ,ees Europe ,,"Inverters | Lithium-based batteries | Stationary energy storagefor residential buildings | ICT, software for energy storagesystems | Stationary energy storage for commercial andindustrial applications",Secondary Batteries,This company specializes in Secondary Batteries.,"Inverters | Lithium-based batteries | Stationary energy storagefor residential buildings | ICT, software for energy storagesystems | Stationary energy storage for commercial andindustrial applications Secondary Batteries","batteries, inverters, storagesystems, storage, lithium"
152,ECS Falko Jahn e.K.,ECS Falko Jahn e.K.,Germany,B2.477,ees Europe ,,"Lithium-based batteries | Battery Chargers | Power electronicsfor storage systems | Battery management systems | EnergyStorage for low-capacity mobile applications (smartphones,laptops, tablets, etc.)","Secondary Batteries, Manufacturing Equipment","This company specializes in Secondary Batteries, Manufacturing Equipment.","Lithium-based batteries | Battery Chargers | Power electronicsfor storage systems | Battery management systems | EnergyStorage for low-capacity mobile applications (smartphones,laptops, tablets, etc.) Secondary Batteries, Manufacturing Equipment","batteries, battery, lithium, smartphones, energystorage"
153,EDF group,EDF group,France,B2.120 ,ees Europe ,,"Lithium-based batteries | Other energy storage technologies |EPC contracting/project development for energy storagesystems | Stationary energy storage for utilities and gridoperators | ICT, software for energy storage systems |Stationary energy storage for commercial and industrialapplications | Financial services, subsidies, insurances |Consulting | Engineering services",Secondary Batteries,This company specializes in Secondary Batteries.,"Lithium-based batteries | Other energy storage technologies |EPC contracting/project development for energy storagesystems | Stationary energy storage for utilities and gridoperators | ICT, software for energy storage systems |Stationary energy storage for commercial and industrialapplications | Financial services, subsidies, insurances |Consulting | Engineering services Secondary Batteries","lithium, batteries, utilities, storagesystems, industrialapplications"
154,Elysia - Battery Intelligence,Elysia - Battery Intelligence,United Kingdom,B2.574,ees Europe ,,Other battery technologies | Battery recycling/second use |Battery management systems,"Secondary Batteries, Inspection & Measurement Equipment","This company specializes in Secondary Batteries, Inspection & Measurement Equipment.","Other battery technologies | Battery recycling/second use |Battery management systems Secondary Batteries, Inspection & Measurement Equipment","batteries, battery, recycling, technologies, equipment"
155,enercap,enercap,United Arab Emirates,B2.240 ,ees Europe ,,Other battery technologies | EV system technology andcomponents,"Secondary Batteries, Materials & Components","This company specializes in Secondary Batteries, Materials & Components.","Other battery technologies | EV system technology andcomponents Secondary Batteries, Materials & Components","batteries, ev, battery, technologies, components"
156,Energy3000 solar GmbH,Energy3000 solar GmbH,Austria,B2.520 ,ees Europe ,,"Stationary energy storage for commercial and industrialapplications | Hydrogen storage, infrastructure, components","Secondary Batteries, Materials & Components","This company specializes in Secondary Batteries, Materials & Components.","Stationary energy storage for commercial and industrialapplications | Hydrogen storage, infrastructure, components Secondary Batteries, Materials & Components","hydrogen, storage, batteries, energy, stationary"
157,ENERTRAG SE,ENERTRAG SE,Germany,B2.619 ,ees Europe ,,"Hydrogen storage, infrastructure, components | Electrolyzers",Materials & Components,This company specializes in Materials & Components.,"Hydrogen storage, infrastructure, components | Electrolyzers Materials & Components","hydrogen, electrolyzers, storage, materials, components"
158,Epic Power Converters S.L.,Epic Power Converters S.L.,Spain,B2.355 ,ees Europe ,,"Fuel cells | Lead-based batteries | Other battery technologies |Lithium-based batteries | Other energy storage technologies |Battery recycling/second use | Redox flow batteries | Powerelectronics for storage systems | Battery management systems| EPC contracting/project development for energy storagesystems | Uninterruptible power supply systems (UPS) |Hydrogen storage, infrastructure, components | Electrolyzers |H2 production equipment/materials","Materials & Components, Manufacturing Equipment","This company specializes in Materials & Components, Manufacturing Equipment.","Fuel cells | Lead-based batteries | Other battery technologies |Lithium-based batteries | Other energy storage technologies |Battery recycling/second use | Redox flow batteries | Powerelectronics for storage systems | Battery management systems| EPC contracting/project development for energy storagesystems | Uninterruptible power supply systems (UPS) |Hydrogen storage, infrastructure, components | Electrolyzers |H2 production equipment/materials Materials & Components, Manufacturing Equipment","batteries, ups, technologies, battery, recycling"
159,"Eway Energy Technology (Wuhan) Co. , LTD","Eway Energy Technology (Wuhan) Co. , LTD",China,B2.479,ees Europe ,,Lithium-based batteries | Other energy storage technologies,Secondary Batteries,This company specializes in Secondary Batteries.,Lithium-based batteries | Other energy storage technologies Secondary Batteries,"lithium, batteries, storage, secondary, energy"
160,Exide Technologies GmbH,Exide Technologies GmbH,Germany,B2.320,ees Europe ,,"Lead-based batteries | Other battery technologies | Lithiumbasedbatteries | Power electronics for storage systems |Stationary energy storage for utilities and grid operators |Energy Storage for low-capacity mobile applications(smartphones, laptops, tablets, etc.) | Uninterruptible powersupply systems (UPS) | ICT, software for energy storagesystems | Stationary energy storage for commercial andindustrial applications | Energy management, monitoring,controlling and load management",Manufacturing Equipment,This company specializes in Manufacturing Equipment.,"Lead-based batteries | Other battery technologies | Lithiumbasedbatteries | Power electronics for storage systems |Stationary energy storage for utilities and grid operators |Energy Storage for low-capacity mobile applications(smartphones, laptops, tablets, etc.) | Uninterruptible powersupply systems (UPS) | ICT, software for energy storagesystems | Stationary energy storage for commercial andindustrial applications | Energy management, monitoring,controlling and load management Manufacturing Equipment","storagesystems, batteries, electronics, ups, technologies"
161,FCL Components Europe B.V.,FCL Components Europe B.V.,Netherlands,B2.579,ees Europe ,,"Materials and components | Contacts, wiring, insulation forbatteries | EV system technology and components","Inspection & Measurement Equipment, Materials & Components","This company specializes in Inspection & Measurement Equipment, Materials & Components.","Materials and components | Contacts, wiring, insulation forbatteries | EV system technology and components Inspection & Measurement Equipment, Materials & Components","ev, components, insulation, materials, equipment"
162,Fike,Fike,Belgium,B2.373 ,ees Europe ,,Lithium-based batteries | Consulting | Engineering services,Secondary Batteries,This company specializes in Secondary Batteries.,Lithium-based batteries | Consulting | Engineering services Secondary Batteries,"lithium, batteries, consulting, services, engineering"
163,FirePro Systems Ltd,FirePro Systems Ltd,Cyprus,B2.174 ,ees Europe ,,Manufacturing equipment for battery moduleproduction/assembly and system installation/assembly |Manufacturing equipment for battery cell production,"Secondary Batteries, Manufacturing Equipment","This company specializes in Secondary Batteries, Manufacturing Equipment.","Manufacturing equipment for battery moduleproduction/assembly and system installation/assembly |Manufacturing equipment for battery cell production Secondary Batteries, Manufacturing Equipment","manufacturing, equipment, batteries, production, battery"
164,FOGTEC Brandschutz GmbH,FOGTEC Brandschutz GmbH,Germany,B2.372 ,ees Europe ,,"Battery testing, inspection systems, safety | Research anddevelopment | Engineering services","Inspection & Measurement Equipment, Materials & Components","This company specializes in Inspection & Measurement Equipment, Materials & Components.","Battery testing, inspection systems, safety | Research anddevelopment | Engineering services Inspection & Measurement Equipment, Materials & Components","inspection, equipment, engineering, battery, testing"
165,FREQCON GmbH,FREQCON GmbH,Germany,B2.340,ees Europe ,,(Ultra)capacitors | Other battery technologies | Lithium-basedbatteries | Stationary energy storage for utilities and gridoperators | Uninterruptible power supply systems (UPS) |Stationary energy storage for commercial and industrialapplications,,No specific product category available.,(Ultra)capacitors | Other battery technologies | Lithium-basedbatteries | Stationary energy storage for utilities and gridoperators | Uninterruptible power supply systems (UPS) |Stationary energy storage for commercial and industrialapplications,"capacitors, ups, utilities, battery, storage"
166,FrigorTec GmbH,FrigorTec GmbH,Germany,B2.436,ees Europe ,,"Cooling/temperature management of storage systems |Hydrogen storage, infrastructure, components | Electrolyzers","Secondary Batteries, Materials & Components","This company specializes in Secondary Batteries, Materials & Components.","Cooling/temperature management of storage systems |Hydrogen storage, infrastructure, components | Electrolyzers Secondary Batteries, Materials & Components","storage, cooling, batteries, hydrogen, electrolyzers"
167,FRÖTEK-Kunststofftechnik GmbH,FRÖTEK-Kunststofftechnik GmbH,Germany,B2.374 ,ees Europe ,,"Battery Materials | Contacts, wiring, insulation for batteries","Secondary Batteries, Materials & Components, Inspection & Measurement Equipment","This company specializes in Secondary Batteries, Materials & Components, Inspection & Measurement Equipment.","Battery Materials | Contacts, wiring, insulation for batteries Secondary Batteries, Materials & Components, Inspection & Measurement Equipment","batteries, insulation, battery, materials, equipment"
168,"Fujian Yanan Power Co., Ltd","Fujian Yanan Power Co., Ltd",China,B2.518 ,ees Europe ,,"Fuel cells | Battery management systems | Stationary energystorage for residential buildings | ICT, software for energystorage systems | Stationary energy storage for commercial andindustrial applications","Secondary Batteries, Inspection & Measurement Equipment","This company specializes in Secondary Batteries, Inspection & Measurement Equipment.","Fuel cells | Battery management systems | Stationary energystorage for residential buildings | ICT, software for energystorage systems | Stationary energy storage for commercial andindustrial applications Secondary Batteries, Inspection & Measurement Equipment","energystorage, batteries, battery, storage, energy"
169,Graphenano Energy,Graphenano Energy,Spain,B2.680 ,ees Europe ,,Other battery technologies | Lithium-based batteries,Secondary Batteries,This company specializes in Secondary Batteries.,Other battery technologies | Lithium-based batteries Secondary Batteries,"batteries, lithium, battery, secondary, technologies"
170,GS Yuasa Battery Germany GmbH,GS Yuasa Battery Germany GmbH,Germany,B2.360 ,ees Europe ,,Lead-based batteries | Lithium-based batteries | Uninterruptiblepower supply systems (UPS) | Stationary energy storage forcommercial and industrial applications | Traction battery andinfrastructure,Secondary Batteries,This company specializes in Secondary Batteries.,Lead-based batteries | Lithium-based batteries | Uninterruptiblepower supply systems (UPS) | Stationary energy storage forcommercial and industrial applications | Traction battery andinfrastructure Secondary Batteries,"batteries, ups, uninterruptiblepower, battery, lithium"
171,"Guangzhou Sanjing Electric Co., Ltd.","Guangzhou Sanjing Electric Co., Ltd.",China,B2.310 ,ees Europe ,,Inverters | EPC contracting/project development for energystorage systems | Stationary energy storage for utilities and gridoperators | Stationary energy storage for residential buildings |Stationary energy storage for commercial and industrialapplications,Secondary Batteries,This company specializes in Secondary Batteries.,Inverters | EPC contracting/project development for energystorage systems | Stationary energy storage for utilities and gridoperators | Stationary energy storage for residential buildings |Stationary energy storage for commercial and industrialapplications Secondary Batteries,"inverters, energystorage, batteries, utilities, gridoperators"
172,H&MV Engineering,H&MV Engineering,Ireland,B2.532,ees Europe ,,"EPC contracting/project development for solar power plants |Lithium-based batteries | EPC contracting/project developmentfor energy storage systems | Stationary energy storage forutilities and grid operators | Grid infrastructure (e.g.transformers, substations, secondary substations)",Secondary Batteries,This company specializes in Secondary Batteries.,"EPC contracting/project development for solar power plants |Lithium-based batteries | EPC contracting/project developmentfor energy storage systems | Stationary energy storage forutilities and grid operators | Grid infrastructure (e.g.transformers, substations, secondary substations) Secondary Batteries","epc, contracting, substations, infrastructure, solar"
173,Hangzhou Gold Electronic Equipment Inc,Hangzhou Gold Electronic Equipment Inc,China,B2.474 ,ees Europe ,,Battery management systems,Inspection & Measurement Equipment,This company specializes in Inspection & Measurement Equipment.,Battery management systems Inspection & Measurement Equipment,"inspection, battery, equipment, measurement, systems"
174,"Harbin Coslight New Energy Co., Ltd.","Harbin Coslight New Energy Co., Ltd.",China,B2.273,ees Europe ,,Lithium-based batteries | Automation technology for batteryproduction | Stationary energy storage for residential buildings |Uninterruptible power supply systems (UPS) | Stationary energystorage for commercial and industrial applications,Secondary Batteries,This company specializes in Secondary Batteries.,Lithium-based batteries | Automation technology for batteryproduction | Stationary energy storage for residential buildings |Uninterruptible power supply systems (UPS) | Stationary energystorage for commercial and industrial applications Secondary Batteries,"batteryproduction, batteries, energystorage, ups, lithium"
175,HIS Renewables GmbH,HIS Renewables GmbH,Germany,B2.111 ,ees Europe ,,"Lithium-based batteries | Power electronics for storage systems| Stationary energy storage for utilities and grid operators | ICT,software for energy storage systems | Stationary energy storagefor commercial and industrial applications | AC chargingsystems | Vehicle-to-X, bi-directional charging | Charging cables,connector and cable routing systems, housings and otherhardware | Charging/Load management and monitoring","Secondary Batteries, Manufacturing Equipment, Inspection & Measurement Equipment","This company specializes in Secondary Batteries, Manufacturing Equipment, Inspection & Measurement Equipment.","Lithium-based batteries | Power electronics for storage systems| Stationary energy storage for utilities and grid operators | ICT,software for energy storage systems | Stationary energy storagefor commercial and industrial applications | AC chargingsystems | Vehicle-to-X, bi-directional charging | Charging cables,connector and cable routing systems, housings and otherhardware | Charging/Load management and monitoring Secondary Batteries, Manufacturing Equipment, Inspection & Measurement Equipment","chargingsystems, batteries, lithium, electronics, utilities"
176,"Hubei Jiandun Fire Technology Co., Ltd.","Hubei Jiandun Fire Technology Co., Ltd.",China,B2.277 ,ees Europe ,,"Other energy storage technologies | Battery testing, inspectionsystems, safety","Secondary Batteries, Materials & Components, Inspection & Measurement Equipment","This company specializes in Secondary Batteries, Materials & Components, Inspection & Measurement Equipment.","Other energy storage technologies | Battery testing, inspectionsystems, safety Secondary Batteries, Materials & Components, Inspection & Measurement Equipment","batteries, inspectionsystems, inspection, technologies, battery"
177,"Hubei Urance Electronics Co., Ltd","Hubei Urance Electronics Co., Ltd",China,B2.490 ,ees Europe ,,Other battery technologies | Battery Materials,"Secondary Batteries, Materials & Components","This company specializes in Secondary Batteries, Materials & Components.","Other battery technologies | Battery Materials Secondary Batteries, Materials & Components","batteries, battery, materials, technologies, components"
178,"Hudson Electric (Wuxi) Co., Ltd.","Hudson Electric (Wuxi) Co., Ltd.",China,B2.378,ees Europe ,,"Contacts, wiring, insulation for batteries","Secondary Batteries, Materials & Components, Inspection & Measurement Equipment","This company specializes in Secondary Batteries, Materials & Components, Inspection & Measurement Equipment.","Contacts, wiring, insulation for batteries Secondary Batteries, Materials & Components, Inspection & Measurement Equipment","batteries, insulation, equipment, inspection, wiring"
179,"Huiyao Laser Technology (Luoyang) Co., Ltd.","Huiyao Laser Technology (Luoyang) Co., Ltd.",China,B2.375 ,ees Europe ,,Battery recycling/second use | Manufacturing equipment forbattery module production/assembly and systeminstallation/assembly | Manufacturing equipment for batterycell production | Automation technology for battery production |Stationary energy storage for commercial and industrialapplications,Manufacturing Equipment,This company specializes in Manufacturing Equipment.,Battery recycling/second use | Manufacturing equipment forbattery module production/assembly and systeminstallation/assembly | Manufacturing equipment for batterycell production | Automation technology for battery production |Stationary energy storage for commercial and industrialapplications Manufacturing Equipment,"industrialapplications, batterycell, battery, recycling, equipment"
180,INTILION AG,INTILION AG,Germany,B2.330 ,ees Europe ,,"EPC contracting/project development for energy storagesystems | Stationary energy storage for utilities and gridoperators | Stationary energy storage for commercial andindustrial applications | Grid infrastructure (e.g. transformers,substations, secondary substations)",,No specific product category available.,"EPC contracting/project development for energy storagesystems | Stationary energy storage for utilities and gridoperators | Stationary energy storage for commercial andindustrial applications | Grid infrastructure (e.g. transformers,substations, secondary substations)","substations, epc, storagesystems, infrastructure, utilities"
181,"Jiangsu HuaDe Hydrogen Energy Technology Co.,Ltd","Jiangsu HuaDe Hydrogen Energy Technology Co.,Ltd",China,B2.630,ees Europe ,,"Fuel cells | Battery management systems | Hydrogen storage,infrastructure, components","Secondary Batteries, Materials & Components, Inspection & Measurement Equipment","This company specializes in Secondary Batteries, Materials & Components, Inspection & Measurement Equipment.","Fuel cells | Battery management systems | Hydrogen storage,infrastructure, components Secondary Batteries, Materials & Components, Inspection & Measurement Equipment","batteries, fuel, hydrogen, battery, equipment"
182,JM Europe GmbH,JM Europe GmbH,Germany,B2.278 ,ees Europe ,,"Energy Storage for low-capacity mobile applications(smartphones, laptops, tablets, etc.) | Stationary energy storagefor residential buildings","Secondary Batteries, Capacitors, Materials & Components","This company specializes in Secondary Batteries, Capacitors, Materials & Components.","Energy Storage for low-capacity mobile applications(smartphones, laptops, tablets, etc.) | Stationary energy storagefor residential buildings Secondary Batteries, Capacitors, Materials & Components","storage, batteries, smartphones, energy, capacitors"
183,KERAFOL Keramische Folien GmbH & Co. KG,KERAFOL Keramische Folien GmbH & Co. KG,Germany,B2.370,ees Europe ,,"Cooling/temperature management of storage systems | Batterymanagement systems | Battery Materials | H2 productionequipment/materials | Contacts, wiring, insulation for batteries","Secondary Batteries, Materials & Components, Manufacturing Equipment, Inspection & Measurement Equipment","This company specializes in Secondary Batteries, Materials & Components, Manufacturing Equipment, Inspection & Measurement Equipment.","Cooling/temperature management of storage systems | Batterymanagement systems | Battery Materials | H2 productionequipment/materials | Contacts, wiring, insulation for batteries Secondary Batteries, Materials & Components, Manufacturing Equipment, Inspection & Measurement Equipment","batterymanagement, batteries, battery, insulation, storage"
184,Kyon Energy Solutions GmbH,Kyon Energy Solutions GmbH,Germany,B2.254 ,ees Europe ,,Lithium-based batteries,Secondary Batteries,This company specializes in Secondary Batteries.,Lithium-based batteries Secondary Batteries,"lithium, batteries, secondary, based"
185,Landesentwicklungsgesellschaft Thüringen GmbH,Landesentwicklungsgesellschaft Thüringen GmbH,Germany,B2.260,ees Europe ,,Other battery technologies,Secondary Batteries,This company specializes in Secondary Batteries.,Other battery technologies Secondary Batteries,"batteries, battery, secondary, technologies, other"
186,LION Smart GmbH,LION Smart GmbH,Germany,B2.180 ,ees Europe ,,Lithium-based batteries | Battery management systems |Uninterruptible power supply systems (UPS) | Traction batteryand infrastructure,"Secondary Batteries, Inspection & Measurement Equipment","This company specializes in Secondary Batteries, Inspection & Measurement Equipment.","Lithium-based batteries | Battery management systems |Uninterruptible power supply systems (UPS) | Traction batteryand infrastructure Secondary Batteries, Inspection & Measurement Equipment","ups, batteries, batteryand, lithium, battery"
187,LogBATT GmbH,LogBATT GmbH,Germany,B2.280,ees Europe ,,Lithium-based batteries | Battery management systems |Consulting | Fleet management solutions,"Secondary Batteries, Inspection & Measurement Equipment","This company specializes in Secondary Batteries, Inspection & Measurement Equipment.","Lithium-based batteries | Battery management systems |Consulting | Fleet management solutions Secondary Batteries, Inspection & Measurement Equipment","batteries, lithium, battery, management, inspection"
188,MaxxContact GmbH,MaxxContact GmbH,Germany,B2.571 ,ees Europe ,,Other energy storage technologies,Secondary Batteries,This company specializes in Secondary Batteries.,Other energy storage technologies Secondary Batteries,"batteries, storage, secondary, energy, technologies"
189,Mianyang Hitek,Mianyang Hitek,China,B2.376 ,ees Europe ,,"Contacts, wiring, insulation for batteries","Secondary Batteries, Materials & Components, Inspection & Measurement Equipment","This company specializes in Secondary Batteries, Materials & Components, Inspection & Measurement Equipment.","Contacts, wiring, insulation for batteries Secondary Batteries, Materials & Components, Inspection & Measurement Equipment","batteries, insulation, equipment, inspection, wiring"
190,"Minno Cooling Technology (Hainan) Co.,Ltd","Minno Cooling Technology (Hainan) Co.,Ltd",China,B2.382 ,ees Europe ,,Cooling/temperature management of storage systems,Secondary Batteries,This company specializes in Secondary Batteries.,Cooling/temperature management of storage systems Secondary Batteries,"batteries, cooling, storage, temperature, secondary"
191,Monbat AD,Monbat AD,Bulgaria,B2.458,ees Europe ,,Lead-based batteries | Lithium-based batteries | Stationaryenergy storage for utilities and grid operators | Stationaryenergy storage for residential buildings | Stationary energystorage for commercial and industrial applications,Secondary Batteries,This company specializes in Secondary Batteries.,Lead-based batteries | Lithium-based batteries | Stationaryenergy storage for utilities and grid operators | Stationaryenergy storage for residential buildings | Stationary energystorage for commercial and industrial applications Secondary Batteries,"batteries, energystorage, stationaryenergy, lithium, stationary"
192,MSR-Electronic GmbH,MSR-Electronic GmbH,Germany,B2.530,ees Europe ,,"Hydrogen storage, infrastructure, components | H2 productionequipment/materials | Gas safety, monitoring, testing","Inspection & Measurement Equipment, Materials & Components, Manufacturing Equipment","This company specializes in Inspection & Measurement Equipment, Materials & Components, Manufacturing Equipment.","Hydrogen storage, infrastructure, components | H2 productionequipment/materials | Gas safety, monitoring, testing Inspection & Measurement Equipment, Materials & Components, Manufacturing Equipment","hydrogen, h2, manufacturing, productionequipment, inspection"
193,Nidec Conversion,Nidec Conversion,Italy,B2.230,ees Europe ,,"Stationary energy storage for utilities and grid operators |Stationary energy storage for commercial and industrialapplications | High power charger, megawatt charging systems |DC charging systems",Secondary Batteries,This company specializes in Secondary Batteries.,"Stationary energy storage for utilities and grid operators |Stationary energy storage for commercial and industrialapplications | High power charger, megawatt charging systems |DC charging systems Secondary Batteries","utilities, batteries, storage, stationary, charger"
194,Parker Lord,Parker Lord,United States,B2.276 ,ees Europe ,,"Fuel cells | Other battery technologies | Lithium -based batteries |Other energy storage technologies | Battery Chargers |Cooling/ temperature m anagem ent of storage system s | Powerelectronics for storage system s | Battery m anagem ent system s| Manufacturing equipm ent for battery moduleproduction/assembly and system installation/assembly |Manufacturing equipm ent for battery cell production | Stationaryenergy storage for utilities and grid operators | Energy Storagefor low-capacity mobile applications (sm artphones, laptops,tablets, etc.) | Stationary energy storage for residential buildings| Stationary energy storage for comm ercial and industrialapplications | Hydrogen storage, infrastructure, components |Electrolyzers | H2 production equipm ent/m aterials | Contacts,wiring, insulation for batteries | Battery housing","Materials & Components, Manufacturing Equipment","This company specializes in Materials & Components, Manufacturing Equipment.","Fuel cells | Other battery technologies | Lithium -based batteries |Other energy storage technologies | Battery Chargers |Cooling/ temperature m anagem ent of storage system s | Powerelectronics for storage system s | Battery m anagem ent system s| Manufacturing equipm ent for battery moduleproduction/assembly and system installation/assembly |Manufacturing equipm ent for battery cell production | Stationaryenergy storage for utilities and grid operators | Energy Storagefor low-capacity mobile applications (sm artphones, laptops,tablets, etc.) | Stationary energy storage for residential buildings| Stationary energy storage for comm ercial and industrialapplications | Hydrogen storage, infrastructure, components |Electrolyzers | H2 production equipm ent/m aterials | Contacts,wiring, insulation for batteries | Battery housing Materials & Components, Manufacturing Equipment","batteries, battery, industrialapplications, lithium, storage"
195,Pfannenberg Europe GmbH,Pfannenberg Europe GmbH,Germany,B2.440 ,ees Europe ,,"Cooling/temperature management of storage systems |Stationary energy storage for commercial and industrialapplications | Products and services for smart grids | Hydrogenstorage, infrastructure, components",Materials & Components,This company specializes in Materials & Components.,"Cooling/temperature management of storage systems |Stationary energy storage for commercial and industrialapplications | Products and services for smart grids | Hydrogenstorage, infrastructure, components Materials & Components","hydrogenstorage, storage, cooling, industrialapplications, infrastructure"
196,PR Industrial Srl unipersonale,PR Industrial Srl unipersonale,Italy,B2.259 ,ees Europe ,,Stationary energy storage for utilities and grid operators |Stationary energy storage for commercial and industrialapplications,Secondary Batteries,This company specializes in Secondary Batteries.,Stationary energy storage for utilities and grid operators |Stationary energy storage for commercial and industrialapplications Secondary Batteries,"stationary, batteries, storage, utilities, energy"
197,Prolux Solutions · c/o Kermi GmbH,Prolux Solutions · c/o Kermi GmbH,Germany,B2.334 ,ees Europe ,,Redox flow batteries | Stationary energy storage for residentialbuildings | Stationary energy storage for commercial andindustrial applications,"Secondary Batteries, Materials & Components","This company specializes in Secondary Batteries, Materials & Components.","Redox flow batteries | Stationary energy storage for residentialbuildings | Stationary energy storage for commercial andindustrial applications Secondary Batteries, Materials & Components","batteries, redox, residentialbuildings, energy, storage"
198,Quest One GmbH,Quest One GmbH,Germany,B2.537 ,ees Europe ,,Electrolyzers,Materials & Components,This company specializes in Materials & Components.,Electrolyzers Materials & Components,"electrolyzers, materials, components"
199,REMBE® GmbH Safety + Control,REMBE® GmbH Safety + Control,Germany,B2.677,ees Europe ,,"Lithium-based batteries | Battery testing, inspection systems,safety | Test institutes | Gas safety, monitoring, testing | Testingand safety","Secondary Batteries, Materials & Components, Inspection & Measurement Equipment","This company specializes in Secondary Batteries, Materials & Components, Inspection & Measurement Equipment.","Lithium-based batteries | Battery testing, inspection systems,safety | Test institutes | Gas safety, monitoring, testing | Testingand safety Secondary Batteries, Materials & Components, Inspection & Measurement Equipment","lithium, batteries, inspection, battery, safety"
200,Reverion GmbH,Reverion GmbH,Germany,B2.450A ,ees Europe ,,Fuel cells | Other battery technologies | Stationary energystorage for utilities and grid operators | Stationary energystorage for commercial and industrial applications |Electrolyzers,"Secondary Batteries, Materials & Components","This company specializes in Secondary Batteries, Materials & Components.","Fuel cells | Other battery technologies | Stationary energystorage for utilities and grid operators | Stationary energystorage for commercial and industrial applications |Electrolyzers Secondary Batteries, Materials & Components","energystorage, batteries, battery, electrolyzers, fuel"
201,Rolls-Royce Solutions GmbH,Rolls-Royce Solutions GmbH,Germany,B2.410 ,ees Europe ,,Lithium-based batteries | Stationary energy storage for utilitiesand grid operators | Uninterruptible power supply systems (UPS)| Stationary energy storage for commercial and industrialapplications | H2 production equipment/materials,"Secondary Batteries, Materials & Components, Manufacturing Equipment","This company specializes in Secondary Batteries, Materials & Components, Manufacturing Equipment.","Lithium-based batteries | Stationary energy storage for utilitiesand grid operators | Uninterruptible power supply systems (UPS)| Stationary energy storage for commercial and industrialapplications | H2 production equipment/materials Secondary Batteries, Materials & Components, Manufacturing Equipment","batteries, ups, lithium, utilitiesand, storage"
202,Rotovia Deventer B.V.,Rotovia Deventer B.V.,Netherlands,B2.290 ,ees Europe ,,"Redox flow batteries | Hydrogen storage, infrastructure,components | Battery housing","Secondary Batteries, Materials & Components","This company specializes in Secondary Batteries, Materials & Components.","Redox flow batteries | Hydrogen storage, infrastructure,components | Battery housing Secondary Batteries, Materials & Components","batteries, redox, hydrogen, battery, storage"
203,S.C. Prime Batteries Technology S.R.L.,S.C. Prime Batteries Technology S.R.L.,Romania,B2.250 ,ees Europe ,,Lithium-based batteries,Secondary Batteries,This company specializes in Secondary Batteries.,Lithium-based batteries Secondary Batteries,"lithium, batteries, secondary, based"
204,Saft,Saft,France,B2.220 ,ees Europe ,,Lithium-based batteries | Battery management systems,"Secondary Batteries, Inspection & Measurement Equipment","This company specializes in Secondary Batteries, Inspection & Measurement Equipment.","Lithium-based batteries | Battery management systems Secondary Batteries, Inspection & Measurement Equipment","batteries, lithium, battery, inspection, equipment"
205,"Sanhe Tongfei Refrigeration Co., Ltd.","Sanhe Tongfei Refrigeration Co., Ltd.",China,B2.179 ,ees Europe ,,Cooling/temperature management of storage systems,Secondary Batteries,This company specializes in Secondary Batteries.,Cooling/temperature management of storage systems Secondary Batteries,"batteries, cooling, storage, temperature, secondary"
206,SAX Power GmbH,SAX Power GmbH,Germany,B2.140,ees Europe ,,"Stand-alone systems, off-grid systems | Inverters | Lithiumbasedbatteries",Secondary Batteries,This company specializes in Secondary Batteries.,"Stand-alone systems, off-grid systems | Inverters | Lithiumbasedbatteries Secondary Batteries","batteries, lithiumbasedbatteries, inverters, systems, secondary"
207,Schaltbau GmbH,Schaltbau GmbH,Germany,B2.476 ,ees Europe ,,"Battery testing, inspection systems, safety | Batterymanagement systems | Contacts, wiring, insulation for batteries","Secondary Batteries, Materials & Components, Inspection & Measurement Equipment","This company specializes in Secondary Batteries, Materials & Components, Inspection & Measurement Equipment.","Battery testing, inspection systems, safety | Batterymanagement systems | Contacts, wiring, insulation for batteries Secondary Batteries, Materials & Components, Inspection & Measurement Equipment","batterymanagement, batteries, inspection, battery, equipment"
208,"Shandong Goldencell Electronics TechnologyCo.,Ltd","Shandong Goldencell Electronics TechnologyCo.,Ltd",China,B2.253 ,ees Europe ,,Fuel cells | Lithium-based batteries,Secondary Batteries,This company specializes in Secondary Batteries.,Fuel cells | Lithium-based batteries Secondary Batteries,"batteries, lithium, fuel, cells, secondary"
209,"Shandong Xinheyuan Heat TransferringTechnology Co., Ltd.","Shandong Xinheyuan Heat TransferringTechnology Co., Ltd.",China,B2.471 ,ees Europe ,,Battery housing,Materials & Components,This company specializes in Materials & Components.,Battery housing Materials & Components,"materials, battery, components, housing"
210,"Shanghai Sepna Chemical Technology Co., LTD","Shanghai Sepna Chemical Technology Co., LTD",China,B2.573 ,ees Europe ,,"Other energy storage technologies | Cooling/temperaturemanagement of storage systems | Manufacturing equipment forbattery module production/assembly and systeminstallation/assembly | Contacts, wiring, insulation for batteries",Manufacturing Equipment,This company specializes in Manufacturing Equipment.,"Other energy storage technologies | Cooling/temperaturemanagement of storage systems | Manufacturing equipment forbattery module production/assembly and systeminstallation/assembly | Contacts, wiring, insulation for batteries Manufacturing Equipment","technologies, batteries, storage, equipment, temperaturemanagement"
211,"Shenzhen Baiqiancheng Electronic Co., Ltd.","Shenzhen Baiqiancheng Electronic Co., Ltd.",China,B2.384 ,ees Europe ,,Battery management systems,Inspection & Measurement Equipment,This company specializes in Inspection & Measurement Equipment.,Battery management systems Inspection & Measurement Equipment,"inspection, battery, equipment, measurement, systems"
212,"Shenzhen EENOVANCE Energy Technology Co.,Ltd.","Shenzhen EENOVANCE Energy Technology Co.,Ltd.",China,B2.455 ,ees Europe ,,Stationary energy storage for residential buildings | Stationaryenergy storage for commercial and industrial applications,"Secondary Batteries, Materials & Components","This company specializes in Secondary Batteries, Materials & Components.","Stationary energy storage for residential buildings | Stationaryenergy storage for commercial and industrial applications Secondary Batteries, Materials & Components","stationaryenergy, stationary, batteries, storage, energy"
213,SIBA GmbH,SIBA GmbH,Germany,B2.271,ees Europe ,,"Materials and components | Battery testing, inspection systems,safety | High power charger, megawatt charging systems | ACcharging systems | Hydrogen storage, infrastructure,components | DC charging systems","Secondary Batteries, Materials & Components, Inspection & Measurement Equipment","This company specializes in Secondary Batteries, Materials & Components, Inspection & Measurement Equipment.","Materials and components | Battery testing, inspection systems,safety | High power charger, megawatt charging systems | ACcharging systems | Hydrogen storage, infrastructure,components | DC charging systems Secondary Batteries, Materials & Components, Inspection & Measurement Equipment","charger, batteries, charging, inspection, battery"
214,"Sichuan Kepai New Material Co., Ltd","Sichuan Kepai New Material Co., Ltd",China,B2.274,ees Europe ,,"Contacts, wiring, insulation for batteries","Secondary Batteries, Materials & Components, Inspection & Measurement Equipment","This company specializes in Secondary Batteries, Materials & Components, Inspection & Measurement Equipment.","Contacts, wiring, insulation for batteries Secondary Batteries, Materials & Components, Inspection & Measurement Equipment","batteries, insulation, equipment, inspection, wiring"
215,SMARTENERGY Group AG,SMARTENERGY Group AG,Switzerland,B2.510,ees Europe ,,"Free-standing PV installations | EPC contracting/projectdevelopment for solar power plants | Agri PV | Hydrogenstorage, infrastructure, components","Secondary Batteries, Materials & Components","This company specializes in Secondary Batteries, Materials & Components.","Free-standing PV installations | EPC contracting/projectdevelopment for solar power plants | Agri PV | Hydrogenstorage, infrastructure, components Secondary Batteries, Materials & Components","pv, solar, epc, infrastructure, projectdevelopment"
216,SOCOMEC,SOCOMEC,France,B2.130,ees Europe ,,Stationary energy storage for utilities and grid operators |Stationary energy storage for commercial and industrialapplications,Secondary Batteries,This company specializes in Secondary Batteries.,Stationary energy storage for utilities and grid operators |Stationary energy storage for commercial and industrialapplications Secondary Batteries,"stationary, batteries, storage, utilities, energy"
217,Southco Manufacturing Limited,Southco Manufacturing Limited,United Kingdom,B2.570,ees Europe ,,Stationary energy storage for residential buildings | Stationaryenergy storage for commercial and industrial applications | ACcharging systems | Electric passenger cars | DC chargingsystems,"Secondary Batteries, Materials & Components","This company specializes in Secondary Batteries, Materials & Components.","Stationary energy storage for residential buildings | Stationaryenergy storage for commercial and industrial applications | ACcharging systems | Electric passenger cars | DC chargingsystems Secondary Batteries, Materials & Components","stationaryenergy, stationary, batteries, chargingsystems, storage"
218,STABL Energy GmbH,STABL Energy GmbH,Italy,B2.350 ,ees Europe ,,Lithium-based batteries | Other energy storage technologies |Battery recycling/second use,Secondary Batteries,This company specializes in Secondary Batteries.,Lithium-based batteries | Other energy storage technologies |Battery recycling/second use Secondary Batteries,"batteries, lithium, recycling, battery, storage"
219,STIF France,STIF France,France,B2.170 ,ees Europe ,,"Battery testing, inspection systems, safety","Inspection & Measurement Equipment, Materials & Components","This company specializes in Inspection & Measurement Equipment, Materials & Components.","Battery testing, inspection systems, safety Inspection & Measurement Equipment, Materials & Components","inspection, equipment, testing, safety, battery"
220,STROPOWER,STROPOWER,China,B2.377 ,ees Europe ,,"Battery testing, inspection systems, safety","Inspection & Measurement Equipment, Materials & Components","This company specializes in Inspection & Measurement Equipment, Materials & Components.","Battery testing, inspection systems, safety Inspection & Measurement Equipment, Materials & Components","inspection, equipment, testing, safety, battery"
221,Sun.King Technology Group Limited,Sun.King Technology Group Limited,China,B2.675,ees Europe ,,Power electronics for storage systems,"Secondary Batteries, Manufacturing Equipment","This company specializes in Secondary Batteries, Manufacturing Equipment.","Power electronics for storage systems Secondary Batteries, Manufacturing Equipment","batteries, electronics, storage, equipment, secondary"
222,"Suzhou Walter Electronic Co., Ltd","Suzhou Walter Electronic Co., Ltd",China,B2.590 ,ees Europe ,,Power electronics for storage systems,"Secondary Batteries, Manufacturing Equipment","This company specializes in Secondary Batteries, Manufacturing Equipment.","Power electronics for storage systems Secondary Batteries, Manufacturing Equipment","batteries, electronics, storage, equipment, secondary"
223,Switchlab Inc,Switchlab Inc.,Taiwan,B2.690 ,ees Europe ,,"PV components (cables, connectors, junction boxes, etc.) |Other battery technologies | Power electronics for storagesystems","Secondary Batteries, Materials & Components, Manufacturing Equipment","This company specializes in Secondary Batteries, Materials & Components, Manufacturing Equipment.","PV components (cables, connectors, junction boxes, etc.) |Other battery technologies | Power electronics for storagesystems Secondary Batteries, Materials & Components, Manufacturing Equipment","pv, electronics, batteries, equipment, components"
224,Symbase S.A.,Symbase S.A.,Poland,B2.632 ,ees Europe ,,"Fuel cells | Hydrogen storage, infrastructure, components",Materials & Components,This company specializes in Materials & Components.,"Fuel cells | Hydrogen storage, infrastructure, components Materials & Components","hydrogen, fuel, storage, components, cells"
225,TechRad (Zhejiang) Automotive Thermal SystemCorp.,TechRad (Zhejiang) Automotive Thermal SystemCorp.,China,B2.475,ees Europe ,,Air conditioning and cooling | Cooling/temperaturemanagement of storage systems,Secondary Batteries,This company specializes in Secondary Batteries.,Air conditioning and cooling | Cooling/temperaturemanagement of storage systems Secondary Batteries,"batteries, cooling, temperaturemanagement, storage, secondary"
226,tesa SE,tesa SE,Germany,B2.379 ,ees Europe ,,"Thin-film modules | Solar cells | Manufacturing machinery andequipment | Other battery technologies | Other energy storagetechnologies | Contacts, wiring, insulation for batteries | EVsystem technology and components","Secondary Batteries, Materials & Components, Manufacturing Equipment","This company specializes in Secondary Batteries, Materials & Components, Manufacturing Equipment.","Thin-film modules | Solar cells | Manufacturing machinery andequipment | Other battery technologies | Other energy storagetechnologies | Contacts, wiring, insulation for batteries | EVsystem technology and components Secondary Batteries, Materials & Components, Manufacturing Equipment","batteries, technologies, modules, storagetechnologies, battery"
227,Tesvolt AG,Tesvolt AG,Germany,B2.110 ,ees Europe ,,Lithium-based batteries | EPC contracting/project developmentfor energy storage systems | Stationary energy storage forutilities and grid operators | Uninterruptible power supplysystems (UPS) | Stationary energy storage for commercial andindustrial applications,Secondary Batteries,This company specializes in Secondary Batteries.,Lithium-based batteries | EPC contracting/project developmentfor energy storage systems | Stationary energy storage forutilities and grid operators | Uninterruptible power supplysystems (UPS) | Stationary energy storage for commercial andindustrial applications Secondary Batteries,"ups, batteries, lithium, epc, storage"
228,TWAICE Battery Analytics Software,TWAICE Battery Analytics Software,Germany,B2.480,ees Europe ,,Lithium-based batteries | Battery recycling/second use |Stationary energy storage for utilities and grid operators |Stationary energy storage for commercial and industrialapplications | Testing and safety,"Secondary Batteries, Inspection & Measurement Equipment","This company specializes in Secondary Batteries, Inspection & Measurement Equipment.","Lithium-based batteries | Battery recycling/second use |Stationary energy storage for utilities and grid operators |Stationary energy storage for commercial and industrialapplications | Testing and safety Secondary Batteries, Inspection & Measurement Equipment","batteries, lithium, utilities, battery, recycling"
229,Voltfang GmbH,Voltfang GmbH,Germany,B2.109 ,ees Europe ,,Battery recycling/second use | Battery management systems |EPC contracting/project development for energy storagesystems | Stationary energy storage for utilities and gridoperators | Stationary energy storage for commercial andindustrial applications,,No specific product category available.,Battery recycling/second use | Battery management systems |EPC contracting/project development for energy storagesystems | Stationary energy storage for utilities and gridoperators | Stationary energy storage for commercial andindustrial applications,"recycling, battery, utilities, storagesystems, storage"
230,volytica diagnostics GmbH,volytica diagnostics GmbH,Germany,B2.470 ,ees Europe ,,"Lithium-based batteries | Battery testing, inspection systems,safety | ICT, software for energy storage systems | Electrolyzers| Testing and safety | EV system technology and components","Secondary Batteries, Materials & Components, Inspection & Measurement Equipment","This company specializes in Secondary Batteries, Materials & Components, Inspection & Measurement Equipment.","Lithium-based batteries | Battery testing, inspection systems,safety | ICT, software for energy storage systems | Electrolyzers| Testing and safety | EV system technology and components Secondary Batteries, Materials & Components, Inspection & Measurement Equipment","batteries, lithium, battery, ev, electrolyzers"
231,VOSS Automotive GmbH,VOSS Automotive GmbH,Germany,B2.580 ,ees Europe ,,"Cooling/temperature management of storage systems |Hydrogen storage, infrastructure, components","Secondary Batteries, Materials & Components","This company specializes in Secondary Batteries, Materials & Components.","Cooling/temperature management of storage systems |Hydrogen storage, infrastructure, components Secondary Batteries, Materials & Components","storage, cooling, hydrogen, batteries, temperature"
232,"Wattius Battery Solutions, S.L.","Wattius Battery Solutions, S.L.",Spain,B2.679 ,ees Europe ,,"Battery testing, inspection systems, safety | Battery Chargers |Battery management systems | ICT, embedded systems andsoftware | EV system technology and components","Secondary Batteries, Materials & Components, Inspection & Measurement Equipment","This company specializes in Secondary Batteries, Materials & Components, Inspection & Measurement Equipment.","Battery testing, inspection systems, safety | Battery Chargers |Battery management systems | ICT, embedded systems andsoftware | EV system technology and components Secondary Batteries, Materials & Components, Inspection & Measurement Equipment","batteries, battery, ev, inspection, equipment"
233,Wetrax GmbH,Wetrax GmbH,Germany,B2.174 ,ees Europe ,,Other energy storage technologies,Secondary Batteries,This company specializes in Secondary Batteries.,Other energy storage technologies Secondary Batteries,"batteries, storage, secondary, energy, technologies"
234,Wirtschaftsförderung Sachsen GmbH,Wirtschaftsförderung Sachsen GmbH,Germany,B2.150 ,ees Europe ,,Consulting | State initiatives and public authorities |Associations/societies,,No specific product category available.,Consulting | State initiatives and public authorities |Associations/societies,"consulting, initiatives, authorities, associations, societies"
235,Xiamen Tmax Battery Equipments Limited,Xiamen Tmax Battery Equipments Limited,China,B2.473 ,ees Europe ,,"Battery testing, inspection systems, safety | Manufacturingequipment for battery module production/assembly and systeminstallation/assembly | Manufacturing equipment for batterycell production | Automation technology for battery production |Battery Materials","Materials & Components, Manufacturing Equipment","This company specializes in Materials & Components, Manufacturing Equipment.","Battery testing, inspection systems, safety | Manufacturingequipment for battery module production/assembly and systeminstallation/assembly | Manufacturing equipment for batterycell production | Automation technology for battery production |Battery Materials Materials & Components, Manufacturing Equipment","batterycell, manufacturingequipment, battery, manufacturing, inspection"
236,"YIFI Laser Co., Ltd.","YIFI Laser Co., Ltd.",China,B2.171 ,ees Europe ,,Manufacturing equipment for battery moduleproduction/assembly and system installation/assembly |Manufacturing equipment for battery cell production |Automation technology for battery production,"Secondary Batteries, Manufacturing Equipment","This company specializes in Secondary Batteries, Manufacturing Equipment.","Manufacturing equipment for battery moduleproduction/assembly and system installation/assembly |Manufacturing equipment for battery cell production |Automation technology for battery production Secondary Batteries, Manufacturing Equipment","manufacturing, equipment, batteries, battery, production"
237,"Yimanfeng Science & Technology Co., Ltd.","Yimanfeng Science & Technology Co., Ltd.",China,B2.380 ,ees Europe ,,Battery Materials,Materials & Components,This company specializes in Materials & Components.,Battery Materials Materials & Components,"materials, battery, components"
238,Zeppelin Power Systems GmbH,Zeppelin Power Systems GmbH,China,B2.154 ,ees Europe ,,"Lithium-based batteries | Stationary energy storage for utilitiesand grid operators | Stationary energy storage for commercialand industrial applications | High power charger, megawattcharging systems | Energy management, monitoring, controllingand load management | Other H2 based mobility | Digitalisation,data management & analytics, IoT",Secondary Batteries,This company specializes in Secondary Batteries.,"Lithium-based batteries | Stationary energy storage for utilitiesand grid operators | Stationary energy storage for commercialand industrial applications | High power charger, megawattcharging systems | Energy management, monitoring, controllingand load management | Other H2 based mobility | Digitalisation,data management & analytics, IoT Secondary Batteries","batteries, lithium, utilitiesand, storage, iot"
239,"Zhejiang BSB Electrical Appliance Co.,Ltd.","Zhejiang BSB Electrical Appliance Co.,Ltd",China,B2.178 ,ees Europe ,,"Battery Chargers | Battery management systems | Powerelectronics, protection systems | Contacts, wiring, insulation forbatteries | EV system technology and components","Secondary Batteries, Materials & Components, Manufacturing Equipment, Inspection & Measurement Equipment","This company specializes in Secondary Batteries, Materials & Components, Manufacturing Equipment, Inspection & Measurement Equipment.","Battery Chargers | Battery management systems | Powerelectronics, protection systems | Contacts, wiring, insulation forbatteries | EV system technology and components Secondary Batteries, Materials & Components, Manufacturing Equipment, Inspection & Measurement Equipment","batteries, battery, ev, chargers, powerelectronics"
240,"ZHONGTIAN ENERGY STORAGE TECHNOLOGYCO.,LTD","ZHONGTIAN ENERGY STORAGE TECHNOLOGYCO.,LTD",China,B2.430 ,ees Europe ,,Stationary energy storage for utilities and grid operators |Stationary energy storage for residential buildings | Stationaryenergy storage for commercial and industrial applications |Electrolyzers | H2 production equipment/materials,"Secondary Batteries, Materials & Components, Manufacturing Equipment","This company specializes in Secondary Batteries, Materials & Components, Manufacturing Equipment.","Stationary energy storage for utilities and grid operators |Stationary energy storage for residential buildings | Stationaryenergy storage for commercial and industrial applications |Electrolyzers | H2 production equipment/materials Secondary Batteries, Materials & Components, Manufacturing Equipment","stationaryenergy, stationary, batteries, storage, utilities"
241,"Dunext Technology Suzhou Co., Ltd.","Dunext Technology Suzhou Co., Ltd.",China,B3.175,ees Europe ,,Inverters | Battery management systems | Stationary energystorage for residential buildings | Stationary energy storage forcommercial and industrial applications | AC charging systems,"Secondary Batteries, Materials & Components, Inspection & Measurement Equipment","This company specializes in Secondary Batteries, Materials & Components, Inspection & Measurement Equipment.","Inverters | Battery management systems | Stationary energystorage for residential buildings | Stationary energy storage forcommercial and industrial applications | AC charging systems Secondary Batteries, Materials & Components, Inspection & Measurement Equipment","inverters, batteries, energystorage, systems, battery"
242,Delta Electronics (Netherlands) B.V.,Delta Electronics (Netherlands) B.V.,Netherlands,B3.350 ,ees Europe ,,"Inverters | Power electronics for storage systems | High powercharger, megawatt charging systems | Energy management,monitoring, controlling and load management","Secondary Batteries, Manufacturing Equipment, Inspection & Measurement Equipment","This company specializes in Secondary Batteries, Manufacturing Equipment, Inspection & Measurement Equipment.","Inverters | Power electronics for storage systems | High powercharger, megawatt charging systems | Energy management,monitoring, controlling and load management Secondary Batteries, Manufacturing Equipment, Inspection & Measurement Equipment","inverters, powercharger, electronics, equipment, batteries"
243,Beck Automation GmbH,Beck Automation GmbH,Germany,B0.131 ,ees Europe ,,Lithium-based batteries | Stationary energy storage for utilities and grid operators | Stationary energy storage for commercial and industrial applications,Secondary Batteries,This company specializes in Secondary Batteries.,Lithium-based batteries | Stationary energy storage for utilities and grid operators | Stationary energy storage for commercial and industrial applications Secondary Batteries,"lithium, batteries, stationary, storage, utilities"
244,BeePlanet Factory S.L.,BeePlanet Factory S.L.,Spain,B0.250 ,ees Europe ,,Lithium-based batteries | Stationary energy storage for utilitiesand grid operators | Stationary energy storage for residentialbuildings | Stationary energy storage for commercial andindustrial applications,Secondary Batteries,This company specializes in Secondary Batteries.,Lithium-based batteries | Stationary energy storage for utilitiesand grid operators | Stationary energy storage for residentialbuildings | Stationary energy storage for commercial andindustrial applications Secondary Batteries,"batteries, lithium, residentialbuildings, stationary, storage"
245,"Buima Energy Co., Ltd.","Buima Energy Co., Ltd.",Taiwan,B0.326 ,ees Europe ,,Other energy storage technologies | Stationary energy storagefor commercial and industrial applications | DC chargingsystems,Secondary Batteries,This company specializes in Secondary Batteries.,Other energy storage technologies | Stationary energy storagefor commercial and industrial applications | DC chargingsystems Secondary Batteries,"chargingsystems, batteries, storage, storagefor, technologies"
246,CellCube Energy Storage GmbH,CellCube Energy Storage GmbH,Spain,B0.116 ,ees Europe ,,Redox flow batteries | Stationary energy storage for utilities and grid operators | Uninterruptible power supply systems (UPS) | Stationary energy storage for commercial and industrial applications,Secondary Batteries,This company specializes in Secondary Batteries.,Redox flow batteries | Stationary energy storage for utilities and grid operators | Uninterruptible power supply systems (UPS) | Stationary energy storage for commercial and industrial applications Secondary Batteries,"batteries, ups, redox, utilities, energy"
247,Cellect Energy,Cellect Energy,Spain,B0.146 ,ees Europe ,,"Stationary energy storage for utilities and grid operators | ICT,software for energy storage systems | Stationary energy storagefor commercial and industrial applications | Electricity tradingand marketing tools (power supply, distribution via direct andflexibility markets) | Products and services for microgrids |Virtual power plants/combined power plants | Products andservices for smart grids | Flexibility management (loadmanagement/demand response) | Carbon Footprint calculation,reduction and offsetting | Digitalisation, data management &analytics, IoT",Secondary Batteries,This company specializes in Secondary Batteries.,"Stationary energy storage for utilities and grid operators | ICT,software for energy storage systems | Stationary energy storagefor commercial and industrial applications | Electricity tradingand marketing tools (power supply, distribution via direct andflexibility markets) | Products and services for microgrids |Virtual power plants/combined power plants | Products andservices for smart grids | Flexibility management (loadmanagement/demand response) | Carbon Footprint calculation,reduction and offsetting | Digitalisation, data management &analytics, IoT Secondary Batteries","microgrids, utilities, electricity, storage, storagefor"
248,Circunomics GmbH,Circunomics GmbH,Germany,B0.155 ,ees Europe ,,Lithium-based batteries | Battery recycling/second use |Stationary energy storage for utilities and grid operators |Stationary energy storage for residential buildings | Stationaryenergy storage for commercial and industrial applications,Secondary Batteries,This company specializes in Secondary Batteries.,Lithium-based batteries | Battery recycling/second use |Stationary energy storage for utilities and grid operators |Stationary energy storage for residential buildings | Stationaryenergy storage for commercial and industrial applications Secondary Batteries,"batteries, lithium, stationaryenergy, battery, utilities"
249,DHYBRID Power Systems GmbH,DHYBRID Power Systems GmbH,Germany,B0.141,ees Europe ,,Lithium-based batteries | Power electronics for storage systems| Stationary energy storage for utilities and grid operators |Uninterruptible power supply systems (UPS) | Stationary energystorage for commercial and industrial applications,"Secondary Batteries, Manufacturing Equipment","This company specializes in Secondary Batteries, Manufacturing Equipment.","Lithium-based batteries | Power electronics for storage systems| Stationary energy storage for utilities and grid operators |Uninterruptible power supply systems (UPS) | Stationary energystorage for commercial and industrial applications Secondary Batteries, Manufacturing Equipment","batteries, ups, energystorage, lithium, utilities"
250,e.battery systems AG,e.battery systems AG,Austria,B0.140,ees Europe ,,Lithium-based batteries | Stationary energy storage for utilitiesand grid operators | Stationary energy storage for residentialbuildings | Uninterruptible power supply systems (UPS) |Stationary energy storage for commercial and industrialapplications,Secondary Batteries,This company specializes in Secondary Batteries.,Lithium-based batteries | Stationary energy storage for utilitiesand grid operators | Stationary energy storage for residentialbuildings | Uninterruptible power supply systems (UPS) |Stationary energy storage for commercial and industrialapplications Secondary Batteries,"batteries, ups, lithium, utilitiesand, residentialbuildings"
251,EDAG Engineering GmbH,EDAG Engineering GmbH,Germany,B0.236 ,ees Europe ,,Battery recycling/second use | Manufacturing equipment forbattery module production/assembly and systeminstallation/assembly | Manufacturing equipment for batterycell production | Automation technology for battery production |Stationary energy storage for utilities and grid operators |Stationary energy storage for commercial and industrialapplications | Traction battery and infrastructure | Hydrogenstations and infrastructure | Electric passenger cars |Commercial & special electric vehicles | Test institutes |Engineering services | Testing and safety | Fuel cell electricvehicle (FCEV) or hydrogen based fuel vehicles,Manufacturing Equipment,This company specializes in Manufacturing Equipment.,Battery recycling/second use | Manufacturing equipment forbattery module production/assembly and systeminstallation/assembly | Manufacturing equipment for batterycell production | Automation technology for battery production |Stationary energy storage for utilities and grid operators |Stationary energy storage for commercial and industrialapplications | Traction battery and infrastructure | Hydrogenstations and infrastructure | Electric passenger cars |Commercial & special electric vehicles | Test institutes |Engineering services | Testing and safety | Fuel cell electricvehicle (FCEV) or hydrogen based fuel vehicles Manufacturing Equipment,"industrialapplications, batterycell, electricvehicle, hydrogenstations, vehicles"
252,Elpower Srl,Elpower Srl,Italy,B0.107 ,ees Europe ,,Other energy storage technologies | Power electronics for storage systems,"Secondary Batteries, Manufacturing Equipment","This company specializes in Secondary Batteries, Manufacturing Equipment.","Other energy storage technologies | Power electronics for storage systems Secondary Batteries, Manufacturing Equipment","batteries, electronics, storage, technologies, equipment"
253,emost AG,emost AG,Switzerland,B0.159,ees Europe ,,Lithium-based batteries | Battery Chargers | Uninterruptiblepower supply systems (UPS) | Stationary energy storage forcommercial and industrial applications,Secondary Batteries,This company specializes in Secondary Batteries.,Lithium-based batteries | Battery Chargers | Uninterruptiblepower supply systems (UPS) | Stationary energy storage forcommercial and industrial applications Secondary Batteries,"batteries, ups, battery, uninterruptiblepower, lithium"
254,Enerpoly AB,Enerpoly AB,Sweden,B0.121,ees Europe ,,"Fuel cells | Redox flow batteries | Stationary energy storage for utilities and grid operators | Stationary energy storage for commercial and industrial applications | Hydrogen storage, infrastructure, components | Electrolyzers",,No specific product category available.,"Fuel cells | Redox flow batteries | Stationary energy storage for utilities and grid operators | Stationary energy storage for commercial and industrial applications | Hydrogen storage, infrastructure, components | Electrolyzers","batteries, electrolyzers, fuel, hydrogen, energy"
255,Flexoo GmbH,Flexoo GmbH,Germany,B0.135 ,ees Europe ,,"Battery testing, inspection systems, safety | Power electronicsfor storage systems | Battery management systems | ICT,software for energy storage systems | Research anddevelopment","Secondary Batteries, Materials & Components, Manufacturing Equipment, Inspection & Measurement Equipment","This company specializes in Secondary Batteries, Materials & Components, Manufacturing Equipment, Inspection & Measurement Equipment.","Battery testing, inspection systems, safety | Power electronicsfor storage systems | Battery management systems | ICT,software for energy storage systems | Research anddevelopment Secondary Batteries, Materials & Components, Manufacturing Equipment, Inspection & Measurement Equipment","batteries, battery, electronicsfor, inspection, equipment"
256,GREINER Schaltanlagen GmbH,GREINER Schaltanlagen GmbH,Germany,B0.356 ,ees Europe ,,"Stand-alone systems, off-grid systems | Monitoring andmeasuring technology | Lithium-based batteries | Stationaryenergy storage for utilities and grid operators | Stationaryenergy storage for residential buildings | Uninterruptible powersupply systems (UPS) | ICT, software for energy storagesystems | Stationary energy storage for commercial andindustrial applications | AC charging systems | Gridinfrastructure (e.g. transformers, substations, secondarysubstations) | Home energy management solutions (HEMS) |Energy management, monitoring, controlling and loadmanagement | Smart energy management systems forbuildings and distri",,No specific product category available.,"Stand-alone systems, off-grid systems | Monitoring andmeasuring technology | Lithium-based batteries | Stationaryenergy storage for utilities and grid operators | Stationaryenergy storage for residential buildings | Uninterruptible powersupply systems (UPS) | ICT, software for energy storagesystems | Stationary energy storage for commercial andindustrial applications | AC charging systems | Gridinfrastructure (e.g. transformers, substations, secondarysubstations) | Home energy management solutions (HEMS) |Energy management, monitoring, controlling and loadmanagement | Smart energy management systems forbuildings and distri","substations, storagesystems, utilities, ups, systems"
257,Hydrostor Inc.,Hydrostor Inc.,Canada,B0.240,ees Europe ,,Stationary energy storage for utilities and grid operators,Secondary Batteries,This company specializes in Secondary Batteries.,Stationary energy storage for utilities and grid operators Secondary Batteries,"batteries, stationary, utilities, storage, energy"
258,Zonergy Company Limited,Zonergy Company Limited,China,B1.390 ,ees Europe ,,Lithium-based batteries | Manufacturing equipment for batterymodule production/assembly and system installation/assembly| Stationary energy storage for utilities and grid operators |Stationary energy storage for residential buildings | Stationaryenergy storage for commercial and industrial applications,"Secondary Batteries, Manufacturing Equipment","This company specializes in Secondary Batteries, Manufacturing Equipment.","Lithium-based batteries | Manufacturing equipment for batterymodule production/assembly and system installation/assembly| Stationary energy storage for utilities and grid operators |Stationary energy storage for residential buildings | Stationaryenergy storage for commercial and industrial applications Secondary Batteries, Manufacturing Equipment","batteries, batterymodule, lithium, utilities, storage"
259,Karlsruher Institut für Technologie (KIT) -Elektrotechnisches Institut (ETI),Karlsruher Institut für Technologie (KIT) -Elektrotechnisches Institut (ETI),Germany,B0.230 ,ees Europe ,,Lithium-based batteries | Redox flow batteries | Stationaryenergy storage for residential buildings | Solar mobility andcharging solutions as well as vehicle-integrated PV (ViPV) |Smart energy management systems for buildings and districts,Secondary Batteries,This company specializes in Secondary Batteries.,Lithium-based batteries | Redox flow batteries | Stationaryenergy storage for residential buildings | Solar mobility andcharging solutions as well as vehicle-integrated PV (ViPV) |Smart energy management systems for buildings and districts Secondary Batteries,"batteries, lithium, pv, vipv, buildings"
260,Lemberg Solutions,Lemberg Solutions,Germany,B0.257,ees Europe ,,"EPC contracting/project development for energy storagesystems | Energy Storage for low-capacity mobile applications(smartphones, laptops, tablets, etc.) | User interface, backend,ICT, software and apps | ICT, embedded systems and software |Apps, products and services",,No specific product category available.,"EPC contracting/project development for energy storagesystems | Energy Storage for low-capacity mobile applications(smartphones, laptops, tablets, etc.) | User interface, backend,ICT, software and apps | ICT, embedded systems and software |Apps, products and services","epc, contracting, storagesystems, ict, applications"
261,Leoch Europe S.A.,Leoch Europe S.A.,Greece,B0.256 ,ees Europe ,,(Ultra)capacitors | Lead-based batteries | Lithium-basedbatteries | Other energy storage technologies | Battery Chargers| Battery management systems | Stationary energy storage forutilities and grid operators | Stationary energy storage forresidential buildings | Uninterruptible power supply systems(UPS) | Stationary energy storage for commercial and industrialapplications | Battery housing,Materials & Components,This company specializes in Materials & Components.,(Ultra)capacitors | Lead-based batteries | Lithium-basedbatteries | Other energy storage technologies | Battery Chargers| Battery management systems | Stationary energy storage forutilities and grid operators | Stationary energy storage forresidential buildings | Uninterruptible power supply systems(UPS) | Stationary energy storage for commercial and industrialapplications | Battery housing Materials & Components,"batteries, capacitors, ups, battery, storage"
262,Maschinenfabrik Reinhausen GmbH,Maschinenfabrik Reinhausen GmbH,Germany,B0.330,ees Europe ,,"Stationary energy storage for commercial and industrialapplications | High power charger, megawatt charging systems |AC charging systems | DC charging systems",Secondary Batteries,This company specializes in Secondary Batteries.,"Stationary energy storage for commercial and industrialapplications | High power charger, megawatt charging systems |AC charging systems | DC charging systems Secondary Batteries","batteries, charger, charging, storage, stationary"
263,Miba Battery Systems GmbH,Miba Battery Systems GmbH,Austria,B0.110,ees Europe ,,Lithium-based batteries | Cooling/temperature management of storage systems | Stationary energy storage for residential buildings | Stationary energy storage for commercial and industrial applications,Secondary Batteries,This company specializes in Secondary Batteries.,Lithium-based batteries | Cooling/temperature management of storage systems | Stationary energy storage for residential buildings | Stationary energy storage for commercial and industrial applications Secondary Batteries,"batteries, lithium, storage, residential, cooling"
264,Moxa Europe GmbH,Moxa Europe GmbH,Germany,B0.261 ,ees Europe ,,Automation technology | Monitoring and measuring technology| Other energy storage technologies | Battery managementsystems | Cybersecurity,"Secondary Batteries, Manufacturing Equipment, Inspection & Measurement Equipment","This company specializes in Secondary Batteries, Manufacturing Equipment, Inspection & Measurement Equipment.","Automation technology | Monitoring and measuring technology| Other energy storage technologies | Battery managementsystems | Cybersecurity Secondary Batteries, Manufacturing Equipment, Inspection & Measurement Equipment","automation, technologies, batteries, cybersecurity, technology"
265,MPS Germany GmbH,MPS Germany GmbH,Germany,B0.127 ,ees Europe ,,"Battery testing, inspection systems, safety | Battery Chargers | Power electronics for storage systems | Battery management systems | Stationary energy storage for commercial and industrial applications","Secondary Batteries, Manufacturing Equipment, Inspection & Measurement Equipment","This company specializes in Secondary Batteries, Manufacturing Equipment, Inspection & Measurement Equipment.","Battery testing, inspection systems, safety | Battery Chargers | Power electronics for storage systems | Battery management systems | Stationary energy storage for commercial and industrial applications Secondary Batteries, Manufacturing Equipment, Inspection & Measurement Equipment","batteries, electronics, battery, inspection, equipment"
266,Off-Grid Europe GmbH,Off-Grid Europe GmbH,Germany,B0.341 ,ees Europe ,,"Stand-alone systems, off-grid systems | Battery managementsystems | EPC contracting/project development for energystorage systems | Stationary energy storage for commercial andindustrial applications | Research and development",Inspection & Measurement Equipment,This company specializes in Inspection & Measurement Equipment.,"Stand-alone systems, off-grid systems | Battery managementsystems | EPC contracting/project development for energystorage systems | Stationary energy storage for commercial andindustrial applications | Research and development Inspection & Measurement Equipment","energystorage, managementsystems, battery, epc, systems"
267,ONERGY POWER s.r.o.,ONERGY POWER s.r.o.,Czech Republic,B0.350,ees Europe ,,Lithium-based batteries | Battery management systems |Stationary energy storage for residential buildings | Stationaryenergy storage for commercial and industrial applications,"Secondary Batteries, Materials & Components, Inspection & Measurement Equipment","This company specializes in Secondary Batteries, Materials & Components, Inspection & Measurement Equipment.","Lithium-based batteries | Battery management systems |Stationary energy storage for residential buildings | Stationaryenergy storage for commercial and industrial applications Secondary Batteries, Materials & Components, Inspection & Measurement Equipment","batteries, lithium, battery, stationaryenergy, storage"
268,Polar Night Energy Oy,Polar Night Energy Oy,Finland,B0.149 ,ees Europe ,,Other energy storage technologies,Secondary Batteries,This company specializes in Secondary Batteries.,Other energy storage technologies Secondary Batteries,"batteries, storage, secondary, energy, technologies"
269,Polarium Energy Solutions,Polarium Energy Solutions,Sweden,B0.220 ,ees Europe ,,Lithium-based batteries,Secondary Batteries,This company specializes in Secondary Batteries.,Lithium-based batteries Secondary Batteries,"lithium, batteries, secondary, based"
270,"PolyJoule, Inc","PolyJoule, Inc.",United States,B0.251 ,ees Europe ,,Other battery technologies | Stationary energy storage forutilities and grid operators | Stationary energy storage forresidential buildings | Uninterruptible power supply systems(UPS) | Stationary energy storage for commercial and industrialapplications,Secondary Batteries,This company specializes in Secondary Batteries.,Other battery technologies | Stationary energy storage forutilities and grid operators | Stationary energy storage forresidential buildings | Uninterruptible power supply systems(UPS) | Stationary energy storage for commercial and industrialapplications Secondary Batteries,"batteries, ups, battery, storage, stationary"
271,Protex BV - KonkaEnergy,Protex BV - KonkaEnergy,Netherlands,B0.226,ees Europe ,,"Other battery technologies | Lithium-based batteries | Highpower charger, megawatt charging systems | DC chargingsystems",Secondary Batteries,This company specializes in Secondary Batteries.,"Other battery technologies | Lithium-based batteries | Highpower charger, megawatt charging systems | DC chargingsystems Secondary Batteries","chargingsystems, batteries, technologies, charger, battery"
272,SIG Energy Technology,SIG Energy Technology,France,B0.320 ,ees Europe ,,"Lithium-based batteries | Battery testing, inspection systems,safety | Stationary energy storage for commercial and industrialapplications","Secondary Batteries, Materials & Components, Inspection & Measurement Equipment","This company specializes in Secondary Batteries, Materials & Components, Inspection & Measurement Equipment.","Lithium-based batteries | Battery testing, inspection systems,safety | Stationary energy storage for commercial and industrialapplications Secondary Batteries, Materials & Components, Inspection & Measurement Equipment","batteries, lithium, inspection, battery, industrialapplications"
273,Sol Research GmbH,Sol Research GmbH,Germany,B0.360 ,ees Europe ,,"Stand-alone systems, off-grid systems | Inverters | EnergyStorage for low-capacity mobile applications (smartphones,laptops, tablets, etc.) | Stationary energy storage for residentialbuildings | Energy management, monitoring, controlling andload management",Secondary Batteries,This company specializes in Secondary Batteries.,"Stand-alone systems, off-grid systems | Inverters | EnergyStorage for low-capacity mobile applications (smartphones,laptops, tablets, etc.) | Stationary energy storage for residentialbuildings | Energy management, monitoring, controlling andload management Secondary Batteries","energystorage, batteries, inverters, storage, residentialbuildings"
274,Toshiba Electronics Europe GmbH,Toshiba Electronics Europe GmbH,Germany,B0.109 ,ees Europe ,,Lithium-based batteries | Other energy storage technologies,Secondary Batteries,This company specializes in Secondary Batteries.,Lithium-based batteries | Other energy storage technologies Secondary Batteries,"lithium, batteries, storage, secondary, energy"
275,Trasf Eco Srl,Trasf Eco Sr,Italy,B0.125,ees Europe ,,Uninterruptible power supply systems (UPS),Secondary Batteries,This company specializes in Secondary Batteries.,Uninterruptible power supply systems (UPS) Secondary Batteries,"ups, uninterruptible, batteries, secondary, systems"
276,VisBlue,VisBlue,Denmark,B0.246 ,ees Europe ,,Redox flow batteries | Stationary energy storage for commercialand industrial applications,Secondary Batteries,This company specializes in Secondary Batteries.,Redox flow batteries | Stationary energy storage for commercialand industrial applications Secondary Batteries,"batteries, redox, stationary, energy, storage"
277,VoltStorage GmbH,VoltStorage GmbH,Germany,B0.216 ,ees Europe ,,"Redox flow batteries | Stationary energy storage for utilities andgrid operators | Stationary energy storage for commercial andindustrial applications | Carbon Footprint calculation, reductionand offsetting",,No specific product category available.,"Redox flow batteries | Stationary energy storage for utilities andgrid operators | Stationary energy storage for commercial andindustrial applications | Carbon Footprint calculation, reductionand offsetting","batteries, redox, utilities, energy, stationary"
278,Wright Energy Storage Technologies,Wright Energy Storage Technologies,South Africa,B0.134,ees Europe ,,"Other battery technologies | EPC contracting/project development for energy storage systems | Stationary energy storage for utilities and grid operators | Stationary energy storage for residential buildings | Uninterruptible power supply systems (UPS) | ICT, software for energy storage systems | Stationary energy storage for commercial and industrial applications | High power charger, megawatt charging systems | DC charging systems",Secondary Batteries,This company specializes in Secondary Batteries.,"Other battery technologies | EPC contracting/project development for energy storage systems | Stationary energy storage for utilities and grid operators | Stationary energy storage for residential buildings | Uninterruptible power supply systems (UPS) | ICT, software for energy storage systems | Stationary energy storage for commercial and industrial applications | High power charger, megawatt charging systems | DC charging systems Secondary Batteries","ups, batteries, utilities, battery, charger"
279,"Afore New Energy Technology (Shanghai) Co.,Ltd.","Afore New Energy Technology (Shanghai) Co.,Ltd.",China,B4.260 ,ees Europe ,,Inverters | Lithium-based batteries | Stationary energy storagefor residential buildings | Stationary energy storage forcommercial and industrial applications,"Secondary Batteries, Materials & Components","This company specializes in Secondary Batteries, Materials & Components.","Inverters | Lithium-based batteries | Stationary energy storagefor residential buildings | Stationary energy storage forcommercial and industrial applications Secondary Batteries, Materials & Components","batteries, inverters, lithium, storage, residential"
280,"Alpha Lithium Energy Storage Technology (Xi'an)Co, Ltd","Alpha Lithium Energy Storage Technology (Xi'an)Co, Ltd",China,C1.360 ,ees Europe ,,Lithium-based batteries | Cooling/temperature management ofstorage systems | Automation technology for battery production| Stationary energy storage for utilities and grid operators |Stationary energy storage for commercial and industrialapplications,Secondary Batteries,This company specializes in Secondary Batteries.,Lithium-based batteries | Cooling/temperature management ofstorage systems | Automation technology for battery production| Stationary energy storage for utilities and grid operators |Stationary energy storage for commercial and industrialapplications Secondary Batteries,"batteries, lithium, battery, utilities, storage"
281,CBoom International GmbH,CBoom International GmbH,Germany,C1.274,ees Europe ,,Lithium-based batteries | Stationary energy storage for residential buildings | Stationary energy storage for commercial and industrial applications | Stationary energy storage for utilities and grid operators | Battery Materials | Manufacturing equipment for battery module production/assembly and system installation/assembly,"Secondary Batteries, Manufacturing Equipment","This company specializes in Secondary Batteries, Manufacturing Equipment.","Lithium-based batteries | Stationary energy storage for residential buildings | Stationary energy storage for commercial and industrial applications | Stationary energy storage for utilities and grid operators | Battery Materials | Manufacturing equipment for battery module production/assembly and system installation/assembly Secondary Batteries, Manufacturing Equipment","batteries, lithium, battery, utilities, storage"
282,CNBM Germany GmbH,CNBM Germany GmbH,Germany,C1.630 ,ees Europe ,,Stationary energy storage for residential buildings | Stationary energy storage for commercial and industrial applications | Power electronics for storage systems,"Secondary Batteries, Materials & Components, Manufacturing Equipment","This company specializes in Secondary Batteries, Materials & Components, Manufacturing Equipment.","Stationary energy storage for residential buildings | Stationary energy storage for commercial and industrial applications | Power electronics for storage systems Secondary Batteries, Materials & Components, Manufacturing Equipment","batteries, storage, stationary, residential, energy"
283,ECACTUS B.V.,ECACTUS B.V.,Netherlands,C1.380,ees Europe ,,Lithium-based batteries | Stationary energy storage for utilitiesand grid operators | Stationary energy storage for residentialbuildings | Stationary energy storage for commercial andindustrial applications | AC charging systems | DC chargingsystems,Secondary Batteries,This company specializes in Secondary Batteries.,Lithium-based batteries | Stationary energy storage for utilitiesand grid operators | Stationary energy storage for residentialbuildings | Stationary energy storage for commercial andindustrial applications | AC charging systems | DC chargingsystems Secondary Batteries,"batteries, chargingsystems, lithium, residentialbuildings, utilitiesand"
284,Envision Energy CoE GmbH,Envision Energy CoE GmbH,Germany,C1.450 ,ees Europe ,,Stationary energy storage for utilities and grid operators,Secondary Batteries,This company specializes in Secondary Batteries.,Stationary energy storage for utilities and grid operators Secondary Batteries,"batteries, stationary, utilities, storage, energy"
285,Esysunhome New Energy Technology GmbH,Esysunhome New Energy Technology GmbH,Germany,C1.190 ,ees Europe ,,Stationary energy storage for residential buildings | Stationaryenergy storage for commercial and industrial applications,"Secondary Batteries, Materials & Components","This company specializes in Secondary Batteries, Materials & Components.","Stationary energy storage for residential buildings | Stationaryenergy storage for commercial and industrial applications Secondary Batteries, Materials & Components","stationaryenergy, stationary, batteries, storage, energy"
286,FAAM - FIB SPA,FAAM - FIB SPA,Italy,C1.390,ees Europe ,,Lithium-based batteries | Stationary energy storage for utilitiesand grid operators | Stationary energy storage for residentialbuildings | Stationary energy storage for commercial andindustrial applications,Secondary Batteries,This company specializes in Secondary Batteries.,Lithium-based batteries | Stationary energy storage for utilitiesand grid operators | Stationary energy storage for residentialbuildings | Stationary energy storage for commercial andindustrial applications Secondary Batteries,"batteries, lithium, residentialbuildings, stationary, storage"
287,"Gobel Power Energy (Shenzhen) Co., Ltd.","Gobel Power Energy (Shenzhen) Co., Ltd.",China,C1.375 ,ees Europe ,,Lithium-based batteries | Battery management systems,"Secondary Batteries, Inspection & Measurement Equipment","This company specializes in Secondary Batteries, Inspection & Measurement Equipment.","Lithium-based batteries | Battery management systems Secondary Batteries, Inspection & Measurement Equipment","batteries, lithium, battery, inspection, equipment"
288,Gotion High-Tech,Gotion High-Tech,China,C1.350,ees Europe ,,Stationary energy storage for utilities and grid operators |Stationary energy storage for residential buildings | Stationaryenergy storage for commercial and industrial applications,"Secondary Batteries, Materials & Components","This company specializes in Secondary Batteries, Materials & Components.","Stationary energy storage for utilities and grid operators |Stationary energy storage for residential buildings | Stationaryenergy storage for commercial and industrial applications Secondary Batteries, Materials & Components","stationaryenergy, stationary, batteries, storage, utilities"
289,"Guangzhou Great Power Energy & Technology Co.,Ltd.","Guangzhou Great Power Energy & Technology Co.,Ltd.",China,C1.210 ,ees Europe ,,Lithium-based batteries | Power electronics for storage systems| Stationary energy storage for residential buildings | Stationaryenergy storage for commercial and industrial applications,"Secondary Batteries, Materials & Components, Manufacturing Equipment","This company specializes in Secondary Batteries, Materials & Components, Manufacturing Equipment.","Lithium-based batteries | Power electronics for storage systems| Stationary energy storage for residential buildings | Stationaryenergy storage for commercial and industrial applications Secondary Batteries, Materials & Components, Manufacturing Equipment","batteries, lithium, storage, stationaryenergy, electronics"
290,"Huizhou Desay Battery Co., Ltd.","Huizhou Desay Battery Co., Ltd.",China,C1.460 ,ees Europe ,,"Lithium-based batteries | Battery Materials | Energy Storage forlow-capacity mobile applications (smartphones, laptops,tablets, etc.) | Stationary energy storage for residential buildings| Stationary energy storage for commercial and industrialapplications",Secondary Batteries,This company specializes in Secondary Batteries.,"Lithium-based batteries | Battery Materials | Energy Storage forlow-capacity mobile applications (smartphones, laptops,tablets, etc.) | Stationary energy storage for residential buildings| Stationary energy storage for commercial and industrialapplications Secondary Batteries","batteries, lithium, battery, storage, smartphones"
291,well,iwell,Germany,C1.270 ,ees Europe ,,Stationary energy storage for utilities and grid operators |Stationary energy storage for commercial and industrialapplications,Secondary Batteries,This company specializes in Secondary Batteries.,Stationary energy storage for utilities and grid operators |Stationary energy storage for commercial and industrialapplications Secondary Batteries,"stationary, batteries, storage, utilities, energy"
292,Jonsol GmbH,Jonsol GmbH,Germany,C1.290 ,ees Europe ,,Crystalline modules | Lithium-based batteries | Stationaryenergy storage for residential buildings | Stationary energystorage for commercial and industrial applications | DCcharging systems,"Secondary Batteries, Materials & Components, Manufacturing Equipment","This company specializes in Secondary Batteries, Materials & Components, Manufacturing Equipment.","Crystalline modules | Lithium-based batteries | Stationaryenergy storage for residential buildings | Stationary energystorage for commercial and industrial applications | DCcharging systems Secondary Batteries, Materials & Components, Manufacturing Equipment","batteries, energystorage, lithium, storage, stationaryenergy"
293,Karyn International INC,Karyn International INC,United States,C1.480,ees Europe ,,Lead-based batteries | Lithium-based batteries,Secondary Batteries,This company specializes in Secondary Batteries.,Lead-based batteries | Lithium-based batteries Secondary Batteries,"batteries, lithium, lead, secondary, based"
294,Kontek Kontrol Teknolojileri ve Otomasyon San.Tic. A.S,Kontek Kontrol Teknolojileri ve Otomasyon San.Tic. A.S,Turkiye,C1.280 ,ees Europe ,,EPC contracting/project development for energy storagesystems | Stationary energy storage for commercial andindustrial applications,Secondary Batteries,This company specializes in Secondary Batteries.,EPC contracting/project development for energy storagesystems | Stationary energy storage for commercial andindustrial applications Secondary Batteries,"epc, batteries, storagesystems, storage, contracting"
295,NPP Power Europe B.V.,NPP Power Europe B.V.,Netherlands,C1.220 ,ees Europe ,,Lead-based batteries | Lithium-based batteries,Secondary Batteries,This company specializes in Secondary Batteries.,Lead-based batteries | Lithium-based batteries Secondary Batteries,"batteries, lithium, lead, secondary, based"
296,POWEROAK GmbH,POWEROAK GmbH,Germany,C1.476 ,ees Europe ,,EPC contracting/project development for energy storagesystems | Stationary energy storage for residential buildings |Uninterruptible power supply systems (UPS),"Secondary Batteries, Materials & Components","This company specializes in Secondary Batteries, Materials & Components.","EPC contracting/project development for energy storagesystems | Stationary energy storage for residential buildings |Uninterruptible power supply systems (UPS) Secondary Batteries, Materials & Components","ups, epc, storagesystems, batteries, storage"
297,"Shanghai PYTES Energy Co., Ltd.","Shanghai PYTES Energy Co., Ltd.",China,C1.640 ,ees Europe ,,Lithium-based batteries | Stationary energy storage forresidential buildings | Stationary energy storage for commercialand industrial applications,"Secondary Batteries, Materials & Components","This company specializes in Secondary Batteries, Materials & Components.","Lithium-based batteries | Stationary energy storage forresidential buildings | Stationary energy storage for commercialand industrial applications Secondary Batteries, Materials & Components","batteries, lithium, storage, stationary, buildings"
298,"Shanghai Sunnic New Energy Technology Co., Ltd","Shanghai Sunnic New Energy Technology Co., Ltd",China,C1.550 ,ees Europe ,,Solar cells | Stationary energy storage for utilities and gridoperators | Stationary energy storage for commercial andindustrial applications | DC charging systems,Secondary Batteries,This company specializes in Secondary Batteries.,Solar cells | Stationary energy storage for utilities and gridoperators | Stationary energy storage for commercial andindustrial applications | DC charging systems Secondary Batteries,"batteries, solar, stationary, storage, charging"
299,"Shenghong Ligend Power Co., Ltd.","Shenghong Ligend Power Co., Ltd.",China,C1.560 ,ees Europe ,,"Lithium-based batteries | Battery testing, inspection systems,safety | Stationary energy storage for utilities and grid operators| Stationary energy storage for residential buildings | Stationaryenergy storage for commercial and industrial applications",Secondary Batteries,This company specializes in Secondary Batteries.,"Lithium-based batteries | Battery testing, inspection systems,safety | Stationary energy storage for utilities and grid operators| Stationary energy storage for residential buildings | Stationaryenergy storage for commercial and industrial applications Secondary Batteries","batteries, lithium, stationaryenergy, utilities, battery"
300,"Shenzhen CLOU Electronics Co., Ltd.","Shenzhen CLOU Electronics Co., Ltd.",China,C1.559 ,ees Europe ,,Power electronics for storage systems | Battery managementsystems | Stationary energy storage for utilities and gridoperators | Uninterruptible power supply systems (UPS) |Stationary energy storage for commercial and industrialapplications,"Secondary Batteries, Manufacturing Equipment, Inspection & Measurement Equipment","This company specializes in Secondary Batteries, Manufacturing Equipment, Inspection & Measurement Equipment.","Power electronics for storage systems | Battery managementsystems | Stationary energy storage for utilities and gridoperators | Uninterruptible power supply systems (UPS) |Stationary energy storage for commercial and industrialapplications Secondary Batteries, Manufacturing Equipment, Inspection & Measurement Equipment","ups, batteries, electronics, battery, storage"
301,"Sichuan Aviation Electrical Micro Energy Co., Ltd.","Sichuan Aviation Electrical Micro Energy Co., Ltd.",China,C1.470 ,ees Europe ,,"Inverters | Battery management systems | Energy Storage forlow-capacity mobile applications (smartphones, laptops,tablets, etc.) | Stationary energy storage for residential buildings","Secondary Batteries, Capacitors, Inspection & Measurement Equipment, Materials & Components","This company specializes in Secondary Batteries, Capacitors, Inspection & Measurement Equipment, Materials & Components.","Inverters | Battery management systems | Energy Storage forlow-capacity mobile applications (smartphones, laptops,tablets, etc.) | Stationary energy storage for residential buildings Secondary Batteries, Capacitors, Inspection & Measurement Equipment, Materials & Components","inverters, batteries, storage, battery, smartphones"
302,Absen Energy,Absen Energy,China,C2.13,ees Europe ,,"Lithium-based batteries | Stationary energy storage forresidential buildings | Stationary energy storage for commercialand industrial applications | Home energy managementsolutions (HEMS) | Energy management, monitoring, controllingand load management",Secondary Batteries,This company specializes in Secondary Batteries.,"Lithium-based batteries | Stationary energy storage forresidential buildings | Stationary energy storage for commercialand industrial applications | Home energy managementsolutions (HEMS) | Energy management, monitoring, controllingand load management Secondary Batteries","batteries, lithium, storage, buildings, energy"
303,"Beijing XD Battery Technology Co., LTD.","Beijing XD Battery Technology Co., LTD.",China,C2.572 ,ees Europe ,,Lithium-based batteries,Secondary Batteries,This company specializes in Secondary Batteries.,Lithium-based batteries Secondary Batteries,"lithium, batteries, secondary, based"
304,BMZ Group,BMZ Group,Germany,C2.240,ees Europe ,,Lithium-based batteries | Stationary energy storage for residential buildings | Stationary energy storage for commercial and industrial applications,"Secondary Batteries, Materials & Components","This company specializes in Secondary Batteries, Materials & Components.","Lithium-based batteries | Stationary energy storage for residential buildings | Stationary energy storage for commercial and industrial applications Secondary Batteries, Materials & Components","lithium, batteries, storage, residential, stationary"
305,"Bescore New Energy Technology (Qingdao) Co.,Ltd.","Bescore New Energy Technology (Qingdao) Co.,Ltd.",China,C2.250 ,ees Europe ,,Stationary energy storage for residential buildings | Stationaryenergy storage for commercial and industrial applications,"Secondary Batteries, Materials & Components","This company specializes in Secondary Batteries, Materials & Components.","Stationary energy storage for residential buildings | Stationaryenergy storage for commercial and industrial applications Secondary Batteries, Materials & Components","stationaryenergy, stationary, batteries, storage, energy"
306,"BSL New Energy Technology Co., Ltd","BSL New Energy Technology Co., Ltd",China,C2.660,ees Europe ,,Lead-based batteries | Lithium-based batteries,Secondary Batteries,This company specializes in Secondary Batteries.,Lead-based batteries | Lithium-based batteries Secondary Batteries,"batteries, lithium, lead, secondary, based"
307,CE+T Power,CE+T Power,Belgium,C2.139 ,ees Europe ,,Power electronics for storage systems | Stationary energystorage for utilities and grid operators | Uninterruptible powersupply systems (UPS) | Stationary energy storage forcommercial and industrial applications,Manufacturing Equipment,This company specializes in Manufacturing Equipment.,Power electronics for storage systems | Stationary energystorage for utilities and grid operators | Uninterruptible powersupply systems (UPS) | Stationary energy storage forcommercial and industrial applications Manufacturing Equipment,"ups, energystorage, electronics, powersupply, storage"
308,"CEA Group International Co., Ltd","CEA Group International Co., Ltd",China,C2.371 ,ees Europe ,,Lithium-based batteries,Secondary Batteries,This company specializes in Secondary Batteries.,Lithium-based batteries Secondary Batteries,"lithium, batteries, secondary, based"
309,"CEEC Energy Storage Technology (Wuhan) Co.,Ltd.","CEEC Energy Storage Technology (Wuhan) Co.,Ltd.",China,C2.180 ,ees Europe ,,Battery management systems | Stationary energy storage forutilities and grid operators | Stationary energy storage forresidential buildings | Stationary energy storage for commercialand industrial applications,"Secondary Batteries, Inspection & Measurement Equipment","This company specializes in Secondary Batteries, Inspection & Measurement Equipment.","Battery management systems | Stationary energy storage forutilities and grid operators | Stationary energy storage forresidential buildings | Stationary energy storage for commercialand industrial applications Secondary Batteries, Inspection & Measurement Equipment","batteries, battery, stationary, storage, buildings"
310,"Ceepower Co., Ltd.","Ceepower Co., Ltd.",China,C2.780 ,ees Europe ,,"Collectors, absorbers | PV systems for residential buildings | Stationary energy storage for residential buildings | Battery management systems | Vehicle-to-X, bi-directional charging","Secondary Batteries, Materials & Components, Inspection & Measurement Equipment","This company specializes in Secondary Batteries, Materials & Components, Inspection & Measurement Equipment.","Collectors, absorbers | PV systems for residential buildings | Stationary energy storage for residential buildings | Battery management systems | Vehicle-to-X, bi-directional charging Secondary Batteries, Materials & Components, Inspection & Measurement Equipment","batteries, collectors, systems, pv, absorbers"
311,"CIEC Haihua International Exhibition Co., Ltd","CIEC Haihua International Exhibition Co., Ltd",China,C2.530 ,ees Europe ,,"Battery testing, inspection systems, safety | Manufacturingequipment for battery module production/assembly and systeminstallation/assembly | Stationary energy storage for utilitiesand grid operators | Stationary energy storage for residentialbuildings | Stationary energy storage for commercial andindustrial applications",Manufacturing Equipment,This company specializes in Manufacturing Equipment.,"Battery testing, inspection systems, safety | Manufacturingequipment for battery module production/assembly and systeminstallation/assembly | Stationary energy storage for utilitiesand grid operators | Stationary energy storage for residentialbuildings | Stationary energy storage for commercial andindustrial applications Manufacturing Equipment","residentialbuildings, manufacturingequipment, utilitiesand, battery, inspection"
312,"Contemporary Nebula Technology Energy Co., Ltd.","Contemporary Nebula Technology Energy Co., Ltd.",China,C2.360 ,ees Europe ,,"Battery testing, inspection systems, safety | Batterymanagement systems | Stationary energy storage for utilitiesand grid operators | Stationary energy storage for residentialbuildings | Stationary energy storage for commercial andindustrial applications",Secondary Batteries,This company specializes in Secondary Batteries.,"Battery testing, inspection systems, safety | Batterymanagement systems | Stationary energy storage for utilitiesand grid operators | Stationary energy storage for residentialbuildings | Stationary energy storage for commercial andindustrial applications Secondary Batteries","batterymanagement, batteries, residentialbuildings, battery, utilitiesand"
313,Cubenergy GmbH,Cubenergy GmbH,Germany,C2.130,ees Europe ,,Stationary energy storage for utilities and grid operators |Stationary energy storage for commercial and industrialapplications,Secondary Batteries,This company specializes in Secondary Batteries.,Stationary energy storage for utilities and grid operators |Stationary energy storage for commercial and industrialapplications Secondary Batteries,"stationary, batteries, storage, utilities, energy"
314,"Dongguan Hinen New Energy Technology Co., Ltd","Dongguan Hinen New Energy Technology Co., Ltd",China,C2.280 ,ees Europe ,,Inverters | Lithium-based batteries | Stationary energy storagefor residential buildings | Uninterruptible power supply systems(UPS) | Stationary energy storage for commercial and industrialapplications,Secondary Batteries,This company specializes in Secondary Batteries.,Inverters | Lithium-based batteries | Stationary energy storagefor residential buildings | Uninterruptible power supply systems(UPS) | Stationary energy storage for commercial and industrialapplications Secondary Batteries,"ups, batteries, inverters, storage, lithium"
315,"Eitai (Xiamen) New Energy Technology Co., Ltd","Eitai (Xiamen) New Energy Technology Co., Ltd",China,C2.272,ees Europe ,,"Crystalline modules | Inverters | Lithium-based batteries | EnergyStorage for low-capacity mobile applications (smartphones,laptops, tablets, etc.) | Stationary energy storage for residentialbuildings","Secondary Batteries, Manufacturing Equipment","This company specializes in Secondary Batteries, Manufacturing Equipment.","Crystalline modules | Inverters | Lithium-based batteries | EnergyStorage for low-capacity mobile applications (smartphones,laptops, tablets, etc.) | Stationary energy storage for residentialbuildings Secondary Batteries, Manufacturing Equipment","batteries, energystorage, lithium, storage, crystalline"
316,EKOS Electric,EKOS Electric,Turkiye,C2.151 ,ees Europe ,,Lithium-based batteries | Power electronics for storage systems| Stationary energy storage for utilities and grid operators |Stationary energy storage for commercial and industrialapplications | Mobility as a Service (MaaS),"Secondary Batteries, Manufacturing Equipment","This company specializes in Secondary Batteries, Manufacturing Equipment.","Lithium-based batteries | Power electronics for storage systems| Stationary energy storage for utilities and grid operators |Stationary energy storage for commercial and industrialapplications | Mobility as a Service (MaaS) Secondary Batteries, Manufacturing Equipment","batteries, lithium, utilities, storage, maas"
317,Energy S.p.A.,Energy S.p.A.,Italy,C2.450 ,ees Europe ,,"Lithium-based batteries | Power electronics for storage systems| Stationary energy storage for utilities and grid operators | ICT,software for energy storage systems | Stationary energy storagefor commercial and industrial applications","Secondary Batteries, Manufacturing Equipment","This company specializes in Secondary Batteries, Manufacturing Equipment.","Lithium-based batteries | Power electronics for storage systems| Stationary energy storage for utilities and grid operators | ICT,software for energy storage systems | Stationary energy storagefor commercial and industrial applications Secondary Batteries, Manufacturing Equipment","batteries, lithium, storage, electronics, utilities"
318,Evyon AS,Evyon AS,Norway,C2.355 ,ees Europe ,,"Lithium-based batteries | Battery recycling/second use | ICT,software for energy storage systems | Stationary energy storagefor commercial and industrial applications",Secondary Batteries,This company specializes in Secondary Batteries.,"Lithium-based batteries | Battery recycling/second use | ICT,software for energy storage systems | Stationary energy storagefor commercial and industrial applications Secondary Batteries","batteries, lithium, battery, storage, storagefor"
319,"Far East Battery Jiangsu Co., Ltd","Far East Battery Jiangsu Co., Ltd",China,C2.550 ,ees Europe ,,Manufacturing equipment for battery moduleproduction/assembly and system installation/assembly |Automation technology for battery production | Stationaryenergy storage for utilities and grid operators | Stationaryenergy storage for residential buildings | Stationary energystorage for commercial and industrial applications,Manufacturing Equipment,This company specializes in Manufacturing Equipment.,Manufacturing equipment for battery moduleproduction/assembly and system installation/assembly |Automation technology for battery production | Stationaryenergy storage for utilities and grid operators | Stationaryenergy storage for residential buildings | Stationary energystorage for commercial and industrial applications Manufacturing Equipment,"energystorage, industrial, equipment, stationaryenergy, battery"
320,Fluence Energy GmbH,Fluence Energy GmbH,Germany,C2.420,ees Europe ,,"Other battery technologies | Lithium-based batteries | Stationaryenergy storage for utilities and grid operators | Products andservices for smart grids | Digitalisation, data management &analytics, IoT",Secondary Batteries,This company specializes in Secondary Batteries.,"Other battery technologies | Lithium-based batteries | Stationaryenergy storage for utilities and grid operators | Products andservices for smart grids | Digitalisation, data management &analytics, IoT Secondary Batteries","batteries, lithium, utilities, battery, technologies"
321,"Fujian BETTENERGY Technology Co., Ltd","Fujian BETTENERGY Technology Co., Ltd",China,C2.454 ,ees Europe ,,Lithium-based batteries | Stationary energy storage forresidential buildings,"Secondary Batteries, Materials & Components","This company specializes in Secondary Batteries, Materials & Components.","Lithium-based batteries | Stationary energy storage forresidential buildings Secondary Batteries, Materials & Components","lithium, batteries, storage, buildings, stationary"
322,GivEnergy Europe BV,GivEnergy Europe BV,Netherlands,C2.140 ,ees Europe ,,"Lithium-based batteries | Manufacturing equipment for batterymodule production/assembly and system installation/assembly| Stationary energy storage for utilities and grid operators |Stationary energy storage for residential buildings |Uninterruptible power supply systems (UPS) | Stationary energystorage for commercial and industrial applications | ACcharging systems | Home energy management solutions(HEMS) | Energy management, monitoring, controlling and loadmanagement | Fleet management solutions | Apps, productsand services","Secondary Batteries, Manufacturing Equipment","This company specializes in Secondary Batteries, Manufacturing Equipment.","Lithium-based batteries | Manufacturing equipment for batterymodule production/assembly and system installation/assembly| Stationary energy storage for utilities and grid operators |Stationary energy storage for residential buildings |Uninterruptible power supply systems (UPS) | Stationary energystorage for commercial and industrial applications | ACcharging systems | Home energy management solutions(HEMS) | Energy management, monitoring, controlling and loadmanagement | Fleet management solutions | Apps, productsand services Secondary Batteries, Manufacturing Equipment","batteries, batterymodule, utilities, lithium, energystorage"
323,GLOCK Ecotech GmbH,GLOCK Ecotech GmbH,Austria,C2.160,ees Europe ,,"Stationary energy storage for commercial and industrialapplications | Products and services for microgrids | Combinedheat, (cooling) and power systems | DER management & systemintegration | Other renewable energy systems (biomass, wind,hydro etc.)",Secondary Batteries,This company specializes in Secondary Batteries.,"Stationary energy storage for commercial and industrialapplications | Products and services for microgrids | Combinedheat, (cooling) and power systems | DER management & systemintegration | Other renewable energy systems (biomass, wind,hydro etc.) Secondary Batteries","microgrids, renewable, batteries, storage, stationary"
324,"GreenOE Technology Co., Ltd.","GreenOE Technology Co., Ltd.",China,C2.576,ees Europe ,,"Energy Storage for low-capacity mobile applications(smartphones, laptops, tablets, etc.)","Capacitors, Materials & Components","This company specializes in Capacitors, Materials & Components.","Energy Storage for low-capacity mobile applications(smartphones, laptops, tablets, etc.) Capacitors, Materials & Components","smartphones, storage, capacitors, laptops, energy"
325,"Guangzhou Rongjie Energy Technology Co., Ltd","Guangzhou Rongjie Energy Technology Co., Ltd.",China,C2.560,ees Europe ,,Lead-based batteries | Other battery technologies | Lithiumbasedbatteries | Stationary energy storage for residentialbuildings | Stationary energy storage for commercial andindustrial applications,"Secondary Batteries, Materials & Components","This company specializes in Secondary Batteries, Materials & Components.","Lead-based batteries | Other battery technologies | Lithiumbasedbatteries | Stationary energy storage for residentialbuildings | Stationary energy storage for commercial andindustrial applications Secondary Batteries, Materials & Components","batteries, lithiumbasedbatteries, battery, residentialbuildings, storage"
326,"Hangzhou Espark New Energy Co.,Ltd","Hangzhou Espark New Energy Co.,Ltd",China,C2.676 ,ees Europe ,,"Lithium-based batteries | Energy Storage for low-capacitymobile applications (smartphones, laptops, tablets, etc.) |Stationary energy storage for residential buildings | Stationaryenergy storage for commercial and industrial applications",Secondary Batteries,This company specializes in Secondary Batteries.,"Lithium-based batteries | Energy Storage for low-capacitymobile applications (smartphones, laptops, tablets, etc.) |Stationary energy storage for residential buildings | Stationaryenergy storage for commercial and industrial applications Secondary Batteries","batteries, lithium, storage, stationaryenergy, smartphones"
327,"Hangzhou Huasu Technology Co., Ltd","Hangzhou Huasu Technology Co., Ltd",China,C2.574 ,ees Europe ,,Battery management systems | Stationary energy storage forutilities and grid operators | Stationary energy storage forcommercial and industrial applications,"Secondary Batteries, Inspection & Measurement Equipment","This company specializes in Secondary Batteries, Inspection & Measurement Equipment.","Battery management systems | Stationary energy storage forutilities and grid operators | Stationary energy storage forcommercial and industrial applications Secondary Batteries, Inspection & Measurement Equipment","batteries, battery, storage, stationary, equipment"
328,"Hoenergy Power Technology Co., Ltd.","Hoenergy Power Technology Co., Ltd.",China,C2.155 ,ees Europe ,,Lithium-based batteries | Stationary energy storage for utilitiesand grid operators | Stationary energy storage for residentialbuildings | Stationary energy storage for commercial andindustrial applications,Secondary Batteries,This company specializes in Secondary Batteries.,Lithium-based batteries | Stationary energy storage for utilitiesand grid operators | Stationary energy storage for residentialbuildings | Stationary energy storage for commercial andindustrial applications Secondary Batteries,"batteries, lithium, residentialbuildings, stationary, storage"
329,"Hunan GCE Technology Co.,Ltd.","Hunan GCE Technology Co.,Ltd.",China,C2.377 ,ees Europe ,,Other energy storage technologies | Battery managementsystems | Stationary energy storage for residential buildings |Stationary energy storage for commercial and industrialapplications,"Secondary Batteries, Materials & Components, Inspection & Measurement Equipment","This company specializes in Secondary Batteries, Materials & Components, Inspection & Measurement Equipment.","Other energy storage technologies | Battery managementsystems | Stationary energy storage for residential buildings |Stationary energy storage for commercial and industrialapplications Secondary Batteries, Materials & Components, Inspection & Measurement Equipment","batteries, storage, battery, industrialapplications, technologies"
330,"Hunan Hametech Technology Co.,Limited","Hunan Hametech Technology Co.,Limited",China,C2.210,ees Europe ,,"Other battery technologies | Lithium-based batteries | Powerelectronics for storage systems | Energy Storage for lowcapacitymobile applications (smartphones, laptops, tablets,etc.) | Stationary energy storage for residential buildings","Secondary Batteries, Manufacturing Equipment","This company specializes in Secondary Batteries, Manufacturing Equipment.","Other battery technologies | Lithium-based batteries | Powerelectronics for storage systems | Energy Storage for lowcapacitymobile applications (smartphones, laptops, tablets,etc.) | Stationary energy storage for residential buildings Secondary Batteries, Manufacturing Equipment","batteries, technologies, battery, lithium, smartphones"
331,Inovat Mühendislik Sanayi Ticaret a.s.,Inovat Mühendislik Sanayi Ticaret a.s.,Turkiye,C2.554 ,ees Europe ,,"Stationary energy storage for utilities and grid operators | ICT,software for energy storage systems | Stationary energy storagefor commercial and industrial applications | Virtual powerplants/combined power plants | DER management & systemintegration",Secondary Batteries,This company specializes in Secondary Batteries.,"Stationary energy storage for utilities and grid operators | ICT,software for energy storage systems | Stationary energy storagefor commercial and industrial applications | Virtual powerplants/combined power plants | DER management & systemintegration Secondary Batteries","powerplants, utilities, storage, batteries, stationary"
332,"iPotisEdge Co., Ltd.","iPotisEdge Co., Ltd.",China,C2.290,ees Europe ,,Lithium-based batteries | Battery management systems |Stationary energy storage for utilities and grid operators |Stationary energy storage for residential buildings | Stationaryenergy storage for commercial and industrial applications,Secondary Batteries,This company specializes in Secondary Batteries.,Lithium-based batteries | Battery management systems |Stationary energy storage for utilities and grid operators |Stationary energy storage for residential buildings | Stationaryenergy storage for commercial and industrial applications Secondary Batteries,"batteries, lithium, stationaryenergy, battery, stationary"
333,"Jiangsu CCPIT International Conference &Exhibition Co., Ltd.","Jiangsu CCPIT International Conference &Exhibition Co., Ltd.",China,C2.370 ,ees Europe ,,Stationary energy storage for utilities and grid operators |Stationary energy storage for residential buildings | Stationaryenergy storage for commercial and industrial applications,"Secondary Batteries, Materials & Components","This company specializes in Secondary Batteries, Materials & Components.","Stationary energy storage for utilities and grid operators |Stationary energy storage for residential buildings | Stationaryenergy storage for commercial and industrial applications Secondary Batteries, Materials & Components","stationaryenergy, stationary, batteries, storage, utilities"
334,"Jiangsu Oliter Energy Technology Co., Ltd","Jiangsu Oliter Energy Technology Co., Ltd",China,C2.650 ,ees Europe ,,Lithium-based batteries | Stationary energy storage for utilitiesand grid operators | Stationary energy storage for residentialbuildings | Stationary energy storage for commercial andindustrial applications,Secondary Batteries,This company specializes in Secondary Batteries.,Lithium-based batteries | Stationary energy storage for utilitiesand grid operators | Stationary energy storage for residentialbuildings | Stationary energy storage for commercial andindustrial applications Secondary Batteries,"batteries, lithium, residentialbuildings, stationary, storage"
335,MAS Elektronik AG,MAS Elektronik AG,Germany,C2.654 ,ees Europe ,,"Lithium-based batteries | Power electronics for storage systems| Stationary energy storage for residential buildings | Stationaryenergy storage for commercial and industrial applications |Contacts, wiring, insulation for batteries","Secondary Batteries, Manufacturing Equipment","This company specializes in Secondary Batteries, Manufacturing Equipment.","Lithium-based batteries | Power electronics for storage systems| Stationary energy storage for residential buildings | Stationaryenergy storage for commercial and industrial applications |Contacts, wiring, insulation for batteries Secondary Batteries, Manufacturing Equipment","batteries, lithium, storage, electronics, stationaryenergy"
336,Mercedes-Benz Energy GmbH,Mercedes-Benz Energy GmbH,Germany,C2.310 ,ees Europe ,,Lithium-based batteries | Battery recycling/second use |Stationary energy storage for utilities and grid operators |Stationary energy storage for commercial and industrialapplications,Secondary Batteries,This company specializes in Secondary Batteries.,Lithium-based batteries | Battery recycling/second use |Stationary energy storage for utilities and grid operators |Stationary energy storage for commercial and industrialapplications Secondary Batteries,"batteries, lithium, battery, utilities, storage"
337,"MICA POWER CO., LTD.","MICA POWER CO., LTD.",China,C2.137,ees Europe ,,Lithium-based batteries | Stationary energy storage for utilitiesand grid operators | Stationary energy storage for residentialbuildings | Stationary energy storage for commercial andindustrial applications,Secondary Batteries,This company specializes in Secondary Batteries.,Lithium-based batteries | Stationary energy storage for utilitiesand grid operators | Stationary energy storage for residentialbuildings | Stationary energy storage for commercial andindustrial applications Secondary Batteries,"batteries, lithium, residentialbuildings, stationary, storage"
338,"Nahui Renewable Energy Technology Co.,Ltd","Nahui Renewable Energy Technology Co.,Ltd",China,C2.150 ,ees Europe ,,"Power electronics for storage systems | Battery managementsystems | Uninterruptible power supply systems (UPS) | ICT,software for energy storage systems","Secondary Batteries, Manufacturing Equipment, Inspection & Measurement Equipment","This company specializes in Secondary Batteries, Manufacturing Equipment, Inspection & Measurement Equipment.","Power electronics for storage systems | Battery managementsystems | Uninterruptible power supply systems (UPS) | ICT,software for energy storage systems Secondary Batteries, Manufacturing Equipment, Inspection & Measurement Equipment","ups, electronics, batteries, battery, ict"
339,Nala Energy GmbH,Nala Energy GmbH,Germany,C2.254,ees Europe ,,Other battery technologies | Other energy storage technologies |EPC contracting/project development for energy storagesystems | Stationary energy storage for utilities and gridoperators,Secondary Batteries,This company specializes in Secondary Batteries.,Other battery technologies | Other energy storage technologies |EPC contracting/project development for energy storagesystems | Stationary energy storage for utilities and gridoperators Secondary Batteries,"batteries, storagesystems, battery, utilities, storage"
340,NHOA Energy S.r.l.,NHOA Energy S.r.l.,Italy,C2.179 ,ees Europe ,,Lithium-based batteries | Manufacturing equipment for batterymodule production/assembly and system installation/assembly| Stationary energy storage for utilities and grid operators,"Secondary Batteries, Manufacturing Equipment","This company specializes in Secondary Batteries, Manufacturing Equipment.","Lithium-based batteries | Manufacturing equipment for batterymodule production/assembly and system installation/assembly| Stationary energy storage for utilities and grid operators Secondary Batteries, Manufacturing Equipment","batterymodule, batteries, lithium, manufacturing, utilities"
341,"PCENERSYS (Shenzhen) Co., Ltd.","PCENERSYS (Shenzhen) Co., Ltd.",China,C2.774,ees Europe ,,Lithium-based batteries | Battery management systems,"Secondary Batteries, Inspection & Measurement Equipment","This company specializes in Secondary Batteries, Inspection & Measurement Equipment.","Lithium-based batteries | Battery management systems Secondary Batteries, Inspection & Measurement Equipment","batteries, lithium, battery, inspection, equipment"
342,Pixii AS,Pixii AS,Norway,C2.220 ,ees Europe ,,Stationary energy storage for utilities and grid operators |Stationary energy storage for residential buildings | Stationaryenergy storage for commercial and industrial applications,"Secondary Batteries, Materials & Components","This company specializes in Secondary Batteries, Materials & Components.","Stationary energy storage for utilities and grid operators |Stationary energy storage for residential buildings | Stationaryenergy storage for commercial and industrial applications Secondary Batteries, Materials & Components","stationaryenergy, stationary, batteries, storage, utilities"
343,Pomega Energy Storage Technologies Inc.,Pomega Energy Storage Technologies Inc.,Turkiye,C2.655 ,ees Europe ,,Lithium-based batteries | Battery recycling/second use | EPCcontracting/project development for energy storage systems |Stationary energy storage for utilities and grid operators |Stationary energy storage for commercial and industrialapplications,Secondary Batteries,This company specializes in Secondary Batteries.,Lithium-based batteries | Battery recycling/second use | EPCcontracting/project development for energy storage systems |Stationary energy storage for utilities and grid operators |Stationary energy storage for commercial and industrialapplications Secondary Batteries,"batteries, lithium, battery, utilities, recycling"
344,Powin LLC,Powin LLC,United States,C2.340 ,ees Europe ,,Lithium-based batteries | Stationary energy storage for utilitiesand grid operators,Secondary Batteries,This company specializes in Secondary Batteries.,Lithium-based batteries | Stationary energy storage for utilitiesand grid operators Secondary Batteries,"lithium, batteries, stationary, storage, utilitiesand"
345,"Qingdao Angile Energy Tech Co., Ltd","Qingdao Angile Energy Tech Co., Ltd",China,C2.580 ,ees Europe ,,Stationary energy storage for residential buildings | Stationaryenergy storage for commercial and industrial applications,"Secondary Batteries, Materials & Components","This company specializes in Secondary Batteries, Materials & Components.","Stationary energy storage for residential buildings | Stationaryenergy storage for commercial and industrial applications Secondary Batteries, Materials & Components","stationaryenergy, stationary, batteries, storage, energy"
346,"Resources Technology Co., Ltd","Resources Technology Co., Ltd",China,C2.776 ,ees Europe ,,Inverters | Lithium-based batteries | Stationary energy storagefor utilities and grid operators | Stationary energy storage forresidential buildings | Stationary energy storage for commercialand industrial applications,Secondary Batteries,This company specializes in Secondary Batteries.,Inverters | Lithium-based batteries | Stationary energy storagefor utilities and grid operators | Stationary energy storage forresidential buildings | Stationary energy storage for commercialand industrial applications Secondary Batteries,"batteries, inverters, utilities, lithium, stationary"
347,RVA Energietechnick GmbH & Co. KG,RVA Energietechnick GmbH & Co. KG,Germany,C2.610 ,ees Europe ,,Lithium-based batteries | Stationary energy storage forcommercial and industrial applications | Traction battery andinfrastructure | Light electric vehicles (LEV) | Commercial &special electric vehicles,Secondary Batteries,This company specializes in Secondary Batteries.,Lithium-based batteries | Stationary energy storage forcommercial and industrial applications | Traction battery andinfrastructure | Light electric vehicles (LEV) | Commercial &special electric vehicles Secondary Batteries,"batteries, lithium, battery, vehicles, electric"
348,Sentisina GmbH,Sentisina GmbH,Germany,C2.570 ,ees Europe ,,Lithium-based batteries,Secondary Batteries,This company specializes in Secondary Batteries.,Lithium-based batteries Secondary Batteries,"lithium, batteries, secondary, based"
349,Shanghai Sermatec Energy Technology Co. Ltd.,Shanghai Sermatec Energy Technology Co. Ltd.,China,C2.460 ,ees Europe ,,Stationary energy storage for residential buildings | Stationaryenergy storage for commercial and industrial applications,"Secondary Batteries, Materials & Components","This company specializes in Secondary Batteries, Materials & Components.","Stationary energy storage for residential buildings | Stationaryenergy storage for commercial and industrial applications Secondary Batteries, Materials & Components","stationaryenergy, stationary, batteries, storage, energy"
350,"Shenzhen Doke Electronic Co., Ltd","Shenzhen Doke Electronic Co., Ltd",China,C2.777,ees Europe ,,"Energy Storage for low-capacity mobile applications(smartphones, laptops, tablets, etc.)","Capacitors, Materials & Components","This company specializes in Capacitors, Materials & Components.","Energy Storage for low-capacity mobile applications(smartphones, laptops, tablets, etc.) Capacitors, Materials & Components","smartphones, storage, capacitors, laptops, energy"
351,"Shenzhen Eel Battery Co., Ltd.","Shenzhen Eel Battery Co., Ltd.",China,C2.379 ,ees Europe ,,Lithium-based batteries | Battery management systems |Stationary energy storage for residential buildings | Stationaryenergy storage for commercial and industrial applications |Battery housing,"Secondary Batteries, Materials & Components, Inspection & Measurement Equipment","This company specializes in Secondary Batteries, Materials & Components, Inspection & Measurement Equipment.","Lithium-based batteries | Battery management systems |Stationary energy storage for residential buildings | Stationaryenergy storage for commercial and industrial applications |Battery housing Secondary Batteries, Materials & Components, Inspection & Measurement Equipment","batteries, lithium, battery, storage, stationaryenergy"
352,"Shenzhen Envicool Technology Co., Ltd","Shenzhen Envicool Technology Co., Ltd",China,C2.171 ,ees Europe ,,Other energy storage technologies,Secondary Batteries,This company specializes in Secondary Batteries.,Other energy storage technologies Secondary Batteries,"batteries, storage, secondary, energy, technologies"
353,"Shenzhen Grenergy Technology Co.,Ltd","Shenzhen Grenergy Technology Co.,Ltd",China,C2.373 ,ees Europe ,,Lead-based batteries | Lithium-based batteries | Stationaryenergy storage for residential buildings | Stationary energystorage for commercial and industrial applications | Lightelectric vehicles (LEV),Secondary Batteries,This company specializes in Secondary Batteries.,Lead-based batteries | Lithium-based batteries | Stationaryenergy storage for residential buildings | Stationary energystorage for commercial and industrial applications | Lightelectric vehicles (LEV) Secondary Batteries,"batteries, energystorage, lithium, lightelectric, stationaryenergy"
354,"SHENZHEN HUAHANG ENERGY CO., LTD","SHENZHEN HUAHANG ENERGY CO., LTD",China,C2.375 ,ees Europe ,,Lithium-based batteries,Secondary Batteries,This company specializes in Secondary Batteries.,Lithium-based batteries Secondary Batteries,"lithium, batteries, secondary, based"
355,"Shenzhen Shine Well Power Technology Co., Ltd.","Shenzhen Shine Well Power Technology Co., Ltd.",China,C2.274 ,ees Europe ,,Lithium-based batteries | Stationary energy storage forresidential buildings | Stationary energy storage for commercialand industrial applications,"Secondary Batteries, Materials & Components","This company specializes in Secondary Batteries, Materials & Components.","Lithium-based batteries | Stationary energy storage forresidential buildings | Stationary energy storage for commercialand industrial applications Secondary Batteries, Materials & Components","batteries, lithium, storage, stationary, buildings"
356,"Shenzhen Sinexcel Electric Co.,Ltd.","Shenzhen Sinexcel Electric Co.,Ltd.",China,C2.110 ,ees Europe ,,Power electronics for storage systems | Stationary energystorage for utilities and grid operators | Stationary energystorage for commercial and industrial applications,"Secondary Batteries, Manufacturing Equipment","This company specializes in Secondary Batteries, Manufacturing Equipment.","Power electronics for storage systems | Stationary energystorage for utilities and grid operators | Stationary energystorage for commercial and industrial applications Secondary Batteries, Manufacturing Equipment","energystorage, batteries, stationary, storage, electronics"
357,Shenzhen UZ Energy Limited,Shenzhen UZ Energy Limited,China,C2.620 ,ees Europe ,,Lithium-based batteries | Stationary energy storage for utilitiesand grid operators | Stationary energy storage for residentialbuildings | Stationary energy storage for commercial andindustrial applications,Secondary Batteries,This company specializes in Secondary Batteries.,Lithium-based batteries | Stationary energy storage for utilitiesand grid operators | Stationary energy storage for residentialbuildings | Stationary energy storage for commercial andindustrial applications Secondary Batteries,"batteries, lithium, residentialbuildings, stationary, storage"
358,"Shenzhen Wodefeng Technology Co.,Ltd.","Shenzhen Wodefeng Technology Co.,Ltd.",China,C2.358 ,ees Europe ,,"Stationary energy storage for utilities and grid operators |Energy Storage for low-capacity mobile applications(smartphones, laptops, tablets, etc.) | Stationary energy storagefor residential buildings | Uninterruptible power supply systems(UPS) | Stationary energy storage for commercial and industrialapplications",Secondary Batteries,This company specializes in Secondary Batteries.,"Stationary energy storage for utilities and grid operators |Energy Storage for low-capacity mobile applications(smartphones, laptops, tablets, etc.) | Stationary energy storagefor residential buildings | Uninterruptible power supply systems(UPS) | Stationary energy storage for commercial and industrialapplications Secondary Batteries","batteries, ups, storage, stationary, utilities"
359,"Shenzhen Zetara Power System Co.,Ltd","Shenzhen Zetara Power System Co.,Ltd",China,C2.670,ees Europe ,,Lithium-based batteries | Stationary energy storage forresidential buildings | Stationary energy storage for commercialand industrial applications,"Secondary Batteries, Materials & Components","This company specializes in Secondary Batteries, Materials & Components.","Lithium-based batteries | Stationary energy storage forresidential buildings | Stationary energy storage for commercialand industrial applications Secondary Batteries, Materials & Components","batteries, lithium, storage, stationary, buildings"
360,Solar Kit Hungary Kft,Solar Kit Hungary Kft,Hungary,C2.616,ees Europe ,,"Crystalline modules | Mounting systems, installation aids | PVcomponents (cables, connectors, junction boxes, etc.) | Lithiumbasedbatteries","Secondary Batteries, Materials & Components, Manufacturing Equipment","This company specializes in Secondary Batteries, Materials & Components, Manufacturing Equipment.","Crystalline modules | Mounting systems, installation aids | PVcomponents (cables, connectors, junction boxes, etc.) | Lithiumbasedbatteries Secondary Batteries, Materials & Components, Manufacturing Equipment","pvcomponents, modules, components, crystalline, lithiumbasedbatteries"
361,"SolarEast Energy Storage Technology Co., Ltd","SolarEast Energy Storage Technology Co., Ltd",China,C2.770 ,ees Europe ,,Lithium-based batteries | Stationary energy storage for utilitiesand grid operators | Stationary energy storage for residentialbuildings | Stationary energy storage for commercial andindustrial applications,Secondary Batteries,This company specializes in Secondary Batteries.,Lithium-based batteries | Stationary energy storage for utilitiesand grid operators | Stationary energy storage for residentialbuildings | Stationary energy storage for commercial andindustrial applications Secondary Batteries,"batteries, lithium, residentialbuildings, stationary, storage"
362,Solinteg GmbH,Solinteg GmbH,Germany,C2.120 ,ees Europe ,,"Inverters | Lithium-based batteries | Stationary energy storagefor residential buildings | Stationary energy storage forcommercial and industrial applications | Energy management,monitoring, controlling and load management",Secondary Batteries,This company specializes in Secondary Batteries.,"Inverters | Lithium-based batteries | Stationary energy storagefor residential buildings | Stationary energy storage forcommercial and industrial applications | Energy management,monitoring, controlling and load management Secondary Batteries","batteries, inverters, lithium, storage, residential"
363,"Sunwoda Energy Technology Co., Ltd.","Sunwoda Energy Technology Co., Ltd.",China,C2.440 ,ees Europe ,,Lithium-based batteries | Stationary energy storage for utilitiesand grid operators | Stationary energy storage for residentialbuildings | Stationary energy storage for commercial andindustrial applications,Secondary Batteries,This company specializes in Secondary Batteries.,Lithium-based batteries | Stationary energy storage for utilitiesand grid operators | Stationary energy storage for residentialbuildings | Stationary energy storage for commercial andindustrial applications Secondary Batteries,"batteries, lithium, residentialbuildings, stationary, storage"
364,"SVOLT Energy Technology Co., Ltd.","SVOLT Energy Technology Co., Ltd.",China,C2.330,ees Europe ,,Lithium-based batteries | Manufacturing equipment for batterymodule production/assembly and system installation/assembly| Manufacturing equipment for battery cell production |Stationary energy storage for residential buildings | Stationaryenergy storage for commercial and industrial applications,"Secondary Batteries, Manufacturing Equipment","This company specializes in Secondary Batteries, Manufacturing Equipment.","Lithium-based batteries | Manufacturing equipment for batterymodule production/assembly and system installation/assembly| Manufacturing equipment for battery cell production |Stationary energy storage for residential buildings | Stationaryenergy storage for commercial and industrial applications Secondary Batteries, Manufacturing Equipment","batterymodule, batteries, lithium, battery, equipment"
365,TAB D.D.,TAB D.D.,Slovenia,C2.111 ,ees Europe ,,Lead-based batteries | Lithium-based batteries | Stationaryenergy storage for utilities and grid operators | Stationaryenergy storage for residential buildings | Uninterruptible powersupply systems (UPS) | Stationary energy storage forcommercial and industrial applications,Secondary Batteries,This company specializes in Secondary Batteries.,Lead-based batteries | Lithium-based batteries | Stationaryenergy storage for utilities and grid operators | Stationaryenergy storage for residential buildings | Uninterruptible powersupply systems (UPS) | Stationary energy storage forcommercial and industrial applications Secondary Batteries,"batteries, ups, stationaryenergy, utilities, storage"
366,"Tcsn Power Technology (Shenzhen) Co.,Ltd","Tcsn Power Technology (Shenzhen) Co.,Ltd",China,C2.677 ,ees Europe ,,Lithium-based batteries | Stationary energy storage forresidential buildings | Uninterruptible power supply systems(UPS) | Stationary energy storage for commercial and industrialapplications | Traction battery and infrastructure,Secondary Batteries,This company specializes in Secondary Batteries.,Lithium-based batteries | Stationary energy storage forresidential buildings | Uninterruptible power supply systems(UPS) | Stationary energy storage for commercial and industrialapplications | Traction battery and infrastructure Secondary Batteries,"ups, batteries, lithium, battery, storage"
367,"Teplore Co., Ltd.","Teplore Co., Ltd.",China,C2.455 ,ees Europe ,,Stationary energy storage for utilities and grid operators |Stationary energy storage for commercial and industrialapplications,Secondary Batteries,This company specializes in Secondary Batteries.,Stationary energy storage for utilities and grid operators |Stationary energy storage for commercial and industrialapplications Secondary Batteries,"stationary, batteries, storage, utilities, energy"
368,Tesla Germany GmbH,Tesla Germany GmbH,Germany,C2.231 ,ees Europe ,,Lithium-based batteries | Battery management systems |Stationary energy storage for utilities and grid operators |Stationary energy storage for residential buildings | Stationaryenergy storage for commercial and industrial applications,Secondary Batteries,This company specializes in Secondary Batteries.,Lithium-based batteries | Battery management systems |Stationary energy storage for utilities and grid operators |Stationary energy storage for residential buildings | Stationaryenergy storage for commercial and industrial applications Secondary Batteries,"batteries, lithium, stationaryenergy, battery, stationary"
369,Topband Germany GmbH,Topband Germany GmbH,Germany,C2.320,ees Europe ,,Fuel cells | Lithium-based batteries | Power electronics forstorage systems | Stationary energy storage for utilities and gridoperators | Stationary energy storage for residential buildings |Uninterruptible power supply systems (UPS) | Stationary energystorage for commercial and industrial applications,"Secondary Batteries, Manufacturing Equipment","This company specializes in Secondary Batteries, Manufacturing Equipment.","Fuel cells | Lithium-based batteries | Power electronics forstorage systems | Stationary energy storage for utilities and gridoperators | Stationary energy storage for residential buildings |Uninterruptible power supply systems (UPS) | Stationary energystorage for commercial and industrial applications Secondary Batteries, Manufacturing Equipment","energystorage, batteries, ups, utilities, electronics"
370,VESTEL,VESTEL,Turkiye,C2.170 ,ees Europe ,,Stationary energy storage for utilities and grid operators |Stationary energy storage for residential buildings | Stationaryenergy storage for commercial and industrial applications | ACcharging systems | DC charging systems,Secondary Batteries,This company specializes in Secondary Batteries.,Stationary energy storage for utilities and grid operators |Stationary energy storage for residential buildings | Stationaryenergy storage for commercial and industrial applications | ACcharging systems | DC charging systems Secondary Batteries,"stationaryenergy, stationary, batteries, utilities, storage"
371,Xiamen Ampace Technology Limited,Xiamen Ampace Technology Limited,China,C2.430 ,ees Europe ,,Lithium-based batteries | Stationary energy storage forresidential buildings | Uninterruptible power supply systems(UPS) | Stationary energy storage for commercial and industrialapplications,"Secondary Batteries, Materials & Components","This company specializes in Secondary Batteries, Materials & Components.","Lithium-based batteries | Stationary energy storage forresidential buildings | Uninterruptible power supply systems(UPS) | Stationary energy storage for commercial and industrialapplications Secondary Batteries, Materials & Components","batteries, ups, lithium, storage, energy"
372,"Xiamen Hithium Energy StorageTechnology Co,Ltd","Xiamen Hithium Energy StorageTechnology Co,Ltd",China,C2.510 ,ees Europe ,,Lithium-based batteries | Stationary energy storage for utilitiesand grid operators | Stationary energy storage for commercialand industrial applications,Secondary Batteries,This company specializes in Secondary Batteries.,Lithium-based batteries | Stationary energy storage for utilitiesand grid operators | Stationary energy storage for commercialand industrial applications Secondary Batteries,"lithium, batteries, stationary, storage, utilitiesand"
373,XING MOBILITY INC.,XING MOBILITY INC.,Taiwan,C2.270 ,ees Europe ,,Lithium-based batteries | Other energy storage technologies |Stationary energy storage for utilities and grid operators |Uninterruptible power supply systems (UPS) | Stationary energystorage for commercial and industrial applications,Secondary Batteries,This company specializes in Secondary Batteries.,Lithium-based batteries | Other energy storage technologies |Stationary energy storage for utilities and grid operators |Uninterruptible power supply systems (UPS) | Stationary energystorage for commercial and industrial applications Secondary Batteries,"batteries, energystorage, ups, lithium, utilities"
374,"Zhejiang Chisage New Energy Tech. Co., Ltd.","Zhejiang Chisage New Energy Tech. Co., Ltd.",China,C2.680 ,ees Europe ,,Inverters | Lithium-based batteries,Secondary Batteries,This company specializes in Secondary Batteries.,Inverters | Lithium-based batteries Secondary Batteries,"inverters, batteries, lithium, secondary, based"
375,"Zhejiang Lisiner Industrial Development Co.,Ltd.","Zhejiang Lisiner Industrial Development Co.,Ltd.",China,C2.356 ,ees Europe ,,"Power electronics for storage systems | Stationary energystorage for residential buildings | ICT, software for energystorage systems | Stationary energy storage for commercial andindustrial applications","Secondary Batteries, Manufacturing Equipment","This company specializes in Secondary Batteries, Manufacturing Equipment.","Power electronics for storage systems | Stationary energystorage for residential buildings | ICT, software for energystorage systems | Stationary energy storage for commercial andindustrial applications Secondary Batteries, Manufacturing Equipment","energystorage, batteries, electronics, storage, stationary"
376,"Zhejiang Narada Power Source Co., Ltd","Zhejiang Narada Power Source Co., Ltd",China,C2.520 ,ees Europe ,,Lithium-based batteries | Battery recycling/second use |Stationary energy storage for utilities and grid operators |Uninterruptible power supply systems (UPS) | Stationary energystorage for commercial and industrial applications,Secondary Batteries,This company specializes in Secondary Batteries.,Lithium-based batteries | Battery recycling/second use |Stationary energy storage for utilities and grid operators |Uninterruptible power supply systems (UPS) | Stationary energystorage for commercial and industrial applications Secondary Batteries,"batteries, energystorage, ups, battery, lithium"
377,"Zhejiang Wolong Energy Storage System Co., Ltd.","Zhejiang Wolong Energy Storage System Co., Ltd.",China,C2.674 ,ees Europe ,,Lithium-based batteries | Power electronics for storage systems| Stationary energy storage for utilities and grid operators |Stationary energy storage for residential buildings | Stationaryenergy storage for commercial and industrial applications,"Secondary Batteries, Manufacturing Equipment","This company specializes in Secondary Batteries, Manufacturing Equipment.","Lithium-based batteries | Power electronics for storage systems| Stationary energy storage for utilities and grid operators |Stationary energy storage for residential buildings | Stationaryenergy storage for commercial and industrial applications Secondary Batteries, Manufacturing Equipment","batteries, lithium, stationaryenergy, storage, stationary"
378,"Zhuhai Gecen Technology Co., Ltd.","Zhuhai Gecen Technology Co., Ltd.",China,C2.276 ,ees Europe ,,Lithium-based batteries,Secondary Batteries,This company specializes in Secondary Batteries.,Lithium-based batteries Secondary Batteries,"lithium, batteries, secondary, based"
379,ZPUE S.A.,ZPUE S.A.,Poland,C2.410 ,ees Europe ,,Power electronics for storage systems | Stationary energystorage for utilities and grid operators | Stationary energystorage for commercial and industrial applications,"Secondary Batteries, Manufacturing Equipment","This company specializes in Secondary Batteries, Manufacturing Equipment.","Power electronics for storage systems | Stationary energystorage for utilities and grid operators | Stationary energystorage for commercial and industrial applications Secondary Batteries, Manufacturing Equipment","energystorage, batteries, stationary, storage, electronics"
380,ZYC Energy Company Limited,ZYC Energy Company Limited,China,C2.119 ,ees Europe ,,Lithium-based batteries,Secondary Batteries,This company specializes in Secondary Batteries.,Lithium-based batteries Secondary Batteries,"lithium, batteries, secondary, based"
381,"AC NEWENERGY (Hunan) Co., Ltd","AC NEWENERGY (Hunan) Co., Ltd",China,C3.139 ,ees Europe ,,Power electronics for storage systems | EPCcontracting/project development for energy storage systems |Stationary energy storage for utilities and grid operators |Stationary energy storage for residential buildings | Stationaryenergy storage for commercial and industrial applications,"Secondary Batteries, Manufacturing Equipment","This company specializes in Secondary Batteries, Manufacturing Equipment.","Power electronics for storage systems | EPCcontracting/project development for energy storage systems |Stationary energy storage for utilities and grid operators |Stationary energy storage for residential buildings | Stationaryenergy storage for commercial and industrial applications Secondary Batteries, Manufacturing Equipment","batteries, electronics, storage, utilities, stationaryenergy"
382,"Beijing Energy Connecting International ExhibitionCo., Ltd.","Beijing Energy Connecting International ExhibitionCo., Ltd.",China,C3.250 ,ees Europe ,,"Lithium-based batteries | Stationary energy storage for utilitiesand grid operators | Energy Storage for low-capacity mobileapplications (smartphones, laptops, tablets, etc.) | Stationaryenergy storage for residential buildings | Stationary energystorage for commercial and industrial applications",Secondary Batteries,This company specializes in Secondary Batteries.,"Lithium-based batteries | Stationary energy storage for utilitiesand grid operators | Energy Storage for low-capacity mobileapplications (smartphones, laptops, tablets, etc.) | Stationaryenergy storage for residential buildings | Stationary energystorage for commercial and industrial applications Secondary Batteries","energystorage, stationaryenergy, batteries, lithium, storage"
383,"Beijing Goldwind Carbon Neutral Energy Co.,Ltd.","Beijing Goldwind Carbon Neutral Energy Co.,Ltd.",China,C3.230 ,ees Europe ,,"Stationary energy storage for utilities and grid operators | ICT,software for energy storage systems | Stationary energy storagefor commercial and industrial applications",Secondary Batteries,This company specializes in Secondary Batteries.,"Stationary energy storage for utilities and grid operators | ICT,software for energy storage systems | Stationary energy storagefor commercial and industrial applications Secondary Batteries","batteries, storage, stationary, utilities, storagefor"
384,Beyond Technology Limited,Beyond Technology Limited,China,C3.135,ees Europe ,,Small solar devices | Inverters | Lithium-based batteries |Stationary energy storage for residential buildings |Uninterruptible power supply systems (UPS),"Secondary Batteries, Materials & Components","This company specializes in Secondary Batteries, Materials & Components.","Small solar devices | Inverters | Lithium-based batteries |Stationary energy storage for residential buildings |Uninterruptible power supply systems (UPS) Secondary Batteries, Materials & Components","batteries, ups, inverters, solar, storage"
385,CALB GmbH,CALB GmbH,Germany,C3.210,ees Europe ,,Other battery technologies | Lithium-based batteries | Stationaryenergy storage for utilities and grid operators | Stationaryenergy storage for residential buildings | Stationary energystorage for commercial and industrial applications,Secondary Batteries,This company specializes in Secondary Batteries.,Other battery technologies | Lithium-based batteries | Stationaryenergy storage for utilities and grid operators | Stationaryenergy storage for residential buildings | Stationary energystorage for commercial and industrial applications Secondary Batteries,"stationaryenergy, energystorage, batteries, stationary, lithium"
386,"CF Energy Co., Ltd.","CF Energy Co., Ltd.",China,C3.177 ,ees Europe ,,"Other battery technologies | Lithium-based batteries | Batterytesting, inspection systems, safety | Battery managementsystems | Battery Materials","Secondary Batteries, Materials & Components, Inspection & Measurement Equipment","This company specializes in Secondary Batteries, Materials & Components, Inspection & Measurement Equipment.","Other battery technologies | Lithium-based batteries | Batterytesting, inspection systems, safety | Battery managementsystems | Battery Materials Secondary Batteries, Materials & Components, Inspection & Measurement Equipment","batterytesting, batteries, battery, lithium, technologies"
387,"CIEC Haihua International Exhibition Co., Ltd","CIEC Haihua International Exhibition Co., Ltd",China,C3.151,ees Europe ,,"Lithium-based batteries | Battery Materials | Stationary energystorage for residential buildings | Stationary energy storage forcommercial and industrial applications | Hydrogen storage,infrastructure, components","Secondary Batteries, Materials & Components","This company specializes in Secondary Batteries, Materials & Components.","Lithium-based batteries | Battery Materials | Stationary energystorage for residential buildings | Stationary energy storage forcommercial and industrial applications | Hydrogen storage,infrastructure, components Secondary Batteries, Materials & Components","batteries, lithium, energystorage, battery, storage"
388,"Dongguan Lithium Valley Energy Co., Ltd.","Dongguan Lithium Valley Energy Co., Ltd.",China,C3.179 ,ees Europe ,,Stationary energy storage for utilities and grid operators |Stationary energy storage for residential buildings | Stationaryenergy storage for commercial and industrial applications | EPCcontracting/project development for charging infrastructure |Solar mobility and charging solutions as well as vehicleintegratedPV (ViPV),Secondary Batteries,This company specializes in Secondary Batteries.,Stationary energy storage for utilities and grid operators |Stationary energy storage for residential buildings | Stationaryenergy storage for commercial and industrial applications | EPCcontracting/project development for charging infrastructure |Solar mobility and charging solutions as well as vehicleintegratedPV (ViPV) Secondary Batteries,"stationaryenergy, stationary, utilities, storage, batteries"
389,"Dongguan ZWAYN New Energy Co., Ltd.","Dongguan ZWAYN New Energy Co., Ltd.",China,C3.373 ,ees Europe ,,Lithium-based batteries | Stationary energy storage for utilitiesand grid operators | Stationary energy storage for residentialbuildings | Stationary energy storage for commercial andindustrial applications,Secondary Batteries,This company specializes in Secondary Batteries.,Lithium-based batteries | Stationary energy storage for utilitiesand grid operators | Stationary energy storage for residentialbuildings | Stationary energy storage for commercial andindustrial applications Secondary Batteries,"batteries, lithium, residentialbuildings, stationary, storage"
390,Elite Solar Power Hongkong Limited (EcoFlare),Elite Solar Power Hongkong Limited (EcoFlare),China,C3.220 ,ees Europe ,,Stationary energy storage for utilities and grid operators |Stationary energy storage for residential buildings | Stationaryenergy storage for commercial and industrial applications,"Secondary Batteries, Materials & Components","This company specializes in Secondary Batteries, Materials & Components.","Stationary energy storage for utilities and grid operators |Stationary energy storage for residential buildings | Stationaryenergy storage for commercial and industrial applications Secondary Batteries, Materials & Components","stationaryenergy, stationary, batteries, storage, utilities"
391,"Enerlution Energy Technology Co., Ltd.","Enerlution Energy Technology Co., Ltd.",China,C3.251 ,ees Europe ,,"Inverters | Lithium-based batteries | EPC contracting/projectdevelopment for energy storage systems | Stationary energystorage for utilities and grid operators | Stationary energystorage for residential buildings | Stationary energy storage forcommercial and industrial applications | Home energymanagement solutions (HEMS) | Energy management,monitoring, controlling and load management | Smart energymanagement systems for buildings and districts",Secondary Batteries,This company specializes in Secondary Batteries.,"Inverters | Lithium-based batteries | EPC contracting/projectdevelopment for energy storage systems | Stationary energystorage for utilities and grid operators | Stationary energystorage for residential buildings | Stationary energy storage forcommercial and industrial applications | Home energymanagement solutions (HEMS) | Energy management,monitoring, controlling and load management | Smart energymanagement systems for buildings and districts Secondary Batteries","energymanagement, energystorage, utilities, batteries, inverters"
392,Enershare Tech Company Limited,Enershare Tech Company Limited,China,C3.131 ,ees Europe ,,Lithium-based batteries | Battery management systems |Stationary energy storage for residential buildings |Uninterruptible power supply systems (UPS) | Stationary energystorage for commercial and industrial applications,Secondary Batteries,This company specializes in Secondary Batteries.,Lithium-based batteries | Battery management systems |Stationary energy storage for residential buildings |Uninterruptible power supply systems (UPS) | Stationary energystorage for commercial and industrial applications Secondary Batteries,"batteries, energystorage, ups, battery, lithium"
393,Entrade S.R.L.,Entrade S.R.L.,Italy,C3.240 ,ees Europe ,,Inverters | Lithium-based batteries | EPC contracting/projectdevelopment for energy storage systems | Stationary energystorage for residential buildings | Stationary energy storage forcommercial and industrial applications,Secondary Batteries,This company specializes in Secondary Batteries.,Inverters | Lithium-based batteries | EPC contracting/projectdevelopment for energy storage systems | Stationary energystorage for residential buildings | Stationary energy storage forcommercial and industrial applications Secondary Batteries,"batteries, energystorage, inverters, residential, buildings"
394,"EP Equipment Co., Ltd.","EP Equipment Co., Ltd.",China,C3.175 ,ees Europe ,,Lithium-based batteries | Battery Chargers | Stationary energystorage for utilities and grid operators | Stationary energystorage for commercial and industrial applications | Mobilecharging system with buffer storage (e.g. trailers),Secondary Batteries,This company specializes in Secondary Batteries.,Lithium-based batteries | Battery Chargers | Stationary energystorage for utilities and grid operators | Stationary energystorage for commercial and industrial applications | Mobilecharging system with buffer storage (e.g. trailers) Secondary Batteries,"energystorage, batteries, utilities, battery, lithium"
395,"Guangdong Basen Green New Energy Co.,Ltd","Guangdong Basen Green New Energy Co.,Ltd",China,C3.154 ,ees Europe ,,Lithium-based batteries | Stationary energy storage for utilitiesand grid operators | Stationary energy storage for residentialbuildings | Stationary energy storage for commercial andindustrial applications,Secondary Batteries,This company specializes in Secondary Batteries.,Lithium-based batteries | Stationary energy storage for utilitiesand grid operators | Stationary energy storage for residentialbuildings | Stationary energy storage for commercial andindustrial applications Secondary Batteries,"batteries, lithium, residentialbuildings, stationary, storage"
396,"Hunan Wincle Energy Storage Technology Co.,Ltd.","Hunan Wincle Energy Storage Technology Co.,Ltd.",China,C3.451 ,ees Europe ,,"Lithium-based batteries | Stationary energy storage for utilitiesand grid operators | Energy Storage for low-capacity mobileapplications (smartphones, laptops, tablets, etc.) | Stationaryenergy storage for residential buildings | Stationary energystorage for commercial and industrial applications",Secondary Batteries,This company specializes in Secondary Batteries.,"Lithium-based batteries | Stationary energy storage for utilitiesand grid operators | Energy Storage for low-capacity mobileapplications (smartphones, laptops, tablets, etc.) | Stationaryenergy storage for residential buildings | Stationary energystorage for commercial and industrial applications Secondary Batteries","energystorage, stationaryenergy, batteries, lithium, storage"
397,Hynn Technology Europe GmbH,Hynn Technology Europe GmbH,Germany,C3.471 ,ees Europe ,,"Battery testing, inspection systems, safety | Batterymanagement systems | Manufacturing equipment for batterymodule production/assembly and system installation/assembly| Stationary energy storage for utilities and grid operators |Stationary energy storage for commercial and industrialapplications",Manufacturing Equipment,This company specializes in Manufacturing Equipment.,"Battery testing, inspection systems, safety | Batterymanagement systems | Manufacturing equipment for batterymodule production/assembly and system installation/assembly| Stationary energy storage for utilities and grid operators |Stationary energy storage for commercial and industrialapplications Manufacturing Equipment","batterymanagement, batterymodule, industrialapplications, battery, utilities"
398,"Jiangsu Essis New Energy Technology Co., Ltd","Jiangsu Essis New Energy Technology Co., Ltd",China,C3.275 ,ees Europe ,,Lithium-based batteries | Battery management systems,"Secondary Batteries, Inspection & Measurement Equipment","This company specializes in Secondary Batteries, Inspection & Measurement Equipment.","Lithium-based batteries | Battery management systems Secondary Batteries, Inspection & Measurement Equipment","batteries, lithium, battery, inspection, equipment"
399,JIANGSU GXY NEW ENERGY CO LTD,JIANGSU GXY NEW ENERGY CO LTD,China,C3.255 ,ees Europe ,,Lithium-based batteries | Stationary energy storage for utilitiesand grid operators | Stationary energy storage for residentialbuildings | Stationary energy storage for commercial andindustrial applications,Secondary Batteries,This company specializes in Secondary Batteries.,Lithium-based batteries | Stationary energy storage for utilitiesand grid operators | Stationary energy storage for residentialbuildings | Stationary energy storage for commercial andindustrial applications Secondary Batteries,"batteries, lithium, residentialbuildings, stationary, storage"
400,"Jiangsu Highstar Battery Manufacturing Co.,Ltd","Jiangsu Highstar Battery Manufacturing Co.,Ltd.",China,C3.375 ,ees Europe ,,Other battery technologies | Lithium-based batteries | Stationaryenergy storage for utilities and grid operators | Uninterruptiblepower supply systems (UPS) | Stationary energy storage forcommercial and industrial applications,,No specific product category available.,Other battery technologies | Lithium-based batteries | Stationaryenergy storage for utilities and grid operators | Uninterruptiblepower supply systems (UPS) | Stationary energy storage forcommercial and industrial applications,"batteries, ups, uninterruptiblepower, battery, utilities"
401,"Jiangsu Megalion Energy Storage IntegrationTechnology Co., Ltd","Jiangsu Megalion Energy Storage IntegrationTechnology Co., Ltd",China,C3.234 ,ees Europe ,,Inverters | Lithium-based batteries | EPC contracting/projectdevelopment for energy storage systems | Stationary energystorage for residential buildings | Stationary energy storage forcommercial and industrial applications,Secondary Batteries,This company specializes in Secondary Batteries.,Inverters | Lithium-based batteries | EPC contracting/projectdevelopment for energy storage systems | Stationary energystorage for residential buildings | Stationary energy storage forcommercial and industrial applications Secondary Batteries,"batteries, energystorage, inverters, residential, buildings"
402,"LONCIN MOTOR CO.,LTD.","LONCIN MOTOR CO.,LTD.",China,C3.279 ,ees Europe ,,Stationary energy storage for utilities and grid operators |Stationary energy storage for residential buildings | Stationaryenergy storage for commercial and industrial applications,"Secondary Batteries, Materials & Components","This company specializes in Secondary Batteries, Materials & Components.","Stationary energy storage for utilities and grid operators |Stationary energy storage for residential buildings | Stationaryenergy storage for commercial and industrial applications Secondary Batteries, Materials & Components","stationaryenergy, stationary, batteries, storage, utilities"
403,MaxLi,MaxLi,China,C3.280 ,ees Europe ,,Lithium-based batteries,Secondary Batteries,This company specializes in Secondary Batteries.,Lithium-based batteries Secondary Batteries,"lithium, batteries, secondary, based"
404,Menred GmbH,Menred GmbH,Germany,C3.137 ,ees Europe ,,Lithium-based batteries | Battery management systems |Stationary energy storage for residential buildings |Uninterruptible power supply systems (UPS),"Secondary Batteries, Materials & Components, Inspection & Measurement Equipment","This company specializes in Secondary Batteries, Materials & Components, Inspection & Measurement Equipment.","Lithium-based batteries | Battery management systems |Stationary energy storage for residential buildings |Uninterruptible power supply systems (UPS) Secondary Batteries, Materials & Components, Inspection & Measurement Equipment","batteries, ups, lithium, battery, storage"
405,Multi Source Power,Multi Source Power,United Kingdom,C3.170 ,ees Europe ,,Stationary energy storage for utilities and grid operators |Stationary energy storage for commercial and industrialapplications,Secondary Batteries,This company specializes in Secondary Batteries.,Stationary energy storage for utilities and grid operators |Stationary energy storage for commercial and industrialapplications Secondary Batteries,"stationary, batteries, storage, utilities, energy"
406,NGEN d.o.o.,NGEN d.o.o.,Slovenia,C3.319 ,ees Europe ,,"Lithium -based batteries | Battery m anagem ent system s | ACcharging system s | Electricity trading and m arketing tools(power supply, distribution via direct and flexibility m arkets) |Grid m anagem ent technologies and services, grid system services, grid Monitoring | Virtual power plants/combined powerplants | Products and services for sm art grids | Weather andperform ance/Yield forecasts & grid integration of renewableenergy system s | Hom e energy m anagem ent solutions (HEMS) |Energy m anagem ent, monitoring, controlling and loadm anagem ent | Flexibility m anagem ent (loadm anagem ent/dem and response) | Research and developm ent |Engineering services | DER m anagem ent & system integration |Cybersecurity | Digitalisation, data m anagem ent & analytics, IoT| Sm art energy m anagem ent system s for buildings and districts",Secondary Batteries,This company specializes in Secondary Batteries.,"Lithium -based batteries | Battery m anagem ent system s | ACcharging system s | Electricity trading and m arketing tools(power supply, distribution via direct and flexibility m arkets) |Grid m anagem ent technologies and services, grid system services, grid Monitoring | Virtual power plants/combined powerplants | Products and services for sm art grids | Weather andperform ance/Yield forecasts & grid integration of renewableenergy system s | Hom e energy m anagem ent solutions (HEMS) |Energy m anagem ent, monitoring, controlling and loadm anagem ent | Flexibility m anagem ent (loadm anagem ent/dem and response) | Research and developm ent |Engineering services | DER m anagem ent & system integration |Cybersecurity | Digitalisation, data m anagem ent & analytics, IoT| Sm art energy m anagem ent system s for buildings and districts Secondary Batteries","anagem, powerplants, renewableenergy, ent, batteries"
407,"NR Electric CO., LTD.","NR Electric CO., LTD.",China,C3.330 ,ees Europe ,,"Inverters | Power electronics for storage systems | Stationaryenergy storage for utilities and grid operators | ICT, software forenergy storage systems | Stationary energy storage forcommercial and industrial applications","Secondary Batteries, Manufacturing Equipment","This company specializes in Secondary Batteries, Manufacturing Equipment.","Inverters | Power electronics for storage systems | Stationaryenergy storage for utilities and grid operators | ICT, software forenergy storage systems | Stationary energy storage forcommercial and industrial applications Secondary Batteries, Manufacturing Equipment","inverters, batteries, electronics, storage, utilities"
408,nVent,nVent,Romania,C3.119 ,ees Europe ,,"Cooling/temperature management of storage systems |Charging cables, connector and cable routing systems,housings and other hardware | Products and services for smartgrids | Hydrogen storage, infrastructure, components | Contacts,wiring, insulation for batteries",,No specific product category available.,"Cooling/temperature management of storage systems |Charging cables, connector and cable routing systems,housings and other hardware | Products and services for smartgrids | Hydrogen storage, infrastructure, components | Contacts,wiring, insulation for batteries","smartgrids, cooling, storage, infrastructure, insulation"
409,Oriental Smart Lion (Fujian) Energy StorageTechnology Co.Ltd,Oriental Smart Lion (Fujian) Energy StorageTechnology Co.Ltd,China,C3.277 ,ees Europe ,,Lithium-based batteries | Stationary energy storage for utilitiesand grid operators | Stationary energy storage for residentialbuildings | Uninterruptible power supply systems (UPS) |Stationary energy storage for commercial and industrialapplications,Secondary Batteries,This company specializes in Secondary Batteries.,Lithium-based batteries | Stationary energy storage for utilitiesand grid operators | Stationary energy storage for residentialbuildings | Uninterruptible power supply systems (UPS) |Stationary energy storage for commercial and industrialapplications Secondary Batteries,"batteries, ups, lithium, utilitiesand, residentialbuildings"
410,PowerHub Limited,PowerHub Limited,New Zealand,C3.156 ,ees Europe ,,Lithium-based batteries | Automation technology for batteryproduction | Stationary energy storage for utilities and gridoperators | Stationary energy storage for residential buildings |Stationary energy storage for commercial and industrialapplications,Secondary Batteries,This company specializes in Secondary Batteries.,Lithium-based batteries | Automation technology for batteryproduction | Stationary energy storage for utilities and gridoperators | Stationary energy storage for residential buildings |Stationary energy storage for commercial and industrialapplications Secondary Batteries,"batteryproduction, batteries, lithium, utilities, automation"
411,"PowerLink Energy Tech (UK) Co., LTD.","PowerLink Energy Tech (UK) Co., LTD.",United Kingdom,C3.334,ees Europe ,,Lithium-based batteries | Stationary energy storage for utilitiesand grid operators | Stationary energy storage for residentialbuildings | Uninterruptible power supply systems (UPS) |Stationary energy storage for commercial and industrialapplications,Secondary Batteries,This company specializes in Secondary Batteries.,Lithium-based batteries | Stationary energy storage for utilitiesand grid operators | Stationary energy storage for residentialbuildings | Uninterruptible power supply systems (UPS) |Stationary energy storage for commercial and industrialapplications Secondary Batteries,"batteries, ups, lithium, utilitiesand, residentialbuildings"
412,"Poweroad Renewable Energy Co., Ltd.","Poweroad Renewable Energy Co., Ltd.",China,C3.160,ees Europe ,,Lithium-based batteries | Stationary energy storage for utilitiesand grid operators | Stationary energy storage for residentialbuildings | Stationary energy storage for commercial andindustrial applications,Secondary Batteries,This company specializes in Secondary Batteries.,Lithium-based batteries | Stationary energy storage for utilitiesand grid operators | Stationary energy storage for residentialbuildings | Stationary energy storage for commercial andindustrial applications Secondary Batteries,"batteries, lithium, residentialbuildings, stationary, storage"
413,"Qingan Energy Storage Technology (Chongqing)Co., Ltd.","Qingan Energy Storage Technology (Chongqing)Co., Ltd.",China,C3.150 ,ees Europe ,,"Lithium-based batteries | Stationary energy storage for utilitiesand grid operators | Stationary energy storage for commercialand industrial applications | High power charger, megawattcharging systems | Energy management, monitoring, controllingand load management",Secondary Batteries,This company specializes in Secondary Batteries.,"Lithium-based batteries | Stationary energy storage for utilitiesand grid operators | Stationary energy storage for commercialand industrial applications | High power charger, megawattcharging systems | Energy management, monitoring, controllingand load management Secondary Batteries","batteries, lithium, utilitiesand, storage, charger"
414,"Rept Battero Energy Co., Ltd.","Rept Battero Energy Co., Ltd.",China,C3.110 ,ees Europe ,,Lithium-based batteries | Battery management systems |Manufacturing equipment for battery moduleproduction/assembly and system installation/assembly |Stationary energy storage for residential buildings | Stationaryenergy storage for commercial and industrial applications,"Secondary Batteries, Manufacturing Equipment","This company specializes in Secondary Batteries, Manufacturing Equipment.","Lithium-based batteries | Battery management systems |Manufacturing equipment for battery moduleproduction/assembly and system installation/assembly |Stationary energy storage for residential buildings | Stationaryenergy storage for commercial and industrial applications Secondary Batteries, Manufacturing Equipment","batteries, lithium, battery, storage, equipment"
415,"Roche Energy Technology (Jiangsu) Co., Ltd.","Roche Energy Technology (Jiangsu) Co., Ltd.",China,C3.360 ,ees Europe ,,Battery management systems | Stationary energy storage forutilities and grid operators | Stationary energy storage forresidential buildings | Stationary energy storage for commercialand industrial applications,"Secondary Batteries, Inspection & Measurement Equipment","This company specializes in Secondary Batteries, Inspection & Measurement Equipment.","Battery management systems | Stationary energy storage forutilities and grid operators | Stationary energy storage forresidential buildings | Stationary energy storage for commercialand industrial applications Secondary Batteries, Inspection & Measurement Equipment","batteries, battery, stationary, storage, buildings"
416,"Shanghai Robestec Energy Co., Ltd.","Shanghai Robestec Energy Co., Ltd.",China,C3.370 ,ees Europe ,,Stationary energy storage for utilities and grid operators |Stationary energy storage for residential buildings | Stationaryenergy storage for commercial and industrial applications,"Secondary Batteries, Materials & Components","This company specializes in Secondary Batteries, Materials & Components.","Stationary energy storage for utilities and grid operators |Stationary energy storage for residential buildings | Stationaryenergy storage for commercial and industrial applications Secondary Batteries, Materials & Components","stationaryenergy, stationary, batteries, storage, utilities"
417,"Shenzhen Ace Battery Co.,Ltd.","Shenzhen Ace Battery Co.,Ltd.",China,C3.180 ,ees Europe ,,Inverters | Battery Materials | Stationary energy storage forresidential buildings | Stationary energy storage for commercialand industrial applications,"Secondary Batteries, Materials & Components","This company specializes in Secondary Batteries, Materials & Components.","Inverters | Battery Materials | Stationary energy storage forresidential buildings | Stationary energy storage for commercialand industrial applications Secondary Batteries, Materials & Components","inverters, batteries, battery, storage, stationary"
418,"Shenzhen Biwatt Technology Co., Ltd.","Shenzhen Biwatt Technology Co., Ltd.",China,C3.335 ,ees Europe ,,Other battery technologies | Lithium-based batteries | Stationaryenergy storage for residential buildings | Uninterruptible powersupply systems (UPS),"Secondary Batteries, Materials & Components","This company specializes in Secondary Batteries, Materials & Components.","Other battery technologies | Lithium-based batteries | Stationaryenergy storage for residential buildings | Uninterruptible powersupply systems (UPS) Secondary Batteries, Materials & Components","batteries, ups, battery, lithium, storage"
419,Shenzhen FBTech Electronics Ltd,Shenzhen FBTech Electronics Ltd,China,C3.356 ,ees Europe ,,Solar cells | Lithium-based batteries | Stationary energy storagefor utilities and grid operators | Stationary energy storage forresidential buildings | Stationary energy storage for commercialand industrial applications,Secondary Batteries,This company specializes in Secondary Batteries.,Solar cells | Lithium-based batteries | Stationary energy storagefor utilities and grid operators | Stationary energy storage forresidential buildings | Stationary energy storage for commercialand industrial applications Secondary Batteries,"batteries, solar, storage, stationary, lithium"
420,"Shenzhen GSL Energy Co., Ltd.","Shenzhen GSL Energy Co., Ltd.",China,C3.475,ees Europe ,,Lithium-based batteries | Stationary energy storage for utilitiesand grid operators | Stationary energy storage for residentialbuildings | Uninterruptible power supply systems (UPS) |Stationary energy storage for commercial and industrialapplications,Secondary Batteries,This company specializes in Secondary Batteries.,Lithium-based batteries | Stationary energy storage for utilitiesand grid operators | Stationary energy storage for residentialbuildings | Uninterruptible power supply systems (UPS) |Stationary energy storage for commercial and industrialapplications Secondary Batteries,"batteries, ups, lithium, utilitiesand, residentialbuildings"
421,"Shenzhen Hello Tech Energy Co., Ltd.","Shenzhen Hello Tech Energy Co., Ltd.",China,C3.340,ees Europe ,,"Lithium-based batteries | Energy Storage for low-capacitymobile applications (smartphones, laptops, tablets, etc.) |Stationary energy storage for residential buildings | Stationaryenergy storage for commercial and industrial applications",Secondary Batteries,This company specializes in Secondary Batteries.,"Lithium-based batteries | Energy Storage for low-capacitymobile applications (smartphones, laptops, tablets, etc.) |Stationary energy storage for residential buildings | Stationaryenergy storage for commercial and industrial applications Secondary Batteries","batteries, lithium, storage, stationaryenergy, smartphones"
422,"Shenzhen Kerui Power Storage Co., LTD","Shenzhen Kerui Power Storage Co., LTD",China,C3.158,ees Europe ,,"Energy Storage for low-capacity mobile applications(smartphones, laptops, tablets, etc.) | Stationary energy storagefor residential buildings","Secondary Batteries, Capacitors, Materials & Components","This company specializes in Secondary Batteries, Capacitors, Materials & Components.","Energy Storage for low-capacity mobile applications(smartphones, laptops, tablets, etc.) | Stationary energy storagefor residential buildings Secondary Batteries, Capacitors, Materials & Components","storage, batteries, smartphones, energy, capacitors"
423,"Shenzhen Kexin Communication TechnologiesCo.,Ltd","Shenzhen Kexin Communication TechnologiesCo.,Ltd",China,C3.276 ,ees Europe ,,Inverters | Lithium-based batteries | Battery managementsystems | Stationary energy storage for residential buildings |Stationary energy storage for commercial and industrialapplications,"Secondary Batteries, Materials & Components, Inspection & Measurement Equipment","This company specializes in Secondary Batteries, Materials & Components, Inspection & Measurement Equipment.","Inverters | Lithium-based batteries | Battery managementsystems | Stationary energy storage for residential buildings |Stationary energy storage for commercial and industrialapplications Secondary Batteries, Materials & Components, Inspection & Measurement Equipment","inverters, batteries, battery, industrialapplications, storage"
424,"Shenzhen Rising Co., Ltd.","Shenzhen Rising Co., Ltd.",China,C3.140 ,ees Europe ,,Lithium-based batteries,Secondary Batteries,This company specializes in Secondary Batteries.,Lithium-based batteries Secondary Batteries,"lithium, batteries, secondary, based"
425,"Shenzhen Skyworth Energy Storage TechnologyCo., Ltd.","Shenzhen Skyworth Energy Storage TechnologyCo., Ltd.",China,C3.459 ,ees Europe ,,Inverters | Lithium-based batteries | Stationary energy storagefor residential buildings | Stationary energy storage forcommercial and industrial applications,"Secondary Batteries, Materials & Components","This company specializes in Secondary Batteries, Materials & Components.","Inverters | Lithium-based batteries | Stationary energy storagefor residential buildings | Stationary energy storage forcommercial and industrial applications Secondary Batteries, Materials & Components","batteries, inverters, lithium, storage, residential"
426,"Shenzhen Yunji New Energy Technology Co.,Ltd.","Shenzhen Yunji New Energy Technology Co.,Ltd.",China,C3.257 ,ees Europe ,,"Energy Storage for low-capacity mobile applications(smartphones, laptops, tablets, etc.) | Stationary energy storagefor residential buildings","Secondary Batteries, Capacitors, Materials & Components","This company specializes in Secondary Batteries, Capacitors, Materials & Components.","Energy Storage for low-capacity mobile applications(smartphones, laptops, tablets, etc.) | Stationary energy storagefor residential buildings Secondary Batteries, Capacitors, Materials & Components","storage, batteries, smartphones, energy, capacitors"
427,"SinoPower (Shenzhen) Co.,Ltd.","SinoPower (Shenzhen) Co.,Ltd.",China,C3.374 ,ees Europe ,,Stationary energy storage for utilities and grid operators |Stationary energy storage for residential buildings | Stationaryenergy storage for commercial and industrial applications,"Secondary Batteries, Materials & Components","This company specializes in Secondary Batteries, Materials & Components.","Stationary energy storage for utilities and grid operators |Stationary energy storage for residential buildings | Stationaryenergy storage for commercial and industrial applications Secondary Batteries, Materials & Components","stationaryenergy, stationary, batteries, storage, utilities"
428,TOPA Technology Limited,TOPA Technology Limited,China,C3.272,ees Europe ,,"Inverters | Lithium-based batteries | Energy Storage for lowcapacitymobile applications (smartphones, laptops, tablets,etc.) | Stationary energy storage for residential buildings |Stationary energy storage for commercial and industrialapplications",Secondary Batteries,This company specializes in Secondary Batteries.,"Inverters | Lithium-based batteries | Energy Storage for lowcapacitymobile applications (smartphones, laptops, tablets,etc.) | Stationary energy storage for residential buildings |Stationary energy storage for commercial and industrialapplications Secondary Batteries","batteries, inverters, storage, lithium, smartphones"
429,TWS Technology (Anhui) Ltd.,TWS Technology (Anhui) Ltd.,China,C3.350 ,ees Europe ,,Stationary energy storage for commercial and industrialapplications,Secondary Batteries,This company specializes in Secondary Batteries.,Stationary energy storage for commercial and industrialapplications Secondary Batteries,"batteries, stationary, storage, energy, secondary"
430,"Vilion (Shenzhen) New Energy Technology Co.,Ltd.","Vilion (Shenzhen) New Energy Technology Co.,Ltd.",China,C3.171 ,ees Europe ,,Other energy storage technologies | Battery managementsystems | Stationary energy storage for commercial andindustrial applications,"Secondary Batteries, Inspection & Measurement Equipment","This company specializes in Secondary Batteries, Inspection & Measurement Equipment.","Other energy storage technologies | Battery managementsystems | Stationary energy storage for commercial andindustrial applications Secondary Batteries, Inspection & Measurement Equipment","batteries, storage, battery, managementsystems, technologies"
431,Voltsmile BV,Voltsmile BV,Netherlands,C3.111 ,ees Europe ,,Lithium-based batteries | Battery housing,"Secondary Batteries, Materials & Components","This company specializes in Secondary Batteries, Materials & Components.","Lithium-based batteries | Battery housing Secondary Batteries, Materials & Components","lithium, batteries, battery, materials, housing"
432,"Xi'an XYPower Technology Co., Ltd","Xi'an XYPower Technology Co., Ltd",China,C3.176 ,ees Europe ,,Stationary energy storage for utilities and grid operators |Stationary energy storage for commercial and industrialapplications,Secondary Batteries,This company specializes in Secondary Batteries.,Stationary energy storage for utilities and grid operators |Stationary energy storage for commercial and industrialapplications Secondary Batteries,"stationary, batteries, storage, utilities, energy"
433,Yigit Akü A.S.,Yigit Akü A.S.,Turkiye,C3.479 ,ees Europe ,,"Lead-based batteries | Other battery technologies | Lithiumbasedbatteries | Traction battery and infrastructure | Othercharging systems (portable, inductive, etc.)","Secondary Batteries, Materials & Components","This company specializes in Secondary Batteries, Materials & Components.","Lead-based batteries | Other battery technologies | Lithiumbasedbatteries | Traction battery and infrastructure | Othercharging systems (portable, inductive, etc.) Secondary Batteries, Materials & Components","batteries, battery, lithiumbasedbatteries, lead, technologies"
434,"Zhejiang Chint Electrics Co., Ltd.","Zhejiang Chint Electrics Co., Ltd.",China,C3.219,ees Europe ,,"PV systems for residential buildings | EPC contracting/projectdevelopment for energy storage systems | Stationary energystorage for utilities and grid operators | Hydrogen storage,infrastructure, components | DC charging systems",Secondary Batteries,This company specializes in Secondary Batteries.,"PV systems for residential buildings | EPC contracting/projectdevelopment for energy storage systems | Stationary energystorage for utilities and grid operators | Hydrogen storage,infrastructure, components | DC charging systems Secondary Batteries","pv, energystorage, residential, utilities, buildings"
435,"Zhejiang Xupai Power Technology Co., Ltd.","Zhejiang Xupai Power Technology Co., Ltd,",China,C3.130,ees Europe ,,Other battery technologies | Stationary energy storage forutilities and grid operators | Stationary energy storage forresidential buildings | Uninterruptible power supply systems(UPS) | Stationary energy storage for commercial and industrialapplications,Secondary Batteries,This company specializes in Secondary Batteries.,Other battery technologies | Stationary energy storage forutilities and grid operators | Stationary energy storage forresidential buildings | Uninterruptible power supply systems(UPS) | Stationary energy storage for commercial and industrialapplications Secondary Batteries,"batteries, ups, battery, storage, stationary"
436,Benning Elektrotechnik und Elektronik GmbH &Co. KG,Benning Elektrotechnik und Elektronik GmbH &Co. KG,Germany,C4.130 ,ees Europe ,,Stationary energy storage for utilities and grid operators |Uninterruptible power supply systems (UPS) | Stationary energystorage for commercial and industrial applications,Secondary Batteries,This company specializes in Secondary Batteries.,Stationary energy storage for utilities and grid operators |Uninterruptible power supply systems (UPS) | Stationary energystorage for commercial and industrial applications Secondary Batteries,"ups, energystorage, batteries, stationary, utilities"
437,Borochi Climate Solutions GmbH,Borochi Climate Solutions GmbH,Germany,C4.157,ees Europe ,,PV systems for residential buildings | Stationary energy storagefor residential buildings | AC charging systems | Power-to-heatand conversion (e.g. heat pumps) | Smart energy managementsystems for buildings and districts,Secondary Batteries,This company specializes in Secondary Batteries.,PV systems for residential buildings | Stationary energy storagefor residential buildings | AC charging systems | Power-to-heatand conversion (e.g. heat pumps) | Smart energy managementsystems for buildings and districts Secondary Batteries,"pv, residential, buildings, managementsystems, systems"
438,Celxpert Energy Corporation,Celxpert Energy Corporation,Taiwan,C4.239 ,ees Europe ,,Lithium-based batteries | Stationary energy storage for utilitiesand grid operators | Stationary energy storage for residentialbuildings | Uninterruptible power supply systems (UPS) |Stationary energy storage for commercial and industrialapplications,Secondary Batteries,This company specializes in Secondary Batteries.,Lithium-based batteries | Stationary energy storage for utilitiesand grid operators | Stationary energy storage for residentialbuildings | Uninterruptible power supply systems (UPS) |Stationary energy storage for commercial and industrialapplications Secondary Batteries,"batteries, ups, lithium, utilitiesand, residentialbuildings"
439,"CESC New Energy Technology Co.,Ltd.","CESC New Energy Technology Co.,Ltd.",China,C4.237 ,ees Europe ,,Inverters | Stationary energy storage for residential buildings,"Secondary Batteries, Materials & Components","This company specializes in Secondary Batteries, Materials & Components.","Inverters | Stationary energy storage for residential buildings Secondary Batteries, Materials & Components","inverters, batteries, storage, energy, residential"
440,"CYG ET CO., LTD.","CYG ET CO., LTD.",China,C4.175,ees Europe ,,"Stationary energy storage for residential buildings |Uninterruptible power supply systems (UPS) | ICT, software forenergy storage systems | Stationary energy storage forcommercial and industrial applications | DC charging systems",Secondary Batteries,This company specializes in Secondary Batteries.,"Stationary energy storage for residential buildings |Uninterruptible power supply systems (UPS) | ICT, software forenergy storage systems | Stationary energy storage forcommercial and industrial applications | DC charging systems Secondary Batteries","ups, batteries, storage, energy, stationary"
441,FlexGen,FlexGen,United States,C4.110 ,ees Europe ,,"Other battery technologies | Lithium-based batteries |Cooling/temperature management of storage systems | Batterymanagement systems | ICT, software for energy storagesystems","Secondary Batteries, Inspection & Measurement Equipment","This company specializes in Secondary Batteries, Inspection & Measurement Equipment.","Other battery technologies | Lithium-based batteries |Cooling/temperature management of storage systems | Batterymanagement systems | ICT, software for energy storagesystems Secondary Batteries, Inspection & Measurement Equipment","batterymanagement, batteries, storagesystems, battery, technologies"
442,"Golen Power Technology Co., Ltd.","Golen Power Technology Co., Ltd.",China,C4.151,ees Europe ,,Stationary energy storage for utilities and grid operators |Stationary energy storage for residential buildings |Uninterruptible power supply systems (UPS) | Stationary energystorage for commercial and industrial applications,Secondary Batteries,This company specializes in Secondary Batteries.,Stationary energy storage for utilities and grid operators |Stationary energy storage for residential buildings |Uninterruptible power supply systems (UPS) | Stationary energystorage for commercial and industrial applications Secondary Batteries,"energystorage, ups, batteries, stationary, utilities"
443,"Guangzhou Zhiguang Electric Co., Ltd.","Guangzhou Zhiguang Electric Co., Ltd.",China,C4.159,ees Europe ,,Lithium-based batteries | Battery management systems |Stationary energy storage for utilities and grid operators |Stationary energy storage for residential buildings | Stationaryenergy storage for commercial and industrial applications,Secondary Batteries,This company specializes in Secondary Batteries.,Lithium-based batteries | Battery management systems |Stationary energy storage for utilities and grid operators |Stationary energy storage for residential buildings | Stationaryenergy storage for commercial and industrial applications Secondary Batteries,"batteries, lithium, stationaryenergy, battery, stationary"
444,"Hichain Electricity (Zhaoqing) Co., Ltd.","Hichain Electricity (Zhaoqing) Co., Ltd.",China,C4.137,ees Europe ,,Inverters | Battery Chargers | Battery Materials,"Secondary Batteries, Materials & Components","This company specializes in Secondary Batteries, Materials & Components.","Inverters | Battery Chargers | Battery Materials Secondary Batteries, Materials & Components","inverters, batteries, battery, materials, components"
445,"Howell Energy Co., Ltd","Howell Energy Co., Ltd",China,C4.133,ees Europe ,,Other battery technologies | Lithium-based batteries | Batteryrecycling/second use | Redox flow batteries,Secondary Batteries,This company specializes in Secondary Batteries.,Other battery technologies | Lithium-based batteries | Batteryrecycling/second use | Redox flow batteries Secondary Batteries,"batteryrecycling, batteries, battery, lithium, technologies"
446,Innopower Industrieakkutechnik GmbH,Innopower Industrieakkutechnik GmbH,Germany,C4.134,ees Europe ,,"Lithium-based batteries | Stationary energy storage for utilitiesand grid operators | Stationary energy storage for commercialand industrial applications | Other electric vehicles (water-,aircraft) | Commercial & special electric vehicles",Secondary Batteries,This company specializes in Secondary Batteries.,"Lithium-based batteries | Stationary energy storage for utilitiesand grid operators | Stationary energy storage for commercialand industrial applications | Other electric vehicles (water-,aircraft) | Commercial & special electric vehicles Secondary Batteries","batteries, lithium, utilitiesand, electric, storage"
447,"Jiangsu Furen Energy Technology Co.,Ltd.","Jiangsu Furen Energy Technology Co.,Ltd.",China,C4.139,ees Europe ,,Stationary energy storage for utilities and grid operators |Stationary energy storage for residential buildings | Stationaryenergy storage for commercial and industrial applications,"Secondary Batteries, Materials & Components","This company specializes in Secondary Batteries, Materials & Components.","Stationary energy storage for utilities and grid operators |Stationary energy storage for residential buildings | Stationaryenergy storage for commercial and industrial applications Secondary Batteries, Materials & Components","stationaryenergy, stationary, batteries, storage, utilities"
448,Kijo Power (Shenzhen) Co.Ltd,Kijo Power (Shenzhen) Co.Ltd,China,C4.136 ,ees Europe ,,Lead-based batteries | Lithium-based batteries | Stationaryenergy storage for utilities and grid operators | Stationaryenergy storage for residential buildings | Stationary energystorage for commercial and industrial applications,Secondary Batteries,This company specializes in Secondary Batteries.,Lead-based batteries | Lithium-based batteries | Stationaryenergy storage for utilities and grid operators | Stationaryenergy storage for residential buildings | Stationary energystorage for commercial and industrial applications Secondary Batteries,"batteries, energystorage, stationaryenergy, lithium, stationary"
449,"Renon Technology (Shenzhen) Co., Ltd","Renon Technology (Shenzhen) Co., Ltd.",China,C4.119,ees Europe ,,Lithium-based batteries | Battery management systems |Manufacturing equipment for battery moduleproduction/assembly and system installation/assembly |Stationary energy storage for residential buildings | Stationaryenergy storage for commercial and industrial applications,"Secondary Batteries, Manufacturing Equipment","This company specializes in Secondary Batteries, Manufacturing Equipment.","Lithium-based batteries | Battery management systems |Manufacturing equipment for battery moduleproduction/assembly and system installation/assembly |Stationary energy storage for residential buildings | Stationaryenergy storage for commercial and industrial applications Secondary Batteries, Manufacturing Equipment","batteries, lithium, battery, storage, equipment"
450,"Shandong Wina Green Power Technology Co., Ltd.","Shandong Wina Green Power Technology Co., Ltd.",China,C4.135 ,ees Europe ,,Lithium-based batteries | Stationary energy storage for utilitiesand grid operators | Stationary energy storage for residentialbuildings | Uninterruptible power supply systems (UPS) |Stationary energy storage for commercial and industrialapplications,Secondary Batteries,This company specializes in Secondary Batteries.,Lithium-based batteries | Stationary energy storage for utilitiesand grid operators | Stationary energy storage for residentialbuildings | Uninterruptible power supply systems (UPS) |Stationary energy storage for commercial and industrialapplications Secondary Batteries,"batteries, ups, lithium, utilitiesand, residentialbuildings"
451,"Shanghai ZOE Energy Storage Technology Co., Ltd","Shanghai ZOE Energy Storage Technology Co., Ltd",China,C4.150 ,ees Europe ,,Stationary energy storage for utilities and grid operators |Stationary energy storage for residential buildings | Stationaryenergy storage for commercial and industrial applications,"Secondary Batteries, Materials & Components","This company specializes in Secondary Batteries, Materials & Components.","Stationary energy storage for utilities and grid operators |Stationary energy storage for residential buildings | Stationaryenergy storage for commercial and industrial applications Secondary Batteries, Materials & Components","stationaryenergy, stationary, batteries, storage, utilities"
452,"Shenzhen CHAM Battery Technology Co., Ltd","Shenzhen CHAM Battery Technology Co., Ltd",China,C4.259,ees Europe ,,Lithium-based batteries | Stationary energy storage forresidential buildings | Stationary energy storage for commercialand industrial applications,"Secondary Batteries, Materials & Components","This company specializes in Secondary Batteries, Materials & Components.","Lithium-based batteries | Stationary energy storage forresidential buildings | Stationary energy storage for commercialand industrial applications Secondary Batteries, Materials & Components","batteries, lithium, storage, stationary, buildings"
453,"Shenzhen HB Electronic Co., Ltd","Shenzhen HB Electronic Co., Ltd",China,C4.111 ,ees Europe ,,Lithium-based batteries | Other energy storage technologies,Secondary Batteries,This company specializes in Secondary Batteries.,Lithium-based batteries | Other energy storage technologies Secondary Batteries,"lithium, batteries, storage, secondary, energy"
454,"Shuangdeng Group Co., Ltd.","Shuangdeng Group Co., Ltd.",China,C4.219 ,ees Europe ,,Lithium-based batteries | Stationary energy storage for utilitiesand grid operators | Stationary energy storage for residentialbuildings | Stationary energy storage for commercial andindustrial applications,Secondary Batteries,This company specializes in Secondary Batteries.,Lithium-based batteries | Stationary energy storage for utilitiesand grid operators | Stationary energy storage for residentialbuildings | Stationary energy storage for commercial andindustrial applications Secondary Batteries,"batteries, lithium, residentialbuildings, stationary, storage"
455,"Tianjin Lishen New Energy Technology Co.,Ltd","Tianjin Lishen New Energy Technology Co.,Ltd",China,C4.231,ees Europe ,,Lithium-based batteries | Stationary energy storage for utilitiesand grid operators | Stationary energy storage for residentialbuildings | Stationary energy storage for commercial andindustrial applications,Secondary Batteries,This company specializes in Secondary Batteries.,Lithium-based batteries | Stationary energy storage for utilitiesand grid operators | Stationary energy storage for residentialbuildings | Stationary energy storage for commercial andindustrial applications Secondary Batteries,"batteries, lithium, residentialbuildings, stationary, storage"
456,Vidis GmbH,Vidis GmbH,Germany,C4.160 ,ees Europe ,,"Crystalline modules | Stand-alone systems, off-grid systems |Inverters | Materials and components | Stationary energystorage for utilities and grid operators","Secondary Batteries, Materials & Components, Manufacturing Equipment","This company specializes in Secondary Batteries, Materials & Components, Manufacturing Equipment.","Crystalline modules | Stand-alone systems, off-grid systems |Inverters | Materials and components | Stationary energystorage for utilities and grid operators Secondary Batteries, Materials & Components, Manufacturing Equipment","batteries, energystorage, inverters, modules, crystalline"
457,Waco Energy Inc.,Waco Energy Inc.,United States,C4.171 ,ees Europe ,,"Stationary energy storage for residential buildings | Stationaryenergy storage for commercial and industrial applications | Gridmanagement technologies and services, grid system services,grid Monitoring | Home energy management solutions (HEMS)",Secondary Batteries,This company specializes in Secondary Batteries.,"Stationary energy storage for residential buildings | Stationaryenergy storage for commercial and industrial applications | Gridmanagement technologies and services, grid system services,grid Monitoring | Home energy management solutions (HEMS) Secondary Batteries","batteries, stationaryenergy, storage, stationary, gridmanagement"
458,Weifang Lishen Power Battery System Co.. Ltd.,Weifang Lishen Power Battery System Co.. Ltd.,China,C4.177,ees Europe ,,"Stationary energy storage for utilities and grid operators |Energy Storage for low-capacity mobile applications(smartphones, laptops, tablets, etc.) | Stationary energy storagefor residential buildings | Uninterruptible power supply systems(UPS) | Stationary energy storage for commercial and industrialapplications",Secondary Batteries,This company specializes in Secondary Batteries.,"Stationary energy storage for utilities and grid operators |Energy Storage for low-capacity mobile applications(smartphones, laptops, tablets, etc.) | Stationary energy storagefor residential buildings | Uninterruptible power supply systems(UPS) | Stationary energy storage for commercial and industrialapplications Secondary Batteries","batteries, ups, storage, stationary, utilities"
459,"Xi' An Weiguang Energy Technology Co., Ltd.","Xi' An Weiguang Energy Technology Co., Ltd.",China,C4.277,ees Europe ,,"Power electronics for storage systems | Stationary energystorage for utilities and grid operators | Stationary energystorage for residential buildings | Stationary energy storage forcommercial and industrial applications | High power charger,megawatt charging systems","Secondary Batteries, Manufacturing Equipment","This company specializes in Secondary Batteries, Manufacturing Equipment.","Power electronics for storage systems | Stationary energystorage for utilities and grid operators | Stationary energystorage for residential buildings | Stationary energy storage forcommercial and industrial applications | High power charger,megawatt charging systems Secondary Batteries, Manufacturing Equipment","energystorage, batteries, electronics, storage, charger"
460,"Xi'an JD Energy Co.,Ltd.","Xi'an JD Energy Co.,Ltd.",China,C4.180,ees Europe ,,Stationary energy storage for utilities and grid operators |Stationary energy storage for residential buildings | Stationaryenergy storage for commercial and industrial applications,"Secondary Batteries, Materials & Components","This company specializes in Secondary Batteries, Materials & Components.","Stationary energy storage for utilities and grid operators |Stationary energy storage for residential buildings | Stationaryenergy storage for commercial and industrial applications Secondary Batteries, Materials & Components","stationaryenergy, stationary, batteries, storage, utilities"
