NAME_KR,NAME_EN,DESCRIPTION_KR,DESCRIPTION_EN,KEYWORDS_KR,KEYWORDS_EN,IMAGE_URL,COMPANY_NAME_EN,INDUSTRY_NAME_KR,INDUSTRY_NAME_EN
Non Woven Shopping Bag,Non Woven Shopping Bag,Non Woven Shopping Bag,Non Woven Shopping Bag,,,,"Fujian Challenge Wolves Tech. Co., Ltd.","Bio-degradable & Recycled Products and Packaging; Our main products are non-woven bags, shopping bags, garments bags, cooler bags (insulated), drawstring bags, various plastic bags, compostable plastic granules and compostable products.; OEM, ODM","Bio-degradable & Recycled Products and Packaging; Our main products are non-woven bags, shopping bags, garments bags, cooler bags (insulated), drawstring bags, various plastic bags, compostable plastic granules and compostable products.; OEM, ODM"
Packaging Card Insert,Packaging Card Insert,"One-stop solution of packaging bag and insert card. Save the time of sourcing from different vendors. Suitable for different type of products.; A tag attached to a product to provide additional information such as brand, pricing, product specifications, ingredients, company messages, etc.; Commonly used on different products such as apparel, food, gift packaging, and more.; Features:; - Provide different materials for the bag and header card; - Packaging bag can use material of PVC, PP, PET, OPP, PU, etc.; - Card can use different paper materials including eco-friendly papers; OEM & ODM orders are welcome; #customization #packaging #labeling #printing #tag #tags #printingsolution","One-stop solution of packaging bag and insert card. Save the time of sourcing from different vendors. Suitable for different type of products.; A tag attached to a product to provide additional information such as brand, pricing, product specifications, ingredients, company messages, etc.; Commonly used on different products such as apparel, food, gift packaging, and more.; Features:; - Provide different materials for the bag and header card; - Packaging bag can use material of PVC, PP, PET, OPP, PU, etc.; - Card can use different paper materials including eco-friendly papers; OEM & ODM orders are welcome; #customization #packaging #labeling #printing #tag #tags #printingsolution",,,https://sourcing-media.hktdc.com/product-original/Packaging-20Card-20Insert/39c66e35d84c409fb66852f03b19ccbb,Advance Label Limited,"Green Printing Solution,RFID Tag,Label and Tag,Bio-degradable & Recycled Products and Packaging,Recycling-friendly Packaging,Food Packaging,Pharmaceutical Packaging,Anti-counterfeiting Packaging,Label Printing,Package Printing; Offset Printing, Variable Data Printing, Roll Label, Extended Content Label, Paper & Plastic Box, Packaging Card, Partial Adhesive Label,  Sustainable Packaging, Security Printing, Thermal Label, Decal, Barcode Label, Sticky Memo, Multi Layer Label; ODM, Others, OEM","Green Printing Solution,RFID Tag,Label and Tag,Bio-degradable & Recycled Products and Packaging,Recycling-friendly Packaging,Food Packaging,Pharmaceutical Packaging,Anti-counterfeiting Packaging,Label Printing,Package Printing; Offset Printing, Variable Data Printing, Roll Label, Extended Content Label, Paper & Plastic Box, Packaging Card, Partial Adhesive Label,  Sustainable Packaging, Security Printing, Thermal Label, Decal, Barcode Label, Sticky Memo, Multi Layer Label; ODM, Others, OEM"
Pre-tie ribbon bow,Pre-tie ribbon bow,3mm-75mm,3mm-75mm,,,,Complacent Industrial (H.K.) Limited,"Gift Ribbon and Bow,Cut-Edge Ribbon,Garment Woven Label,Bio-degradable & Recycled Products and Packaging,Recycled Product,General Packaging & Assembling,Gifts Packaging,Textile Packaging,Fabric and Non-Woven Packaging; We are a specialized manufacturer of a wide variety of ribbon, bow, cord, elastic and pouch for the gift, christmas decoration, garment, craft, floral display and specialty packing industries.; OEM","Gift Ribbon and Bow,Cut-Edge Ribbon,Garment Woven Label,Bio-degradable & Recycled Products and Packaging,Recycled Product,General Packaging & Assembling,Gifts Packaging,Textile Packaging,Fabric and Non-Woven Packaging; We are a specialized manufacturer of a wide variety of ribbon, bow, cord, elastic and pouch for the gift, christmas decoration, garment, craft, floral display and specialty packing industries.; OEM"
Zund Tandem Operation,Zund Tandem Operation,Zund Tandem Operation,Zund Tandem Operation,,,,Zund Asia Limited,"Packaging and Finishing Equipment,Packaging Machinery,Cutting System; Zund Swiss Cutting System; Others","Packaging and Finishing Equipment,Packaging Machinery,Cutting System; Zund Swiss Cutting System; Others"
Continue the Sourcing Journey Beyond Exhibitions,Continue the Sourcing Journey Beyond Exhibitions,Continue the Sourcing Journey Beyond Exhibitions,Continue the Sourcing Journey Beyond Exhibitions,,,,EXHIBITION+,,
Recyclable Kraft Paper Bag,Recyclable Kraft Paper Bag,"Let customers bring their takeaways back to the office easily and effortlessly with this paper bag. Made with eco-friendly, food-grade kraft paper, this paper bag features a flat, broad base and two sturdy handles, so it holds soups and saucy dishes with a lower risk of spilling. Its premium kraft paper construction also allows it to be reused later. Elevate customers’ dining experience with this top-quality paper bag.","Let customers bring their takeaways back to the office easily and effortlessly with this paper bag. Made with eco-friendly, food-grade kraft paper, this paper bag features a flat, broad base and two sturdy handles, so it holds soups and saucy dishes with a lower risk of spilling. Its premium kraft paper construction also allows it to be reused later. Elevate customers’ dining experience with this top-quality paper bag.",,,,"Wenzhou Baofeng Packing Technology Co., Ltd.","Printed Matter,Packing Material,Art and Design Service,Flexographic Printing,Package Printing; Paper Box; paper bag; paper cup paper bowl; OEM, ODM, OBM","Printed Matter,Packing Material,Art and Design Service,Flexographic Printing,Package Printing; Paper Box; paper bag; paper cup paper bowl; OEM, ODM, OBM"
Paper bag,Paper bag,Paper bag,Paper bag,,,,"Zhejiang Qinggengyudu Industrial Co., Ltd.","Aluminum Foil Bag,PE, PP & PET Bag,Bio-degradable & Recycled Products and Packaging,Food Packaging,General Packaging & Assembling,Wine Packaging,Beverage Packaging,Functional Packing,Gravure Printing; “Sunny Company” concentrate on paper packaging more than 25 years.”Sunny” means good quality in packaging,such as paper box and notebook. Company provides one-stop service from design, printing, film/glazing/pressing, gilding /UV, mounting/compound; OEM, ODM","Aluminum Foil Bag,PE, PP & PET Bag,Bio-degradable & Recycled Products and Packaging,Food Packaging,General Packaging & Assembling,Wine Packaging,Beverage Packaging,Functional Packing,Gravure Printing; “Sunny Company” concentrate on paper packaging more than 25 years.”Sunny” means good quality in packaging,such as paper box and notebook. Company provides one-stop service from design, printing, film/glazing/pressing, gilding /UV, mounting/compound; OEM, ODM"
Christmas Crackers,Christmas Crackers,Christmas Crackers,Christmas Crackers,,,,"Zhejiang Xinya Packaging Co., Ltd.","Stickers,Gift Wrapping Paper,Flexographic Printing,Form Printing,Package Printing; Paper Bag; OBM, ODM, OEM","Stickers,Gift Wrapping Paper,Flexographic Printing,Form Printing,Package Printing; Paper Bag; OBM, ODM, OEM"
Non-Woven Fabric Dog Feed Bag,Non-Woven Fabric Dog Feed Bag,Non-Woven Fabric Dog Feed Bag,Non-Woven Fabric Dog Feed Bag,,,,"Wenzhou Xifa Industrial Co., Ltd.","Printed Paper Bag,Gifts Packaging; PP WOVEN BAG,PE BAG, FIBC BAG; OBM, ODM","Printed Paper Bag,Gifts Packaging; PP WOVEN BAG,PE BAG, FIBC BAG; OBM, ODM"
Paper Bags with Die Cut Handle,Paper Bags with Die Cut Handle,"Bag Details:; Printing & Design Notice:; Popular application of the bags:; This die cut handle bags are popular used in take out food delivery, such as McDonald, KFC and different coffee shops. The bags can be hold on arm and carry on hands.; Time Period:; FAQ:; Samples:; Our Advantage:","Bag Details:; Printing & Design Notice:; Popular application of the bags:; This die cut handle bags are popular used in take out food delivery, such as McDonald, KFC and different coffee shops. The bags can be hold on arm and carry on hands.; Time Period:; FAQ:; Samples:; Our Advantage:",,,,"Zhejiang Qianlin Packaging Technology Co., Ltd.","Non-Woven Bag,Paper Packaging; Paper Bag, Paper Box, Paper Cup; Others, OEM","Non-Woven Bag,Paper Packaging; Paper Bag, Paper Box, Paper Cup; Others, OEM"
paper bowl,paper bowl,"PAPER BOWL WITH 930ML,can be use for holding soup,porridge and ect.","PAPER BOWL WITH 930ML,can be use for holding soup,porridge and ect.",,,,"Xiamen Jihong Technology Co., Ltd.","Express Packaging,Express envelope,Printed Matter,Printed Paper Bag,Food Bag,Food Packaging,Beverage Packaging,Gifts Packaging,Paper Packaging,Retail Packaging; Paper bag & paper cups; ODM, OEM, OBM","Express Packaging,Express envelope,Printed Matter,Printed Paper Bag,Food Bag,Food Packaging,Beverage Packaging,Gifts Packaging,Paper Packaging,Retail Packaging; Paper bag & paper cups; ODM, OEM, OBM"
"paper bag ,gift bag ,shopping bag","paper bag ,gift bag ,shopping bag","Dear mangers,we are factory major in printing bags, shopping bags ,and non woven bags. if you have any problems please kindly send to me","Dear mangers,we are factory major in printing bags, shopping bags ,and non woven bags. if you have any problems please kindly send to me",,,,"Wenzhou Quanwei Printing Technology Co., Ltd.","Non-Woven Bag,Printed Paper Bag,Gift Wrapping Paper,Gifts Packaging,Paper Packaging; Paper Bag; OBM, ODM, OEM","Non-Woven Bag,Printed Paper Bag,Gift Wrapping Paper,Gifts Packaging,Paper Packaging; Paper Bag; OBM, ODM, OEM"
Stationery,Stationery,"1 Stationery packaging design in Hong Kong and printing in China.; 2. Packing size: as client's demands.; 3. Paper material: we can offer from 80gsm art paper to 450gsm art card. Linen paper, Fancy paper, brown kraft paper, white beach kraft paper; 4. Color: 4 processing color or Pantone 1C to 6C or silkscreen printing; 5. Printing effect: we can offer sport UV, Gloss P.P., Matt P.P. vanish. Aqueous coating, Foil hot stamping, silkscreen, embossed. Etc.; 6. Imported machines for printing and binding; 7. Binding: case bound binding, paperback binding, sewing binding, perfect binding, saddle binding, wire-o binding, spiral binding, glue binding; 8. Packing: all catalogue will be packing into export carton, shrink wrap with labeled on pallet by client request; 9. Delivery: EX-factory or China local delivery, F.O.B or CIF for your choice; 10.Payment: TT or PayPal or LC; 11.MOQ: 1000pcs or US$1,000.00; We can provide one stop solution service from design, printing & export service, at the same time, we also can submit keep stock service and separate delivery service to satisfaction for our client different demand.; Please feel free to contact us for some professional advise","1 Stationery packaging design in Hong Kong and printing in China.; 2. Packing size: as client's demands.; 3. Paper material: we can offer from 80gsm art paper to 450gsm art card. Linen paper, Fancy paper, brown kraft paper, white beach kraft paper; 4. Color: 4 processing color or Pantone 1C to 6C or silkscreen printing; 5. Printing effect: we can offer sport UV, Gloss P.P., Matt P.P. vanish. Aqueous coating, Foil hot stamping, silkscreen, embossed. Etc.; 6. Imported machines for printing and binding; 7. Binding: case bound binding, paperback binding, sewing binding, perfect binding, saddle binding, wire-o binding, spiral binding, glue binding; 8. Packing: all catalogue will be packing into export carton, shrink wrap with labeled on pallet by client request; 9. Delivery: EX-factory or China local delivery, F.O.B or CIF for your choice; 10.Payment: TT or PayPal or LC; 11.MOQ: 1000pcs or US$1,000.00; We can provide one stop solution service from design, printing & export service, at the same time, we also can submit keep stock service and separate delivery service to satisfaction for our client different demand.; Please feel free to contact us for some professional advise",,,,Yee Hing Printing Factory Limited,"Green Printing Solution,Printed Paper Bag,Gifts Packaging,Paper Packaging,Package Printing,Tag Printing Service; Card box printing, PVC box printing, Paper bag printing, Display packing box, Bread bag printing, Gift box printing and Environmentally friendly packaging printing; OEM","Green Printing Solution,Printed Paper Bag,Gifts Packaging,Paper Packaging,Package Printing,Tag Printing Service; Card box printing, PVC box printing, Paper bag printing, Display packing box, Bread bag printing, Gift box printing and Environmentally friendly packaging printing; OEM"
Cooler Bag,Cooler Bag,Cooler Bag,Cooler Bag,,,,Emix Development Limited,"Express Packaging,Non-Woven Bag,Green Printing Solution,Food Pouch,Bio-degradable & Eco-friendly Raw Materials,Bio-degradable & Recycled Products and Packaging,Recycled Product,Food Packaging,Retail Packaging,Tobacco Packaging; Sustainable and Recyclable Packaging Solutions (GRS-Certified); OEM","Express Packaging,Non-Woven Bag,Green Printing Solution,Food Pouch,Bio-degradable & Eco-friendly Raw Materials,Bio-degradable & Recycled Products and Packaging,Recycled Product,Food Packaging,Retail Packaging,Tobacco Packaging; Sustainable and Recyclable Packaging Solutions (GRS-Certified); OEM"
Paper Cracker,Paper Cracker,"Gift, Paper decoration product,","Gift, Paper decoration product,",,,,Golden Cup Printing Company Limited,"Green Printing Solution,Handmade Card,Greeting Card,Diary,Gifts Packaging,Digital Printing,Offset Printing,Commercial Printing,Non-paper Materials Printing,Package Printing; Golden Cup Printing specializes in offset and digital printing educational books, children books, greeting cards and packaging. Being a sustainable printer is always our top priority. We are FSC, ISO14001, China Environmental Labeling accredited.; OEM, ODM","Green Printing Solution,Handmade Card,Greeting Card,Diary,Gifts Packaging,Digital Printing,Offset Printing,Commercial Printing,Non-paper Materials Printing,Package Printing; Golden Cup Printing specializes in offset and digital printing educational books, children books, greeting cards and packaging. Being a sustainable printer is always our top priority. We are FSC, ISO14001, China Environmental Labeling accredited.; OEM, ODM"
Folding gift box/Collapsible gift box,Folding gift box/Collapsible gift box,"Folding gift boxes, also known as foldable hinged boxes, are rigid boxes that consist of a tray glued to the base and a lid with magnets that securely close the box. These can come in collapsible versions that can be flattened or in fully assembled versions .; Material and Size: customiation; Printing: CMYK printing or Pantone colors printing; Customized finishing: matt lamination or glossy lamination, hot stamping, embossing, UV coating, etc.; Artwork format: AI, PDF; Application: gift box, doll box, cosmetic box, packing box","Folding gift boxes, also known as foldable hinged boxes, are rigid boxes that consist of a tray glued to the base and a lid with magnets that securely close the box. These can come in collapsible versions that can be flattened or in fully assembled versions .; Material and Size: customiation; Printing: CMYK printing or Pantone colors printing; Customized finishing: matt lamination or glossy lamination, hot stamping, embossing, UV coating, etc.; Artwork format: AI, PDF; Application: gift box, doll box, cosmetic box, packing box",,,,He Chang Printing Limited,"Paper Tube,Gifts Packaging,Paper Packaging,Package Printing; Our professional color management technology system. In addition, all our raw materials and products comply with EU and Japanese environmental protection standards and are tested by SGS standards to ensure you can use them safely.; OEM","Paper Tube,Gifts Packaging,Paper Packaging,Package Printing; Our professional color management technology system. In addition, all our raw materials and products comply with EU and Japanese environmental protection standards and are tested by SGS standards to ensure you can use them safely.; OEM"
Paper Box,Paper Box,"Sandbox Industries Ltd pride itself on its knowledge of every aspect of the print industry from design to shipping.; By working closely with you we can create a bespoke range to specifically target your customers through range architecture, design style, quality and price. With over 25 years’ experience in designing, producing and supplying greeting cards, gift bags, wrap and stationery, our personable team is highly skilled at understanding your requirements and developing ranges to suit.","Sandbox Industries Ltd pride itself on its knowledge of every aspect of the print industry from design to shipping.; By working closely with you we can create a bespoke range to specifically target your customers through range architecture, design style, quality and price. With over 25 years’ experience in designing, producing and supplying greeting cards, gift bags, wrap and stationery, our personable team is highly skilled at understanding your requirements and developing ranges to suit.",,,,Sandbox Industries Limited,"Stickers,Paper Decoration,Handmade Paper,Greeting Card,Card Printing,Diary,Gift Wrapping Paper,Packing Material,Art and Design Service,Smart Packaging; Sandbox Industries Limited pride itself on its knowledge of every aspect of the print industry from design to shipping. We would aim the market's needs with regards to capacity, quality and on time deliveries.; OEM, ODM","Stickers,Paper Decoration,Handmade Paper,Greeting Card,Card Printing,Diary,Gift Wrapping Paper,Packing Material,Art and Design Service,Smart Packaging; Sandbox Industries Limited pride itself on its knowledge of every aspect of the print industry from design to shipping. We would aim the market's needs with regards to capacity, quality and on time deliveries.; OEM, ODM"
In-Mold Labels,In-Mold Labels,"IML Label can recyle the entire container without removing the label, good resistance to water, oil and chemicals. No extra labelling step required.","IML Label can recyle the entire container without removing the label, good resistance to water, oil and chemicals. No extra labelling step required.",,,,The United Label-Trade Limited,"Paper Decoration,Plastic Decoration,Paper & Printing Supply,Special Paper and Materials,Printing Plate,Adhesive Tapes,Label and Tag,Packing Material,Packaging Cap and Closure,Plastic Packaging; Sales distribute “ SATO” Japan Hand-Labelers & Barcode Printer, “DNP” Japan Thermal Ribbon for Barcoding. We specialise producting Prime Label. In-Mould Label, Anti-Counterfeit, Price-Marking Label, Digital Printing Labels etc.; Others","Paper Decoration,Plastic Decoration,Paper & Printing Supply,Special Paper and Materials,Printing Plate,Adhesive Tapes,Label and Tag,Packing Material,Packaging Cap and Closure,Plastic Packaging; Sales distribute “ SATO” Japan Hand-Labelers & Barcode Printer, “DNP” Japan Thermal Ribbon for Barcoding. We specialise producting Prime Label. In-Mould Label, Anti-Counterfeit, Price-Marking Label, Digital Printing Labels etc.; Others"
"Metallic High barrier
Compostable Pouch","Metallic High barrier
Compostable Pouch",Product Attributes; Benefits; Applications,Product Attributes; Benefits; Applications,,,,"Foshan DXC Packaging Co.,Ltd.","Resealable Bag,Food Pouch,Food Bag,Bio-degradable & Eco-friendly Raw Materials,Bio-degradable & Recycled Products and Packaging,Blister Packaging,Food Packaging,Reheatable Food Packaging,Shrink Packaging,Beverage Packaging; Food packaging bag  Pet food bag Personal care bag Child Resistant Bag Rollstock Film Spout Pouch  Shaped Pouch  Side Gusset Pouch Flat Bottom Pouch; ODM, OEM, OBM","Resealable Bag,Food Pouch,Food Bag,Bio-degradable & Eco-friendly Raw Materials,Bio-degradable & Recycled Products and Packaging,Blister Packaging,Food Packaging,Reheatable Food Packaging,Shrink Packaging,Beverage Packaging; Food packaging bag  Pet food bag Personal care bag Child Resistant Bag Rollstock Film Spout Pouch  Shaped Pouch  Side Gusset Pouch Flat Bottom Pouch; ODM, OEM, OBM"
"Eco-Friendly Mailing Envelope Pointed Bottom Courier Bag Flat Mailers for E-commerce, Apparel & Documents","Eco-Friendly Mailing Envelope Pointed Bottom Courier Bag Flat Mailers for E-commerce, Apparel & Documents","Product Specifications; Paper Type: White/Brown Kraft Paper; Grammage: 150-250g/m²; Printing Options: 3-7 colors (double-sided); Outer Printing: Customizable; Width Range: 100-600mm; Bag Height Range: 50-450mm; Lip Width Range: 0-70mm; Key Features; 1.Easy-Tear Line – Quick, clean opening without tools; 2.High Paper Weight – Ensures secure transport of documents, books & garments; 3.Pointed Bottom Design – Improved structural integrity for better stacking; 4.Customizable Printing – Brand your packaging with logos, colors & designs; 5.Eco-Friendly Material – 100% recyclable & biodegradable; Why Choose Our Pointed Bottom Courier Bags?; With the rapid growth of e-commerce shipping, sustainable packaging solutions are in high demand. Our Pointed Bottom Courier Bags provide:; 1.Reduced Plastic Waste – Fully paper-based, supporting global green initiatives; 2.Enhanced Durability – Rigorously tested for tear resistance & load-bearing capacity; 3.Branding Opportunity – High-quality printing for marketing & professionalism; Applications; 1.E-Commerce Shipping (Clothing, Books, Documents); 2.Office & Mailing (Files, Stationery, Gifts); 3.Retail & Merchandise Packaging; Customization Process; 1.Consultation – Discuss your requirements with our team; 2.Quotation – Get a competitive price based on specs; 3.Free Design – Receive mockups for approval; 4.Finalize Solution – Confirm materials & printing; 5.Order & Payment – Secure transaction; 6.Production – Fast turnaround; 7.Quality Check & Shipping – Inspected before dispatch; 8.Delivery – Worldwide logistics support; Our Strengths; 1.Trusted by Fortune 500 Companies; 2.Top 100 Printing Enterprise in China (6 Years); 3.Comprehensive Packaging Solutions – Paper bags, food packing，non-woven bags, labels & receipts; 4.0One-Stop Customization – Tailored to your needs; 5.China’s First Eco-Friendly Packaging Listed Company; 6.Global Supply Chain – 13 subsidiaries & 2 offices; Manufacturing Capacity; Annual Output:; 2.7B eco-friendly paper bags; 9.5B food packaging units; 2B non-woven bags; 200M m² labels & receipts; Certifications; ✔ ISO 9001, 14001, 22000, 45001; ✔ BRC-IOP, FSC-COC Certified; ✔ FDA & REACH Compliant; FAQ; 1. What temperature range can the adhesive withstand?; A: Our sealant passes -20°C to 70°C tests (suitable for European winters/summers).; 2. Can you add a die-cut window to display contents?; A: Yes! Custom window shapes & positions available.; 3. How many hot-melt glue lines can be added?; A: Options: No glue / Single glue / Double glue + tear strip (paper or plastic).; 4. Can the tear strip be paper or plastic?; A: Both options available.; 5. How can we reduce costs?; A: We optimize paper weight, size & material for cost efficiency.; 6. How is weight testing done for handle-free bags?; A: We attach a temporary handle for static/dynamic load tests.; 7. What’s the weight capacity for different bag styles?; A: Share your requirements—we’ll recommend the best paper strength.; 8. Do you provide instructional videos?; A: Yes! Contact us for demo videos.","Product Specifications; Paper Type: White/Brown Kraft Paper; Grammage: 150-250g/m²; Printing Options: 3-7 colors (double-sided); Outer Printing: Customizable; Width Range: 100-600mm; Bag Height Range: 50-450mm; Lip Width Range: 0-70mm; Key Features; 1.Easy-Tear Line – Quick, clean opening without tools; 2.High Paper Weight – Ensures secure transport of documents, books & garments; 3.Pointed Bottom Design – Improved structural integrity for better stacking; 4.Customizable Printing – Brand your packaging with logos, colors & designs; 5.Eco-Friendly Material – 100% recyclable & biodegradable; Why Choose Our Pointed Bottom Courier Bags?; With the rapid growth of e-commerce shipping, sustainable packaging solutions are in high demand. Our Pointed Bottom Courier Bags provide:; 1.Reduced Plastic Waste – Fully paper-based, supporting global green initiatives; 2.Enhanced Durability – Rigorously tested for tear resistance & load-bearing capacity; 3.Branding Opportunity – High-quality printing for marketing & professionalism; Applications; 1.E-Commerce Shipping (Clothing, Books, Documents); 2.Office & Mailing (Files, Stationery, Gifts); 3.Retail & Merchandise Packaging; Customization Process; 1.Consultation – Discuss your requirements with our team; 2.Quotation – Get a competitive price based on specs; 3.Free Design – Receive mockups for approval; 4.Finalize Solution – Confirm materials & printing; 5.Order & Payment – Secure transaction; 6.Production – Fast turnaround; 7.Quality Check & Shipping – Inspected before dispatch; 8.Delivery – Worldwide logistics support; Our Strengths; 1.Trusted by Fortune 500 Companies; 2.Top 100 Printing Enterprise in China (6 Years); 3.Comprehensive Packaging Solutions – Paper bags, food packing，non-woven bags, labels & receipts; 4.0One-Stop Customization – Tailored to your needs; 5.China’s First Eco-Friendly Packaging Listed Company; 6.Global Supply Chain – 13 subsidiaries & 2 offices; Manufacturing Capacity; Annual Output:; 2.7B eco-friendly paper bags; 9.5B food packaging units; 2B non-woven bags; 200M m² labels & receipts; Certifications; ✔ ISO 9001, 14001, 22000, 45001; ✔ BRC-IOP, FSC-COC Certified; ✔ FDA & REACH Compliant; FAQ; 1. What temperature range can the adhesive withstand?; A: Our sealant passes -20°C to 70°C tests (suitable for European winters/summers).; 2. Can you add a die-cut window to display contents?; A: Yes! Custom window shapes & positions available.; 3. How many hot-melt glue lines can be added?; A: Options: No glue / Single glue / Double glue + tear strip (paper or plastic).; 4. Can the tear strip be paper or plastic?; A: Both options available.; 5. How can we reduce costs?; A: We optimize paper weight, size & material for cost efficiency.; 6. How is weight testing done for handle-free bags?; A: We attach a temporary handle for static/dynamic load tests.; 7. What’s the weight capacity for different bag styles?; A: Share your requirements—we’ll recommend the best paper strength.; 8. Do you provide instructional videos?; A: Yes! Contact us for demo videos.",,,,"Fujian Nanwang Environment Protection Scien-Tech Co., Ltd.","Paper Straw,Paper Bowl/Paper Cup/Paper Straw,Paper Cup,Eco Printing Ink,Water-Based Ink,Food Packaging,Gifts Packaging,Paper Packaging,Package Printing,Tag Printing Service; ODM","Paper Straw,Paper Bowl/Paper Cup/Paper Straw,Paper Cup,Eco Printing Ink,Water-Based Ink,Food Packaging,Gifts Packaging,Paper Packaging,Package Printing,Tag Printing Service; ODM"
Color box customization,Color box customization,paper box customization,paper box customization,,,https://sourcing-media.hktdc.com/product-original/Color-20box-20customization/40c46c9fcb8c401b8826b5aa9635c4e1; https://sourcing-media.hktdc.com/product-original/Color-20box-20customization/78411b0891b74ef5809fd035c7d0ac06; https://sourcing-media.hktdc.com/product-original/Color-20box-20customization/dc946c5dea854dce9b91f0faa603c4f3; https://sourcing-media.hktdc.com/product-original/Color-20box-20customization/038936c04baa425aaceb0a636f43bab1,"Guangdong Gaowei Printing & Packaging Technology Co., Ltd.","Printed Paper Bag,Corrugated Carton Box,Bio-degradable & Eco-friendly Raw Materials,Bio-degradable & Recycled Products and Packaging,Recycling-friendly Packaging,Art and Design Service,Gifts Packaging,Paper Packaging,Security Printing,Package Printing; Color box  Colour Carton Nonwoven bag  Paper bags  Label; ODM, OBM, OEM","Printed Paper Bag,Corrugated Carton Box,Bio-degradable & Eco-friendly Raw Materials,Bio-degradable & Recycled Products and Packaging,Recycling-friendly Packaging,Art and Design Service,Gifts Packaging,Paper Packaging,Security Printing,Package Printing; Color box  Colour Carton Nonwoven bag  Paper bags  Label; ODM, OBM, OEM"
Plastic Candy Cookies Toy Bag,Plastic Candy Cookies Toy Bag,Plastic Candy Cookies Toy Bag,Plastic Candy Cookies Toy Bag,,,,"DongGuan XinYiDa Printing Products Co., Ltd.","Aluminum Foil Bag,Food Pouch,Bio-degradable & Recycled Products and Packaging,Food Packaging,Pharmaceutical Packaging,Shrink Packaging,Twist Wrapping,Vacuum Packing,Beverage Packaging,Gravure Printing; Walmart/Disney/UniversalWalgreens/Target/CVS/Homedepot/Lowes/Mga/Hasbro; ODM","Aluminum Foil Bag,Food Pouch,Bio-degradable & Recycled Products and Packaging,Food Packaging,Pharmaceutical Packaging,Shrink Packaging,Twist Wrapping,Vacuum Packing,Beverage Packaging,Gravure Printing; Walmart/Disney/UniversalWalgreens/Target/CVS/Homedepot/Lowes/Mga/Hasbro; ODM"
Custom Metal Packaging Rectangular / Round Tinplate Food Tin Packaging 12oz,Custom Metal Packaging Rectangular / Round Tinplate Food Tin Packaging 12oz,"Description:; Food Tin Can is a versatile and practical product designed for storing and serving food. Made from durable Metal Tinplate, this tin can is ideal for various food items such as soups, stews, fruits, and more. Its sturdy construction ensures that your food remains fresh and protected during storage.; The Food Tin Can is perfect for a wide range of food-related activities. Whether you need a disposable metal bowl and dish for a picnic, camping trip, or outdoor event, this tin can is a convenient solution. Its compact size and lightweight design make it easy to carry and transport, making it a reliable choice for on-the-go meals.; One of the standout features of the Food Tin Can is its heating ready-to-eat bowl functionality. This allows you to conveniently heat your food directly in the tin can, making it a convenient option for quick and easy meal preparation. Whether you're at home or on the go, this feature ensures that your food is piping hot and ready to enjoy in no time.; Customization is key when it comes to the Food Tin Can. You have the flexibility to choose the color and printing of the tin can to suit your preferences and branding needs. Whether you want a vibrant and eye-catching design or a more subtle and elegant look, the customization options allow you to create a personalized product that stands out.; In addition to color and printing options, the Food Tin Can also offers a variety of coating choices including Clear, Gold, White, and Aluminum Paste. These coatings not only enhance the visual appeal of the tin can but also provide additional protection and durability. The clear coating allows the natural shine of the metal to show through, while the gold, white, and aluminum paste coatings add a touch of sophistication to the overall appearance.; When it comes to cooking food, the Food Tin Can is a reliable companion in the kitchen. Its metal tinplate material is heat-resistant and can withstand high temperatures, making it suitable for a wide range of cooking methods. Whether you're baking, roasting, or even grilling, this tin can is up to the task, providing you with a versatile cooking vessel that delivers consistent results.; Overall, the Food Tin Can is a must-have product for anyone looking for a convenient and practical solution for storing and serving food. Its durable construction, heating-ready bowl functionality, customization options, and cooking capabilities make it a versatile and reliable choice for a wide range of food-related activities. Whether you're enjoying a meal on the go or preparing a delicious dish at home, the Food Tin Can is sure to meet your needs and exceed your expectations.; Features :","Description:; Food Tin Can is a versatile and practical product designed for storing and serving food. Made from durable Metal Tinplate, this tin can is ideal for various food items such as soups, stews, fruits, and more. Its sturdy construction ensures that your food remains fresh and protected during storage.; The Food Tin Can is perfect for a wide range of food-related activities. Whether you need a disposable metal bowl and dish for a picnic, camping trip, or outdoor event, this tin can is a convenient solution. Its compact size and lightweight design make it easy to carry and transport, making it a reliable choice for on-the-go meals.; One of the standout features of the Food Tin Can is its heating ready-to-eat bowl functionality. This allows you to conveniently heat your food directly in the tin can, making it a convenient option for quick and easy meal preparation. Whether you're at home or on the go, this feature ensures that your food is piping hot and ready to enjoy in no time.; Customization is key when it comes to the Food Tin Can. You have the flexibility to choose the color and printing of the tin can to suit your preferences and branding needs. Whether you want a vibrant and eye-catching design or a more subtle and elegant look, the customization options allow you to create a personalized product that stands out.; In addition to color and printing options, the Food Tin Can also offers a variety of coating choices including Clear, Gold, White, and Aluminum Paste. These coatings not only enhance the visual appeal of the tin can but also provide additional protection and durability. The clear coating allows the natural shine of the metal to show through, while the gold, white, and aluminum paste coatings add a touch of sophistication to the overall appearance.; When it comes to cooking food, the Food Tin Can is a reliable companion in the kitchen. Its metal tinplate material is heat-resistant and can withstand high temperatures, making it suitable for a wide range of cooking methods. Whether you're baking, roasting, or even grilling, this tin can is up to the task, providing you with a versatile cooking vessel that delivers consistent results.; Overall, the Food Tin Can is a must-have product for anyone looking for a convenient and practical solution for storing and serving food. Its durable construction, heating-ready bowl functionality, customization options, and cooking capabilities make it a versatile and reliable choice for a wide range of food-related activities. Whether you're enjoying a meal on the go or preparing a delicious dish at home, the Food Tin Can is sure to meet your needs and exceed your expectations.; Features :",,,,"Foshan Priani Metal Products Co., Ltd.","Metal Box & Can,Food Packaging,Metal Packaging,Retail Packaging; Metal products.Tin Box; ODM, OEM","Metal Box & Can,Food Packaging,Metal Packaging,Retail Packaging; Metal products.Tin Box; ODM, OEM"
plastic ampoule bottle,plastic ampoule bottle,"We have a wide variety of styles to choose from. There are options at different price points and with different craftsmanship. For more details, you can consult us.","We have a wide variety of styles to choose from. There are options at different price points and with different craftsmanship. For more details, you can consult us.",,,,"Guangzhou Hongqi Packaging Products Co., Ltd","Eco Printing Ink,Green Printing Solution,Paper & Printing Supply,Aluminum Foil Bag,Packaging Tag,Bio-degradable & Eco-friendly Raw Materials,Food Packaging,Fiber-based Catering Packaging,Beverage Packaging,Digital Printing; Engaged in various paper plastic, pharmaceutical, food (composite film bags), flexiblepackaging composite film, daily chemical plastic hot cutting bags, heat shrink labels,automatic packaging film rolls, paper plastic composites and other products.; Others, OEM, ODM, OBM","Eco Printing Ink,Green Printing Solution,Paper & Printing Supply,Aluminum Foil Bag,Packaging Tag,Bio-degradable & Eco-friendly Raw Materials,Food Packaging,Fiber-based Catering Packaging,Beverage Packaging,Digital Printing; Engaged in various paper plastic, pharmaceutical, food (composite film bags), flexiblepackaging composite film, daily chemical plastic hot cutting bags, heat shrink labels,automatic packaging film rolls, paper plastic composites and other products.; Others, OEM, ODM, OBM"
U-shape paper straws,U-shape paper straws,"Eco-Friendly U-Shape Paper Straws – Sustainable & Reliable for Any Beverage; Switch to our U-shape paper straws for a stylish and eco-friendly alternative to plastic. Designed for strength and durability , these straws are 100% recyclable and biodegradable , offering an environmentally responsible choice for beverages, smoothies, milkshakes, and juices .; Our U-shape straws are a perfect fit for the dairy and juice industries , providing a reliable, plastic-free solution that ensures durability while maintaining the shape and integrity of the straw for extended liquid contact . We produce all sizes from 115 to 185mm , making it easy to customize the straws for various needs.","Eco-Friendly U-Shape Paper Straws – Sustainable & Reliable for Any Beverage; Switch to our U-shape paper straws for a stylish and eco-friendly alternative to plastic. Designed for strength and durability , these straws are 100% recyclable and biodegradable , offering an environmentally responsible choice for beverages, smoothies, milkshakes, and juices .; Our U-shape straws are a perfect fit for the dairy and juice industries , providing a reliable, plastic-free solution that ensures durability while maintaining the shape and integrity of the straw for extended liquid contact . We produce all sizes from 115 to 185mm , making it easy to customize the straws for various needs.",,,,"Ningbo Hello Straw Products Co., Ltd.","Take-away Cutleries,Paper Straw,Paper Bowl/Paper Cup/Paper Straw,Paper Cup,Take-way Packaging Box,Recycling-friendly Packaging,Food Packaging,Reheatable Food Packaging,Wine Packaging,Beverage Packaging; We offer a full range of paper products, including straws, cutlery, packaging and more. All our products are 100% recyclable, compostable & sustainable. With safe inks and bespoke customisation, we are here to offer sustainable solutions to your ever; OBM, ODM, OEM","Take-away Cutleries,Paper Straw,Paper Bowl/Paper Cup/Paper Straw,Paper Cup,Take-way Packaging Box,Recycling-friendly Packaging,Food Packaging,Reheatable Food Packaging,Wine Packaging,Beverage Packaging; We offer a full range of paper products, including straws, cutlery, packaging and more. All our products are 100% recyclable, compostable & sustainable. With safe inks and bespoke customisation, we are here to offer sustainable solutions to your ever; OBM, ODM, OEM"
Retail luxury paper bag,Retail luxury paper bag,Brown kraft paper; printing; paper tape handle; Metal eyelets,Brown kraft paper; printing; paper tape handle; Metal eyelets,,,,"Shanghai Jinke Supply Chain Management Co., Ltd.","Display Props,Plain Paper Bag,Packing Material,Recycling-friendly Packaging,Wine Packaging,Gifts Packaging,Paper Packaging,Retail Packaging,Smart Packaging,Package Printing; Paper bag/boxStickers; OEM, OBM, ODM","Display Props,Plain Paper Bag,Packing Material,Recycling-friendly Packaging,Wine Packaging,Gifts Packaging,Paper Packaging,Retail Packaging,Smart Packaging,Package Printing; Paper bag/boxStickers; OEM, OBM, ODM"
Luxury Custom Cardboard Gift Mailing Mailer Shipping Box Corrugated Paper Packing Cardboard Box With Paper Gift Bag,Luxury Custom Cardboard Gift Mailing Mailer Shipping Box Corrugated Paper Packing Cardboard Box With Paper Gift Bag,Luxury Custom Cardboard Gift Mailing Mailer Shipping Box Corrugated Paper Packing Cardboard Box With Paper Gift Bag,Luxury Custom Cardboard Gift Mailing Mailer Shipping Box Corrugated Paper Packing Cardboard Box With Paper Gift Bag,,,https://sourcing-media.hktdc.com/product-original/Luxury-20Custom-20Cardboard-20Gift-20Mailing-20Mailer-20Shipping-20Box-20Corrugated-20Paper-20Packing-20Cardboard-20Box-20With-20Paper-20Gift-20Bag/7f245160c01c412b86d8b38878410357,"Shenzhen Yuelong Packaging Printing Co., Ltd.","Hang Tag & Printed Label For Garment,Printed Paper Bag,Corrugated Carton Box,Paper Tube,Electronic Components Packaging,Traceable Packaging,Gifts Packaging,Paper Packaging,Package Printing,Tag Printing Service; Paper Boxes, Color Packing, Color Printing, Gift Boxes,Gold And Silver Card Boxes, Handmade Gift Boxes, Paper Handbags, Paper Color Cards, Manuals, Stickers Labels,Memory Game Paper Card, Flash Card,Picture Books, Paper Display Stands, Paper Bag; ODM, Others, OEM","Hang Tag & Printed Label For Garment,Printed Paper Bag,Corrugated Carton Box,Paper Tube,Electronic Components Packaging,Traceable Packaging,Gifts Packaging,Paper Packaging,Package Printing,Tag Printing Service; Paper Boxes, Color Packing, Color Printing, Gift Boxes,Gold And Silver Card Boxes, Handmade Gift Boxes, Paper Handbags, Paper Color Cards, Manuals, Stickers Labels,Memory Game Paper Card, Flash Card,Picture Books, Paper Display Stands, Paper Bag; ODM, Others, OEM"
Gift Paper Bag For Chocolate Bars,Gift Paper Bag For Chocolate Bars,"Luxury top fold flip paper bag for chocolate bars; Material: 210gsm white card paper; Size: Customized; Printing: CMYK printing+2 color print (P10336C+P200)+Matt lamination+Spot UV; Handle: die-cut handle; Reinforcement: bottom with reinforced card; Being involved in packaging field for more than 14 years, Xiamen Chief Color Co., Ltd. is a handmade paper bags factory with rich experience. We also provide luxury gift boxes, Welcome to contact us for any questions and inquiries.","Luxury top fold flip paper bag for chocolate bars; Material: 210gsm white card paper; Size: Customized; Printing: CMYK printing+2 color print (P10336C+P200)+Matt lamination+Spot UV; Handle: die-cut handle; Reinforcement: bottom with reinforced card; Being involved in packaging field for more than 14 years, Xiamen Chief Color Co., Ltd. is a handmade paper bags factory with rich experience. We also provide luxury gift boxes, Welcome to contact us for any questions and inquiries.",,,,"Xiamen Chief Color Co., Ltd.","Gift Ribbon and Bow,Non-Woven Bag,Printed Paper Bag,Corrugated Carton Box,Bio-degradable & Recycled Products and Packaging,Recycling-friendly Packaging,General Packaging & Assembling,Gifts Packaging,Paper Packaging,Tubes Packaging; Custom Printed Paper Box And Paper Bag.  Rigid Set-Up Box, Paper Collapsible Box, Folding Cartons, Paper Carrier Bags; ODM, OEM","Gift Ribbon and Bow,Non-Woven Bag,Printed Paper Bag,Corrugated Carton Box,Bio-degradable & Recycled Products and Packaging,Recycling-friendly Packaging,General Packaging & Assembling,Gifts Packaging,Paper Packaging,Tubes Packaging; Custom Printed Paper Box And Paper Bag.  Rigid Set-Up Box, Paper Collapsible Box, Folding Cartons, Paper Carrier Bags; ODM, OEM"
Customized LLDPE Mini Stretch Film,Customized LLDPE Mini Stretch Film,"Our Customized LLDPE Mini Stretch Film is made from 100% pure LLDPE material, combining durability with ease of use. Designed for manual application, this mini stretch film is perfect for office, home, and light industrial use, providing a quick and effective way to secure small packages and items.; Premium Material: Crafted from 100% pure Linear Low-Density Polyethylene (LLDPE) for excellent elasticity and cling.; User-Friendly Design: Equipped with a sturdy plastic handle, making wrapping faster, easier, and more comfortable by hand.; Compact & Portable: Lightweight and small-sized, ideal for on-the-go use and quick packaging tasks.; Customizable Sizes: Widths ranging from 30mm to 120mm, lengths from 100 to 400 meters, and thickness options between 16 and 25 microns to meet diverse needs.; Clear Transparency: Transparent film for easy content identification.; Flexible Packaging: Paper core diameter available in 1 inch or 1.5 inch, with customizable packaging options to suit your brand.; OEM Available: We offer OEM services to customize your film according to your specific requirements.; Perfect for hand use in offices, homes, and small businesses for bundling, wrapping, and securing packages.; Suitable for light-duty packaging tasks where convenience and speed are important.; Great for protecting items during shipping, storage, or moving.; Durability and Quality: Made from 100% pure LLDPE, ensuring strong cling and reliable protection.; Ease of Use: Handle design improves wrapping efficiency and reduces hand fatigue.; Customizable: Sizes and packaging can be tailored to fit your exact needs.; Trusted Supplier: Over 20 years of experience providing quality packaging films worldwide.; For more information or to request samples and pricing, please contact our sales team today. We look forward to helping you find the perfect packaging solution! 📞✉️","Our Customized LLDPE Mini Stretch Film is made from 100% pure LLDPE material, combining durability with ease of use. Designed for manual application, this mini stretch film is perfect for office, home, and light industrial use, providing a quick and effective way to secure small packages and items.; Premium Material: Crafted from 100% pure Linear Low-Density Polyethylene (LLDPE) for excellent elasticity and cling.; User-Friendly Design: Equipped with a sturdy plastic handle, making wrapping faster, easier, and more comfortable by hand.; Compact & Portable: Lightweight and small-sized, ideal for on-the-go use and quick packaging tasks.; Customizable Sizes: Widths ranging from 30mm to 120mm, lengths from 100 to 400 meters, and thickness options between 16 and 25 microns to meet diverse needs.; Clear Transparency: Transparent film for easy content identification.; Flexible Packaging: Paper core diameter available in 1 inch or 1.5 inch, with customizable packaging options to suit your brand.; OEM Available: We offer OEM services to customize your film according to your specific requirements.; Perfect for hand use in offices, homes, and small businesses for bundling, wrapping, and securing packages.; Suitable for light-duty packaging tasks where convenience and speed are important.; Great for protecting items during shipping, storage, or moving.; Durability and Quality: Made from 100% pure LLDPE, ensuring strong cling and reliable protection.; Ease of Use: Handle design improves wrapping efficiency and reduces hand fatigue.; Customizable: Sizes and packaging can be tailored to fit your exact needs.; Trusted Supplier: Over 20 years of experience providing quality packaging films worldwide.; For more information or to request samples and pricing, please contact our sales team today. We look forward to helping you find the perfect packaging solution! 📞✉️",,,https://sourcing-media.hktdc.com/product-original/Customized-20LLDPE-20Mini-20Stretch-20Film/9f7d71a3f6414772ac644bf3c5f0613b; https://sourcing-media.hktdc.com/product-original/Customized-20LLDPE-20Mini-20Stretch-20Film/9b63cdd627874d5aa253f754b401ed08,Buypoint Technology Limited,"Adhesive Tapes,Packing Material,Film; low/no noise packing tape, crystal clear packing tape, printed tape, stationery tape, industrial tape, super-thin stretch film, pre-stretch film for machine or manual used, static-free stretch film, eco-friendly cling film and so on. All of the produ; OBM, OEM, ODM","Adhesive Tapes,Packing Material,Film; low/no noise packing tape, crystal clear packing tape, printed tape, stationery tape, industrial tape, super-thin stretch film, pre-stretch film for machine or manual used, static-free stretch film, eco-friendly cling film and so on. All of the produ; OBM, OEM, ODM"
Compostable cat litter bags,Compostable cat litter bags,"Biodegradable cat litter bags, crafted from corn-based materials, are now available at competitive wholesale prices. These bags are not only extra thick for durability but also feature leakproof qualities and a convenient drawstring closure.; Key Features:; Product Description:; Made from a blend of PLA, PBAT, and corn starch, these bags are a sustainable and eco-friendly alternative to traditional polyethylene bags. They decompose into water, carbon dioxide, and organic humus under composting conditions, embodying a true cradle-to-cradle lifecycle.; For pet care centers and individual consumers alike, using these compostable bags significantly reduces both the carbon footprint and plastic waste. Bulk purchasers will find that these sustainable options not only align with eco-conscious values but also enhance the brand's image through their commitment to environmental responsibility.; If you're interested in wholesale or customized compostable cat poop bags, we offer complimentary samples and personalized service options. We are eager to explore partnership opportunities and help you transition to greener practices.","Biodegradable cat litter bags, crafted from corn-based materials, are now available at competitive wholesale prices. These bags are not only extra thick for durability but also feature leakproof qualities and a convenient drawstring closure.; Key Features:; Product Description:; Made from a blend of PLA, PBAT, and corn starch, these bags are a sustainable and eco-friendly alternative to traditional polyethylene bags. They decompose into water, carbon dioxide, and organic humus under composting conditions, embodying a true cradle-to-cradle lifecycle.; For pet care centers and individual consumers alike, using these compostable bags significantly reduces both the carbon footprint and plastic waste. Bulk purchasers will find that these sustainable options not only align with eco-conscious values but also enhance the brand's image through their commitment to environmental responsibility.; If you're interested in wholesale or customized compostable cat poop bags, we offer complimentary samples and personalized service options. We are eager to explore partnership opportunities and help you transition to greener practices.",,,,"Dongguan Xinhai Environment-Friendly Materials Co., Ltd","Bio-degradable & Eco-friendly Raw Materials,Bio-degradable & Recycled Products and Packaging; Biodegradable plastic bags,corn starch degradable T-shirt bags,fully biodegradable garbage bags; ODM, OEM, OBM","Bio-degradable & Eco-friendly Raw Materials,Bio-degradable & Recycled Products and Packaging; Biodegradable plastic bags,corn starch degradable T-shirt bags,fully biodegradable garbage bags; ODM, OEM, OBM"
custom printing packaging bags,custom printing packaging bags,"custom sizes, thickness, printing, MOQ 500pcs","custom sizes, thickness, printing, MOQ 500pcs",,,,"Foshan Shuangfu Packing Co., Ltd.","Aluminum Foil Bag,Resealable Bag,Food Pouch,Food Bag,Food Packaging,Plastic Food Packaging,Vacuum Packing,Beverage Packaging; Our flexible packaging products manufactured in China include preformed pouches or rolls with a variety of features. Our main products are stand up pouches,aluminum foil bags,ziplock bags,flat bottom pouches, PE bags,vacuum bags,and so on; OEM","Aluminum Foil Bag,Resealable Bag,Food Pouch,Food Bag,Food Packaging,Plastic Food Packaging,Vacuum Packing,Beverage Packaging; Our flexible packaging products manufactured in China include preformed pouches or rolls with a variety of features. Our main products are stand up pouches,aluminum foil bags,ziplock bags,flat bottom pouches, PE bags,vacuum bags,and so on; OEM"
"triangle paper bag,Cosmetic paper bag","triangle paper bag,Cosmetic paper bag","Cosmetic paper bag,triangle paper bag,transparent hotfoil+debossing","Cosmetic paper bag,triangle paper bag,transparent hotfoil+debossing",,,,"Zhongshan True Color Printing Co., Ltd.","3D Picture,Plain Paper Bag,Printed Paper Bag,Corrugated Carton Box,Art and Design Service,Gifts Packaging,Paper Packaging,Book and Magazine Printing,Commercial Printing,Package Printing; Paper bag, book printing, gift box; OEM, ODM","3D Picture,Plain Paper Bag,Printed Paper Bag,Corrugated Carton Box,Art and Design Service,Gifts Packaging,Paper Packaging,Book and Magazine Printing,Commercial Printing,Package Printing; Paper bag, book printing, gift box; OEM, ODM"
Custom printed food grade ziplock snack custom plastic pouch packaging food packing bag,Custom printed food grade ziplock snack custom plastic pouch packaging food packing bag,"Grade; Food grade; •Wide range of uses, can be used for packaging sandwiches, sushi, rice balls, moon cakes, biscuits, candies, chocolate, coffee beans, other dried beans, seafood wet goods and various fresh fruits and vegetables, meat and other products.","Grade; Food grade; •Wide range of uses, can be used for packaging sandwiches, sushi, rice balls, moon cakes, biscuits, candies, chocolate, coffee beans, other dried beans, seafood wet goods and various fresh fruits and vegetables, meat and other products.",,,https://sourcing-media.hktdc.com/product-original/Custom-20printed-20food-20grade-20ziplock-20snack-20custom-20plastic-20pouch-20packaging-20food-20packing-20bag/5cd17f05dcf8449dbe575296fd314fe2; https://sourcing-media.hktdc.com/product-original/Custom-20printed-20food-20grade-20ziplock-20snack-20custom-20plastic-20pouch-20packaging-20food-20packing-20bag/ac2841aa703044d68c03c448fdb7611f; https://sourcing-media.hktdc.com/product-original/Custom-20printed-20food-20grade-20ziplock-20snack-20custom-20plastic-20pouch-20packaging-20food-20packing-20bag/8230589879c4445cb1670ad0e5a871ae; https://sourcing-media.hktdc.com/product-original/Custom-20printed-20food-20grade-20ziplock-20snack-20custom-20plastic-20pouch-20packaging-20food-20packing-20bag/c2a0db6afb36490bbec29bab5e5bd694,Jin Xiu (Hong Kong) Industrial Limited,"Aluminum Foil Bag,PE, PP & PET Bag,Air Column Bag,Food Pouch,Art and Design Service,General Packaging & Assembling,Gifts Packaging,Plastic Packaging,Digital Printing,Package Printing; ODM, OEM","Aluminum Foil Bag,PE, PP & PET Bag,Air Column Bag,Food Pouch,Art and Design Service,General Packaging & Assembling,Gifts Packaging,Plastic Packaging,Digital Printing,Package Printing; ODM, OEM"
Shoe and insole box,Shoe and insole box,This packaging box is made of PET material and offers a great way to package and display products. The packaging box has a large clear compartment for storage and give customers a great view of products inside.,This packaging box is made of PET material and offers a great way to package and display products. The packaging box has a large clear compartment for storage and give customers a great view of products inside.,,,,Kong Fung Packaging Products Fty Limited,"Paper Tube,PE, PP & PET Bag,PVC Packaging,Blister Packaging,Food Packaging,Plastic Food Packaging,Gifts Packaging,Paper Packaging,Package Printing; Our main products are PET boxes, PP boxes, PVC boxes, clear shoe boxes and different kinds of vacuum packs (blisters). Tailor made product -  Made up with BDP PET , RPET, APET, GAG, PETG, BDP PP, PP, PVC and PS.; OEM, ODM","Paper Tube,PE, PP & PET Bag,PVC Packaging,Blister Packaging,Food Packaging,Plastic Food Packaging,Gifts Packaging,Paper Packaging,Package Printing; Our main products are PET boxes, PP boxes, PVC boxes, clear shoe boxes and different kinds of vacuum packs (blisters). Tailor made product -  Made up with BDP PET , RPET, APET, GAG, PETG, BDP PP, PP, PVC and PS.; OEM, ODM"
Waterproof Transparent Cosmetic Label Clear Private Essential Oil Label Clear Cosmetic Sticker Transparent Make Up Sticker Clear Label For Essential Oil,Waterproof Transparent Cosmetic Label Clear Private Essential Oil Label Clear Cosmetic Sticker Transparent Make Up Sticker Clear Label For Essential Oil,Waterproof Transparent Cosmetic Label Clear Private Essential Oil Label Clear Cosmetic Sticker Transparent Make Up Sticker Clear Label For Essential Oil,Waterproof Transparent Cosmetic Label Clear Private Essential Oil Label Clear Cosmetic Sticker Transparent Make Up Sticker Clear Label For Essential Oil,,,,Guangzhou Colormark Printing and Packaging Ltd.,"Stickers,Card Printing,Printed Paper Label,Label and Tag,Packaging Tag,Food Packaging,Plastic Food Packaging,Anti-counterfeiting Packaging,Beverage Packaging,Plastic Packaging; Self adhesive package label, package sticker; anti-counterfeiting label; label printing; hologram label, plastic card; PVC business card; ODM, OBM, OEM","Stickers,Card Printing,Printed Paper Label,Label and Tag,Packaging Tag,Food Packaging,Plastic Food Packaging,Anti-counterfeiting Packaging,Beverage Packaging,Plastic Packaging; Self adhesive package label, package sticker; anti-counterfeiting label; label printing; hologram label, plastic card; PVC business card; ODM, OBM, OEM"
bread bag,bread bag,"This food - grade bread bag keeps your bread fresh, protecting it from moisture loss and contamination. Its durable material ensures long - lasting use, while the simple design allows easy storage.","This food - grade bread bag keeps your bread fresh, protecting it from moisture loss and contamination. Its durable material ensures long - lasting use, while the simple design allows easy storage.",,,,"Jinguan (Longhai) Plastic Packing Co., Ltd.","PE, PP & PET Bag,Resealable Bag,Food Bag,Food Wrap,Recycled Product,Food Packaging,Plastic Food Packaging,Anti-counterfeiting Packaging,Beverage Packaging; Founded in 1985, Jinguan is an international enterprise focusing on the scientific research,production, sales and service of new environmental friendly plastic flexible packaging. Our products covering 8 categories such as biodegradable plastics","PE, PP & PET Bag,Resealable Bag,Food Bag,Food Wrap,Recycled Product,Food Packaging,Plastic Food Packaging,Anti-counterfeiting Packaging,Beverage Packaging; Founded in 1985, Jinguan is an international enterprise focusing on the scientific research,production, sales and service of new environmental friendly plastic flexible packaging. Our products covering 8 categories such as biodegradable plastics"
Tracing Paper,Tracing Paper,"This lightweight and translucent tracing paper are perfect for detail or rough sketch work. With a smooth surface, it is suitable for Inkjet printing and laser printing. It accepts ink, pencils, charcoals, brush pens, and markers. It is resistant to scraping and ink bleeding. It is versatile, easy to carry and convenient.","This lightweight and translucent tracing paper are perfect for detail or rough sketch work. With a smooth surface, it is suitable for Inkjet printing and laser printing. It accepts ink, pencils, charcoals, brush pens, and markers. It is resistant to scraping and ink bleeding. It is versatile, easy to carry and convenient.",,,,"Wuxi Sunrise Paper Products Co., Ltd.","Handmade Paper,Fragile Paper,Special Paper and Materials,Stone Paper,Printer Paper,Gift Wrapping Paper,Packing Material,Recycled Product,Overwrapping,Transfer Printing; ""Our best known Diamond, Emerald and Euromax brands are in available for export. Here s why our tracing paper stands out: FSC Certification: Our products meet the highest environmental standards (FSC Mix Credit, Certificate Code: BV-COC-156294); ODM, OEM, OBM","Handmade Paper,Fragile Paper,Special Paper and Materials,Stone Paper,Printer Paper,Gift Wrapping Paper,Packing Material,Recycled Product,Overwrapping,Transfer Printing; ""Our best known Diamond, Emerald and Euromax brands are in available for export. Here s why our tracing paper stands out: FSC Certification: Our products meet the highest environmental standards (FSC Mix Credit, Certificate Code: BV-COC-156294); ODM, OEM, OBM"
Luxury Printed Gift Shopping Paper Bag with Your Own Logo,Luxury Printed Gift Shopping Paper Bag with Your Own Logo,"China Manufacturer  Luxury Printed Gift  Shopping Paper Bag With Your Own Logo; Material; Art Paper, Kraft Paper , Ivory Board, Duplex Board, Specialty Paper; Color; CMYK/Pantone Color; Size; Customized Based on Your Requests; Thickness; 150gsm, 210gsm, 250gsm, 300gsm or Custom; Surface Finishing; Glossy/Matte Lamination, Gold/Silver Hot Foil, Embossing/Debossing, Spot UV,   Vanishing etc; Printing Method; Screen Printing/Offset Printing/Flexo Printing; Handle Types; Ribbon Handle, PP Rope Handle, Cotton Handle, Grosgrain Handle, Nylon Handle,   Twisted Paper Handle, Flat Paper Handle, Die-Cut Handle or Customized; Feature; Durable, Eco-friendly, Heavy-Duty, Recyclable; Artwork Format; AI/CDR/EPS/PDF format; Quality Control; Advanced equipment, from material to process, is strictly checked and tracked at   every step; Shipping Method; By Sea/Air/Express; Sample Time; 7 days","China Manufacturer  Luxury Printed Gift  Shopping Paper Bag With Your Own Logo; Material; Art Paper, Kraft Paper , Ivory Board, Duplex Board, Specialty Paper; Color; CMYK/Pantone Color; Size; Customized Based on Your Requests; Thickness; 150gsm, 210gsm, 250gsm, 300gsm or Custom; Surface Finishing; Glossy/Matte Lamination, Gold/Silver Hot Foil, Embossing/Debossing, Spot UV,   Vanishing etc; Printing Method; Screen Printing/Offset Printing/Flexo Printing; Handle Types; Ribbon Handle, PP Rope Handle, Cotton Handle, Grosgrain Handle, Nylon Handle,   Twisted Paper Handle, Flat Paper Handle, Die-Cut Handle or Customized; Feature; Durable, Eco-friendly, Heavy-Duty, Recyclable; Artwork Format; AI/CDR/EPS/PDF format; Quality Control; Advanced equipment, from material to process, is strictly checked and tracked at   every step; Shipping Method; By Sea/Air/Express; Sample Time; 7 days",,,,"Xiamen Fullsun Package Technology Co., Ltd.","Plain Paper Bag,Printed Paper Bag,PE, PP & PET Bag,PVC Packaging,Paper Packaging,Retail Packaging; PAPER BAG,PAPER BOX; ODM, OEM","Plain Paper Bag,Printed Paper Bag,PE, PP & PET Bag,PVC Packaging,Paper Packaging,Retail Packaging; PAPER BAG,PAPER BOX; ODM, OEM"
Reusable  Microwave Steam Sterilizer Bag,Reusable  Microwave Steam Sterilizer Bag,Product Information; Primary Advantages:; Brief Introduction; Our well-known famous cooperator:; Certifications:; Product Quality Certificates:,Product Information; Primary Advantages:; Brief Introduction; Our well-known famous cooperator:; Certifications:; Product Quality Certificates:,,,,"Xiamen Threestone Packing Material Co., Ltd.","Resealable Bag,Food Bag,Recycling-friendly Packaging,Food Packaging,Plastic Food Packaging,Reheatable Food Packaging,Beverage Packaging,Plastic Packaging,Digital Printing; Food & Beverage Packaging Bag; OEM","Resealable Bag,Food Bag,Recycling-friendly Packaging,Food Packaging,Plastic Food Packaging,Reheatable Food Packaging,Beverage Packaging,Plastic Packaging,Digital Printing; Food & Beverage Packaging Bag; OEM"
ice cream bowl,ice cream bowl,ice cream bowl,ice cream bowl,,,https://sourcing-media.hktdc.com/product-original/ice-20cream-20bowl/f3b1cfbc551f4314b75b0ac8a3e003dc,"Xiamenshi Baijiada Paper Plastic Products Co., Ltd.","Hang Tag & Printed Label For Garment,Stickers,Paper Cup,Plain Paper Bag,Printed Paper Bag,Take-way Packaging Box,Plastic Food Packaging,Pharmaceutical Packaging,Label Printing,Book and Magazine Printing; Albums, stickers, paper boxes, puzzles, paper cups, paper bowls, plastic cups, plastic boxes, plastic trays; OEM, ODM","Hang Tag & Printed Label For Garment,Stickers,Paper Cup,Plain Paper Bag,Printed Paper Bag,Take-way Packaging Box,Plastic Food Packaging,Pharmaceutical Packaging,Label Printing,Book and Magazine Printing; Albums, stickers, paper boxes, puzzles, paper cups, paper bowls, plastic cups, plastic boxes, plastic trays; OEM, ODM"
BSN Hangtag,BSN Hangtag,VALUE:; Suitable packaging for all customer needs; Customized Printing; Eco-friendly materials; Competitive price,VALUE:; Suitable packaging for all customer needs; Customized Printing; Eco-friendly materials; Competitive price,,,,BSN International Hong Kong Limited,"Trim,Hang Tag & Printed Label For Garment,Green Printing Solution,RFID Tag,3D Picture,Bio-degradable & Recycled Products and Packaging,Labelling,Anti-counterfeiting Packaging,Barcode Printing,Security Printing; Digital Printing - labels and hangtags.
RFID Solutions - including RFID labels, hardware, and RFID Supply Chain software.
Soft line printing - Hang tags, printed labels, recycle polybags, tissue paper, hangers, stickers, heat transfers.; OEM","Trim,Hang Tag & Printed Label For Garment,Green Printing Solution,RFID Tag,3D Picture,Bio-degradable & Recycled Products and Packaging,Labelling,Anti-counterfeiting Packaging,Barcode Printing,Security Printing; Digital Printing - labels and hangtags.
RFID Solutions - including RFID labels, hardware, and RFID Supply Chain software.
Soft line printing - Hang tags, printed labels, recycle polybags, tissue paper, hangers, stickers, heat transfers.; OEM"
Water-soluble Non-woven,Water-soluble Non-woven,"Ezygreenpak's water-soluble non-woven material is an innovative, eco-friendly packaging solution. Made in our own factory using patented technology, this material dissolves completely in hot water at 90°C or higher, leaving no harmful residue. Alternatively, it is 100% biodegradable in the natural environment. With lab-tested proof of its environmental safety, our packaging material offers a sustainable alternative that supports a greener future.","Ezygreenpak's water-soluble non-woven material is an innovative, eco-friendly packaging solution. Made in our own factory using patented technology, this material dissolves completely in hot water at 90°C or higher, leaving no harmful residue. Alternatively, it is 100% biodegradable in the natural environment. With lab-tested proof of its environmental safety, our packaging material offers a sustainable alternative that supports a greener future.",,,,Ezygreenpak Limited,"Bio-degradable & Eco-friendly Raw Materials; EzyGreenPak offers water-soluble non-woven packaging, an innovative, eco-friendly material that dissolves in water without leaving harmful residues. By adopting this packaging, businesses can substantially reduce plastic waste and further their; OEM","Bio-degradable & Eco-friendly Raw Materials; EzyGreenPak offers water-soluble non-woven packaging, an innovative, eco-friendly material that dissolves in water without leaving harmful residues. By adopting this packaging, businesses can substantially reduce plastic waste and further their; OEM"
Aluminium Foil Bag (For Tea Bag),Aluminium Foil Bag (For Tea Bag),Aluminium Foil Bag (For Tea Bag); Packaging tea bag; Hang Tat Plastic Bags Manufacturer Company Limited,Aluminium Foil Bag (For Tea Bag); Packaging tea bag; Hang Tat Plastic Bags Manufacturer Company Limited,,,,Hang Tat Plastic Bags Manufacturer Company Limited,"Bio-degradable & Recycled Products and Packaging,Recycled Product,Recycling-friendly Packaging; Bags, Handbags & Accessories, Consumer Electronics, Environmental Protection, Food & Beverage, Gift Packaging, Gifts / Souvenirs, Gifts, Toys & Sports Supplies, Metal Packaging, Packaging Materials, Paper Packaging, Plastic Packaging, Printing & Pack; OEM","Bio-degradable & Recycled Products and Packaging,Recycled Product,Recycling-friendly Packaging; Bags, Handbags & Accessories, Consumer Electronics, Environmental Protection, Food & Beverage, Gift Packaging, Gifts / Souvenirs, Gifts, Toys & Sports Supplies, Metal Packaging, Packaging Materials, Paper Packaging, Plastic Packaging, Printing & Pack; OEM"
sweet perfume box,sweet perfume box,"The Chinese Scroll-Inspired Perfume Box, crafted with eco-friendly MDF and natural wood veneer, lined with waterproof velvet for moisture and mildew protection. The cylindrical design embodies Oriental aesthetics, featuring micro-engraved grooves and cloud-patterned lining. Customizable in size, carvings, and colors to narrate brand stories. Merging sustainable materials with intelligent craftsmanship, we deliver artisanal packaging solutions for luxury fragrances.","The Chinese Scroll-Inspired Perfume Box, crafted with eco-friendly MDF and natural wood veneer, lined with waterproof velvet for moisture and mildew protection. The cylindrical design embodies Oriental aesthetics, featuring micro-engraved grooves and cloud-patterned lining. Customizable in size, carvings, and colors to narrate brand stories. Merging sustainable materials with intelligent craftsmanship, we deliver artisanal packaging solutions for luxury fragrances.",,,,"KYK (HongKong) International Trade Co., Limited","Bio-degradable & Eco-friendly Raw Materials,Recycled Product,Recycling-friendly Packaging; Gift Boxes; OBM, ODM","Bio-degradable & Eco-friendly Raw Materials,Recycled Product,Recycling-friendly Packaging; Gift Boxes; OBM, ODM"
Extend content label Commercial Printing Stickers,Extend content label Commercial Printing Stickers,"Extended content label is made by folding large sheet of paper insert into a condensed size.; Provide detailed product information while fulfilling tight packaging space requirement at the same time.; Our advance folding machines provide different folding options and additional work processes such as binding, die-cutting and gluing to create an unique product.; Clients can choose different glue options to make it into a sticker or a booklet.; Commonly used to make products such as maps, brochures, leaflets, user manual, etc.; Features:; • Sizes and folding types can be customized; • Paper or waterproof material available; • Removable or strong glue; • Easy-open tab and reseal feature","Extended content label is made by folding large sheet of paper insert into a condensed size.; Provide detailed product information while fulfilling tight packaging space requirement at the same time.; Our advance folding machines provide different folding options and additional work processes such as binding, die-cutting and gluing to create an unique product.; Clients can choose different glue options to make it into a sticker or a booklet.; Commonly used to make products such as maps, brochures, leaflets, user manual, etc.; Features:; • Sizes and folding types can be customized; • Paper or waterproof material available; • Removable or strong glue; • Easy-open tab and reseal feature",,,,Label-Come Printing Company,"Stickers,Printed Paper Label,Label Printing,Foil Stamping,Offset Printing,Pad Printing,Security Printing,Screen Printing,Web Offset Printing,Commercial Printing; We focus on manufacturing LABEL with own factory located in Shenzhen China.; OEM, ODM, OBM","Stickers,Printed Paper Label,Label Printing,Foil Stamping,Offset Printing,Pad Printing,Security Printing,Screen Printing,Web Offset Printing,Commercial Printing; We focus on manufacturing LABEL with own factory located in Shenzhen China.; OEM, ODM, OBM"
Custom Pouches,Custom Pouches,"Resealable stand-up pouches are an excellent flexible packaging choice that combines functionality with an eye-catching design. Featuring a convenient resealable zipper, these pouches ensure your products remain fresh and protected from external elements. The bottom gusset allows the pouches to stand upright, making them perfect for display on shelves.; Fully customizable in print, you can showcase your brand's identity and attract customers with vibrant designs. Made from food-safe materials, these pouches are ideal for packaging items such as snacks, dry goods, or any edible products.; These stand-up pouches include a tear notch for effortless opening, and can optionally include hang holes for use in retail. With these versatile features, resealable stand-up pouches provide an effective solution for protecting your products while making a lasting impression.","Resealable stand-up pouches are an excellent flexible packaging choice that combines functionality with an eye-catching design. Featuring a convenient resealable zipper, these pouches ensure your products remain fresh and protected from external elements. The bottom gusset allows the pouches to stand upright, making them perfect for display on shelves.; Fully customizable in print, you can showcase your brand's identity and attract customers with vibrant designs. Made from food-safe materials, these pouches are ideal for packaging items such as snacks, dry goods, or any edible products.; These stand-up pouches include a tear notch for effortless opening, and can optionally include hang holes for use in retail. With these versatile features, resealable stand-up pouches provide an effective solution for protecting your products while making a lasting impression.",,,,PackMojo Limited,"hang tag,Hang Tag & Printed Label For Garment,Printed Paper Bag,Corrugated Carton Box,Paper Tube,PE, PP & PET Bag,E-commerce Packaging,Gifts Packaging,Paper Packaging,Retail Packaging; At PackMojo, we offer customizable eCommerce packaging solutions, including mailer boxes, rigid boxes, and eco-friendly solutions. Our platform simplifies the order and sampling process, making it easy to get custom packaging for your brand.; Others","hang tag,Hang Tag & Printed Label For Garment,Printed Paper Bag,Corrugated Carton Box,Paper Tube,PE, PP & PET Bag,E-commerce Packaging,Gifts Packaging,Paper Packaging,Retail Packaging; At PackMojo, we offer customizable eCommerce packaging solutions, including mailer boxes, rigid boxes, and eco-friendly solutions. Our platform simplifies the order and sampling process, making it easy to get custom packaging for your brand.; Others"
Carrier Bag,Carrier Bag,Customized Sizes,Customized Sizes,,,,Silver Talent International Ltd,"Take-away Cutleries,Adhesive Tapes,Take-way Packaging Box,Packing Material,Plastic Food Packaging,Transportation Packaging; We have our own factory in China, manufacturing different kind of plastics packaging materials. Including Stretch Film, Packaging Tape, varies kind of Plastic Bags, Garbage Bags, Shopping Bags, PP food containers, cups and bowls.; OEM","Take-away Cutleries,Adhesive Tapes,Take-way Packaging Box,Packing Material,Plastic Food Packaging,Transportation Packaging; We have our own factory in China, manufacturing different kind of plastics packaging materials. Including Stretch Film, Packaging Tape, varies kind of Plastic Bags, Garbage Bags, Shopping Bags, PP food containers, cups and bowls.; OEM"
Customizable Foldable Gift Box With Magnetic Lid,Customizable Foldable Gift Box With Magnetic Lid,"This is a foldable gift box with Magnetic Lid. It has a unique design that allows it to be easily opened and closed. The box is perfect for gifts, jewelry, or other small items.; Size: Custom made; Color: Custom printing; Material: Specialty paper; Structure: Custom design; MOQ: 1000 sets","This is a foldable gift box with Magnetic Lid. It has a unique design that allows it to be easily opened and closed. The box is perfect for gifts, jewelry, or other small items.; Size: Custom made; Color: Custom printing; Material: Specialty paper; Structure: Custom design; MOQ: 1000 sets",,,https://sourcing-media.hktdc.com/product-original/Customizable-20Foldable-20Gift-20Box-20With-20Magnetic-20Lid/5a91a91a88c8443e9262ea4481c83f9a; https://sourcing-media.hktdc.com/product-original/Customizable-20Foldable-20Gift-20Box-20With-20Magnetic-20Lid/2daa090d42bb40f1b192db1665b497fd; https://sourcing-media.hktdc.com/product-original/Customizable-20Foldable-20Gift-20Box-20With-20Magnetic-20Lid/d1be8e79770d41c086d0791fd115006f,"Sparkle (Group) Hong Kong Co., Ltd.","Plain Paper Bag,Printed Paper Bag,Corrugated Carton Box,PE, PP & PET Bag,Art and Design Service,General Packaging & Assembling,Gifts Packaging,Paper Packaging,Package Printing; Packaging Solutions; Packaging Structure Design; Mass Production
Product Sourcing; On-Site QC Service; Others, OEM, ODM","Plain Paper Bag,Printed Paper Bag,Corrugated Carton Box,PE, PP & PET Bag,Art and Design Service,General Packaging & Assembling,Gifts Packaging,Paper Packaging,Package Printing; Packaging Solutions; Packaging Structure Design; Mass Production
Product Sourcing; On-Site QC Service; Others, OEM, ODM"
SB32,SB32,"This product is designed for the packaging of various types of retail or wholesale food items, particularly cakes, biscuits, salads, and fruits. Additionally, it is suitable for use in low-temperature refrigeration environments.","This product is designed for the packaging of various types of retail or wholesale food items, particularly cakes, biscuits, salads, and fruits. Additionally, it is suitable for use in low-temperature refrigeration environments.",,,,Yick Tak Plastic Thermoforming Company Limited,"Paper Bowl/Paper Cup/Paper Straw,Take-way Packaging Box,Blister Packaging,Food Packaging,Plastic Food Packaging,Reheatable Food Packaging,Beverage Packaging; Yick Tak Plastic Thermoforming Co Ltd, specializing in PET and PP plastic thermoforming, with our own factory in China and USA. On top of stock-order products, we can OEM your ideal packaging within an unparalleled short timeframe.; OEM","Paper Bowl/Paper Cup/Paper Straw,Take-way Packaging Box,Blister Packaging,Food Packaging,Plastic Food Packaging,Reheatable Food Packaging,Beverage Packaging; Yick Tak Plastic Thermoforming Co Ltd, specializing in PET and PP plastic thermoforming, with our own factory in China and USA. On top of stock-order products, we can OEM your ideal packaging within an unparalleled short timeframe.; OEM"
Packaging Box for Facial Mask,Packaging Box for Facial Mask,Packaging Box for Facial Mask,Packaging Box for Facial Mask,,,,arvato digital services limited,"Printed Matter,Art and Design Service,General Packaging & Assembling,E-commerce Packaging,Gifts Packaging,Paper Packaging,Retail Packaging,Transportation Packaging,Non-paper Materials Printing,Package Printing; Printing Services (packaging development, structural design, materials recommendation, prototyping, quality management, production); Packaging services (packing, co-pack, repack, labeling and optional services upon requests)
- Sourcing Services; ODM, Others, OEM","Printed Matter,Art and Design Service,General Packaging & Assembling,E-commerce Packaging,Gifts Packaging,Paper Packaging,Retail Packaging,Transportation Packaging,Non-paper Materials Printing,Package Printing; Printing Services (packaging development, structural design, materials recommendation, prototyping, quality management, production); Packaging services (packing, co-pack, repack, labeling and optional services upon requests)
- Sourcing Services; ODM, Others, OEM"
Suitcase Box,Suitcase Box,"Mini suitcase boxes are widely used in the gift packaging field with the advantage of easy carrying and large storage, commonly seen in toddler clothes gift boxes, kid toy gift boxes, student stationery gift boxes, cosmetic gift boxes, cartoon gaming card boxes, etc. Styles of suitcase storage boxes can be varied from vintage, cute, fashionable, luxury, decorative and more.","Mini suitcase boxes are widely used in the gift packaging field with the advantage of easy carrying and large storage, commonly seen in toddler clothes gift boxes, kid toy gift boxes, student stationery gift boxes, cosmetic gift boxes, cartoon gaming card boxes, etc. Styles of suitcase storage boxes can be varied from vintage, cute, fashionable, luxury, decorative and more.",,,,"Dongguan Brothersbox Industrial Co., Ltd.","Eco Printing Ink,Vegetable-Based Ink,Water-Based Ink,Green Printing Solution,Bio-degradable & Eco-friendly Raw Materials,Bio-degradable & Recycled Products and Packaging,Recycled Product,Recycling-friendly Packaging; Gift boxes, packaging boxes, cosmetics boxes, jewelry boxes, chocolate boxes; OEM, ODM","Eco Printing Ink,Vegetable-Based Ink,Water-Based Ink,Green Printing Solution,Bio-degradable & Eco-friendly Raw Materials,Bio-degradable & Recycled Products and Packaging,Recycled Product,Recycling-friendly Packaging; Gift boxes, packaging boxes, cosmetics boxes, jewelry boxes, chocolate boxes; OEM, ODM"
"Disposable paper cups for cold drinks smoothie, soda drinks, water, juice","Disposable paper cups for cold drinks smoothie, soda drinks, water, juice","Disposable paper cups for cold drinks smoothie, soda drinks, water, juice; 1) 100% raw wood pulp.; 2 ) Environmental oil and no smell.; 3) Food safe, against oil and water.; 4) Customers own design is welcome.; 5) Competitive price, high quality.; 6) Good service and timely delivery.; We are a packaging products factory, located in Xiamen, Fujian, China.   Our main products are Paper cups, paper bags, boxes, napkin and other products for catering industrial, party&event, promotion, household,etc.  Various products, sizes,style are available, customized printing is available.; Our paper products made by ourselves, which equips us with competitiveness in both high quality as well as low cost. No-complaint-endured quality control system: we have a complete quality control system, which can guarantee high quality to be produced and delivered to customer. Most our products are export to Europe and North America, we have relevent Certificate to promise high quality.; We'r e concerned about the quality. Do you have any certificate for paper cups?; Yes.  Our main markets are Canada, USA, and European countries.  We've got related certificates.  If you need other test reports, we could also apply it for you.; Do you pr ovide sa mples?; Yes. Our stock samples will be sent for free, as long as you would like to pay for delivery cost.  Extra cost will be charged for customized samples.; H ow m any days can I get samples?; There're two sampling methods:; 1)Digital print.  It's fast and cheap-US$50 each size, and it takes about 3 days.  We will print your design on a piece of paper, and simply wrap it on the paper cup.  It aims to help the clients to check the logo position; 2)Traditional print.  It costs US$130 each size, taking 7-10 days.  The sampling process as same as production.; W hat's your payment term?; We prefer 40% deposit before production, rest payment before delivery.  T/T, Western Union and PayPal all work.  As PayPal's handle cost will be quite expensive for big amount, T/T or Western Union will be our first choice.; Please feel free to contact us, if you have any questions. We would appreciate it, if you could leave a message and your email, when we are not online sometimes (due to the time difference). We will reply you, once we back to office.; WeChat:+86 15280257791","Disposable paper cups for cold drinks smoothie, soda drinks, water, juice; 1) 100% raw wood pulp.; 2 ) Environmental oil and no smell.; 3) Food safe, against oil and water.; 4) Customers own design is welcome.; 5) Competitive price, high quality.; 6) Good service and timely delivery.; We are a packaging products factory, located in Xiamen, Fujian, China.   Our main products are Paper cups, paper bags, boxes, napkin and other products for catering industrial, party&event, promotion, household,etc.  Various products, sizes,style are available, customized printing is available.; Our paper products made by ourselves, which equips us with competitiveness in both high quality as well as low cost. No-complaint-endured quality control system: we have a complete quality control system, which can guarantee high quality to be produced and delivered to customer. Most our products are export to Europe and North America, we have relevent Certificate to promise high quality.; We'r e concerned about the quality. Do you have any certificate for paper cups?; Yes.  Our main markets are Canada, USA, and European countries.  We've got related certificates.  If you need other test reports, we could also apply it for you.; Do you pr ovide sa mples?; Yes. Our stock samples will be sent for free, as long as you would like to pay for delivery cost.  Extra cost will be charged for customized samples.; H ow m any days can I get samples?; There're two sampling methods:; 1)Digital print.  It's fast and cheap-US$50 each size, and it takes about 3 days.  We will print your design on a piece of paper, and simply wrap it on the paper cup.  It aims to help the clients to check the logo position; 2)Traditional print.  It costs US$130 each size, taking 7-10 days.  The sampling process as same as production.; W hat's your payment term?; We prefer 40% deposit before production, rest payment before delivery.  T/T, Western Union and PayPal all work.  As PayPal's handle cost will be quite expensive for big amount, T/T or Western Union will be our first choice.; Please feel free to contact us, if you have any questions. We would appreciate it, if you could leave a message and your email, when we are not online sometimes (due to the time difference). We will reply you, once we back to office.; WeChat:+86 15280257791",,,https://sourcing-media.hktdc.com/product-original/Disposable-20paper-20cups-20for-20cold-20drinks-20smoothie-20soda-20drinks-20water-20juice/5c9bf75115ce4a1ab67ddd0c5cad902a; https://sourcing-media.hktdc.com/product-original/Disposable-20paper-20cups-20for-20cold-20drinks-20smoothie-20soda-20drinks-20water-20juice/466987c1c14f4fabb636c5c1f2cd1a4f; https://sourcing-media.hktdc.com/product-original/Disposable-20paper-20cups-20for-20cold-20drinks-20smoothie-20soda-20drinks-20water-20juice/bc6c49c7864648c985cb040a753177e8; https://sourcing-media.hktdc.com/product-original/Disposable-20paper-20cups-20for-20cold-20drinks-20smoothie-20soda-20drinks-20water-20juice/f10c3926cfa24fa68110fdcfc88bdf98,"Great Nature Import & Export (Xiamen) Co., Ltd.","Eco Printing Ink,Vegetable-Based Ink,Water-Based Ink,Printed Paper Bag,Bio-degradable & Recycled Products and Packaging,Food Packaging,Plastic Food Packaging,Labelling,Beverage Packaging,Gifts Packaging; Paper food packages such as paper cups, bowls, boxes, bags and other related products; ODM, OBM, Others, OEM","Eco Printing Ink,Vegetable-Based Ink,Water-Based Ink,Printed Paper Bag,Bio-degradable & Recycled Products and Packaging,Food Packaging,Plastic Food Packaging,Labelling,Beverage Packaging,Gifts Packaging; Paper food packages such as paper cups, bowls, boxes, bags and other related products; ODM, OBM, Others, OEM"
Dapai 1200 Vacuum Sealer Cured Meat Freshness Keeping Automatic  Vacuum Packaging Machine,Dapai 1200 Vacuum Sealer Cured Meat Freshness Keeping Automatic  Vacuum Packaging Machine,Food storage made easy with a sealing machine.; Preserve your food with a vacuum sealer machine.; Bag rolls and zipper bags with food vacuum sealers.; Choose between a countertop or a handheld vacuum sealer.; Keep your food away from moisture with high quality vacuum sealer machines.; Lock air out and seal nutrients in.; Maintaining your vacuum sealer.; Vacuum seal bags to keep food tasting fresh for longer.,Food storage made easy with a sealing machine.; Preserve your food with a vacuum sealer machine.; Bag rolls and zipper bags with food vacuum sealers.; Choose between a countertop or a handheld vacuum sealer.; Keep your food away from moisture with high quality vacuum sealer machines.; Lock air out and seal nutrients in.; Maintaining your vacuum sealer.; Vacuum seal bags to keep food tasting fresh for longer.,,,,"Guangdong Dinglisheng Technology Co., Ltd.","Bubble Bag,Air Dunnage Bag,Air Column Bag,Packing Material,Wine Packaging,Paper Packaging,Transportation Packaging,Transfer Printing; Inflatable protective cushioning packaging material and equipment, Inflatable airbag, inflatable air cushion film, air cushion machine, vacuum bag, vacuum sealer, honeycomb cushioning paper, protective cushioning material.; ODM, Others, OEM, OBM","Bubble Bag,Air Dunnage Bag,Air Column Bag,Packing Material,Wine Packaging,Paper Packaging,Transportation Packaging,Transfer Printing; Inflatable protective cushioning packaging material and equipment, Inflatable airbag, inflatable air cushion film, air cushion machine, vacuum bag, vacuum sealer, honeycomb cushioning paper, protective cushioning material.; ODM, Others, OEM, OBM"
D-Cut Handle Bags with Paper Support Food Takeout Bags Customized,D-Cut Handle Bags with Paper Support Food Takeout Bags Customized,"The D Bag is thoughtfully designed with a die-cut handle, available in either reinforced plastic film for superior strength or eco-friendly paper for sustainability, ensuring effortless portability. Crafted using state-of-the-art automatic machinery, this bag boasts unmatched consistency in quality.; Optimized for convenience, the D Cut Paper Bag represents an ideal choice for food delivery and takeaway services. Its user-friendly design is increasingly favored by a growing number of restaurants and hotels, making it the go-to solution for their delivery needs.; Product Description; Size: 12.01''*6.7''*15.75''; MOQ: 50000pcs; Custom Order: Accept; Material: 100gsm Recycled Brown Kraft","The D Bag is thoughtfully designed with a die-cut handle, available in either reinforced plastic film for superior strength or eco-friendly paper for sustainability, ensuring effortless portability. Crafted using state-of-the-art automatic machinery, this bag boasts unmatched consistency in quality.; Optimized for convenience, the D Cut Paper Bag represents an ideal choice for food delivery and takeaway services. Its user-friendly design is increasingly favored by a growing number of restaurants and hotels, making it the go-to solution for their delivery needs.; Product Description; Size: 12.01''*6.7''*15.75''; MOQ: 50000pcs; Custom Order: Accept; Material: 100gsm Recycled Brown Kraft",,,,"Xiamen Huide Xiesheng Packaging Co., Ltd.","Printed Matter,Plain Paper Bag,Printed Paper Bag,Take-way Packaging Box,Food Bag,Food Packaging,Wine Packaging,Gifts Packaging,Paper Packaging; Customized paper bag & Factory-direct pricing & Complex packaging demands at any volume & FSC certified & Sustainable energy powered; ODM, OBM, OEM","Printed Matter,Plain Paper Bag,Printed Paper Bag,Take-way Packaging Box,Food Bag,Food Packaging,Wine Packaging,Gifts Packaging,Paper Packaging; Customized paper bag & Factory-direct pricing & Complex packaging demands at any volume & FSC certified & Sustainable energy powered; ODM, OBM, OEM"
Grosgrain Ribbon,Grosgrain Ribbon,"MATERIAL: 100% polyester; SIZE:  3-100mm; COLOR:  196 colors in stock; PACKING:; Width 3mm, 350Y/R; Width 5mm, 250Y/R; Width 6-100mm, 100Y/R; APPLICATIONS:; clothing, lingerie, shoes and hats, home textiles,  wedding, DIY, hair decoration,toys,gifts,skin care  products, food, daily necessities, perfume, baking,  wine,umbrella,luggage,stationery, etc","MATERIAL: 100% polyester; SIZE:  3-100mm; COLOR:  196 colors in stock; PACKING:; Width 3mm, 350Y/R; Width 5mm, 250Y/R; Width 6-100mm, 100Y/R; APPLICATIONS:; clothing, lingerie, shoes and hats, home textiles,  wedding, DIY, hair decoration,toys,gifts,skin care  products, food, daily necessities, perfume, baking,  wine,umbrella,luggage,stationery, etc",,,,"Yama Ribbons & Bows Co., Ltd.","Gift Ribbon and Bow,Cut-Edge Ribbon,Bio-degradable & Eco-friendly Raw Materials,Gifts Packaging,Retail Packaging; We specialize in manufacturing various high-quality polyester ribbons, printed ribbons, ribbon bows and retail package ribbon.; OEM, Others","Gift Ribbon and Bow,Cut-Edge Ribbon,Bio-degradable & Eco-friendly Raw Materials,Gifts Packaging,Retail Packaging; We specialize in manufacturing various high-quality polyester ribbons, printed ribbons, ribbon bows and retail package ribbon.; OEM, Others"
Bag,Bag,Bag,Bag,,,,"Yangzhou Bestpak Gifts & Crafts Co., Ltd.","Gift Ribbon and Bow,hang tag,Plain Paper Bag,Printed Paper Bag,Bio-degradable & Recycled Products and Packaging,General Packaging & Assembling,Gifts Packaging,Paper Packaging,Fabric and Non-Woven Packaging; Ribbon, bow, bag and pouch, elastic, cord, tassel, paper bag, handle bag, hang tag, paper box, leaflet, product brochure, printing products and etc.; OEM, ODM, OBM","Gift Ribbon and Bow,hang tag,Plain Paper Bag,Printed Paper Bag,Bio-degradable & Recycled Products and Packaging,General Packaging & Assembling,Gifts Packaging,Paper Packaging,Fabric and Non-Woven Packaging; Ribbon, bow, bag and pouch, elastic, cord, tassel, paper bag, handle bag, hang tag, paper box, leaflet, product brochure, printing products and etc.; OEM, ODM, OBM"
2022 new arrival luxury friendly paper bag,2022 new arrival luxury friendly paper bag,"Material:  Kraft Paper / Ivory Paper / Coated Paper; Size: Customized; Thickness: 180gsm , 210gsm , 250gsm; Surface Finishing:Glossy / Matte Lamination, Gold/Silver  Hot Stamping,Embossing/Debossing,Spot UV, Vanishing; Handles Type: Ribbon Handle,PP Rope Handles,PP Webbing,Nylon Handle, Cotton Handles; Free design and free sample , can be customized if the qty reach 1000pcs.","Material:  Kraft Paper / Ivory Paper / Coated Paper; Size: Customized; Thickness: 180gsm , 210gsm , 250gsm; Surface Finishing:Glossy / Matte Lamination, Gold/Silver  Hot Stamping,Embossing/Debossing,Spot UV, Vanishing; Handles Type: Ribbon Handle,PP Rope Handles,PP Webbing,Nylon Handle, Cotton Handles; Free design and free sample , can be customized if the qty reach 1000pcs.",,,,"Zhejiang Fengge Technology Co., Ltd.","Gifts Packaging; Gift Bag; Others, ODM, OBM, OEM","Gifts Packaging; Gift Bag; Others, ODM, OBM, OEM"
No lamination Baking Paper Hamburger Paper,No lamination Baking Paper Hamburger Paper,"No lamination，Using ECO-friendly Ma copolymer coating material Water&oil proof, coffee resistant, high and low temperature resistant, odorless, anti stick, and bakeable. Biodegradable by microorganisms，can be directly recycled and composted.; Product use: Widely used in disposable paper cups, paper bowls, paper plates, baking paper, soup barrels, takeaway boxes, paper bags, hamburger paper, and eco-friendly paper boxes.","No lamination，Using ECO-friendly Ma copolymer coating material Water&oil proof, coffee resistant, high and low temperature resistant, odorless, anti stick, and bakeable. Biodegradable by microorganisms，can be directly recycled and composted.; Product use: Widely used in disposable paper cups, paper bowls, paper plates, baking paper, soup barrels, takeaway boxes, paper bags, hamburger paper, and eco-friendly paper boxes.",,,https://sourcing-media.hktdc.com/product-original/No-20lamination-20Baking-20Paper-20Hamburger-20Paper/e11ac4edd1ed44f19403e12d5b4a9686; https://sourcing-media.hktdc.com/product-original/No-20lamination-20Baking-20Paper-20Hamburger-20Paper/fa38aced082b4c4f92d5ac6d47d38d0b; https://sourcing-media.hktdc.com/product-original/No-20lamination-20Baking-20Paper-20Hamburger-20Paper/a8f22e91f6c040a69129f6ea6a885c52; https://sourcing-media.hktdc.com/product-original/No-20lamination-20Baking-20Paper-20Hamburger-20Paper/d6e074e32e504ce495af22ed722bb8d8,"Zhongyin Environmental Protection Technology (Zhejiang) Co., Ltd.","Take-away Cutleries,Paper Bowl/Paper Cup/Paper Straw,Paper Cup,Take-way Packaging Box,Bio-degradable & Eco-friendly Raw Materials,Reheatable Food Packaging; Water-based coating paper, Eco disposable tableware; OEM, ODM","Take-away Cutleries,Paper Bowl/Paper Cup/Paper Straw,Paper Cup,Take-way Packaging Box,Bio-degradable & Eco-friendly Raw Materials,Reheatable Food Packaging; Water-based coating paper, Eco disposable tableware; OEM, ODM"
Cookies tin box,Cookies tin box,We have different sizes and shapes of tin boxes for your choice. The material is food-grade tinplate.,We have different sizes and shapes of tin boxes for your choice. The material is food-grade tinplate.,,,,"Anhui Jinyu Metal Printing & Can Co., Ltd.","Metal Box & Can,Gifts Packaging,Metal Packaging; Food tin box, Tea tin can, Promotional gift tin box, Daily necessities tin box, Health care product tin box; OEM, ODM","Metal Box & Can,Gifts Packaging,Metal Packaging; Food tin box, Tea tin can, Promotional gift tin box, Daily necessities tin box, Health care product tin box; OEM, ODM"
Japanese imported black core playing card paper,Japanese imported black core playing card paper,"Original Japanese black-core playing cards paper, beautifully coated, known for its superior stiffness, with a black core that prevents peeking, making it a favorite among card players.","Original Japanese black-core playing cards paper, beautifully coated, known for its superior stiffness, with a black core that prevents peeking, making it a favorite among card players.",,,,Dong Guan Hua Yuan Paper Limited Company,"Paper & Printing Supply,Printer Paper; PAPER GAME CARDS; OBM, OEM","Paper & Printing Supply,Printer Paper; PAPER GAME CARDS; OBM, OEM"
Wine box,Wine box,"Dongguan Starry Packaging Co., Ltd.; Starry Packaging Co., Ltd is a packaging product development, design, printing for the core business of medium and large printing and packaging manufacture, the business covers the high quality deluxe paper gift boxes, PU leather boxes,wine boxes,cosmetic boxes, Electronic product packaging boxes,Folding gift boxes etc..., Factory was founded in 2017, the plant total construction area of 5000 square meters, employs more than 150 people.; Professional Innovation; The factory has professional equipped of world-class pre-press , printing,and post-press processing facilities,could achieve the demands for a variety of paper production order at the same time with fast delivery, Starry packaging have its own research and development from design, sample making, printing and post-press processing, which can meet the all-round requirements of customers.; The factory possess industry-leading independent technological research and development capabilities simultaneously, having overcome a series of packaging and printing challenges. Particularly, it has accumulated rich practical experience in professional fields such as printing color control, surface special process finishing, and structural design.; Quality Service Integrity; Long-term operation in the establishment of a set of professional sound quality management system and improving the service concept: to ensure the superior quality of each product to ensure that the demands of every customer. Starry packaging work with CHIVAS,MARTELL,ESTEE LAUDER and many other well-known enterprises to establish a long-term and stable partnership, won wide praise in the industry. Starry Packaging has high quality products and competitive price to meet your needs and look forward to your cooperation and work with you towards a successful future!","Dongguan Starry Packaging Co., Ltd.; Starry Packaging Co., Ltd is a packaging product development, design, printing for the core business of medium and large printing and packaging manufacture, the business covers the high quality deluxe paper gift boxes, PU leather boxes,wine boxes,cosmetic boxes, Electronic product packaging boxes,Folding gift boxes etc..., Factory was founded in 2017, the plant total construction area of 5000 square meters, employs more than 150 people.; Professional Innovation; The factory has professional equipped of world-class pre-press , printing,and post-press processing facilities,could achieve the demands for a variety of paper production order at the same time with fast delivery, Starry packaging have its own research and development from design, sample making, printing and post-press processing, which can meet the all-round requirements of customers.; The factory possess industry-leading independent technological research and development capabilities simultaneously, having overcome a series of packaging and printing challenges. Particularly, it has accumulated rich practical experience in professional fields such as printing color control, surface special process finishing, and structural design.; Quality Service Integrity; Long-term operation in the establishment of a set of professional sound quality management system and improving the service concept: to ensure the superior quality of each product to ensure that the demands of every customer. Starry packaging work with CHIVAS,MARTELL,ESTEE LAUDER and many other well-known enterprises to establish a long-term and stable partnership, won wide praise in the industry. Starry Packaging has high quality products and competitive price to meet your needs and look forward to your cooperation and work with you towards a successful future!",,,,"DongGuan Starry Paper Products Co.,Ltd","Paper Tube,Wine Packaging,Gifts Packaging,Paper Packaging,Retail Packaging,Package Printing; High quality deluxe gift boxes,Wine box,Cosmetic boxes,Electronic product packaging boxes,Folding box,PU box,Tube box,; OEM","Paper Tube,Wine Packaging,Gifts Packaging,Paper Packaging,Retail Packaging,Package Printing; High quality deluxe gift boxes,Wine box,Cosmetic boxes,Electronic product packaging boxes,Folding box,PU box,Tube box,; OEM"
Fruit packaging bag,Fruit packaging bag,"Hong Kong International Printing & Packaging Fair Booth No. : 3G-E11 Date:19th to 22nd April, 2023. Add:Hong Kong Convention and Exhibition Center, 1 Expo Road, Wan Chai, Hong Kong.","Hong Kong International Printing & Packaging Fair Booth No. : 3G-E11 Date:19th to 22nd April, 2023. Add:Hong Kong Convention and Exhibition Center, 1 Expo Road, Wan Chai, Hong Kong.",,,https://sourcing-media.hktdc.com/product-original/Fruit-20packaging-20bag/e76fb014392448498103277d73c42b35; https://sourcing-media.hktdc.com/product-original/Fruit-20packaging-20bag/2641cb0db3144c75afe993b209498a0c; https://sourcing-media.hktdc.com/product-original/Fruit-20packaging-20bag/05d5acd938cc4df98825f3061824dd2d; https://sourcing-media.hktdc.com/product-original/Fruit-20packaging-20bag/06cd2d3c28e2422980be96457ae733fc; https://sourcing-media.hktdc.com/product-original/Fruit-20packaging-20bag/0115d4ab552f4bcd8bbdbb3b81914392; https://sourcing-media.hktdc.com/product-original/Fruit-20packaging-20bag/5dc29aa9f84245e6a9891e2d9c972b69; https://sourcing-media.hktdc.com/product-original/Fruit-20packaging-20bag/871a28f59a314687bfe26e336728c989,"Dongguan Better Packaging Material Co., Ltd.","Aluminum Foil Bag,PE, PP & PET Bag,Resealable Bag,Food Pouch,Food Packaging,Plastic Food Packaging,Pharmaceutical Packaging,Vacuum Packing,Beverage Packaging,Digital Printing; Food packaging bags, cosmetic packaging bags, detergent spout pouch, shampoo spout pouch, Bag in box, Breast milk bag.; Others, OEM, ODM","Aluminum Foil Bag,PE, PP & PET Bag,Resealable Bag,Food Pouch,Food Packaging,Plastic Food Packaging,Pharmaceutical Packaging,Vacuum Packing,Beverage Packaging,Digital Printing; Food packaging bags, cosmetic packaging bags, detergent spout pouch, shampoo spout pouch, Bag in box, Breast milk bag.; Others, OEM, ODM"
Biodegradable Paper Packing Inner Wet Press Molded Pulp Cochlea Packaging Recycled Sugarcane Pulp Package Insert Mold Pulp Trays,Biodegradable Paper Packing Inner Wet Press Molded Pulp Cochlea Packaging Recycled Sugarcane Pulp Package Insert Mold Pulp Trays,"Eco-Conscious Molded Fiber Cosmetic Trays with Custom Branding; 🌿 Plant-Based Luxury – Made from 100% biodegradable bamboo & sugarcane fiber ✨ High-End Finish – Smooth velvet-textured surface (flocking available) 💄 Perfect Product Display – Precision cavities showcase your cosmetics elegantly 📦 Retail-Ready – Ships flat & assembles in seconds – saves 70% storage space; Structural Variants • Stackable multi-layer trays • Magnetic closure systems • Fold-out informational panels; Surface Treatments • Soft-touch flocking • Water-resistant wax coating • Pearlescent effects; Branding Elements • Debossed logos (0.3mm depth) • QR code integration areas • Scent infusion pockets; ✅ EU 10/2011 (food contact materials) ✅ FDA 21 CFR 176.170 ✅ OK Compost INDUSTRIAL ✅ FSC Mix Certified; 🟢 Cost Effective – 40% cheaper than plastic alternatives at scale 🟢 Eco-Marketing – Includes free sustainability certification documentation 🟢 Fast Turnaround – 12 days production after mold approval 🟢 Protection – 3mm edge cushioning (validated for 1m drops); Submit product samples/3D files; Receive 3D prototype within 72hrs; Approve final design & materials; Production begins (12-15 days); Packaging • 100 units per carton (flat-packed) • Recyclable corrugated boxes; Elevate Your Brand’s Sustainability [Request Free Design Consultation] [Download Cosmetics Catalog]; *First-time customer offer: 50% off mold development fee*; Luxury Positioning – Balances eco-features with premium aesthetics; Technical Trust – Includes specific compliance details; Visual Merchandising – Highlights retail-ready features; Conversion Focus – Lowers barrier with mold fee discount; Category-Specific – Addresses cosmetic industry pain points; Recommended Additions:; Add ""Before/After"" case studies of brand packaging upgrades; Include sustainability metrics (CO2 savings per 1000 units); Create virtual try-on tool for designs; Would you like this adapted for:; Skincare vs makeup specific versions?; Vegan beauty certification options?; Subscription box optimized designs?","Eco-Conscious Molded Fiber Cosmetic Trays with Custom Branding; 🌿 Plant-Based Luxury – Made from 100% biodegradable bamboo & sugarcane fiber ✨ High-End Finish – Smooth velvet-textured surface (flocking available) 💄 Perfect Product Display – Precision cavities showcase your cosmetics elegantly 📦 Retail-Ready – Ships flat & assembles in seconds – saves 70% storage space; Structural Variants • Stackable multi-layer trays • Magnetic closure systems • Fold-out informational panels; Surface Treatments • Soft-touch flocking • Water-resistant wax coating • Pearlescent effects; Branding Elements • Debossed logos (0.3mm depth) • QR code integration areas • Scent infusion pockets; ✅ EU 10/2011 (food contact materials) ✅ FDA 21 CFR 176.170 ✅ OK Compost INDUSTRIAL ✅ FSC Mix Certified; 🟢 Cost Effective – 40% cheaper than plastic alternatives at scale 🟢 Eco-Marketing – Includes free sustainability certification documentation 🟢 Fast Turnaround – 12 days production after mold approval 🟢 Protection – 3mm edge cushioning (validated for 1m drops); Submit product samples/3D files; Receive 3D prototype within 72hrs; Approve final design & materials; Production begins (12-15 days); Packaging • 100 units per carton (flat-packed) • Recyclable corrugated boxes; Elevate Your Brand’s Sustainability [Request Free Design Consultation] [Download Cosmetics Catalog]; *First-time customer offer: 50% off mold development fee*; Luxury Positioning – Balances eco-features with premium aesthetics; Technical Trust – Includes specific compliance details; Visual Merchandising – Highlights retail-ready features; Conversion Focus – Lowers barrier with mold fee discount; Category-Specific – Addresses cosmetic industry pain points; Recommended Additions:; Add ""Before/After"" case studies of brand packaging upgrades; Include sustainability metrics (CO2 savings per 1000 units); Create virtual try-on tool for designs; Would you like this adapted for:; Skincare vs makeup specific versions?; Vegan beauty certification options?; Subscription box optimized designs?",,,https://sourcing-media.hktdc.com/product-original/Biodegradable-20Paper-20Packing-20Inner-20Wet-20Press-20Molded-20Pulp-20Cochlea-20Packaging-20Recycled-20Sugarcane-20Pulp-20Package-20Insert-20Mold-20Pulp-20Trays/f6025eb0a54b4415bac5b10dd3b49d3c; https://sourcing-media.hktdc.com/product-original/Biodegradable-20Paper-20Packing-20Inner-20Wet-20Press-20Molded-20Pulp-20Cochlea-20Packaging-20Recycled-20Sugarcane-20Pulp-20Package-20Insert-20Mold-20Pulp-20Trays/fe22c339b76048e89123afaac4d89d6c; https://sourcing-media.hktdc.com/product-original/Biodegradable-20Paper-20Packing-20Inner-20Wet-20Press-20Molded-20Pulp-20Cochlea-20Packaging-20Recycled-20Sugarcane-20Pulp-20Package-20Insert-20Mold-20Pulp-20Trays/93e1f8442cca4e1ea1a4ba969a3183ef; https://sourcing-media.hktdc.com/product-original/Biodegradable-20Paper-20Packing-20Inner-20Wet-20Press-20Molded-20Pulp-20Cochlea-20Packaging-20Recycled-20Sugarcane-20Pulp-20Package-20Insert-20Mold-20Pulp-20Trays/b1a3436969324481b849d65177b47fe2,"Dongguan Bonito Packaging Co., Ltd.","Take-away Cutleries,Bio-degradable & Eco-friendly Raw Materials,Bio-degradable & Recycled Products and Packaging,Recycling-friendly Packaging,Blister Packaging,Plastic Food Packaging,Reheatable Food Packaging,Fiber-based Catering Packaging; Paper pulp trays, molded fiber inserts, molded pulp inlays, molded pulp packaging, pulp molded products, paper pulp packaging, molded pulp boxes, biodegradable packaging solutions, paper craft; OBM, ODM, OEM","Take-away Cutleries,Bio-degradable & Eco-friendly Raw Materials,Bio-degradable & Recycled Products and Packaging,Recycling-friendly Packaging,Blister Packaging,Plastic Food Packaging,Reheatable Food Packaging,Fiber-based Catering Packaging; Paper pulp trays, molded fiber inserts, molded pulp inlays, molded pulp packaging, pulp molded products, paper pulp packaging, molded pulp boxes, biodegradable packaging solutions, paper craft; OBM, ODM, OEM"
Paper box packaging sleeve,Paper box packaging sleeve,Paper box packaging sleeve,Paper box packaging sleeve,,,https://sourcing-media.hktdc.com/product-original/Paper-20box-20packaging-20sleeve/46bd9104475845768a1ef5c91a63a092; https://sourcing-media.hktdc.com/product-original/Paper-20box-20packaging-20sleeve/6e7c1d36aff84237a44a38189b5d193a; https://sourcing-media.hktdc.com/product-original/Paper-20box-20packaging-20sleeve/7bf2a92931264651abf90ac9fb32409d; https://sourcing-media.hktdc.com/product-original/Paper-20box-20packaging-20sleeve/04520771c7a84e0e95195e1af035c42b; https://sourcing-media.hktdc.com/product-original/Paper-20box-20packaging-20sleeve/400e0ca393d44a47b7ac32b32adeea24; https://sourcing-media.hktdc.com/product-original/Paper-20box-20packaging-20sleeve/4046d0406e5743aa81b6fa0af315f037; https://sourcing-media.hktdc.com/product-original/Paper-20box-20packaging-20sleeve/dd7f8a3f6cdd4ba6b62e4eaff096cccc,"Dongguan Chengwang Printing and Packaging Co., Ltd.","hang tag,Green Printing Solution,Take-way Packaging Box,Bio-degradable & Eco-friendly Raw Materials,Bio-degradable & Recycled Products and Packaging,Recycled Product,Recycling-friendly Packaging,Food Packaging,Gifts Packaging,Paper Packaging; Paper coaster for cup; OEM, ODM, OBM","hang tag,Green Printing Solution,Take-way Packaging Box,Bio-degradable & Eco-friendly Raw Materials,Bio-degradable & Recycled Products and Packaging,Recycled Product,Recycling-friendly Packaging,Food Packaging,Gifts Packaging,Paper Packaging; Paper coaster for cup; OEM, ODM, OBM"
Customized transfer label high quality,Customized transfer label high quality,Custom transfer label 3D Label with adhesive,Custom transfer label 3D Label with adhesive,,,,"Dongguan Duojiabao Printing Co., Ltd.","Printed Paper Bag,Label and Tag,Bio-degradable & Eco-friendly Raw Materials,Bio-degradable & Recycled Products and Packaging,Recycling-friendly Packaging,Anti-counterfeiting Packaging,Label Printing,Tag Printing Service; Label; OEM, ODM, OBM","Printed Paper Bag,Label and Tag,Bio-degradable & Eco-friendly Raw Materials,Bio-degradable & Recycled Products and Packaging,Recycling-friendly Packaging,Anti-counterfeiting Packaging,Label Printing,Tag Printing Service; Label; OEM, ODM, OBM"
Wholesale Barcode Label Direct Thermal Sticker Paper Transfer 4x6 Shipping Label Thermal Sticker,Wholesale Barcode Label Direct Thermal Sticker Paper Transfer 4x6 Shipping Label Thermal Sticker,"Brand:Guilai; Model number: Thermal labels; Place of origin:Guangdong,China; Industrial Use:Shipping& Gift & Craft; Feature:Waterproof; Application:Shipping/supermarket/barcode; Material: Thermal Paper, Glassine Release Paper; Keywords: Custom Label Logo; Weight:Customized weight; MOQ:1000PCS; Delivery Time:10-20 days around; Packaging Details： 1). Best Quality 5-Layers Exporting Cartons or Customized Outer Packaging 2). 100 PCS/Bundle, 10-50 Bundles/CTN; 3). CTN Size: Customized or Based on actual weight and volume; Port: Shenzhen/Guangzhou","Brand:Guilai; Model number: Thermal labels; Place of origin:Guangdong,China; Industrial Use:Shipping& Gift & Craft; Feature:Waterproof; Application:Shipping/supermarket/barcode; Material: Thermal Paper, Glassine Release Paper; Keywords: Custom Label Logo; Weight:Customized weight; MOQ:1000PCS; Delivery Time:10-20 days around; Packaging Details： 1). Best Quality 5-Layers Exporting Cartons or Customized Outer Packaging 2). 100 PCS/Bundle, 10-50 Bundles/CTN; 3). CTN Size: Customized or Based on actual weight and volume; Port: Shenzhen/Guangzhou",,,,"Dongguan Guilai New Material Technology Co.,Ltd.","Express Packaging,Express envelope,Bubble Bag,Air Column Bag,Packing strap,Packaging Tag,Anti-counterfeiting Packaging,Transportation Packaging,Functional Packing,Package Printing; Poly mailers,biodegradable bag,bubble mailers,Auto bag,paper bag,degradable bamboo mailing bag,paper box,paper envelope,sealing bag,etc.; OEM, ODM, OBM","Express Packaging,Express envelope,Bubble Bag,Air Column Bag,Packing strap,Packaging Tag,Anti-counterfeiting Packaging,Transportation Packaging,Functional Packing,Package Printing; Poly mailers,biodegradable bag,bubble mailers,Auto bag,paper bag,degradable bamboo mailing bag,paper box,paper envelope,sealing bag,etc.; OEM, ODM, OBM"
Tin can tinbox,Tin can tinbox,"Metal, printable, embossed ，Silver / Black / White / Gold / Colorful; For tea / food /candy /toy...","Metal, printable, embossed ，Silver / Black / White / Gold / Colorful; For tea / food /candy /toy...",,,,"Dongguan Guoming Tin Cans Making Co., Ltd.","Metal Nameplate,Metal Box & Can,Paper Tube,Packing strap,Electronic Components Packaging,E-commerce Packaging,Gifts Packaging,Tobacco Packaging,Functional Packing,Package Printing; Tin box, tin can, tea tin can, tin plates, Cookie tin; ODM, OEM, OBM, Others","Metal Nameplate,Metal Box & Can,Paper Tube,Packing strap,Electronic Components Packaging,E-commerce Packaging,Gifts Packaging,Tobacco Packaging,Functional Packing,Package Printing; Tin box, tin can, tea tin can, tin plates, Cookie tin; ODM, OEM, OBM, Others"
50*50*16mm Custom Black Hinged Top Child Proof Tin Can,50*50*16mm Custom Black Hinged Top Child Proof Tin Can,50*50*16mm Custom Black Hinged Top Child Proof Tin Can,50*50*16mm Custom Black Hinged Top Child Proof Tin Can,,,,"Dongguan Jeystin Manufacturing Co., Ltd.","Metal Box & Can,Food Packaging,Hot Melt Bonding; Tin Box; OEM, ODM","Metal Box & Can,Food Packaging,Hot Melt Bonding; Tin Box; OEM, ODM"
Skincare packaging insert,Skincare packaging insert,Custom eco friendly bagasse pulp molded skincare packaging insert,Custom eco friendly bagasse pulp molded skincare packaging insert,,,,"Dongguan Kinyi Packaging Technology Co., Ltd.","Paper Cup,Corrugated Carton Box,Bio-degradable & Eco-friendly Raw Materials,Bio-degradable & Recycled Products and Packaging,Recycling-friendly Packaging,Food Packaging,Beverage Packaging,Gifts Packaging,Paper Packaging,Package Printing; Paper pulp packaging; ODM, OEM","Paper Cup,Corrugated Carton Box,Bio-degradable & Eco-friendly Raw Materials,Bio-degradable & Recycled Products and Packaging,Recycling-friendly Packaging,Food Packaging,Beverage Packaging,Gifts Packaging,Paper Packaging,Package Printing; Paper pulp packaging; ODM, OEM"
PVC Bag,PVC Bag,PVC Bag,PVC Bag,,,,"Dongguan Raiser Packing Products Co., Ltd.","Aluminum Foil Bag,PE, PP & PET Bag,Bubble Bag,PVC Packaging,Food Bag,Recycling-friendly Packaging,Blister Packaging,Wine Packaging,Gifts Packaging,Plastic Packaging; Plastic packaging; OBM, ODM","Aluminum Foil Bag,PE, PP & PET Bag,Bubble Bag,PVC Packaging,Food Bag,Recycling-friendly Packaging,Blister Packaging,Wine Packaging,Gifts Packaging,Plastic Packaging; Plastic packaging; OBM, ODM"
Biodegradable Matte Poly Mailer Bag for Clothing,Biodegradable Matte Poly Mailer Bag for Clothing,Biodegradable Matte Poly Mailer Bag for Clothing,Biodegradable Matte Poly Mailer Bag for Clothing,,,,"Dongguan Rikang Industrial Co.,Ltd.","Express Packaging,Express envelope,Bubble Bag,E-commerce Packaging,Transportation Packaging; Mainly products include Mailing bag/courier bag/ poly mailer,biode-gradable mailing bag, shipping bag,bubble mailer, biodegradable bubble mailerbag,frosted ziplock bag,zipper bag,die cut handle bag,shoppingbag,pre-opened auto mailing bag,bread wicket; ODM, OBM, OEM","Express Packaging,Express envelope,Bubble Bag,E-commerce Packaging,Transportation Packaging; Mainly products include Mailing bag/courier bag/ poly mailer,biode-gradable mailing bag, shipping bag,bubble mailer, biodegradable bubble mailerbag,frosted ziplock bag,zipper bag,die cut handle bag,shoppingbag,pre-opened auto mailing bag,bread wicket; ODM, OBM, OEM"
OEM Food Grade Tiramisu Portable Metal Tin Box Container Custom Cookies Cake Desserts Fruit Cake Tin Case Gift Packaging,OEM Food Grade Tiramisu Portable Metal Tin Box Container Custom Cookies Cake Desserts Fruit Cake Tin Case Gift Packaging,"If you have your own unique and innovative design idea, merely send us the artwork, along with the desired quantity. We are excited to bring your creative concepts to life! We are committed to delivering the most competitive offer on the market just for you! Don't hesitate to reach out to us using the contact details provided below: Shenzhen Xinhao Environmental Protection Packaging Material Co., Ltd. Website: szgoodheart.com","If you have your own unique and innovative design idea, merely send us the artwork, along with the desired quantity. We are excited to bring your creative concepts to life! We are committed to delivering the most competitive offer on the market just for you! Don't hesitate to reach out to us using the contact details provided below: Shenzhen Xinhao Environmental Protection Packaging Material Co., Ltd. Website: szgoodheart.com",,,https://sourcing-media.hktdc.com/product-original/OEM-20Food-20Grade-20Tiramisu-20Portable-20Metal-20Tin-20Box-20Container-20Custom-20Cookies-20Cake-20Desserts-20Fruit-20Cake-20Tin-20Case-20Gift-20Packaging/101c8e2623b44dfab771bf5db04525b7; https://sourcing-media.hktdc.com/product-original/OEM-20Food-20Grade-20Tiramisu-20Portable-20Metal-20Tin-20Box-20Container-20Custom-20Cookies-20Cake-20Desserts-20Fruit-20Cake-20Tin-20Case-20Gift-20Packaging/88daaf81d0c848bb8aa1cbfb385bff2c,"Dongguan Sino Packing Products Co., Ltd.","hang tag,Paper Tube,Take-way Packaging Box,Bio-degradable & Eco-friendly Raw Materials,Bio-degradable & Recycled Products and Packaging,Art and Design Service,Gifts Packaging,Paper Packaging,Tobacco Packaging,Package Printing; Established in 2014, Dongguan Sino Packing Products Co., Ltd. is a professional manufacturer of tin box, blister package and PVC transparent bag, located in Dongguan. 

Sino Packing is specializing in one-stop tin box making services,from product de; OBM, Others, OEM, ODM","hang tag,Paper Tube,Take-way Packaging Box,Bio-degradable & Eco-friendly Raw Materials,Bio-degradable & Recycled Products and Packaging,Art and Design Service,Gifts Packaging,Paper Packaging,Tobacco Packaging,Package Printing; Established in 2014, Dongguan Sino Packing Products Co., Ltd. is a professional manufacturer of tin box, blister package and PVC transparent bag, located in Dongguan. 

Sino Packing is specializing in one-stop tin box making services,from product de; OBM, Others, OEM, ODM"
Gift Box,Gift Box,Gift Box,Gift Box,,,,Dongguan T.TOP Printing Ltd,"Art and Design Service; Paper box, gift box, master carton, food package, label; OEM","Art and Design Service; Paper box, gift box, master carton, food package, label; OEM"
Packaging Bag,Packaging Bag,Packaging Bag,Packaging Bag,,,,"Dongguan Uni-Pak Packing Co., Ltd.","Aluminum Foil Bag,PE, PP & PET Bag,Bio-degradable & Recycled Products and Packaging,Food Packaging,General Packaging & Assembling,Wine Packaging,Beverage Packaging,Functional Packing,Gravure Printing; Foldable Water bags; Baby Food Pouches; BIB Bag in Box; Daily Chemicals Liquid Packaging Bags; Wine Bags; Food Packaging Bag; Microwave Bags; Child-Proof Packaging Bags; ODM, OEM, OBM","Aluminum Foil Bag,PE, PP & PET Bag,Bio-degradable & Recycled Products and Packaging,Food Packaging,General Packaging & Assembling,Wine Packaging,Beverage Packaging,Functional Packing,Gravure Printing; Foldable Water bags; Baby Food Pouches; BIB Bag in Box; Daily Chemicals Liquid Packaging Bags; Wine Bags; Food Packaging Bag; Microwave Bags; Child-Proof Packaging Bags; ODM, OEM, OBM"
Yalan Manufacturing Custom Adhesive Tape Transparent Shipping Bopp Packing Tape,Yalan Manufacturing Custom Adhesive Tape Transparent Shipping Bopp Packing Tape,Yalan Manufacturing Custom Adhesive Tape Transparent Shipping Bopp Packing Tape,Yalan Manufacturing Custom Adhesive Tape Transparent Shipping Bopp Packing Tape,,,https://sourcing-media.hktdc.com/product-original/Yalan-20Manufacturing-20Custom-20Adhesive-20Tape-20Transparent-20Shipping-20Bopp-20Packing-20Tape/bb71c30356034ea3a888d785bad12b9b; https://sourcing-media.hktdc.com/product-original/Yalan-20Manufacturing-20Custom-20Adhesive-20Tape-20Transparent-20Shipping-20Bopp-20Packing-20Tape/4c058b94c17148f3887c9c56c49d16ec; https://sourcing-media.hktdc.com/product-original/Yalan-20Manufacturing-20Custom-20Adhesive-20Tape-20Transparent-20Shipping-20Bopp-20Packing-20Tape/0034852bb92540b2a249cc075f781591,"Dongguan Yalan Packing Materials Co., Ltd.","Packing strap,Packing Material,Plastic Packaging; Stretch film, sealing tape, pp strapping; OEM, ODM","Packing strap,Packing Material,Plastic Packaging; Stretch film, sealing tape, pp strapping; OEM, ODM"
silver tinplate Tiramisu packaging box with bucket lock,silver tinplate Tiramisu packaging box with bucket lock,"Useful : tea , gift ,cookie , tiramisu","Useful : tea , gift ,cookie , tiramisu",,,,"Dongguan Yixinli Packaging Co., Ltd.","Metal Box & Can,Bottle and Can,Art and Design Service,Packaging Cap and Closure,Pharmaceutical Packaging,Wine Packaging,Gifts Packaging,Metal Packaging; Tin box & tin can; ODM, Others, OEM","Metal Box & Can,Bottle and Can,Art and Design Service,Packaging Cap and Closure,Pharmaceutical Packaging,Wine Packaging,Gifts Packaging,Metal Packaging; Tin box & tin can; ODM, Others, OEM"
Hot Sale ZT Cast LLDPE Stretch Film for Pallet Wrapping Moving and Stoarge,Hot Sale ZT Cast LLDPE Stretch Film for Pallet Wrapping Moving and Stoarge,"TIPS: Please E-mail to Andy 1.All products in our store support FREE SAMPLES , you only need to pay for shipping! 2.Support customized sizes, colors, and even packaging methods. Please send us inquiry ! 3.We are a Professional and Trustworthy Supplier , feel free to contact us anytime if you have any questions!; Experience a better, all-purpose, heavy duty, industrial strength while you wrap your pallets, furniture and books ext. Stretch wrap keeps the product safe from external impacts like heat, cold, rain, dust and dirt. Shrink wrap has glossy and slippery outer surfaces onto which dust and dirt can`t cling. Plastic wrap prevents sticking of pallets to each other. The film is transparent, light, economic and endurable to all weather conditions. Stretch plastic wrap can be used to pack all kinds of products. Thanks to its flexibility; the shrink wrap is not affected by protruding and sharp corners. There’s no need for ropes or straps. This banding film is safe and cheap to use in packing bottled products.; 24 + Years of Expertise | Premium Chinese Manufacturer; Specialized in stretch film R&D and production with ISO 9001, BSCI, REACH, and ROHS certifications.; Advanced Manufacturing; 20 Fully automated extrusion lines ensuring consistent thickness and quality.; In-house lab for rigorous tensile strength, cling, and puncture tests.; Global Supply Capacity; Monthly output: 6000+ tons with fast lead times (samples ready in 3 days, bulk orders in 7-15 days).; Reliable Customer Support; Free technical consultation and wrapping efficiency audits.; 24/7 after-sales service with multilingual support.; Competitive Pricing & Logistics; FOB, CIF, or EXW terms available.; Partnerships with DHL, FedEx, and other shipping agents for global shipping.; Factory Direct Price – No middlemen, competitive pricing Advanced Production Line – Fully automated, high-precision extrusion OEM/ODM Support – Custom thickness, width, color, and printing Global Export Experience – Shipped to USA, Japan, Australia, Europe, Middle East, etc. Quality Assurance – ISO 9001, BSCI, REACH, ROHS Certified","TIPS: Please E-mail to Andy 1.All products in our store support FREE SAMPLES , you only need to pay for shipping! 2.Support customized sizes, colors, and even packaging methods. Please send us inquiry ! 3.We are a Professional and Trustworthy Supplier , feel free to contact us anytime if you have any questions!; Experience a better, all-purpose, heavy duty, industrial strength while you wrap your pallets, furniture and books ext. Stretch wrap keeps the product safe from external impacts like heat, cold, rain, dust and dirt. Shrink wrap has glossy and slippery outer surfaces onto which dust and dirt can`t cling. Plastic wrap prevents sticking of pallets to each other. The film is transparent, light, economic and endurable to all weather conditions. Stretch plastic wrap can be used to pack all kinds of products. Thanks to its flexibility; the shrink wrap is not affected by protruding and sharp corners. There’s no need for ropes or straps. This banding film is safe and cheap to use in packing bottled products.; 24 + Years of Expertise | Premium Chinese Manufacturer; Specialized in stretch film R&D and production with ISO 9001, BSCI, REACH, and ROHS certifications.; Advanced Manufacturing; 20 Fully automated extrusion lines ensuring consistent thickness and quality.; In-house lab for rigorous tensile strength, cling, and puncture tests.; Global Supply Capacity; Monthly output: 6000+ tons with fast lead times (samples ready in 3 days, bulk orders in 7-15 days).; Reliable Customer Support; Free technical consultation and wrapping efficiency audits.; 24/7 after-sales service with multilingual support.; Competitive Pricing & Logistics; FOB, CIF, or EXW terms available.; Partnerships with DHL, FedEx, and other shipping agents for global shipping.; Factory Direct Price – No middlemen, competitive pricing Advanced Production Line – Fully automated, high-precision extrusion OEM/ODM Support – Custom thickness, width, color, and printing Global Export Experience – Shipped to USA, Japan, Australia, Europe, Middle East, etc. Quality Assurance – ISO 9001, BSCI, REACH, ROHS Certified",,,https://sourcing-media.hktdc.com/product-original/Hot-20Sale-20ZT-20Cast-20LLDPE-20Stretch-20Film-20for-20Pallet-20Wrapping-20Moving-20and-20Stoarge/0b4a55935fcb4944aba1f418da7aaab9; https://sourcing-media.hktdc.com/product-original/Hot-20Sale-20ZT-20Cast-20LLDPE-20Stretch-20Film-20for-20Pallet-20Wrapping-20Moving-20and-20Stoarge/4272b7059fc04183bd6998764fafb94b; https://sourcing-media.hktdc.com/product-original/Hot-20Sale-20ZT-20Cast-20LLDPE-20Stretch-20Film-20for-20Pallet-20Wrapping-20Moving-20and-20Stoarge/7b4aa52d7434418593644afa641f7469; https://sourcing-media.hktdc.com/product-original/Hot-20Sale-20ZT-20Cast-20LLDPE-20Stretch-20Film-20for-20Pallet-20Wrapping-20Moving-20and-20Stoarge/cbc15a17dc5b4c31935462a9a67f17d4; https://sourcing-media.hktdc.com/product-original/Hot-20Sale-20ZT-20Cast-20LLDPE-20Stretch-20Film-20for-20Pallet-20Wrapping-20Moving-20and-20Stoarge/e76a6939ab6e4485b6ca0b5d1d96fe69; https://sourcing-media.hktdc.com/product-original/Hot-20Sale-20ZT-20Cast-20LLDPE-20Stretch-20Film-20for-20Pallet-20Wrapping-20Moving-20and-20Stoarge/94ebaf0da9d944ad96c01cdcd2cee039; https://sourcing-media.hktdc.com/product-original/Hot-20Sale-20ZT-20Cast-20LLDPE-20Stretch-20Film-20for-20Pallet-20Wrapping-20Moving-20and-20Stoarge/e68a42872b274888b28a5a369a07dabb; https://sourcing-media.hktdc.com/product-original/Hot-20Sale-20ZT-20Cast-20LLDPE-20Stretch-20Film-20for-20Pallet-20Wrapping-20Moving-20and-20Stoarge/ff9b41c260bb485eaaf2fbe2fdff8ed2; https://sourcing-media.hktdc.com/product-original/Hot-20Sale-20ZT-20Cast-20LLDPE-20Stretch-20Film-20for-20Pallet-20Wrapping-20Moving-20and-20Stoarge/b5ffdfffffaa43459f099b7a4fb1cc43; https://sourcing-media.hktdc.com/product-original/Hot-20Sale-20ZT-20Cast-20LLDPE-20Stretch-20Film-20for-20Pallet-20Wrapping-20Moving-20and-20Stoarge/0775c566cec74906afda461e431bc4a2; https://sourcing-media.hktdc.com/product-original/Hot-20Sale-20ZT-20Cast-20LLDPE-20Stretch-20Film-20for-20Pallet-20Wrapping-20Moving-20and-20Stoarge/d991c48b22df4e37a4c3bec54394e795; https://sourcing-media.hktdc.com/product-original/Hot-20Sale-20ZT-20Cast-20LLDPE-20Stretch-20Film-20for-20Pallet-20Wrapping-20Moving-20and-20Stoarge/fdccefe2a32a49019bc6b66b201b5eca; https://sourcing-media.hktdc.com/product-original/Hot-20Sale-20ZT-20Cast-20LLDPE-20Stretch-20Film-20for-20Pallet-20Wrapping-20Moving-20and-20Stoarge/6dfe0a175b574d0291ef7ba96df03f55; https://sourcing-media.hktdc.com/product-original/Hot-20Sale-20ZT-20Cast-20LLDPE-20Stretch-20Film-20for-20Pallet-20Wrapping-20Moving-20and-20Stoarge/86b985c6af6443f4984a045b8dc4a166; https://sourcing-media.hktdc.com/product-original/Hot-20Sale-20ZT-20Cast-20LLDPE-20Stretch-20Film-20for-20Pallet-20Wrapping-20Moving-20and-20Stoarge/b71bce7296d64058acc08d903bfb4180; https://sourcing-media.hktdc.com/product-original/Hot-20Sale-20ZT-20Cast-20LLDPE-20Stretch-20Film-20for-20Pallet-20Wrapping-20Moving-20and-20Stoarge/531d9ca2562c4dd28dc80cc120676901; https://sourcing-media.hktdc.com/product-original/Hot-20Sale-20ZT-20Cast-20LLDPE-20Stretch-20Film-20for-20Pallet-20Wrapping-20Moving-20and-20Stoarge/dfa46eb9ad4a4c8394dbab3ada833a65; https://sourcing-media.hktdc.com/product-original/Hot-20Sale-20ZT-20Cast-20LLDPE-20Stretch-20Film-20for-20Pallet-20Wrapping-20Moving-20and-20Stoarge/cf22d2c6ecfc41b19a2a35e6125594a7; https://sourcing-media.hktdc.com/product-original/Hot-20Sale-20ZT-20Cast-20LLDPE-20Stretch-20Film-20for-20Pallet-20Wrapping-20Moving-20and-20Stoarge/e7b2940b11e84de3a7b60d283a3459f4; https://sourcing-media.hktdc.com/product-original/Hot-20Sale-20ZT-20Cast-20LLDPE-20Stretch-20Film-20for-20Pallet-20Wrapping-20Moving-20and-20Stoarge/17c6b85779f74cedb6891bed8d6ca83c; https://sourcing-media.hktdc.com/product-original/Hot-20Sale-20ZT-20Cast-20LLDPE-20Stretch-20Film-20for-20Pallet-20Wrapping-20Moving-20and-20Stoarge/d502d6e933904ea89a9d6f3a05948a67; https://sourcing-media.hktdc.com/product-original/Hot-20Sale-20ZT-20Cast-20LLDPE-20Stretch-20Film-20for-20Pallet-20Wrapping-20Moving-20and-20Stoarge/2898ca36992448008815431335fba5d5; https://sourcing-media.hktdc.com/product-original/Hot-20Sale-20ZT-20Cast-20LLDPE-20Stretch-20Film-20for-20Pallet-20Wrapping-20Moving-20and-20Stoarge/ab996c7eef854a74b9a73c1c48e2050d; https://sourcing-media.hktdc.com/product-original/Hot-20Sale-20ZT-20Cast-20LLDPE-20Stretch-20Film-20for-20Pallet-20Wrapping-20Moving-20and-20Stoarge/cba5094349a64f3ab1b7a62caf7eeeba; https://sourcing-media.hktdc.com/product-original/Hot-20Sale-20ZT-20Cast-20LLDPE-20Stretch-20Film-20for-20Pallet-20Wrapping-20Moving-20and-20Stoarge/55e24b09ee1646728ef54b259f7543bb,"Dongguan Zhiteng Plastic Product Co., Ltd.","Film,Plastic Packaging; Hand Stretch Film, Machine Stretch Film, Bundling Film, Colour Stretch Film, Pre-stretch Film, Dispensers, etc; OEM, ODM, OBM","Film,Plastic Packaging; Hand Stretch Film, Machine Stretch Film, Bundling Film, Colour Stretch Film, Pre-stretch Film, Dispensers, etc; OEM, ODM, OBM"
Round small gift box,Round small gift box,Round small gift box,Round small gift box,,,https://sourcing-media.hktdc.com/product-original/Round-20small-20gift-20box/27be13f366d1430ba9b7e1bf8752fa2c; https://sourcing-media.hktdc.com/product-original/Round-20small-20gift-20box/fdf657ae46b44b3d87fc7ccd4db19bb7; https://sourcing-media.hktdc.com/product-original/Round-20small-20gift-20box/2ea7230d2fdd44bb80664a9670878ea6; https://sourcing-media.hktdc.com/product-original/Round-20small-20gift-20box/f8f3b25a48f54e42abc11112cd87da42,"Dongguan Zhupin Packaging Co., Ltd.","Paper Tube,Paper Tube,Bottle and Can,Packaging Tag,Food Packaging,Wine Packaging,Gifts Packaging,Tubes Packaging; paper tube; wine packaging; gifts packaging; OEM","Paper Tube,Paper Tube,Bottle and Can,Packaging Tag,Food Packaging,Wine Packaging,Gifts Packaging,Tubes Packaging; paper tube; wine packaging; gifts packaging; OEM"
25mm Paper Ribbon,25mm Paper Ribbon,25mm Paper Ribbon,25mm Paper Ribbon,,,https://sourcing-media.hktdc.com/product-original/25mm-20Paper-20Ribbon/2af3b3b1c1f1421d88141cf0a3f477cf; https://sourcing-media.hktdc.com/product-original/25mm-20Paper-20Ribbon/2ae2ebdef5e9481dbde759abaf7779ad; https://sourcing-media.hktdc.com/product-original/25mm-20Paper-20Ribbon/329bf1fb841444d4b6d9a34a97c2d326,"Foshan City Shunde District Fangtai Webbing Co., Ltd.","Packing Material; Ribbon, Rope, Ribbon bow and flower; ODM, OEM","Packing Material; Ribbon, Rope, Ribbon bow and flower; ODM, OEM"
Kraft paper tape,Kraft paper tape,printable and size customized,printable and size customized,,,,Foshan Qiancheng Packing Material Limited,"Green Printing Solution,Adhesive Tapes,Packing Material,Bio-degradable & Recycled Products and Packaging,E-commerce Packaging,Paper Packaging,Flexographic Printing,Foil Stamping,Package Printing; Kraft tape, gummed tape, wrapping paper, cushioning paper, void fill paper, dispenser; ODM, OEM, OBM","Green Printing Solution,Adhesive Tapes,Packing Material,Bio-degradable & Recycled Products and Packaging,E-commerce Packaging,Paper Packaging,Flexographic Printing,Foil Stamping,Package Printing; Kraft tape, gummed tape, wrapping paper, cushioning paper, void fill paper, dispenser; ODM, OEM, OBM"
Wholesale Bakery Food Packaging Box Cake Dessert Pastry Takeaway Food Disposable PET Plastic Sealed Candy Box,Wholesale Bakery Food Packaging Box Cake Dessert Pastry Takeaway Food Disposable PET Plastic Sealed Candy Box,"Core materials and safety; Food grade PET material; High transparency: With a light transmittance of ≥ 90%, it can visually display the color and shape of candies, enhancing the attractiveness of shelves.; Chemical resistance: It is non permeable to oil and sugar, meets FDA and GB 4806.7-2016 food contact material standards, and ensures that candy is stored for a long time without spoilage.; Environmental friendliness: Some products use biodegradable PET or recycled PET (r-PET), which complies with the EU EN 13432 standard and reduces plastic pollution.; Sealing performance optimization; Snap on sealing: patented snap on design (such as Ovohm series), supports multiple opening and closing and has strong sealing performance, preventing moisture or foreign objects from entering.; Double layer structure: Some models use inner and outer double-layer PET walls to enhance compression resistance (single-layer load-bearing capacity ≥ 20kg), suitable for transportation scenarios","Core materials and safety; Food grade PET material; High transparency: With a light transmittance of ≥ 90%, it can visually display the color and shape of candies, enhancing the attractiveness of shelves.; Chemical resistance: It is non permeable to oil and sugar, meets FDA and GB 4806.7-2016 food contact material standards, and ensures that candy is stored for a long time without spoilage.; Environmental friendliness: Some products use biodegradable PET or recycled PET (r-PET), which complies with the EU EN 13432 standard and reduces plastic pollution.; Sealing performance optimization; Snap on sealing: patented snap on design (such as Ovohm series), supports multiple opening and closing and has strong sealing performance, preventing moisture or foreign objects from entering.; Double layer structure: Some models use inner and outer double-layer PET walls to enhance compression resistance (single-layer load-bearing capacity ≥ 20kg), suitable for transportation scenarios",,,,"Fujian Tichotech Service Co., Ltd.","Take-way Packaging Box,Blister Packaging,Electronic Components Packaging,Food Packaging,Plastic Food Packaging,Reheatable Food Packaging,Pharmaceutical Packaging,Anti-counterfeiting Packaging,Traceable Packaging,Plastic Packaging; Food packaging & fresh tray; OBM, OEM, ODM","Take-way Packaging Box,Blister Packaging,Electronic Components Packaging,Food Packaging,Plastic Food Packaging,Reheatable Food Packaging,Pharmaceutical Packaging,Anti-counterfeiting Packaging,Traceable Packaging,Plastic Packaging; Food packaging & fresh tray; OBM, OEM, ODM"
Custom Printed UV Transfer Vinyl Stickers,Custom Printed UV Transfer Vinyl Stickers,"1. Custom Printed UV Transfer Vinyl StIkers; 2. Waterproof, Waterproof, oil resistant; 3. Size: Custom Size; 4. Shape: Round, Rectangle, Oval, Polygon, Star, Cartoon character outline; 5. Packing: Plastic Bag + Carton","1. Custom Printed UV Transfer Vinyl StIkers; 2. Waterproof, Waterproof, oil resistant; 3. Size: Custom Size; 4. Shape: Round, Rectangle, Oval, Polygon, Star, Cartoon character outline; 5. Packing: Plastic Bag + Carton",,,,"Guangdong Juncheng Printing Technology Co., Ltd.","Stickers,Fragile Paper,Labelling,Anti-counterfeiting Packaging; Custom label stickerks，mainly serving various industries such as logistics and express delivery, e-commerce, electronic appliances, food, clothing, supermarkets, pharmaceuticals, daily chemicals, and alcoholic beverages, ect; ODM, OEM, OBM, Others","Stickers,Fragile Paper,Labelling,Anti-counterfeiting Packaging; Custom label stickerks，mainly serving various industries such as logistics and express delivery, e-commerce, electronic appliances, food, clothing, supermarkets, pharmaceuticals, daily chemicals, and alcoholic beverages, ect; ODM, OEM, OBM, Others"
Customized gift box,Customized gift box,"Paper packaging official website: www.risunprint.com; Consultation and customization: +86 13760600787; Guangdong Xuhua Digital Printing Co., Ltd. mainly produces customized various product packaging boxes, jewelry boxes, watch boxes, gift boxes, tea boxes, wine boxes, moon cake boxes, clothing packaging boxes, electronic product packaging boxes, clothing paper bags, gift paper bags and others Paper printing and packaging products. Official website: http://www.risunprint.com/ Consultation and customization: +86 13760600787; Risun print . was established in 2002. It is located in Zhongshan City, Guangdong Province. It focuses on packaging and printing for more than 20 years, specializing in the manufacturing of packaging for many industries such as liquor packaging boxes, 3C digital packaging boxes, health care packaging boxes, daily-use cosmetic packaging boxes, etc.. It has more than 10,000 square meters of production bases and 200 employees more on work. It is a digital high -tech enterprise that integrates appearance design, box structure development, printing packaging, automatic production of post -work. We have obtained international certifications such as FSC Environmental Certification, SGS-IS09001, PRIMAPK, SMETA and other international certifications. The name of ""high -quality cooperative enterprise"" in Guangdong Province has been rated for many years and a number of invention patents have been obtained.; Risun print has a complete production process and advanced printing and production equipment, imported brand new Gobel 7+1 UV printing machine and Heidelberg 5+1 printing machine, after printing, there are automatic laminating machine, automatic hot stamping machine, automatic forming machine, automatic V groove machine and so on. Risun print takes customer needs and product positioning as the starting point, tailoring the integration plan of the outer packaging of the product, increasing the added value of the product through the innovation and design of the outer packaging.","Paper packaging official website: www.risunprint.com; Consultation and customization: +86 13760600787; Guangdong Xuhua Digital Printing Co., Ltd. mainly produces customized various product packaging boxes, jewelry boxes, watch boxes, gift boxes, tea boxes, wine boxes, moon cake boxes, clothing packaging boxes, electronic product packaging boxes, clothing paper bags, gift paper bags and others Paper printing and packaging products. Official website: http://www.risunprint.com/ Consultation and customization: +86 13760600787; Risun print . was established in 2002. It is located in Zhongshan City, Guangdong Province. It focuses on packaging and printing for more than 20 years, specializing in the manufacturing of packaging for many industries such as liquor packaging boxes, 3C digital packaging boxes, health care packaging boxes, daily-use cosmetic packaging boxes, etc.. It has more than 10,000 square meters of production bases and 200 employees more on work. It is a digital high -tech enterprise that integrates appearance design, box structure development, printing packaging, automatic production of post -work. We have obtained international certifications such as FSC Environmental Certification, SGS-IS09001, PRIMAPK, SMETA and other international certifications. The name of ""high -quality cooperative enterprise"" in Guangdong Province has been rated for many years and a number of invention patents have been obtained.; Risun print has a complete production process and advanced printing and production equipment, imported brand new Gobel 7+1 UV printing machine and Heidelberg 5+1 printing machine, after printing, there are automatic laminating machine, automatic hot stamping machine, automatic forming machine, automatic V groove machine and so on. Risun print takes customer needs and product positioning as the starting point, tailoring the integration plan of the outer packaging of the product, increasing the added value of the product through the innovation and design of the outer packaging.",,,https://sourcing-media.hktdc.com/product-original/Customized-20gift-20box/be9e8fa8126d4b4087f587cb62b4392e; https://sourcing-media.hktdc.com/product-original/Customized-20gift-20box/8fe1ee81f07e46098657bac81049fcdc; https://sourcing-media.hktdc.com/product-original/Customized-20gift-20box/f42c8144d5e74f92880f12d918baa334,"Guangdong Risun-Print By Digital Co., Ltd.","Wine Packaging,Gifts Packaging,Paper Packaging; Gift Box, Wine Box, Food Box, Paper Box, Folding Box, Lid and Base Box, Drawer Box, Book shaped Box, Double Door Box, Hinged Box, Rigid Box, Cardboard Box, Connected Box; OEM","Wine Packaging,Gifts Packaging,Paper Packaging; Gift Box, Wine Box, Food Box, Paper Box, Folding Box, Lid and Base Box, Drawer Box, Book shaped Box, Double Door Box, Hinged Box, Rigid Box, Cardboard Box, Connected Box; OEM"
Scented Ink for Metal Packaging,Scented Ink for Metal Packaging,"Scented Ink for Metal Packaging; This is Scented Ink from XINWEI.; This ink can release fragrance when subjected to friction or high temperatures, and increase the added value of products while significantly enhancing the anti-counterfeiting effect .; It can be made into transparent or colored ink, with a rich variety of scents as follows:; Tree scents: Cinnamon, Eucalyptus, Pine, Cypress, Sandalwood; Flower scents: Flamboyant Flower, Jasmine, Lavender, Lilac, Rose; Fruit scents: Apple, Orange, Peach, Lemon, Cherry, Pomelo, Strawberry, Blueberry, Berry; Food scents: Green Tea, Chocolate, Mint, Licorice, Bubblegum; Other scents: Cologne, Freesia","Scented Ink for Metal Packaging; This is Scented Ink from XINWEI.; This ink can release fragrance when subjected to friction or high temperatures, and increase the added value of products while significantly enhancing the anti-counterfeiting effect .; It can be made into transparent or colored ink, with a rich variety of scents as follows:; Tree scents: Cinnamon, Eucalyptus, Pine, Cypress, Sandalwood; Flower scents: Flamboyant Flower, Jasmine, Lavender, Lilac, Rose; Fruit scents: Apple, Orange, Peach, Lemon, Cherry, Pomelo, Strawberry, Blueberry, Berry; Food scents: Green Tea, Chocolate, Mint, Licorice, Bubblegum; Other scents: Cologne, Freesia",,,https://sourcing-media.hktdc.com/product-original/Scented-20Ink-20for-20Metal-20Packaging/3c19b887b24f4f93bd1b263724f4dc0e; https://sourcing-media.hktdc.com/product-original/Scented-20Ink-20for-20Metal-20Packaging/bf7669ef92b14d959422cb919c952553; https://sourcing-media.hktdc.com/product-original/Scented-20Ink-20for-20Metal-20Packaging/f735081c9b42418580f043c99b5a8906,"Guangdong XinWei New Material Technology Co., Ltd.","Printing & Packaging Multi-media Technology and Service,Printing Ink and Coating,3D Printer Filament,Packing Material,Digital Printing,3D Printing; Metal packaging, Tin can, Tin box; Others","Printing & Packaging Multi-media Technology and Service,Printing Ink and Coating,3D Printer Filament,Packing Material,Digital Printing,3D Printing; Metal packaging, Tin can, Tin box; Others"
Non-Woven Promotional Bag,Non-Woven Promotional Bag,·印刷：根据您的要求，凹版印刷、丝网印刷。; ·用途：促销、包装。; ·可以折叠平放以节省空间。; ·颜色：定制颜色。; ·尺寸：定制尺寸。,·印刷：根据您的要求，凹版印刷、丝网印刷。; ·用途：促销、包装。; ·可以折叠平放以节省空间。; ·颜色：定制颜色。; ·尺寸：定制尺寸。,,,,"Guangzhou Shenghui Nonwoven Products Co., Ltd.","Non-Woven Bag,Food Pouch,Food Bag,Bio-degradable & Eco-friendly Raw Materials,Recycled Product,Food Packaging,Anti-counterfeiting Packaging,Gifts Packaging,Textile Packaging,Insulation Packaging; ""As a leading manufacturer in custom bag solutions, we specialize in producing a wide range of high-quality bags tailored to meet the diverse needs of retail stores and brand companies. Our product line includes eco-friendly non-woven bags, insulated; ODM, OBM, OEM","Non-Woven Bag,Food Pouch,Food Bag,Bio-degradable & Eco-friendly Raw Materials,Recycled Product,Food Packaging,Anti-counterfeiting Packaging,Gifts Packaging,Textile Packaging,Insulation Packaging; ""As a leading manufacturer in custom bag solutions, we specialize in producing a wide range of high-quality bags tailored to meet the diverse needs of retail stores and brand companies. Our product line includes eco-friendly non-woven bags, insulated; ODM, OBM, OEM"
custom printed paper bah,custom printed paper bah,custom printed paper bah,custom printed paper bah,,,https://sourcing-media.hktdc.com/service-original/custom-20printed-20paper-20bah/4bacbaaa940a40f4ac8be20aa1b3af69; https://sourcing-media.hktdc.com/service-original/custom-20printed-20paper-20bah/424ba82b038c4be2bf3083f3328d1eb0; https://sourcing-media.hktdc.com/service-original/custom-20printed-20paper-20bah/7a7b5f7dfd834fe28f8928c037f6b09d; https://sourcing-media.hktdc.com/service-original/custom-20printed-20paper-20bah/fe0dcf19f184473ca265adaa1e209fba; https://sourcing-media.hktdc.com/service-original/custom-20printed-20paper-20bah/8ef375f602204576b5e113b2664f7499,"HAUR TYI PAPER BAG CO., LTD.","Eco Printing Ink,Vegetable-Based Ink,Water-Based Ink,Plain Paper Bag,Printed Paper Bag,Recycled Product,Art and Design Service,Gifts Packaging,Paper Packaging,Package Printing; paper shopping bag, kraft paper bag, twisted handle bag, J cut handle bag, luxury paper bag, take out paper bag. twisted paper handle bag, custom printed paper bag; OEM","Eco Printing Ink,Vegetable-Based Ink,Water-Based Ink,Plain Paper Bag,Printed Paper Bag,Recycled Product,Art and Design Service,Gifts Packaging,Paper Packaging,Package Printing; paper shopping bag, kraft paper bag, twisted handle bag, J cut handle bag, luxury paper bag, take out paper bag. twisted paper handle bag, custom printed paper bag; OEM"
Eco-friendly customized LOGO e-commerce shipping bag,Eco-friendly customized LOGO e-commerce shipping bag,Eco-friendly customized LOGO e-commerce shipping bag made from 30% post-consumer recycled material.  Extra-thick design resists punctures.It provides excellent protection for the goods from damage or scratches during transportation.,Eco-friendly customized LOGO e-commerce shipping bag made from 30% post-consumer recycled material.  Extra-thick design resists punctures.It provides excellent protection for the goods from damage or scratches during transportation.,,,,"Haining Demei Packing Products Co., Ltd.","Express Packaging,Plain Paper Bag,Printed Paper Bag,Bio-degradable & Eco-friendly Raw Materials,Bio-degradable & Recycled Products and Packaging,Electronic Components Packaging,Food Packaging,Overwrapping,Paper Packaging; Paper cushion pad, paper express packaging, wrapping paper, paper bag, degradable packaging; ODM, OEM","Express Packaging,Plain Paper Bag,Printed Paper Bag,Bio-degradable & Eco-friendly Raw Materials,Bio-degradable & Recycled Products and Packaging,Electronic Components Packaging,Food Packaging,Overwrapping,Paper Packaging; Paper cushion pad, paper express packaging, wrapping paper, paper bag, degradable packaging; ODM, OEM"
WINE BAG,WINE BAG,"产品优势：; Durable and Re-usable耐用,可重复使用; Made of high quality non-woven fabric, can be used to store and organize  small stones, jewels or items laying around.Or use them as treat bags for birthday parties, weddings, Christmas parties or any other special event.由优质无纺布制成，可用于存放和整理小石头、珠宝或物品。或者用作生日派对、婚礼、圣诞派对或其他特殊活动的招待包。; Convenient使用方便; Just pull the drawstring to seal it closely,easily open and close.These amazing bags make gift wrapping easier than ever.  (The pleated bottom allows the bag to stand up on its own for easy loading.) Simply pull the inserted ribbon drawstrings tight and tie in a bow for the perfect presentation.只需拉紧拉绳，密封即可，轻松开启和关闭。这些神奇的袋子使包装礼物比以往任何时候都容易。(打褶的底部可以让袋子自己站起来，便于装载。)简单地拉紧插入的缎带，系成一个蝴蝶结，完美的呈现。; Rainbow-variable Colors颜色缤纷; Light up your beautiful mood and color your life.点亮你美丽的心情，为你的生活增添色彩。; Great Start To Any Gift适合包装多种礼物; You have found wonderful gifts, and need great packing. These unique bags are perfect for Xmas, holidays, birthdays, giveaways, bachelorette parties, crafts, anniversaries, goodie bags, accessories. Surprise your family, friends, classmates, colleagues and so on.你找到了很棒的礼物，需要很好的包装。这些独特的包是完美的圣诞，假期，生日，赠品，单身派对，工艺品，周年纪念，糖果袋，配件。给你的家人、朋友、同学、同事等等带来惊喜。; Multi-purpose bags多功能礼品袋; Perfect for any picnic,grocery shopping trip,arts&crafts activity. Fun for a party favor gift bag can be embellished or decorated. These beautiful, elegant bags are made form a heavy weight organza outer with a high quality non-woven lining and hand sewn. These bags are not transparent. They keep the gift inside a surprise. Strong enough to hold just about any medium size present.适合任何野餐，购物，艺术和手工艺活动。有趣的派对礼物包可以装饰或装饰。这些美丽，优雅的袋子是由一个沉重的透明硬纱与高品质的非织造衬里和手工缝制。这些袋子不是透明的。他们把礼物藏在一个惊喜里面。坚固到足以容纳任何中等大小的礼物。; Capacity容量大小，任君选择; These bags measure 12"" Tall x 18"" Wide making them large enough to wrap big books, larger toys, electronics, tablets, laptops, board games, handbags, bedding, housewares, soaps, candles, wine bottle and just about any other larger size gift. And we also have smaller size, like 8""x12"" or customized.这些袋子有12英寸高，18英寸宽，足够大，可以包大的书，更大的玩具，电子产品，平板电脑，笔记本电脑，棋盘游戏，手袋，床上用品，家庭用品，肥皂，蜡烛，酒瓶和任何其他更大的礼物。我们也有更小的尺寸，比如8“x12”或定制。","产品优势：; Durable and Re-usable耐用,可重复使用; Made of high quality non-woven fabric, can be used to store and organize  small stones, jewels or items laying around.Or use them as treat bags for birthday parties, weddings, Christmas parties or any other special event.由优质无纺布制成，可用于存放和整理小石头、珠宝或物品。或者用作生日派对、婚礼、圣诞派对或其他特殊活动的招待包。; Convenient使用方便; Just pull the drawstring to seal it closely,easily open and close.These amazing bags make gift wrapping easier than ever.  (The pleated bottom allows the bag to stand up on its own for easy loading.) Simply pull the inserted ribbon drawstrings tight and tie in a bow for the perfect presentation.只需拉紧拉绳，密封即可，轻松开启和关闭。这些神奇的袋子使包装礼物比以往任何时候都容易。(打褶的底部可以让袋子自己站起来，便于装载。)简单地拉紧插入的缎带，系成一个蝴蝶结，完美的呈现。; Rainbow-variable Colors颜色缤纷; Light up your beautiful mood and color your life.点亮你美丽的心情，为你的生活增添色彩。; Great Start To Any Gift适合包装多种礼物; You have found wonderful gifts, and need great packing. These unique bags are perfect for Xmas, holidays, birthdays, giveaways, bachelorette parties, crafts, anniversaries, goodie bags, accessories. Surprise your family, friends, classmates, colleagues and so on.你找到了很棒的礼物，需要很好的包装。这些独特的包是完美的圣诞，假期，生日，赠品，单身派对，工艺品，周年纪念，糖果袋，配件。给你的家人、朋友、同学、同事等等带来惊喜。; Multi-purpose bags多功能礼品袋; Perfect for any picnic,grocery shopping trip,arts&crafts activity. Fun for a party favor gift bag can be embellished or decorated. These beautiful, elegant bags are made form a heavy weight organza outer with a high quality non-woven lining and hand sewn. These bags are not transparent. They keep the gift inside a surprise. Strong enough to hold just about any medium size present.适合任何野餐，购物，艺术和手工艺活动。有趣的派对礼物包可以装饰或装饰。这些美丽，优雅的袋子是由一个沉重的透明硬纱与高品质的非织造衬里和手工缝制。这些袋子不是透明的。他们把礼物藏在一个惊喜里面。坚固到足以容纳任何中等大小的礼物。; Capacity容量大小，任君选择; These bags measure 12"" Tall x 18"" Wide making them large enough to wrap big books, larger toys, electronics, tablets, laptops, board games, handbags, bedding, housewares, soaps, candles, wine bottle and just about any other larger size gift. And we also have smaller size, like 8""x12"" or customized.这些袋子有12英寸高，18英寸宽，足够大，可以包大的书，更大的玩具，电子产品，平板电脑，笔记本电脑，棋盘游戏，手袋，床上用品，家庭用品，肥皂，蜡烛，酒瓶和任何其他更大的礼物。我们也有更小的尺寸，比如8“x12”或定制。",,,,"Hua De Feng Plastic Packaging Co., Ltd.","Non-Woven Bag,Aluminum Foil Bag,Printed Paper Bag,Gift Wrapping Paper,Bio-degradable & Recycled Products and Packaging,Overwrapping,Wine Packaging,Retail Packaging; Non-woven Gift bag, Drawstring Bag, Plastic Bag; OBM, OEM, ODM","Non-Woven Bag,Aluminum Foil Bag,Printed Paper Bag,Gift Wrapping Paper,Bio-degradable & Recycled Products and Packaging,Overwrapping,Wine Packaging,Retail Packaging; Non-woven Gift bag, Drawstring Bag, Plastic Bag; OBM, OEM, ODM"
Take Away Food Box,Take Away Food Box,Take Away Food Box,Take Away Food Box,,,,Jiangmen City Xinhui Area Keluo Import And Export Company Limited,"Paper Tube,Beverage Packaging; Take away Box; OEM","Paper Tube,Beverage Packaging; Take away Box; OEM"
PET/BOPP Metalized Transfer film,PET/BOPP Metalized Transfer film,"Product Features产品性能; Seamless suface with captivating metallic金属光泽无缝表面; Excellent runnability,print-ability and ink asorbtion 优异的上机性、印刷适性、油墨牢度; Resistance&Durability 稳定性和耐用性; Eco-friendly material 环保材质; Application 产品应用; Cigarette,food, luxury cosmetics, gift packaging 香烟、食品、高档化妆品、礼品包装; Labels & Decoration 标签与装饰品; Anti-counterfeiting 防伪","Product Features产品性能; Seamless suface with captivating metallic金属光泽无缝表面; Excellent runnability,print-ability and ink asorbtion 优异的上机性、印刷适性、油墨牢度; Resistance&Durability 稳定性和耐用性; Eco-friendly material 环保材质; Application 产品应用; Cigarette,food, luxury cosmetics, gift packaging 香烟、食品、高档化妆品、礼品包装; Labels & Decoration 标签与装饰品; Anti-counterfeiting 防伪",,,,"Longyou Synponh Packaging Materials Co., Ltd.","Paper Decoration,Special Paper and Materials,Aluminum Foil Paper,Gift Wrapping Paper,Label and Tag,Packing Material,Wine Packaging,Anti-counterfeiting Packaging,Tobacco Packaging; Metalized paper, Metalized film, Aluminium Foil Paper; ODM, OEM, OBM","Paper Decoration,Special Paper and Materials,Aluminum Foil Paper,Gift Wrapping Paper,Label and Tag,Packing Material,Wine Packaging,Anti-counterfeiting Packaging,Tobacco Packaging; Metalized paper, Metalized film, Aluminium Foil Paper; ODM, OEM, OBM"
Pet products packaging bag,Pet products packaging bag,"Customization on printing, thickness, size, shape, materials etc.","Customization on printing, thickness, size, shape, materials etc.",,,,"Meisheng Packaging Shenzhen Co., Ltd.","Aluminum Foil Bag,Resealable Bag,Food Pouch,Food Bag,Food Packaging,Plastic Food Packaging,Reheatable Food Packaging,Vacuum Packing,Beverage Packaging,Metal Packaging; Flexible package bags; ODM, OEM","Aluminum Foil Bag,Resealable Bag,Food Pouch,Food Bag,Food Packaging,Plastic Food Packaging,Reheatable Food Packaging,Vacuum Packing,Beverage Packaging,Metal Packaging; Flexible package bags; ODM, OEM"
gift bag,gift bag,"high quality ,best price","high quality ,best price",,,,"Qingdao Deepack Co., Ltd.","Green Printing Solution,Printed Matter,Corrugated Carton Box,Paper Tube,Traceable Packaging,Gifts Packaging,Paper Packaging,Retail Packaging,Package Printing; We use the green environmental protection material to produce the high quality paper bag ,paper box .we can supply the best service and good price for you.; ODM, OBM, OEM","Green Printing Solution,Printed Matter,Corrugated Carton Box,Paper Tube,Traceable Packaging,Gifts Packaging,Paper Packaging,Retail Packaging,Package Printing; We use the green environmental protection material to produce the high quality paper bag ,paper box .we can supply the best service and good price for you.; ODM, OBM, OEM"
stone paper thin RP,stone paper thin RP,"The stone paper is made from calcium carbonate bonded with high-density polyethylene(HDPE); The production process does not use wood pulp at all, does not use a drop of water, does not discharge waste water, waste gas, waste residue, Stone p aper is Eco-friendly, waterproof, moisture-proof, anti-bacteria , resistance to tear , recyclable. Currently it had been widely used as:; 1. Culture paper: such as printing for notebook, books, map, magazine, paper bags, paper cup, cards, etc,; 2. synthetic paper: such as: labels, disposal bags, blister products, wrapping food, wrapping flower, cement bags, etc...; Even the stone paper can be well used as traditional wood pulp paper, and synthetic paper, but our purpose is not to replace pulp paper; instead, it is to advance a new system of thinking to reduce the reliance on the world's forests and water , to save our energy.; we are the manufacture in China, producing the stone paper, have 25 production lines, the capacity is 120,000.00 per year, we can produce the paper from 30μ to 800μ, product in rolls or in sheet, customized size is available . Our product get the Certification: REACH, ROHS, SGS, ISO9001, MSDS, quality can be rest assured.","The stone paper is made from calcium carbonate bonded with high-density polyethylene(HDPE); The production process does not use wood pulp at all, does not use a drop of water, does not discharge waste water, waste gas, waste residue, Stone p aper is Eco-friendly, waterproof, moisture-proof, anti-bacteria , resistance to tear , recyclable. Currently it had been widely used as:; 1. Culture paper: such as printing for notebook, books, map, magazine, paper bags, paper cup, cards, etc,; 2. synthetic paper: such as: labels, disposal bags, blister products, wrapping food, wrapping flower, cement bags, etc...; Even the stone paper can be well used as traditional wood pulp paper, and synthetic paper, but our purpose is not to replace pulp paper; instead, it is to advance a new system of thinking to reduce the reliance on the world's forests and water , to save our energy.; we are the manufacture in China, producing the stone paper, have 25 production lines, the capacity is 120,000.00 per year, we can produce the paper from 30μ to 800μ, product in rolls or in sheet, customized size is available . Our product get the Certification: REACH, ROHS, SGS, ISO9001, MSDS, quality can be rest assured.",,,,"Shanxi Uni-moon Green Paper Co., Ltd.","Green Printing Solution,Logistics Label,Packaging Tag,Bio-degradable & Eco-friendly Raw Materials,Bio-degradable & Recycled Products and Packaging,Recycled Product,Recycling-friendly Packaging,Blister Packaging,Food Packaging,Package Printing; Stone paper has the advantages of being tear-resistant, folding-resistant, waterproof, mildew proof, non-toxic, and food-contactable, etc.; OBM","Green Printing Solution,Logistics Label,Packaging Tag,Bio-degradable & Eco-friendly Raw Materials,Bio-degradable & Recycled Products and Packaging,Recycled Product,Recycling-friendly Packaging,Blister Packaging,Food Packaging,Package Printing; Stone paper has the advantages of being tear-resistant, folding-resistant, waterproof, mildew proof, non-toxic, and food-contactable, etc.; OBM"
Color box,Color box,"Material:C1S,C2S,cottonpaper,Silver/Gold; C1S,Kraftpaper,etc.; Size:according to customer requirement;; Color:CMYK or Pantonecolor/Other customization; Process: Lamination,Colorfulfoil,SpotUV,; Embossing,Debossing,Varnish,ReverseUVvarnishetc;; productioncapacities:; Dailyproductionofmorethanabout 600000 pieces,Eighteen; millionpieces/permonth; All rawmaterials and inks are environmentally friendly and recyclable.","Material:C1S,C2S,cottonpaper,Silver/Gold; C1S,Kraftpaper,etc.; Size:according to customer requirement;; Color:CMYK or Pantonecolor/Other customization; Process: Lamination,Colorfulfoil,SpotUV,; Embossing,Debossing,Varnish,ReverseUVvarnishetc;; productioncapacities:; Dailyproductionofmorethanabout 600000 pieces,Eighteen; millionpieces/permonth; All rawmaterials and inks are environmentally friendly and recyclable.",,,,ShenZhen HuaMao Printing Company Limited,"hang tag,Hang Tag & Printed Label For Garment,Stickers,Printed Paper Label,Printed Matter,Bio-degradable & Recycled Products and Packaging,Anti-counterfeiting Packaging,Gifts Packaging,Paper Packaging,Package Printing; Paper Box/ Paper Bag/ Gift Box; OEM","hang tag,Hang Tag & Printed Label For Garment,Stickers,Printed Paper Label,Printed Matter,Bio-degradable & Recycled Products and Packaging,Anti-counterfeiting Packaging,Gifts Packaging,Paper Packaging,Package Printing; Paper Box/ Paper Bag/ Gift Box; OEM"
Children Sound Board Book,Children Sound Board Book,Children Sound Board Book,Children Sound Board Book,,,https://sourcing-media.hktdc.com/product-original/Children-20Sound-20Board-20Book-20/2061eb5b58684d85864f0d5123a4760a,"Shenzhen Caimei Plus Printing Co., Ltd.","Corrugated Carton Box,Art and Design Service,Wine Packaging,Gifts Packaging,Paper Packaging,Digital Printing,Book and Magazine Printing; Jewelry box, watch box, candle box, gift box, wine box, cosmetic & beauty packages, paper bag, adhesive labels, printing & packaging service. Children book, bible, softcover and hardcover book; OEM, ODM, Others, OBM","Corrugated Carton Box,Art and Design Service,Wine Packaging,Gifts Packaging,Paper Packaging,Digital Printing,Book and Magazine Printing; Jewelry box, watch box, candle box, gift box, wine box, cosmetic & beauty packages, paper bag, adhesive labels, printing & packaging service. Children book, bible, softcover and hardcover book; OEM, ODM, Others, OBM"
Debossed Round Metal Badge,Debossed Round Metal Badge,Debossed Round Metal Badge,Debossed Round Metal Badge,,,,"Shenzhen Kingguand Nameplate Co., Ltd.","Badge,hang tag,Metal Nameplate,3D Picture,Label and Tag,Packaging Tag,Anti-counterfeiting Packaging,Gifts Packaging,Commercial Printing; Metal logo; metal label;metal nameplate; metal craft; car emblem; metal sticker; specialize in customizing metal logo; OEM, ODM","Badge,hang tag,Metal Nameplate,3D Picture,Label and Tag,Packaging Tag,Anti-counterfeiting Packaging,Gifts Packaging,Commercial Printing; Metal logo; metal label;metal nameplate; metal craft; car emblem; metal sticker; specialize in customizing metal logo; OEM, ODM"
18g Lip Balm Stick Twist Up Paper Tube,18g Lip Balm Stick Twist Up Paper Tube,18g Lip Balm Stick Twist Up Paper Tube,18g Lip Balm Stick Twist Up Paper Tube,,,https://sourcing-media.hktdc.com/product-original/18g-20Lip-20Balm-20Stick-20Twist-20Up-20Paper-20Tube/2a24b18a09924d768c4d23a40f6eb439; https://sourcing-media.hktdc.com/product-original/18g-20Lip-20Balm-20Stick-20Twist-20Up-20Paper-20Tube/47b7a439a3e74a018b8892c6719c4b05; https://sourcing-media.hktdc.com/product-original/18g-20Lip-20Balm-20Stick-20Twist-20Up-20Paper-20Tube/8642105d03ea4528bcc09bf4ac5f3f2e; https://sourcing-media.hktdc.com/product-original/18g-20Lip-20Balm-20Stick-20Twist-20Up-20Paper-20Tube/007dd41b36a44becb6b5a9433eebfd18; https://sourcing-media.hktdc.com/product-original/18g-20Lip-20Balm-20Stick-20Twist-20Up-20Paper-20Tube/3545fde78e984d3ea33a10c335e7cba1,"Shenzhen Pack Packaging Product Co., Ltd.","Paper Tube,Bio-degradable & Eco-friendly Raw Materials,Food Packaging,Gifts Packaging,Paper Packaging,Tubes Packaging; Paper tube & Paper box & Paper bag; OEM, OBM, ODM","Paper Tube,Bio-degradable & Eco-friendly Raw Materials,Food Packaging,Gifts Packaging,Paper Packaging,Tubes Packaging; Paper tube & Paper box & Paper bag; OEM, OBM, ODM"
60cm UV DTF Printer,60cm UV DTF Printer,60cm UV DTF Printer,60cm UV DTF Printer,,,https://sourcing-media.hktdc.com/product-original/60cm-20UV-20DTF-20Printer/4bfd4271dab54fd48919fedd2141d202; https://sourcing-media.hktdc.com/product-original/60cm-20UV-20DTF-20Printer/4a0b102ebca14bc2b4b416781fd92275,"Taotech Digital Technology Co., Ltd.","3D Printer Filament,Bar Code Printer & Software,Digital Printing,3D Printing,Electronic and Database Publishing System; 3D Printing ;Digital Printing; OEM","3D Printer Filament,Bar Code Printer & Software,Digital Printing,3D Printing,Electronic and Database Publishing System; 3D Printing ;Digital Printing; OEM"
32oz 900ml Disposable Cold Drink Paper Cups with Lids,32oz 900ml Disposable Cold Drink Paper Cups with Lids,"Eco-Friendly Paper Cold Drink Cups with Lids; Our Premium Paper Cups are designed to elevate your Cafe service experience while prioritizing sustainability.Crafted from FSC-certificated biodegradable paper,these cups combine functionality with environmental responsibility.making them ideal for soda,cola,soups,and other fresh meals.; Applications: Perfect for restaurants,cafes,food trucks,catering services,and eco-conscious consumers,these bowls are ideal for:; Takeout and delivery cafe. Outdoor events, picnics, and parties (disposable for easy cleanup). Health food stores and supermarkets for pre-packaged meals.; Certifications: Compliant with EU food contact regulations (EC 1935/2004) and US FDA standards, our bowls are tested for safety and purity. They hold FSC, ISO 9001 (Quality Management), and ISO 22000 (Food Safety) certifications, ensuring consistent quality from production to delivery.; Sustainability Impact: By choosing our Paper Salad Bowls, you contribute to reducing carbon footprints and marine plastic pollution. Each bowl is a step toward a circular economy, decomposing naturally without harming ecosystems.; Why Choose Us?; Advanced manufacturing facilities with high-speed forming machines ensure precise, uniform production.; Flexible MOQs to accommodate small businesses and large-scale orders. Dedicated R&D team for innovative, custom solutions.; Contact Us Today for samples, quotes, or personalized designs. Together, let’s serve delicious meals while protecting the planet!; Wuhan Xinhengyue Industry Trade Co., Ltd.; Your Partner in Sustainable Packaging.","Eco-Friendly Paper Cold Drink Cups with Lids; Our Premium Paper Cups are designed to elevate your Cafe service experience while prioritizing sustainability.Crafted from FSC-certificated biodegradable paper,these cups combine functionality with environmental responsibility.making them ideal for soda,cola,soups,and other fresh meals.; Applications: Perfect for restaurants,cafes,food trucks,catering services,and eco-conscious consumers,these bowls are ideal for:; Takeout and delivery cafe. Outdoor events, picnics, and parties (disposable for easy cleanup). Health food stores and supermarkets for pre-packaged meals.; Certifications: Compliant with EU food contact regulations (EC 1935/2004) and US FDA standards, our bowls are tested for safety and purity. They hold FSC, ISO 9001 (Quality Management), and ISO 22000 (Food Safety) certifications, ensuring consistent quality from production to delivery.; Sustainability Impact: By choosing our Paper Salad Bowls, you contribute to reducing carbon footprints and marine plastic pollution. Each bowl is a step toward a circular economy, decomposing naturally without harming ecosystems.; Why Choose Us?; Advanced manufacturing facilities with high-speed forming machines ensure precise, uniform production.; Flexible MOQs to accommodate small businesses and large-scale orders. Dedicated R&D team for innovative, custom solutions.; Contact Us Today for samples, quotes, or personalized designs. Together, let’s serve delicious meals while protecting the planet!; Wuhan Xinhengyue Industry Trade Co., Ltd.; Your Partner in Sustainable Packaging.",,,https://sourcing-media.hktdc.com/product-original/32oz-20900ml-20Disposable-20Cold-20Drink-20Paper-20Cups-20with-20Lids/2d702483a230482094642e9ab7d617ea; https://sourcing-media.hktdc.com/product-original/32oz-20900ml-20Disposable-20Cold-20Drink-20Paper-20Cups-20with-20Lids/867aaa7606554e3592ed84acca0fe808; https://sourcing-media.hktdc.com/product-original/32oz-20900ml-20Disposable-20Cold-20Drink-20Paper-20Cups-20with-20Lids/3231349e43314799bcff06d687689327; https://sourcing-media.hktdc.com/product-original/32oz-20900ml-20Disposable-20Cold-20Drink-20Paper-20Cups-20with-20Lids/4e17853e312140ebae511bcb659346f8; https://sourcing-media.hktdc.com/product-original/32oz-20900ml-20Disposable-20Cold-20Drink-20Paper-20Cups-20with-20Lids/8d9385076f6b4bf188421c42e10faaad; https://sourcing-media.hktdc.com/product-original/32oz-20900ml-20Disposable-20Cold-20Drink-20Paper-20Cups-20with-20Lids/bf4dff1df8df4ba7b14d7d648d4fc82a; https://sourcing-media.hktdc.com/product-original/32oz-20900ml-20Disposable-20Cold-20Drink-20Paper-20Cups-20with-20Lids/ebc378571637449d9eb957da768b70ae; https://sourcing-media.hktdc.com/product-original/32oz-20900ml-20Disposable-20Cold-20Drink-20Paper-20Cups-20with-20Lids/1f19bea6ad8c479699a359d4c67a75eb,"Wuahan Xinhengyue Industry Trade Co., Ltd.","Paper Bowl/Paper Cup/Paper Straw,Paper Cup,Paper Tube,Take-way Packaging Box; Paper Cup, Paper Bowl, Paper Bucket, Paper Box, Paper Lid; OBM, ODM, OEM","Paper Bowl/Paper Cup/Paper Straw,Paper Cup,Paper Tube,Take-way Packaging Box; Paper Cup, Paper Bowl, Paper Bucket, Paper Box, Paper Lid; OBM, ODM, OEM"
sushi box,sushi box,Material:157gsm art paper wrapped; Printing:CMYK; Finish:matt lamination; Package:pp bag+3 layer+5 layer; Sample time:5-7 days; Mass production:10-15 days,Material:157gsm art paper wrapped; Printing:CMYK; Finish:matt lamination; Package:pp bag+3 layer+5 layer; Sample time:5-7 days; Mass production:10-15 days,,,,"Xiamen Amazing Union Technology  Co., Ltd.","Food Packaging,Pharmaceutical Packaging,Wine Packaging,E-commerce Packaging,Paper Packaging; Our company has 10 years of experience in the production of carton paper bags, and has a whole automated production line, automatic gate box, automatic blanking, automatic world cover, automatic book cover machine on the paper package  such as paper; OEM","Food Packaging,Pharmaceutical Packaging,Wine Packaging,E-commerce Packaging,Paper Packaging; Our company has 10 years of experience in the production of carton paper bags, and has a whole automated production line, automatic gate box, automatic blanking, automatic world cover, automatic book cover machine on the paper package  such as paper; OEM"
Cardboard paper drawer box slide drawer box paper,Cardboard paper drawer box slide drawer box paper,Cardboard paper drawer box slide drawer box paper,Cardboard paper drawer box slide drawer box paper,,,,"Xiamen Color Packaging Co., Ltd.","Art Paints,Printed Paper Bag,Pharmaceutical Packaging,Wine Packaging,Paper Packaging,Package Printing; Paper box & paper bag; ODM, OBM, OEM","Art Paints,Printed Paper Bag,Pharmaceutical Packaging,Wine Packaging,Paper Packaging,Package Printing; Paper box & paper bag; ODM, OBM, OEM"
Custom Biodegradable PLA Lining Paper Hot Cups,Custom Biodegradable PLA Lining Paper Hot Cups,由环保型一次性纸和PLA涂层组成，具有良好的工业可堆肥性和家用可堆肥性。,由环保型一次性纸和PLA涂层组成，具有良好的工业可堆肥性和家用可堆肥性。,,,,"Xiamen Elements Packaging Co., Ltd.","Take-way Packaging Box,Food Packaging,Reheatable Food Packaging,Beverage Packaging,Paper Packaging,Retail Packaging; Paper Cups, Paper Lids, Paper Sushi Tray, Paper Food Container; OEM","Take-way Packaging Box,Food Packaging,Reheatable Food Packaging,Beverage Packaging,Paper Packaging,Retail Packaging; Paper Cups, Paper Lids, Paper Sushi Tray, Paper Food Container; OEM"
Custom Clear Plastic Macaron Packaging Box,Custom Clear Plastic Macaron Packaging Box,Custom Clear Plastic Macaron Packaging Box,Custom Clear Plastic Macaron Packaging Box,,,,"Xiamen Jiangxin Plastic Box Co., Ltd.","PVC Packaging; Plastic packaging box; OEM, OBM, ODM","PVC Packaging; Plastic packaging box; OEM, OBM, ODM"
PE Stretch Film,PE Stretch Film,PE Stretch Film,PE Stretch Film,,,,"Xiamen Jufu Plastic Products Co., Ltd.","Packing Material,Food Wrap,Gifts Packaging,Plastic Packaging; Stretch film & Silage film & PE cling film; ODM","Packing Material,Food Wrap,Gifts Packaging,Plastic Packaging; Stretch film & Silage film & PE cling film; ODM"
Flat bottom coffee packaging bag,Flat bottom coffee packaging bag,Flat bottom coffee packaging bag,Flat bottom coffee packaging bag,,,https://sourcing-media.hktdc.com/product-original/Flat-20bottom-20coffee-20packaging-20bag/83913e8f35fd4a97a3f323388993df77; https://sourcing-media.hktdc.com/product-original/Flat-20bottom-20coffee-20packaging-20bag/c0cf7654f9a44096b473584e179e01fc; https://sourcing-media.hktdc.com/product-original/Flat-20bottom-20coffee-20packaging-20bag/e6fe9114722843c78948fdd03f00be36; https://sourcing-media.hktdc.com/product-original/Flat-20bottom-20coffee-20packaging-20bag/8a5511c370544d829ee99f80e088afa4; https://sourcing-media.hktdc.com/product-original/Flat-20bottom-20coffee-20packaging-20bag/4f0b0d59bff44652bfb08ff6e9f9f07d,"Xiamen Kingbo Fuqipack Co., Ltd.","Express Packaging,PE, PP & PET Bag,Art and Design Service,Food Packaging,Plastic Food Packaging,Reheatable Food Packaging,Vacuum Packing,Retail Packaging,Plastic Packaging,Digital Printing; Customized Plastic packing bag; OEM, ODM","Express Packaging,PE, PP & PET Bag,Art and Design Service,Food Packaging,Plastic Food Packaging,Reheatable Food Packaging,Vacuum Packing,Retail Packaging,Plastic Packaging,Digital Printing; Customized Plastic packing bag; OEM, ODM"
T-shirt Bag Dog Poop Bag Waste Packging Bag,T-shirt Bag Dog Poop Bag Waste Packging Bag,"The biggest highlight of our dog poop bags is that they can made of PE add corn starch and one hundred percent biodegradable material. As environmental awareness is growing, everyone is contributing to protecting the environment. Using our bags is not only convenient for cleaning up dog poop but also helps with the sustainable development of the planet. Consumers will surely love it. Moreover, it's made with a special process, so it has great toughness and is not easy to break or leak. Even if you're dealing with heavier waste, you don't have to worry about any embarrassing situations.; In terms of customization services, we're very flexible. Whatever your needs are, whether it's customizing the logo on the bag or adjusting the size, we can meet them. Our minimum order quantity is also very friendly, and we welcome small to medium batch orders. If you own a pet store, a veterinary hospital, or are in the pet related business, customizing dog poop bags with your brand logo can not only enhance your brand image but also increase customer satisfaction and loyalty.; Our company also has a strong supply chain system to ensure fast delivery. Even if your order quantity is large, you don't have to worry about delivery delays. In terms of price, we offer very competitive wholesale prices. The larger the order quantity, the more favorable the unit price, which can help you save a lot of costs.","The biggest highlight of our dog poop bags is that they can made of PE add corn starch and one hundred percent biodegradable material. As environmental awareness is growing, everyone is contributing to protecting the environment. Using our bags is not only convenient for cleaning up dog poop but also helps with the sustainable development of the planet. Consumers will surely love it. Moreover, it's made with a special process, so it has great toughness and is not easy to break or leak. Even if you're dealing with heavier waste, you don't have to worry about any embarrassing situations.; In terms of customization services, we're very flexible. Whatever your needs are, whether it's customizing the logo on the bag or adjusting the size, we can meet them. Our minimum order quantity is also very friendly, and we welcome small to medium batch orders. If you own a pet store, a veterinary hospital, or are in the pet related business, customizing dog poop bags with your brand logo can not only enhance your brand image but also increase customer satisfaction and loyalty.; Our company also has a strong supply chain system to ensure fast delivery. Even if your order quantity is large, you don't have to worry about delivery delays. In terms of price, we offer very competitive wholesale prices. The larger the order quantity, the more favorable the unit price, which can help you save a lot of costs.",,,,"Xiamen Lesi Packaging Technology Co., Ltd.","PE, PP & PET Bag,Food Bag,Food Wrap,Bio-degradable & Eco-friendly Raw Materials,Food Packaging,Gifts Packaging,Retail Packaging,Tag Printing Service; Plastic bag, Food bag, Degradable bag; ODM, OEM","PE, PP & PET Bag,Food Bag,Food Wrap,Bio-degradable & Eco-friendly Raw Materials,Food Packaging,Gifts Packaging,Retail Packaging,Tag Printing Service; Plastic bag, Food bag, Degradable bag; ODM, OEM"
Double Layer Takeaway Lunch Box Series,Double Layer Takeaway Lunch Box Series,"Here shows a series of Disposable Plastic Takeaway Lunch Boxes. We have round, rectangle and square shapes. Nice design with register patent, such Double Layer and devided compartments design would help you keep the food in very good taste. It's a perfect protection to your Takeaway Food Packaging, especially for Fast Food distribution and catering. We also have a special handling belt for taking 2 boxes together.","Here shows a series of Disposable Plastic Takeaway Lunch Boxes. We have round, rectangle and square shapes. Nice design with register patent, such Double Layer and devided compartments design would help you keep the food in very good taste. It's a perfect protection to your Takeaway Food Packaging, especially for Fast Food distribution and catering. We also have a special handling belt for taking 2 boxes together.",,,https://sourcing-media.hktdc.com/product-original/Double-20Layer-20Takeaway-20Lunch-20Box-20Series/a8bb021f034a4a09b74735523427fdb0; https://sourcing-media.hktdc.com/product-original/Double-20Layer-20Takeaway-20Lunch-20Box-20Series/be3ab99f345246e4a92b0221a9c63a67; https://sourcing-media.hktdc.com/product-original/Double-20Layer-20Takeaway-20Lunch-20Box-20Series/3ed93f4c1503484ba19277c3684f06c1,"Xiamen Lixin Plastic Packing Co., Ltd.","Take-way Packaging Box,Blister Packaging,Electronic Components Packaging,Food Packaging,Plastic Food Packaging,Plastic Packaging; Mainly focusing on blister food and electronical packaging and printing service; OEM, ODM","Take-way Packaging Box,Blister Packaging,Electronic Components Packaging,Food Packaging,Plastic Food Packaging,Plastic Packaging; Mainly focusing on blister food and electronical packaging and printing service; OEM, ODM"
Custom Pink printed ribbon,Custom Pink printed ribbon,"1.Clear font.; 2.Gold foil printing,no gold powder loss. 3.Full automatic machine printing. 4.High color fastness 5.Customize washable logo.","1.Clear font.; 2.Gold foil printing,no gold powder loss. 3.Full automatic machine printing. 4.High color fastness 5.Customize washable logo.",,,,"Xiamen Lude Ribbon & Bows Co., Ltd.","Gift Ribbon and Bow,Badge,Hang Tag & Printed Label For Garment,Packing Material,Recycled Product,Gifts Packaging,Foil Stamping,Color Management & Measurement Equipment,Package Printing,Printing and Packaging Trade and Industries Association; Ribbons Custom printed ribbon & bows; OEM, ODM","Gift Ribbon and Bow,Badge,Hang Tag & Printed Label For Garment,Packing Material,Recycled Product,Gifts Packaging,Foil Stamping,Color Management & Measurement Equipment,Package Printing,Printing and Packaging Trade and Industries Association; Ribbons Custom printed ribbon & bows; OEM, ODM"
wine packaging box,wine packaging box,"All the size, printing, logo, material and other requirements can be cusotmized.","All the size, printing, logo, material and other requirements can be cusotmized.",,,,"Xiamen Tonghong Industry & Trade Co., Ltd.","hang tag,Plain Paper Bag,Printed Paper Bag,Corrugated Carton Box,Paper Tube,Skin Wrapping,Gifts Packaging,Paper Packaging,Retail Packaging,Package Printing; Paper box & paper bag; OBM","hang tag,Plain Paper Bag,Printed Paper Bag,Corrugated Carton Box,Paper Tube,Skin Wrapping,Gifts Packaging,Paper Packaging,Retail Packaging,Package Printing; Paper box & paper bag; OBM"
Packing Paper Box,Packing Paper Box,Packing Paper Box,Packing Paper Box,,,,"Xiamen WeArt Industry & Trade Co., Ltd.","hang tag,Printed Matter,Corrugated Carton Box,Paper Tube,Bio-degradable & Eco-friendly Raw Materials,E-commerce Packaging,Gifts Packaging,Paper Packaging,Retail Packaging,Book and Magazine Printing; Paper box & paper bag and other package and printing; ODM, OBM","hang tag,Printed Matter,Corrugated Carton Box,Paper Tube,Bio-degradable & Eco-friendly Raw Materials,E-commerce Packaging,Gifts Packaging,Paper Packaging,Retail Packaging,Book and Magazine Printing; Paper box & paper bag and other package and printing; ODM, OBM"
Customized printing paper shopping bags,Customized printing paper shopping bags,Customized printing paper shopping bags,Customized printing paper shopping bags,,,,"Xiamen Yixin Printing Co.,Ltd.","Express Packaging,Express envelope,Plain Paper Bag,Printed Paper Bag,Corrugated Carton Box,Food Packaging,Wine Packaging,E-commerce Packaging,Gifts Packaging,Paper Packaging; Corrugated box, food packaging box, Flat packaging paper box, gift box, luxury paper bag, auto made paper bag etc.; ODM, OEM","Express Packaging,Express envelope,Plain Paper Bag,Printed Paper Bag,Corrugated Carton Box,Food Packaging,Wine Packaging,E-commerce Packaging,Gifts Packaging,Paper Packaging; Corrugated box, food packaging box, Flat packaging paper box, gift box, luxury paper bag, auto made paper bag etc.; ODM, OEM"
cold foil,cold foil,"Cold foil printing is a technique that applies real foil to a substrate using adhesive,creating a metallic effect without heat. Unlike hot foil stamping, cold foil doesn't require high tempretures or specialized tools. The process typically involves printing an adhesive layer, then applying the foil , and finally, curing the adhesive , ofthen with UV light.; Our cold stamping foils are suitable for stamping processes such as screen printing, offset cold stampping ,flexographic cold stamping, and UV printer , etc. The products have a wide range of applications and come in a rich variety of colors. We can customize the colors and dimensions according to customers' requirements.","Cold foil printing is a technique that applies real foil to a substrate using adhesive,creating a metallic effect without heat. Unlike hot foil stamping, cold foil doesn't require high tempretures or specialized tools. The process typically involves printing an adhesive layer, then applying the foil , and finally, curing the adhesive , ofthen with UV light.; Our cold stamping foils are suitable for stamping processes such as screen printing, offset cold stampping ,flexographic cold stamping, and UV printer , etc. The products have a wide range of applications and come in a rich variety of colors. We can customize the colors and dimensions according to customers' requirements.",,,,"Xiamen Zhencai Quality Products Import & Export Co., Ltd.","Stickers,Festive Supply,Handmade Card,Printed Matter,Paper Packaging,Label Printing,Foil Stamping,Form Printing,Gravure Printing,Security Printing; The products are widely used in paper product packaging, cosmetic packaging, calculators and household appliances, stationery, textile fabrics, and hardware handicrafts.; ODM, OBM, OEM","Stickers,Festive Supply,Handmade Card,Printed Matter,Paper Packaging,Label Printing,Foil Stamping,Form Printing,Gravure Printing,Security Printing; The products are widely used in paper product packaging, cosmetic packaging, calculators and household appliances, stationery, textile fabrics, and hardware handicrafts.; ODM, OBM, OEM"
28D17H twist-off Aluminum Caps for Beverage Bottles,28D17H twist-off Aluminum Caps for Beverage Bottles,"28D17H is a 28mm diameter, 17mm high twist-off aluminum cap with molded inner gasket, typically used for glass and plastic bottle matching. Ideal for various beverages and other consumer products.; 28D17H is a kind of light weight, appearance can be coated with printing design various colors, logos, patterns of the lid. The specification size can be customized according to customer's demand, the material consists of aluminum, TPE molded inner cushion, and it can resist 100℃ temperature sterilization.; Aluminum cap material is made of 3015 alloy aluminum plate, which has strong strength, and the inner cushion material is TPE molded gasket, which is mainly used for beverage packaging.; Matching bottles: glass bottles are generally available in 250ml, 500ml, and can also be customized according to customer requirements.","28D17H is a 28mm diameter, 17mm high twist-off aluminum cap with molded inner gasket, typically used for glass and plastic bottle matching. Ideal for various beverages and other consumer products.; 28D17H is a kind of light weight, appearance can be coated with printing design various colors, logos, patterns of the lid. The specification size can be customized according to customer's demand, the material consists of aluminum, TPE molded inner cushion, and it can resist 100℃ temperature sterilization.; Aluminum cap material is made of 3015 alloy aluminum plate, which has strong strength, and the inner cushion material is TPE molded gasket, which is mainly used for beverage packaging.; Matching bottles: glass bottles are generally available in 250ml, 500ml, and can also be customized according to customer requirements.",,,,"Yantai Yaomin Science,  Industry & Trade Co.,Ltd.","Paper Tube,Bottle and Can,Phials and Monodoses Bottle,Food Packaging,Plastic Food Packaging,Pharmaceutical Packaging,Wine Packaging,Beverage Packaging,Glass Packaging,Metal Packaging; We specialize in delivering high-quality packaging components, including: Precision caps and stoppers; Custom-designed bottles and containers; Application-specific closures; OEM, OBM, ODM, Others","Paper Tube,Bottle and Can,Phials and Monodoses Bottle,Food Packaging,Plastic Food Packaging,Pharmaceutical Packaging,Wine Packaging,Beverage Packaging,Glass Packaging,Metal Packaging; We specialize in delivering high-quality packaging components, including: Precision caps and stoppers; Custom-designed bottles and containers; Application-specific closures; OEM, OBM, ODM, Others"
whiskey glass bottle,whiskey glass bottle,1.It is used for holding various types of alcoholic beverages; 2.Factory direct delivery; 3.Customizable; 4.500ml/700ml/750ml/1l,1.It is used for holding various types of alcoholic beverages; 2.Factory direct delivery; 3.Customizable; 4.500ml/700ml/750ml/1l,,,,"Yuncheng Rumeate Glass Co., Ltd.","Bottle and Can,Food Packaging,Shrink Packaging,Wine Packaging,Glass Packaging; Yuncheng Rumeate Glass Co., Ltd. is a modern enterprise specializing in the research, development, production, and sales of glass bottles. The company is located in Heze City, which is known for its well-developed industrial infrastructure and conve; Others","Bottle and Can,Food Packaging,Shrink Packaging,Wine Packaging,Glass Packaging; Yuncheng Rumeate Glass Co., Ltd. is a modern enterprise specializing in the research, development, production, and sales of glass bottles. The company is located in Heze City, which is known for its well-developed industrial infrastructure and conve; Others"
Christmas Aluminum cup,Christmas Aluminum cup,Advantages of aluminum cup; Support any customization /LOGO screen printing heat transfer printing,Advantages of aluminum cup; Support any customization /LOGO screen printing heat transfer printing,,,https://sourcing-media.hktdc.com/product-original/Christmas-20Aluminum-20cup/bc943d90c2624e59b69b897edd22c083,"Zhangzhou Kunyu Metal Technology Co., Ltd.","Paper Cup,Metal Nameplate,Metal Box & Can,Aluminum Foil Tray,Bottle and Can,Beverage Packaging,Metal Packaging; Color change cup / juice cup / cold drink cup / advertising cup / ALUMINUM CUP; OEM, OBM, ODM","Paper Cup,Metal Nameplate,Metal Box & Can,Aluminum Foil Tray,Bottle and Can,Beverage Packaging,Metal Packaging; Color change cup / juice cup / cold drink cup / advertising cup / ALUMINUM CUP; OEM, OBM, ODM"
"Colors Black Clear/Frosted Zipper Bag,Ziplock Bag,Zip Lock Bag","Colors Black Clear/Frosted Zipper Bag,Ziplock Bag,Zip Lock Bag","Colors Black Clear/Frosted Zipper Bag,Ziplock Bag,Zip Lock Bag","Colors Black Clear/Frosted Zipper Bag,Ziplock Bag,Zip Lock Bag",,,https://sourcing-media.hktdc.com/product-original/Colors-20Black-20Clear-Frosted-20Zipper-20Bag-Ziplock-20Bag-Zip-20Lock-20Bag/019914ad2d7f4222b18a1a2fbca790d4; https://sourcing-media.hktdc.com/product-original/Colors-20Black-20Clear-Frosted-20Zipper-20Bag-Ziplock-20Bag-Zip-20Lock-20Bag/6e5a6c7c44504a7c94229290b0d5dd09; https://sourcing-media.hktdc.com/product-original/Colors-20Black-20Clear-Frosted-20Zipper-20Bag-Ziplock-20Bag-Zip-20Lock-20Bag/51414d7f25fd4a82a08d4749f15a851f; https://sourcing-media.hktdc.com/product-original/Colors-20Black-20Clear-Frosted-20Zipper-20Bag-Ziplock-20Bag-Zip-20Lock-20Bag/138f763548ae4281ba2409df72274c0f; https://sourcing-media.hktdc.com/product-original/Colors-20Black-20Clear-Frosted-20Zipper-20Bag-Ziplock-20Bag-Zip-20Lock-20Bag/8ededb5d61664d2890b9aba13913afb8; https://sourcing-media.hktdc.com/product-original/Colors-20Black-20Clear-Frosted-20Zipper-20Bag-Ziplock-20Bag-Zip-20Lock-20Bag/c81138c3f2af4ecfbfc13b30d87a3a0a; https://sourcing-media.hktdc.com/product-original/Colors-20Black-20Clear-Frosted-20Zipper-20Bag-Ziplock-20Bag-Zip-20Lock-20Bag/c4356785afa140b3b805865b85a2af29; https://sourcing-media.hktdc.com/product-original/Colors-20Black-20Clear-Frosted-20Zipper-20Bag-Ziplock-20Bag-Zip-20Lock-20Bag/873884d3695c4eb4a2f3456f2bc922cb; https://sourcing-media.hktdc.com/product-original/Colors-20Black-20Clear-Frosted-20Zipper-20Bag-Ziplock-20Bag-Zip-20Lock-20Bag/e80050d5a21e424caf0eca3ee5157ea8,"Zhejiang Chuancheng Packaging Products Co., Ltd.","Overwrapping,Plastic Packaging; Packing boxes, gift bags; Others, ODM, OBM, OEM","Overwrapping,Plastic Packaging; Packing boxes, gift bags; Others, ODM, OBM, OEM"
Promotion magnets customized size and die - cut shape magnets,Promotion magnets customized size and die - cut shape magnets,"High quality Magnets. Printed using G7 colour management system to ensure perfect reproduction of your artwork.; The item pictured is for reference only.; Please provide the following information for quotation:; Finished Size; Paper (Type & Weight); Thickness of magnets (if applicable); Print Requirements (4C, 4C+1 Pantone, 4C+2 Pantone, etc); Special Finish Requirements (Foil Stamping, Emboss, Deboss, Spot UV, etc); Coating (Matte or Gloss PP Lamination, matte or gloss varnish, etc); Binding (Perfect Binding or Case Binding or Other); Expected Order Quantity","High quality Magnets. Printed using G7 colour management system to ensure perfect reproduction of your artwork.; The item pictured is for reference only.; Please provide the following information for quotation:; Finished Size; Paper (Type & Weight); Thickness of magnets (if applicable); Print Requirements (4C, 4C+1 Pantone, 4C+2 Pantone, etc); Special Finish Requirements (Foil Stamping, Emboss, Deboss, Spot UV, etc); Coating (Matte or Gloss PP Lamination, matte or gloss varnish, etc); Binding (Perfect Binding or Case Binding or Other); Expected Order Quantity",,,,"Zhejiang Landl Printing Co., Ltd.","Greeting Card,Catalogue & Pamphlet,Diary,Printed Office Stationery,Printed Paper Bag,Label and Tag,Wine Packaging,Gifts Packaging,Book and Magazine Printing; Catalog, Paper box & paper bag; OEM","Greeting Card,Catalogue & Pamphlet,Diary,Printed Office Stationery,Printed Paper Bag,Label and Tag,Wine Packaging,Gifts Packaging,Book and Magazine Printing; Catalog, Paper box & paper bag; OEM"
Glassine Paper Envelopes,Glassine Paper Envelopes,"Customised packaging:26-60G glassine paper,with one adhesive tape or double adhesive tapes,inner protective packagaing for clothes or express delivery and logistics packaging.","Customised packaging:26-60G glassine paper,with one adhesive tape or double adhesive tapes,inner protective packagaing for clothes or express delivery and logistics packaging.",,,,Hong Kong Tai Pack Company Limited,"Packaging and Finishing Equipment,Express envelope,Adhesive Tapes,Bubble Bag,Air Column Bag,Packing Material,Food Bag,Recycled Product,Recycling-friendly Packaging,E-commerce Packaging; Honeycomb, embossed mailes, paper cold bag, WAT machine, Paper void fill system and air pillow system; ODM, OEM","Packaging and Finishing Equipment,Express envelope,Adhesive Tapes,Bubble Bag,Air Column Bag,Packing Material,Food Bag,Recycled Product,Recycling-friendly Packaging,E-commerce Packaging; Honeycomb, embossed mailes, paper cold bag, WAT machine, Paper void fill system and air pillow system; ODM, OEM"
Packing Service,Packing Service,Packing Service,Packing Service,,,https://sourcing-media.hktdc.com/product/97d17f02e39d11ea883f06c82c63b760/adbadf7de39d11ea883f06c82c63b760,"Colourful Printing & Innovations Co., Ltd.","Special Paper and Materials,Display Props,Display Cabinet,Acrylic Articles,Blister Packaging,Gifts Packaging,Paper Packaging; Gifts Packaging; Packaging design; Paper Packaging; ODM, OBM, OEM","Special Paper and Materials,Display Props,Display Cabinet,Acrylic Articles,Blister Packaging,Gifts Packaging,Paper Packaging; Gifts Packaging; Packaging design; Paper Packaging; ODM, OBM, OEM"
Compostable Round Wine Packaging Box,Compostable Round Wine Packaging Box,"**Elegant Wine Cylinder with Tinplate Lid and Base – Timeless Storage for Your Finest Wines**; Preserve and present your favorite wines in style with our **Premium Wine Cylinder**, a sophisticated storage solution that combines functionality with timeless design. Crafted with a durable body and featuring high-quality tinplate lid and base, this wine cylinder offers exceptional protection and an elegant aesthetic for your cherished bottles.; The tinplate components are meticulously designed to ensure a secure fit, safeguarding your wine from light, dust, and temperature fluctuations. The sleek, cylindrical shape is both space-efficient and visually striking, making it a perfect addition to any home bar, wine cellar, or as a thoughtful gift for wine enthusiasts.; The smooth, polished finish of the tinplate lid and base adds a touch of luxury, while the sturdy construction ensures long-lasting durability. Whether you’re storing a single bottle or showcasing a special vintage, this wine cylinder is designed to enhance the experience of enjoying fine wine.; **Key Features:**; - Durable construction with a sleek cylindrical design; - High-quality tinplate lid and base for superior protection; - Secure fit to safeguard wine from light and temperature changes; - Space-efficient and visually elegant for any setting; - Perfect for storage, gifting, or displaying special vintages; - Combines functionality with timeless sophistication; Elevate your wine storage with our **Elegant Wine Cylinder** – where practicality meets refined design. A must-have for wine lovers who appreciate the art of preservation and presentation.","**Elegant Wine Cylinder with Tinplate Lid and Base – Timeless Storage for Your Finest Wines**; Preserve and present your favorite wines in style with our **Premium Wine Cylinder**, a sophisticated storage solution that combines functionality with timeless design. Crafted with a durable body and featuring high-quality tinplate lid and base, this wine cylinder offers exceptional protection and an elegant aesthetic for your cherished bottles.; The tinplate components are meticulously designed to ensure a secure fit, safeguarding your wine from light, dust, and temperature fluctuations. The sleek, cylindrical shape is both space-efficient and visually striking, making it a perfect addition to any home bar, wine cellar, or as a thoughtful gift for wine enthusiasts.; The smooth, polished finish of the tinplate lid and base adds a touch of luxury, while the sturdy construction ensures long-lasting durability. Whether you’re storing a single bottle or showcasing a special vintage, this wine cylinder is designed to enhance the experience of enjoying fine wine.; **Key Features:**; - Durable construction with a sleek cylindrical design; - High-quality tinplate lid and base for superior protection; - Secure fit to safeguard wine from light and temperature changes; - Space-efficient and visually elegant for any setting; - Perfect for storage, gifting, or displaying special vintages; - Combines functionality with timeless sophistication; Elevate your wine storage with our **Elegant Wine Cylinder** – where practicality meets refined design. A must-have for wine lovers who appreciate the art of preservation and presentation.",,,,"Dongguan Duopu Bio-based Innovation Environmental Protection Co., Ltd.","Paper Cup,Printed Paper Bag,Corrugated Carton Box,Paper Tube,Bio-degradable & Eco-friendly Raw Materials,Bio-degradable & Recycled Products and Packaging,Fiber-based Catering Packaging,Gifts Packaging,Paper Packaging,Retail Packaging; The company integrates design, R&D, sales, production and after-sales, focusing on the structural design and manufacturing of environmentally friendly paper containers, molded pulp package,molded pulp disware, composite paper can, handmade gift boxes; ODM, OEM","Paper Cup,Printed Paper Bag,Corrugated Carton Box,Paper Tube,Bio-degradable & Eco-friendly Raw Materials,Bio-degradable & Recycled Products and Packaging,Fiber-based Catering Packaging,Gifts Packaging,Paper Packaging,Retail Packaging; The company integrates design, R&D, sales, production and after-sales, focusing on the structural design and manufacturing of environmentally friendly paper containers, molded pulp package,molded pulp disware, composite paper can, handmade gift boxes; ODM, OEM"
金属云龙稻草灯笼金谷拉丝磨砂钻石海飞丝高级装帧纸,金属云龙稻草灯笼金谷拉丝磨砂钻石海飞丝高级装帧纸,商品：金属云龙稻草灯笼金谷拉丝磨砂钻石海飞丝高级装帧纸; 规格：1080mm*100m; 我们的包装纸在印刷和包装行业广泛使用，并接受不同克重、规格和颜色的定制。,商品：金属云龙稻草灯笼金谷拉丝磨砂钻石海飞丝高级装帧纸; 规格：1080mm*100m; 我们的包装纸在印刷和包装行业广泛使用，并接受不同克重、规格和颜色的定制。,,,,"Dongguan HongYuan Paper Development Co., Ltd.","hang tag,Greeting Card,Gift Wrapping Paper,Bio-degradable & Eco-friendly Raw Materials,Art and Design Service,Pharmaceutical Packaging,Wine Packaging,Anti-counterfeiting Packaging,Gifts Packaging,Digital Printing; Special paper, cultural paper, packaging paper, printing paper; OBM, Others, ODM, OEM","hang tag,Greeting Card,Gift Wrapping Paper,Bio-degradable & Eco-friendly Raw Materials,Art and Design Service,Pharmaceutical Packaging,Wine Packaging,Anti-counterfeiting Packaging,Gifts Packaging,Digital Printing; Special paper, cultural paper, packaging paper, printing paper; OBM, Others, ODM, OEM"
Food Container,Food Container,Pizza box;Paper cup;Burger Wrappers;Snack box,Pizza box;Paper cup;Burger Wrappers;Snack box,,,,"Ningbo Art Cool Co., Ltd.","Festive Supply,Greeting Card,Packaging Tag,Art and Design Service,Wine Packaging,Gifts Packaging,Paper Packaging,Plastic Packaging; Cards, gift wrapping, stationery and party supplies.We have our own design team, more than 1000+ styles for
 customers to choose. Quality sample/pre-production sample/production sample are available.; Others, OEM","Festive Supply,Greeting Card,Packaging Tag,Art and Design Service,Wine Packaging,Gifts Packaging,Paper Packaging,Plastic Packaging; Cards, gift wrapping, stationery and party supplies.We have our own design team, more than 1000+ styles for
 customers to choose. Quality sample/pre-production sample/production sample are available.; Others, OEM"
Printed Album,Printed Album,Printed Album,Printed Album,,,,"Shenzhen Xinlian Artistic Printing Co., Ltd.","Handmade Card,Greeting Card,Diary,Poster,Book and Magazine Printing,Commercial Printing; Professional Book printer: dedicating to high-quality Book, Catalogue, Magazine, Brochure, Calendar and related paper printing service.; OBM, ODM, OEM","Handmade Card,Greeting Card,Diary,Poster,Book and Magazine Printing,Commercial Printing; Professional Book printer: dedicating to high-quality Book, Catalogue, Magazine, Brochure, Calendar and related paper printing service.; OBM, ODM, OEM"
Cardboard Color Box,Cardboard Color Box,Cardboard Color Box,Cardboard Color Box,,,,"Zhejiang Changjiang Printing Development Co., Ltd.","Hang Tag & Printed Label For Garment,Corrugated Carton Box,General Packaging & Assembling,Skin Wrapping,Gifts Packaging,Paper Packaging,Retail Packaging,Textile Packaging; Color box, color card, carton, display shelf, gift box paper puzzles & Games, paper toys, folders, puzzles, paper products for pets, office supplies in paper; OEM, ODM","Hang Tag & Printed Label For Garment,Corrugated Carton Box,General Packaging & Assembling,Skin Wrapping,Gifts Packaging,Paper Packaging,Retail Packaging,Textile Packaging; Color box, color card, carton, display shelf, gift box paper puzzles & Games, paper toys, folders, puzzles, paper products for pets, office supplies in paper; OEM, ODM"
shopping paper bag,shopping paper bag,购物纸袋:用于食品小吃打包，纸材及油墨都通过了FDA认证。,购物纸袋:用于食品小吃打包，纸材及油墨都通过了FDA认证。,,,,"Dongguan Aoyi Packaging Industry Co., Ltd.","Plain Paper Bag,Printed Paper Bag,Corrugated Carton Box,Bio-degradable & Eco-friendly Raw Materials,Bio-degradable & Recycled Products and Packaging,Recycled Product,Anti-counterfeiting Packaging,Gifts Packaging,Paper Packaging,Package Printing; Square-bottom bags, windowed bread and bakery bags, V-bottom accordion bags, grease-resistant snack bags, shopping bags, kraft paper takeout bags, burger wrappers, airline cleaning bags, etc.; OEM, OBM, ODM","Plain Paper Bag,Printed Paper Bag,Corrugated Carton Box,Bio-degradable & Eco-friendly Raw Materials,Bio-degradable & Recycled Products and Packaging,Recycled Product,Anti-counterfeiting Packaging,Gifts Packaging,Paper Packaging,Package Printing; Square-bottom bags, windowed bread and bakery bags, V-bottom accordion bags, grease-resistant snack bags, shopping bags, kraft paper takeout bags, burger wrappers, airline cleaning bags, etc.; OEM, OBM, ODM"
Paper,Paper,Paper,Paper,,,,"Dongguan City Baosong Paper Co., Ltd.","Bio-degradable & Recycled Products and Packaging,Paper Packaging; White Kraft Paper; OEM, ODM, OBM","Bio-degradable & Recycled Products and Packaging,Paper Packaging; White Kraft Paper; OEM, ODM, OBM"
Fruit bag,Fruit bag,stand up pouch with slider,stand up pouch with slider,,,,Dongguan Gao Zhiyuan Plastic Products Ltd.,"Resealable Bag,Food Bag,Food Wrap,Bio-degradable & Eco-friendly Raw Materials,Bio-degradable & Recycled Products and Packaging,Recycling-friendly Packaging,Blister Packaging,Food Packaging,Shrink Packaging,Beverage Packaging; Plastic packaging bags, zipper bags, composite bags, fruit bags, paper bags; Others, OBM, OEM, ODM","Resealable Bag,Food Bag,Food Wrap,Bio-degradable & Eco-friendly Raw Materials,Bio-degradable & Recycled Products and Packaging,Recycling-friendly Packaging,Blister Packaging,Food Packaging,Shrink Packaging,Beverage Packaging; Plastic packaging bags, zipper bags, composite bags, fruit bags, paper bags; Others, OBM, OEM, ODM"
Disposable Food Takeout Container Food Take-out Packaging Kraft Paper Box,Disposable Food Takeout Container Food Take-out Packaging Kraft Paper Box,"Great to pack lunch and can fit with most types of the food. PE coating inside and food grade paper material, very convenient to take out food.","Great to pack lunch and can fit with most types of the food. PE coating inside and food grade paper material, very convenient to take out food.",,,,Dongguan Gaobu Fanxing Printing Factory,"Take-away Cutleries,Corrugated Carton Box,Take-way Packaging Box,Bio-degradable & Eco-friendly Raw Materials,Bio-degradable & Recycled Products and Packaging,Food Packaging,Paper Packaging; take away food box to pack food and can take away.b.Hamburger box to pack burger or other similar shape food.c.wax paper  wrap or bottom paper for food.; OEM, ODM","Take-away Cutleries,Corrugated Carton Box,Take-way Packaging Box,Bio-degradable & Eco-friendly Raw Materials,Bio-degradable & Recycled Products and Packaging,Food Packaging,Paper Packaging; take away food box to pack food and can take away.b.Hamburger box to pack burger or other similar shape food.c.wax paper  wrap or bottom paper for food.; OEM, ODM"
Chemical Spill Pack,Chemical Spill Pack,Chemical Spill Pack,Chemical Spill Pack,,,,"Dongguan Hengsheng Polybag Co., Ltd.","Express Packaging,PE, PP & PET Bag,Bio-degradable & Eco-friendly Raw Materials,General Packaging & Assembling,Gifts Packaging,Plastic Packaging,Gravure Printing; We are a plastic bags manufacturer with 20 years' experience. Main products are including Medical biohazard bags/ Pre-opened bags for automatic machine/Seasonal packaging bags.; ODM, OEM, OBM","Express Packaging,PE, PP & PET Bag,Bio-degradable & Eco-friendly Raw Materials,General Packaging & Assembling,Gifts Packaging,Plastic Packaging,Gravure Printing; We are a plastic bags manufacturer with 20 years' experience. Main products are including Medical biohazard bags/ Pre-opened bags for automatic machine/Seasonal packaging bags.; ODM, OEM, OBM"
Kraft Paper Box,Kraft Paper Box,Kraft Paper Box,Kraft Paper Box,,,https://sourcing-media.hktdc.com/product-original/Kraft-20Paper-20Box/044b3fc85c10431c8542954d7bd97216; https://sourcing-media.hktdc.com/product-original/Kraft-20Paper-20Box/4d0ea8b698ff45d2ae15759dbcf98561,"Dongguan Heshengyuan Environmental Protection Materials Co., Ltd.","hang tag,Green Printing Solution,Corrugated Carton Box,PE, PP & PET Bag,Packing Material,Bio-degradable & Recycled Products and Packaging,Recycled Product,Recycling-friendly Packaging,Gifts Packaging,Paper Packaging; (FSC) Recycled Paper Packaging & (GRS) Recycled Poly bags; OBM, OEM, ODM","hang tag,Green Printing Solution,Corrugated Carton Box,PE, PP & PET Bag,Packing Material,Bio-degradable & Recycled Products and Packaging,Recycled Product,Recycling-friendly Packaging,Gifts Packaging,Paper Packaging; (FSC) Recycled Paper Packaging & (GRS) Recycled Poly bags; OBM, OEM, ODM"
Luxury Packaging Retail Boutique Paper Bags Shopping Branded Jewelry Clothes Bags For Gift,Luxury Packaging Retail Boutique Paper Bags Shopping Branded Jewelry Clothes Bags For Gift,CMYK 4 Color Offest Printing; Spot Color Printing; UV4+1; UV4+2,CMYK 4 Color Offest Printing; Spot Color Printing; UV4+1; UV4+2,,,https://sourcing-media.hktdc.com/product-original/Luxury-20Packaging-20Retail-20Boutique-20Paper-20Bags-20Shopping-20Branded-20Jewelry-20Clothes-20Bags-20For-20Gift/e9379c6866ae4808b486ae7def7f1390; https://sourcing-media.hktdc.com/product-original/Luxury-20Packaging-20Retail-20Boutique-20Paper-20Bags-20Shopping-20Branded-20Jewelry-20Clothes-20Bags-20For-20Gift/24b4817d4b3947dfa8313c918adfb8d1,"Dongguan Pathe Packaging Co., Ltd.","Plain Paper Bag,Printed Paper Bag,Gifts Packaging,Paper Packaging,Package Printing; Shopping paper bag;craft paper bag;luxury art paper bag/ branded retail bag; gift paper bag;packaging of health products & medicine;cosmetic packaging/ Tailor-made packaging to improve products and brand's value and enhance brand awareness; ODM, OEM","Plain Paper Bag,Printed Paper Bag,Gifts Packaging,Paper Packaging,Package Printing; Shopping paper bag;craft paper bag;luxury art paper bag/ branded retail bag; gift paper bag;packaging of health products & medicine;cosmetic packaging/ Tailor-made packaging to improve products and brand's value and enhance brand awareness; ODM, OEM"
Gift Bag,Gift Bag,Gift Bag,Gift Bag,,,,"Dongguan Qin Rui Eco-Technology Co., Ltd.","Express Packaging,Aluminum Foil Bag,PE, PP & PET Bag,Resealable Bag,Recycling-friendly Packaging,Food Packaging,General Packaging & Assembling,Pharmaceutical Packaging,Vacuum Packing; Plastic bags & plastic packaging; OEM, ODM, OBM","Express Packaging,Aluminum Foil Bag,PE, PP & PET Bag,Resealable Bag,Recycling-friendly Packaging,Food Packaging,General Packaging & Assembling,Pharmaceutical Packaging,Vacuum Packing; Plastic bags & plastic packaging; OEM, ODM, OBM"
80-550 grams of various flocked paper,80-550 grams of various flocked paper,"Dongguan Xinsheng Velvet Paper Products Co., Ltd. was founded in November 2007 and is located in Dalingshan Town, Dongguan City. It covers an area of 4600 square meters and is a professional manufacturer of 80-600 grams of paper flocking paper; Various types of roll flocking paper (double grey/whiteboard/copper plate/black card/color card paper, etc.); Adhesive flocking paper, craft gift box flocking paper, jewelry box cosmetic box flocking paper, printing packaging box flocking paper, craft hang tag flocking paper, greeting card couplet flocking paper, transfer printing flocking paper, PS/PVC vacuum formed flocking film, etc; The product has bright color, good elasticity, full velvet surface, strong three-dimensional sense, and is widely used in paper craft industries such as craft gift box packaging, jewelry box packaging, cosmetics box packaging, vacuum forming packaging, photo frame backboards, greeting cards and couplets, printing packaging, etc.; The company has multiple advanced flocking production lines and supporting facilities, a comprehensive quality management system, professional technical personnel, rich production management experience, stable and reliable quality, and products are exported worldwide. The company will adhere to the principle of ""customer first, quality first, reputation first"", and sincerely welcome customers to cooperate and develop together to create a better future.","Dongguan Xinsheng Velvet Paper Products Co., Ltd. was founded in November 2007 and is located in Dalingshan Town, Dongguan City. It covers an area of 4600 square meters and is a professional manufacturer of 80-600 grams of paper flocking paper; Various types of roll flocking paper (double grey/whiteboard/copper plate/black card/color card paper, etc.); Adhesive flocking paper, craft gift box flocking paper, jewelry box cosmetic box flocking paper, printing packaging box flocking paper, craft hang tag flocking paper, greeting card couplet flocking paper, transfer printing flocking paper, PS/PVC vacuum formed flocking film, etc; The product has bright color, good elasticity, full velvet surface, strong three-dimensional sense, and is widely used in paper craft industries such as craft gift box packaging, jewelry box packaging, cosmetics box packaging, vacuum forming packaging, photo frame backboards, greeting cards and couplets, printing packaging, etc.; The company has multiple advanced flocking production lines and supporting facilities, a comprehensive quality management system, professional technical personnel, rich production management experience, stable and reliable quality, and products are exported worldwide. The company will adhere to the principle of ""customer first, quality first, reputation first"", and sincerely welcome customers to cooperate and develop together to create a better future.",,,,"Dongguan Xinsheng Cashmere Paper Products Co., Ltd.","hang tag,Flocking Material,Packing Material,Wine Packaging,Gifts Packaging,Paper Packaging,Transfer Printing; 80-600g flocking paper; OBM, OEM, ODM","hang tag,Flocking Material,Packing Material,Wine Packaging,Gifts Packaging,Paper Packaging,Transfer Printing; 80-600g flocking paper; OBM, OEM, ODM"
Soft Touch Paper,Soft Touch Paper,Soft Touch Paper,Soft Touch Paper,,,,"Dongguan Yongtian Packaging Industrial Co., Ltd.","Water-Based Ink,Bio-degradable & Eco-friendly Raw Materials,Bio-degradable & Recycled Products and Packaging,Recycled Product,Recycling-friendly Packaging; Produces tactile paper, leather-filled paper, black card, gray board, leather-filled paper, PU paper,pearlescent paper,embossed paper,dyed paper,red card,special paper laminating gary board,paper laminated with black etc.; OBM","Water-Based Ink,Bio-degradable & Eco-friendly Raw Materials,Bio-degradable & Recycled Products and Packaging,Recycled Product,Recycling-friendly Packaging; Produces tactile paper, leather-filled paper, black card, gray board, leather-filled paper, PU paper,pearlescent paper,embossed paper,dyed paper,red card,special paper laminating gary board,paper laminated with black etc.; OBM"
shopping paper bags  for garment,shopping paper bags  for garment,shopping paper bags  for garment,shopping paper bags  for garment,,,,"Dongguang Kolitt Image Technology Co., Ltd","Eco Printing Ink,Plain Paper Bag,Printed Paper Bag,Corrugated Carton Box,Paper Tube,Art and Design Service,Gifts Packaging,Paper Packaging,Package Printing; Paper bags, paper boxes, color boxes, gift boxes, corrugated boxes, product catalogue; OEM, ODM","Eco Printing Ink,Plain Paper Bag,Printed Paper Bag,Corrugated Carton Box,Paper Tube,Art and Design Service,Gifts Packaging,Paper Packaging,Package Printing; Paper bags, paper boxes, color boxes, gift boxes, corrugated boxes, product catalogue; OEM, ODM"
模切/Die cut,模切/Die cut,Die-cut business & cases application,Die-cut business & cases application,,,,"Donguan Luenfat Plastic Products Co., Ltd.","Plastic Decoration,Paper & Printing Supply,Printer Paper,Printing Plate,Adhesive Tapes,Packing Material,Adhesive,Film,Smart Packaging,Plastic Packaging; 100% recycled PE bag; OEM, OBM, ODM, Others","Plastic Decoration,Paper & Printing Supply,Printer Paper,Printing Plate,Adhesive Tapes,Packing Material,Adhesive,Film,Smart Packaging,Plastic Packaging; 100% recycled PE bag; OEM, OBM, ODM, Others"
Top-quality gift box,Top-quality gift box,"This gift box seamlessly blends practicality and aesthetic appeal, Inside, a customizable insert tray allows flexible organization for diverse product types. Enhanced with a sturdy carrying handle, the box ensures effortless portability, making it an ideal choice for everyday use or thoughtful gifting. Every detail embodies refined functionality and understated elegance, elevating ordinary moments into cherished experiences.","This gift box seamlessly blends practicality and aesthetic appeal, Inside, a customizable insert tray allows flexible organization for diverse product types. Enhanced with a sturdy carrying handle, the box ensures effortless portability, making it an ideal choice for everyday use or thoughtful gifting. Every detail embodies refined functionality and understated elegance, elevating ordinary moments into cherished experiences.",,,,"GuangZhou Shenghe Packaging Technology Co., Ltd.","Paper Cup,Printed Paper Bag,Paper Tube,PVC Packaging,Food Packaging,Gifts Packaging,Paper Packaging,Package Printing; Our company can produce different kinds of gift boxes, gift bags, books, brochures, photo albums, calendars, etc., with exquisite printing, high product quality, and high production efficiency. These high-quality products help enhance the brand image; OEM, ODM","Paper Cup,Printed Paper Bag,Paper Tube,PVC Packaging,Food Packaging,Gifts Packaging,Paper Packaging,Package Printing; Our company can produce different kinds of gift boxes, gift bags, books, brochures, photo albums, calendars, etc., with exquisite printing, high product quality, and high production efficiency. These high-quality products help enhance the brand image; OEM, ODM"
Variant packaging bags,Variant packaging bags,这是一个包装袋，可以自由定制形状。,这是一个包装袋，可以自由定制形状。,,,,"Guangdong Huichen Packaging Co., Ltd.","Blister Packaging,Food Packaging,Plastic Food Packaging,Beverage Packaging; Beverage Packaging; Blister Packaging; Food Bag; Food Packaging; Plastic Food Packaging; OBM, OEM, ODM","Blister Packaging,Food Packaging,Plastic Food Packaging,Beverage Packaging; Beverage Packaging; Blister Packaging; Food Bag; Food Packaging; Plastic Food Packaging; OBM, OEM, ODM"
80g 100g Custom Flexible Pet Snack Portable Nutrion Food Spout Pouch Packaging Bag,80g 100g Custom Flexible Pet Snack Portable Nutrion Food Spout Pouch Packaging Bag,80g 100g Custom Flexible Pet Snack Portable Nutrion Food Spout Pouch Packaging Bag,80g 100g Custom Flexible Pet Snack Portable Nutrion Food Spout Pouch Packaging Bag,,,https://sourcing-media.hktdc.com/product-original/80g-20100g-20Custom-20Flexible-20Pet-20Snack-20Portable-20Nutrion-20Food-20Spout-20Pouch-20Packaging-20Bag-20/88648f6e262148b89fc63f14d767b309; https://sourcing-media.hktdc.com/product-original/80g-20100g-20Custom-20Flexible-20Pet-20Snack-20Portable-20Nutrion-20Food-20Spout-20Pouch-20Packaging-20Bag-20/484674964661481eb23d5c16c6aa9b93; https://sourcing-media.hktdc.com/product-original/80g-20100g-20Custom-20Flexible-20Pet-20Snack-20Portable-20Nutrion-20Food-20Spout-20Pouch-20Packaging-20Bag-20/e10e2eafb6354390a62f977397bc245e; https://sourcing-media.hktdc.com/product-original/80g-20100g-20Custom-20Flexible-20Pet-20Snack-20Portable-20Nutrion-20Food-20Spout-20Pouch-20Packaging-20Bag-20/3bb130f57d674135bc9549cd7ccbe51d; https://sourcing-media.hktdc.com/product-original/80g-20100g-20Custom-20Flexible-20Pet-20Snack-20Portable-20Nutrion-20Food-20Spout-20Pouch-20Packaging-20Bag-20/1767d12b25784d42a0b46bf8aa094dd5; https://sourcing-media.hktdc.com/product-original/80g-20100g-20Custom-20Flexible-20Pet-20Snack-20Portable-20Nutrion-20Food-20Spout-20Pouch-20Packaging-20Bag-20/5bc25eca8c284cd5b85932d1dfb34933,"Guangdong Kangdi Packaging Products Co., Ltd.","Resealable Bag,Food Pouch,Food Bag,Food Wrap,Blister Packaging,Food Packaging,Plastic Food Packaging,Shrink Packaging,Vacuum Packing,Beverage Packaging; Coffee Wine Juice Refill Beverage; OEM, Others, OBM, ODM","Resealable Bag,Food Pouch,Food Bag,Food Wrap,Blister Packaging,Food Packaging,Plastic Food Packaging,Shrink Packaging,Vacuum Packing,Beverage Packaging; Coffee Wine Juice Refill Beverage; OEM, Others, OBM, ODM"
单面黑灰板纸,单面黑灰板纸,单面黑灰板纸——深邃质感与工艺精粹的典范; 【产品概述】 单面黑灰板纸是以100%原生木浆黑卡纸为基材的高端特种纸品，专为追求视觉张力与品质细节的领域设计。其独特的哑光黑灰色调与卓越物理性能结合，广泛应用于奢侈品包装、创意设计、商务印刷等高要求场景，赋予产品深邃的视觉层次与高端触感体验。; 【核心优势】 1、纯木浆黑卡基材，环保致密; 以环保原生木浆黑卡为面，纤维交织紧密，纸张克重均匀; 基材通过欧盟REACH环保检测，无荧光增白剂，安全接触级认证; 植入离子固色技术，摩擦测试（50N压力）100次无脱色; 2、极致平直无变形; 全自动张力控制系统保障纸张平整度，热风循环干燥技术消除内应力，成品平整度误差≤0.15mm/m²; 3、卓越挺度显质感; 定量范围600-3500g/m²可选; 挺度值达国际标准1.5倍以上; 加工成型后棱角分明，支撑性强; 4、应用场景; 奢侈品珠宝/腕表包装盒; 高端电子产品内衬托架; 艺术画册封面及扉页; 品牌联名限量版礼盒; 博物馆级展品说明卡; 选择单面黑灰板纸，让黑色不止于深邃，更成为品质的无声宣言！,单面黑灰板纸——深邃质感与工艺精粹的典范; 【产品概述】 单面黑灰板纸是以100%原生木浆黑卡纸为基材的高端特种纸品，专为追求视觉张力与品质细节的领域设计。其独特的哑光黑灰色调与卓越物理性能结合，广泛应用于奢侈品包装、创意设计、商务印刷等高要求场景，赋予产品深邃的视觉层次与高端触感体验。; 【核心优势】 1、纯木浆黑卡基材，环保致密; 以环保原生木浆黑卡为面，纤维交织紧密，纸张克重均匀; 基材通过欧盟REACH环保检测，无荧光增白剂，安全接触级认证; 植入离子固色技术，摩擦测试（50N压力）100次无脱色; 2、极致平直无变形; 全自动张力控制系统保障纸张平整度，热风循环干燥技术消除内应力，成品平整度误差≤0.15mm/m²; 3、卓越挺度显质感; 定量范围600-3500g/m²可选; 挺度值达国际标准1.5倍以上; 加工成型后棱角分明，支撑性强; 4、应用场景; 奢侈品珠宝/腕表包装盒; 高端电子产品内衬托架; 艺术画册封面及扉页; 品牌联名限量版礼盒; 博物馆级展品说明卡; 选择单面黑灰板纸，让黑色不止于深邃，更成为品质的无声宣言！,,,,"Guangdong Regge Paper Industry Co., Ltd.","Paper Decoration,Special Paper and Materials,Gift Wrapping Paper,Packing Material,Bio-degradable & Eco-friendly Raw Materials,Bio-degradable & Recycled Products and Packaging,Recycled Product,Overwrapping; Liguang brand gray board paper, Taiyangjuan gray board paper, single-sided black card paper, single-sided card paper, double gray paper; ODM, OEM","Paper Decoration,Special Paper and Materials,Gift Wrapping Paper,Packing Material,Bio-degradable & Eco-friendly Raw Materials,Bio-degradable & Recycled Products and Packaging,Recycled Product,Overwrapping; Liguang brand gray board paper, Taiyangjuan gray board paper, single-sided black card paper, single-sided card paper, double gray paper; ODM, OEM"
Donut Carton,Donut Carton,Donut Carton,Donut Carton,,,,"Guangdong Union Eco-packaging Co.,Ltd","Eco Printing Ink,Water-Based Ink,Green Printing Solution,Bio-degradable & Eco-friendly Raw Materials,Bio-degradable & Recycled Products and Packaging,Recycled Product; Paper bag, paper cup, paper napkin, pape stral, paper plate; ODM, Others, OEM","Eco Printing Ink,Water-Based Ink,Green Printing Solution,Bio-degradable & Eco-friendly Raw Materials,Bio-degradable & Recycled Products and Packaging,Recycled Product; Paper bag, paper cup, paper napkin, pape stral, paper plate; ODM, Others, OEM"
"New! Classic Vinyl Player Record Gift Box, Custom Music","New! Classic Vinyl Player Record Gift Box, Custom Music","New! Classic Vinyl Player Record Gift Box, Custom Music","New! Classic Vinyl Player Record Gift Box, Custom Music",,,,"Guangzhou Winsun Packaging Products Co., Ltd.","Printed Office Stationery,Plain Paper Bag,Corrugated Carton Box,Paper Tube,Paper Tube,Bio-degradable & Eco-friendly Raw Materials,Food Packaging,Gifts Packaging,Package Printing; Cosmetic box, paper bag, advent calendar, cardboard box, food box; OBM, ODM","Printed Office Stationery,Plain Paper Bag,Corrugated Carton Box,Paper Tube,Paper Tube,Bio-degradable & Eco-friendly Raw Materials,Food Packaging,Gifts Packaging,Package Printing; Cosmetic box, paper bag, advent calendar, cardboard box, food box; OBM, ODM"
Festival gift box set,Festival gift box set,"festival gift set; size: any; matearial: 350gsm C1S art paper; printing: 4C; finishing: matt lamination, stamping, embossing,; other: assemble gift , pakaging","festival gift set; size: any; matearial: 350gsm C1S art paper; printing: 4C; finishing: matt lamination, stamping, embossing,; other: assemble gift , pakaging",,,,"Guangzhou Yinyi Paper Products Co., Ltd.","Stickers,Green Printing Solution,Festive Supply,Corrugated Carton Box,Art and Design Service,Gifts Packaging,Paper Packaging,Book and Magazine Printing,Commercial Printing,Package Printing; ODM, OEM, OBM","Stickers,Green Printing Solution,Festive Supply,Corrugated Carton Box,Art and Design Service,Gifts Packaging,Paper Packaging,Book and Magazine Printing,Commercial Printing,Package Printing; ODM, OEM, OBM"
GRS RPET Flock Fabric For Jewelry Box Pouch,GRS RPET Flock Fabric For Jewelry Box Pouch,GRS RPET Flock Fabric For Jewelry Box Pouch,GRS RPET Flock Fabric For Jewelry Box Pouch,,,,"Huizhou Fensidi Industry Co., Ltd.","Paper Decoration,Special Paper and Materials,Flocking Material,Gift Wrapping Paper,Packing Material,Bio-degradable & Eco-friendly Raw Materials,Bio-degradable & Recycled Products and Packaging,Recycled Product,Overwrapping; Flocking material; ODM, OEM","Paper Decoration,Special Paper and Materials,Flocking Material,Gift Wrapping Paper,Packing Material,Bio-degradable & Eco-friendly Raw Materials,Bio-degradable & Recycled Products and Packaging,Recycled Product,Overwrapping; Flocking material; ODM, OEM"
Paper bag,Paper bag,"At YLL, we pride ourselves on offering a top-quality, price-competitive product. Additionally, we aim to ensure excellent customer service, which allows our buyers to know that they're being served by a company that cares about their project. Regardless of what kind of custom paper products, such as pizza box, burger box, sandwich box, pastry box, product brochures and other types printing products. Through this trust, we've been able to establish ourselves as the premier provider of wide range of products all over the world.","At YLL, we pride ourselves on offering a top-quality, price-competitive product. Additionally, we aim to ensure excellent customer service, which allows our buyers to know that they're being served by a company that cares about their project. Regardless of what kind of custom paper products, such as pizza box, burger box, sandwich box, pastry box, product brochures and other types printing products. Through this trust, we've been able to establish ourselves as the premier provider of wide range of products all over the world.",,,,"Huizhou YLL Printing & Packaging Manufacturing Co., Ltd.","Catalogue & Pamphlet,Printed Matter,Corrugated Carton Box,Logistics packing box,Take-way Packaging Box,Food Packaging,Wine Packaging,Gifts Packaging,Paper Packaging; Pizza box, logistics corrugated carton box, multipurpose color box, other printed paper products; ODM, OBM, OEM","Catalogue & Pamphlet,Printed Matter,Corrugated Carton Box,Logistics packing box,Take-way Packaging Box,Food Packaging,Wine Packaging,Gifts Packaging,Paper Packaging; Pizza box, logistics corrugated carton box, multipurpose color box, other printed paper products; ODM, OBM, OEM"
Professional manufacturers custom different kinds package paper box OEM supply,Professional manufacturers custom different kinds package paper box OEM supply,"Our factory MANUFACTURE jigsaw puzzle for more than 24 years,with our professional workers and one-stop production machine, we have  won many customers from all over Europe ,America and Austrial .Now cooperate with many famous brand such as Disney,BITS AND PIECES  ,Wal-Mart,Funko, Hinkler ,HARLINGTON etc for many years.","Our factory MANUFACTURE jigsaw puzzle for more than 24 years,with our professional workers and one-stop production machine, we have  won many customers from all over Europe ,America and Austrial .Now cooperate with many famous brand such as Disney,BITS AND PIECES  ,Wal-Mart,Funko, Hinkler ,HARLINGTON etc for many years.",,,,"Jingxing (Dongguan) Printing Co., Ltd.","Eco Printing Ink,Vegetable-Based Ink,Water-Based Ink,Green Printing Solution,Bio-degradable & Eco-friendly Raw Materials,Bio-degradable & Recycled Products and Packaging,Recycled Product,Recycling-friendly Packaging; We are an OEM factory specializing in the production of paper puzzles and board games.; OEM","Eco Printing Ink,Vegetable-Based Ink,Water-Based Ink,Green Printing Solution,Bio-degradable & Eco-friendly Raw Materials,Bio-degradable & Recycled Products and Packaging,Recycled Product,Recycling-friendly Packaging; We are an OEM factory specializing in the production of paper puzzles and board games.; OEM"
01  创意卡纸 Creative Card Paper,01  创意卡纸 Creative Card Paper,01 创意卡纸; 壹G卡（壹级白/显色白）：一级白度、一级挺度、一级强度、一级耐折度。采用最优质长纤，按最高标准抄造。纸张无酸无氯，零添加。拥有最自然的粗犷肌理，最圣洁的白度、无与伦比的挺度与强度。折合成型性能极佳，不易变形，不返黄不褪色，是优质品牌包装的不二选择。; 瑜伽白卡：至高境界！至纯、至白、至韧。无论是商业印刷还是产品包装，瑜伽白卡的适应性都非常优异。挺度出色，折盒成型方正；韧性与耐折也毫无含糊。不含任何有害添加，白度稳定，包装盒在日光灯下久晒不褪色不返黄。; 富士山（棉白）：从感觉到感知。优质的棉纸混合纤维，零添加，肌理自然粗犷，视觉柔和，用手触摸，舒适感油然而生。一款好的材质，或许从接触的那一瞬间，已经被触动。; 再生滑面（超白）：精良再生桨的加入，为纸张带来了独特的纤维质感；挺括平整，耐折度高，是绿色包装的首选。; 中性纸（自然白、自然米）：无氯纸桨抄造，纸张中性环保，纸面质朴自然，利于阅读及保存。; 象牙卡：纸面经过四次压光处理，平滑细腻，手感饱满挺括。; 雪茄卡（纯白、本质、雾灰、深烟灰）：雪茄卡的设计灵感来自于极致粗旷、霸气而不失优雅的雪茄气质。采用上等全天然优质特殊纤维，无任何有害添加，不易返黄不褪色。松厚度高达1.6，纸张坚挺，刚毅和耐折。; 极肤卡（水嫩白）：100%可降解材料。水嫩、纯白。双面都可用途你的无限创意！哑面印后的色彩雅致不张扬，可降解的镜面极适合色彩表现，视觉突出，给人澄亮明朗的体验，是化妆品包装的不二选择。; 白马王纸（星星白、钻石白、雪莎）：上品之上。采用全新在线喷涂工艺。纸张挺括、质感天然。涂层饱满、细腻、均匀、历久弥新。时尚而内敛的气质，助力各类品牌脱颖而出、一骑绝尘。是化妆品包装、时尚类包装的首选材质。; 织布鸟（白棉、本棉、白珠、本珠）：选用了最优质的长短纤维结合，混合一定比例的天然棉纤维，让纸张质地显得格外挺括与松厚，强韧而自然舒适。; 本草纤维（大麦、黄麻、大麻）：非主流植物的颜色，质朴低调，纸面粗犷、真实，纸张中的纤维是天然植物纤维，利于油墨吸收和回收降解。; 花式纸：花式纸系列收集了部分经典、雅致、独特的纹理，这些纹理极具个性与艺术美感，适合印刷与包装。; 颜纸：昂贵的液体颜料100%优质纯木桨/零灰份/FSC（森林管理委员会）认证/色差值小于等于2/色牢度小于等于4级。; 01 创意卡纸：EG 卡纸、YAGA 卡纸、全卡纸、FSC 100% 顺滑再生纸、中性纸、雪茄卡纸、牛奶 CCP、宝马纸、鸟、草本纸、花哨纸、面花,01 创意卡纸; 壹G卡（壹级白/显色白）：一级白度、一级挺度、一级强度、一级耐折度。采用最优质长纤，按最高标准抄造。纸张无酸无氯，零添加。拥有最自然的粗犷肌理，最圣洁的白度、无与伦比的挺度与强度。折合成型性能极佳，不易变形，不返黄不褪色，是优质品牌包装的不二选择。; 瑜伽白卡：至高境界！至纯、至白、至韧。无论是商业印刷还是产品包装，瑜伽白卡的适应性都非常优异。挺度出色，折盒成型方正；韧性与耐折也毫无含糊。不含任何有害添加，白度稳定，包装盒在日光灯下久晒不褪色不返黄。; 富士山（棉白）：从感觉到感知。优质的棉纸混合纤维，零添加，肌理自然粗犷，视觉柔和，用手触摸，舒适感油然而生。一款好的材质，或许从接触的那一瞬间，已经被触动。; 再生滑面（超白）：精良再生桨的加入，为纸张带来了独特的纤维质感；挺括平整，耐折度高，是绿色包装的首选。; 中性纸（自然白、自然米）：无氯纸桨抄造，纸张中性环保，纸面质朴自然，利于阅读及保存。; 象牙卡：纸面经过四次压光处理，平滑细腻，手感饱满挺括。; 雪茄卡（纯白、本质、雾灰、深烟灰）：雪茄卡的设计灵感来自于极致粗旷、霸气而不失优雅的雪茄气质。采用上等全天然优质特殊纤维，无任何有害添加，不易返黄不褪色。松厚度高达1.6，纸张坚挺，刚毅和耐折。; 极肤卡（水嫩白）：100%可降解材料。水嫩、纯白。双面都可用途你的无限创意！哑面印后的色彩雅致不张扬，可降解的镜面极适合色彩表现，视觉突出，给人澄亮明朗的体验，是化妆品包装的不二选择。; 白马王纸（星星白、钻石白、雪莎）：上品之上。采用全新在线喷涂工艺。纸张挺括、质感天然。涂层饱满、细腻、均匀、历久弥新。时尚而内敛的气质，助力各类品牌脱颖而出、一骑绝尘。是化妆品包装、时尚类包装的首选材质。; 织布鸟（白棉、本棉、白珠、本珠）：选用了最优质的长短纤维结合，混合一定比例的天然棉纤维，让纸张质地显得格外挺括与松厚，强韧而自然舒适。; 本草纤维（大麦、黄麻、大麻）：非主流植物的颜色，质朴低调，纸面粗犷、真实，纸张中的纤维是天然植物纤维，利于油墨吸收和回收降解。; 花式纸：花式纸系列收集了部分经典、雅致、独特的纹理，这些纹理极具个性与艺术美感，适合印刷与包装。; 颜纸：昂贵的液体颜料100%优质纯木桨/零灰份/FSC（森林管理委员会）认证/色差值小于等于2/色牢度小于等于4级。; 01 创意卡纸：EG 卡纸、YAGA 卡纸、全卡纸、FSC 100% 顺滑再生纸、中性纸、雪茄卡纸、牛奶 CCP、宝马纸、鸟、草本纸、花哨纸、面花,,,,"Lucky Paper Technics (ShangHai) Co., Ltd.","Paper Decoration,Green Printing Solution,Special Paper and Materials,Packing Material,Bio-degradable & Eco-friendly Raw Materials,Bio-degradable & Recycled Products and Packaging,Recycled Product,Overwrapping,Paper Packaging,Package Printing; Pearlescent paper, art pattern paper leather substitute paper, recycled paper; OBM","Paper Decoration,Green Printing Solution,Special Paper and Materials,Packing Material,Bio-degradable & Eco-friendly Raw Materials,Bio-degradable & Recycled Products and Packaging,Recycled Product,Overwrapping,Paper Packaging,Package Printing; Pearlescent paper, art pattern paper leather substitute paper, recycled paper; OBM"
Backpacks,Backpacks,"Product characteristics： The lightweight design of the backpack makes the backpack more lightweight and easy to carry. The lightweight design also reduces the load on the shoulder.; Product function： The use of high-quality fabrics, strong wear resistance, good air permeability, effectively reduce internal moisture and heat, ensure comfort.","Product characteristics： The lightweight design of the backpack makes the backpack more lightweight and easy to carry. The lightweight design also reduces the load on the shoulder.; Product function： The use of high-quality fabrics, strong wear resistance, good air permeability, effectively reduce internal moisture and heat, ensure comfort.",,,,"Ningbo Baige Bags Co., Ltd.","Non-Woven Bag,Aluminum Foil Bag,PE, PP & PET Bag,PVC Packaging,Bio-degradable & Recycled Products and Packaging,Recycled Product,Recycling-friendly Packaging,Wine Packaging,Gifts Packaging,Textile Packaging; Shopping Bag; Cooler Bag; Cosmetic Bag; Mesh bag; Backpack etc; ODM, OEM, Others","Non-Woven Bag,Aluminum Foil Bag,PE, PP & PET Bag,PVC Packaging,Bio-degradable & Recycled Products and Packaging,Recycled Product,Recycling-friendly Packaging,Wine Packaging,Gifts Packaging,Textile Packaging; Shopping Bag; Cooler Bag; Cosmetic Bag; Mesh bag; Backpack etc; ODM, OEM, Others"
Fruit Packing Carton,Fruit Packing Carton,Paper Packaging Products; Food Grade Paper Packaging Products; Material:Kraft Paper/Corrugated Paper; Personalized Customization; Offset And Flexo Print; Certificates And Testing Reports: FSC/FDA/EC/SGS etc.,Paper Packaging Products; Food Grade Paper Packaging Products; Material:Kraft Paper/Corrugated Paper; Personalized Customization; Offset And Flexo Print; Certificates And Testing Reports: FSC/FDA/EC/SGS etc.,,,,"Qifeng (Dongguan) Packing Products Co., Ltd.","Take-way Packaging Box,Food Bag,Food Packaging,Plastic Food Packaging,Insulation Packaging; Pizza Box,Burger Box,Donut Box,Salsd Box,Aiplane Box,Shipping Carton; ODM","Take-way Packaging Box,Food Bag,Food Packaging,Plastic Food Packaging,Insulation Packaging; Pizza Box,Burger Box,Donut Box,Salsd Box,Aiplane Box,Shipping Carton; ODM"
self-adhesive labels printing machine,self-adhesive labels printing machine,"self-adhesive sticker; Shenzhen Zhenyang Printing Products Co.,Ltd.is a Alcoholic beverages: red wine label, Baijiu label. production, and sales of adhesive labels. The company relies on Advanced technology equipment,professional modern enterprise specializing in the design,printing,stamping techniques to make your product stand our. authentic printing colors,Combining special embossing. mbossing, and hor Customized alcohol labels.made of high-end papst. paited with vibramt and to global customers Customized label solutions. printing technology team, and strict quality management system are committed to providing high-quality productsembossed, reverse oil, frosted special wine label paper,aluminum foil paper. Applicable materials: copperplate paper,synthetic paper Craftsmanship; embossed, hot stamping, silk screen UV,daily chemical labels. The printing process includes hot labels, food labels, electronic labels, toy labels, washing The company mainly deals in: red wine labels, Baijiu AUEHM CAIIEFABИstamping, silver stamping, UV， Matte, embossed, embossed, printing paper materials such as copperplate GUORGIAN; paper, PE, PP paper, thermal paper, film, pearlescent paper, specialty paper, etc.Equipped with advanced printing equipment and Daily chemical: high-end care label such as UV printing, hot stamping, holographic automated production lines, supporting processes，techniques, bring new vitality to the bottle body. Customized daily chemical labcls. made of nure naner with vibrant and authentic printing colors, combined with special embossing,embossing, and hot stampinganti-counterfeiting, ete; Adhesive labels covering Applicable materials: Copperplate paper, symthetic paper,PP,PE film,transparent; various materials and processes to meet the needs of material. Brieht Silvee Dragon PP.alumtinum foil papst; different industries. ai Copperplate paper, synthetic paper,PP,PE film,transparent; material.Brizht Silver Dragon PPaluminum foil paper","self-adhesive sticker; Shenzhen Zhenyang Printing Products Co.,Ltd.is a Alcoholic beverages: red wine label, Baijiu label. production, and sales of adhesive labels. The company relies on Advanced technology equipment,professional modern enterprise specializing in the design,printing,stamping techniques to make your product stand our. authentic printing colors,Combining special embossing. mbossing, and hor Customized alcohol labels.made of high-end papst. paited with vibramt and to global customers Customized label solutions. printing technology team, and strict quality management system are committed to providing high-quality productsembossed, reverse oil, frosted special wine label paper,aluminum foil paper. Applicable materials: copperplate paper,synthetic paper Craftsmanship; embossed, hot stamping, silk screen UV,daily chemical labels. The printing process includes hot labels, food labels, electronic labels, toy labels, washing The company mainly deals in: red wine labels, Baijiu AUEHM CAIIEFABИstamping, silver stamping, UV， Matte, embossed, embossed, printing paper materials such as copperplate GUORGIAN; paper, PE, PP paper, thermal paper, film, pearlescent paper, specialty paper, etc.Equipped with advanced printing equipment and Daily chemical: high-end care label such as UV printing, hot stamping, holographic automated production lines, supporting processes，techniques, bring new vitality to the bottle body. Customized daily chemical labcls. made of nure naner with vibrant and authentic printing colors, combined with special embossing,embossing, and hot stampinganti-counterfeiting, ete; Adhesive labels covering Applicable materials: Copperplate paper, symthetic paper,PP,PE film,transparent; various materials and processes to meet the needs of material. Brieht Silvee Dragon PP.alumtinum foil papst; different industries. ai Copperplate paper, synthetic paper,PP,PE film,transparent; material.Brizht Silver Dragon PPaluminum foil paper",,,,"Shenzhen Zhenyang Printing Products Co., Ltd.","Stickers,Catalogue & Pamphlet,Printed Paper Label,Label Printing,Security Printing,Commercial Printing; Label printing, stickers; OEM, ODM","Stickers,Catalogue & Pamphlet,Printed Paper Label,Label Printing,Security Printing,Commercial Printing; Label printing, stickers; OEM, ODM"
recycle polyester spunbond nonwoven fabric(RPET),recycle polyester spunbond nonwoven fabric(RPET),recycle polyester spunbond nonwoven fabric; grammage:18-280gsm; certificate GRS,recycle polyester spunbond nonwoven fabric; grammage:18-280gsm; certificate GRS,,,,"Wenzhou Yonghong Chemical Fiber Co., Ltd.","Packing Material,Bio-degradable & Recycled Products and Packaging,Plastic Packaging; PET/RPET/PLA;NONWOVEN;FABRIC;SIX RUNNING MACHINE; OBM, OEM","Packing Material,Bio-degradable & Recycled Products and Packaging,Plastic Packaging; PET/RPET/PLA;NONWOVEN;FABRIC;SIX RUNNING MACHINE; OBM, OEM"
Shopping Bag,Shopping Bag,Shopping Bag,Shopping Bag,,,,"Xiamen Inchina Non-Woven Products Co., Ltd.","Non-Woven Bag,Bio-degradable & Eco-friendly Raw Materials,Bio-degradable & Recycled Products and Packaging,Recycled Product,Transportation Packaging; SUIT COVER, COTTON BAG, SHOPPING BAG, COLLER BAG; OEM","Non-Woven Bag,Bio-degradable & Eco-friendly Raw Materials,Bio-degradable & Recycled Products and Packaging,Recycled Product,Transportation Packaging; SUIT COVER, COTTON BAG, SHOPPING BAG, COLLER BAG; OEM"
Natural kraft paper box,Natural kraft paper box,"Foldable paper box, recycled paper box","Foldable paper box, recycled paper box",,,,"Xiamen Maysun Packaging Co., Ltd.","Hang Tag & Printed Label For Garment,Printer Paper,Plain Paper Bag,Corrugated Carton Box,Gifts Packaging,Paper Packaging,Retail Packaging,Offset Printing,Book and Magazine Printing; Paper bags & paper boxes; OEM","Hang Tag & Printed Label For Garment,Printer Paper,Plain Paper Bag,Corrugated Carton Box,Gifts Packaging,Paper Packaging,Retail Packaging,Offset Printing,Book and Magazine Printing; Paper bags & paper boxes; OEM"
(Clone) (Clone) Top Quality gift bag wholesale Clothes Cosmetic Custom retail bags Logo Handle Printed Kraft Shopping Euro tote Paper Bag,(Clone) (Clone) Top Quality gift bag wholesale Clothes Cosmetic Custom retail bags Logo Handle Printed Kraft Shopping Euro tote Paper Bag,(Clone) (Clone) Top Quality gift bag wholesale Clothes Cosmetic Custom retail bags Logo Handle Printed Kraft Shopping Euro tote Paper Bag,(Clone) (Clone) Top Quality gift bag wholesale Clothes Cosmetic Custom retail bags Logo Handle Printed Kraft Shopping Euro tote Paper Bag,,,,"Xiamen Zesinda Imp. and Exp. Co., Ltd.","hang tag,Hang Tag & Printed Label For Garment,Plain Paper Bag,Printed Paper Bag,Corrugated Carton Box,Bio-degradable & Eco-friendly Raw Materials,Gifts Packaging,Paper Packaging; Paper bag & Paper box; OEM, ODM","hang tag,Hang Tag & Printed Label For Garment,Plain Paper Bag,Printed Paper Bag,Corrugated Carton Box,Bio-degradable & Eco-friendly Raw Materials,Gifts Packaging,Paper Packaging; Paper bag & Paper box; OEM, ODM"
8oz double hollow cup,8oz double hollow cup,"Our product line is rich, including disposable milk tea paper cups, coffee paper cups, advertising paper cups, paper bowls, as well as packaged meals, French fries cups, noodle bowls, hidden tea cups (tea in cups), food packaging paper, cake boxes, packaging paper bags, paper trays, etc. The paper cup specifications range from 3-32oz, with both domestic standards and European and American versions to meet the needs of different customers.","Our product line is rich, including disposable milk tea paper cups, coffee paper cups, advertising paper cups, paper bowls, as well as packaged meals, French fries cups, noodle bowls, hidden tea cups (tea in cups), food packaging paper, cake boxes, packaging paper bags, paper trays, etc. The paper cup specifications range from 3-32oz, with both domestic standards and European and American versions to meet the needs of different customers.",,,,"Xian Da Mei Yu Gao Print (DongGuang) Co., Ltd.","Take-away Cutleries,Paper Straw,Paper Bowl/Paper Cup/Paper Straw,Paper Cup,Aluminum Foil Paper,Take-way Packaging Box,Food Packaging,Reheatable Food Packaging,Fiber-based Catering Packaging,Beverage Packaging; Paper Food Package & Peper Box; ODM, OBM, OEM","Take-away Cutleries,Paper Straw,Paper Bowl/Paper Cup/Paper Straw,Paper Cup,Aluminum Foil Paper,Take-way Packaging Box,Food Packaging,Reheatable Food Packaging,Fiber-based Catering Packaging,Beverage Packaging; Paper Food Package & Peper Box; ODM, OBM, OEM"
Jinlong Ashless Paperboard,Jinlong Ashless Paperboard,"These products are widely recognized in the market for their outstanding physical properties and excellent environmental characteristics, making them the preferred choice for various high-end applications.","These products are widely recognized in the market for their outstanding physical properties and excellent environmental characteristics, making them the preferred choice for various high-end applications.",,,,"Zhejiang Jinlong Recycled Resources Technology Co., Ltd.","Special Paper and Materials,Corrugated Carton Box,Bio-degradable & Eco-friendly Raw Materials,Recycled Product,Food Packaging,Wine Packaging,E-commerce Packaging,Gifts Packaging,Tobacco Packaging,Tubes Packaging; Jinlong’s high-quality product range includes gloss boards,colored boards, single-ply gray boards, non-gray boards, double-ply gray boards, white-lined kraft paper, recycled kraft paper, tube paper, corrugated base paper, and further processed; OEM, ODM, Others","Special Paper and Materials,Corrugated Carton Box,Bio-degradable & Eco-friendly Raw Materials,Recycled Product,Food Packaging,Wine Packaging,E-commerce Packaging,Gifts Packaging,Tobacco Packaging,Tubes Packaging; Jinlong’s high-quality product range includes gloss boards,colored boards, single-ply gray boards, non-gray boards, double-ply gray boards, white-lined kraft paper, recycled kraft paper, tube paper, corrugated base paper, and further processed; OEM, ODM, Others"
Camera Anti-Counterfeiting Materials,Camera Anti-Counterfeiting Materials,相机防伪材料; 相机标签材料通常用于制作相机反相机标签。此标签在材质内部有一个预设的“VOID”字符，手机摄像头上的“VOID”字样一打开就会显示出来。标签未密封，无法恢复，粘贴在相机上时没有残留物或损坏相机，显示效果好。; 产品用途：广泛应用于各种手机相机、电脑相机、相机镜头等。,相机防伪材料; 相机标签材料通常用于制作相机反相机标签。此标签在材质内部有一个预设的“VOID”字符，手机摄像头上的“VOID”字样一打开就会显示出来。标签未密封，无法恢复，粘贴在相机上时没有残留物或损坏相机，显示效果好。; 产品用途：广泛应用于各种手机相机、电脑相机、相机镜头等。,,,,"Zhongshan Guanxin Adhesive Products Co., Ltd.","Stickers,RFID Tag,Printed Paper Label,Printed Matter,Labelling,Anti-counterfeiting Packaging,Label Printing,Foil Stamping,Security Printing,Commercial Printing; Printing adhesive labels; Label brushing products; Stickers; Adhesive; Anti-counterfeiting printing; Packaging labels; Traceable label; OEM, OBM, ODM","Stickers,RFID Tag,Printed Paper Label,Printed Matter,Labelling,Anti-counterfeiting Packaging,Label Printing,Foil Stamping,Security Printing,Commercial Printing; Printing adhesive labels; Label brushing products; Stickers; Adhesive; Anti-counterfeiting printing; Packaging labels; Traceable label; OEM, OBM, ODM"
