NAME_KR,NAME_EN,COUNTRY,INTRO_KR,INTRO_EN,WEBSITE,PARTICIPATION_TYPE,EXHIBITION_NAME_EN,BOOTH_NAME,HALL_NAME,PAVILION_NAME,FLOOR,X_COORD,Y_COORD,INDUSTRY_NAME_KR,INDUSTRY_NAME_EN,DETAIL_URL,PRODUCT_COUNT,PRODUCT_LIST
Keppel Seghers - Zhen Hua Joint Venture,Keppel Seghers - Zhen Hua Joint Venture,Hong Kong,"Keppel Seghers - Zhen Hua Joint Venture is designing, building and operating Hong Kong's first integrated waste management facilities, which is scheduled for commercial operations in 2025. Situated off the coast of Shek Kwu Chau, the Hong Kong Integrated Waste Management Facilities Phase 1 (HKIWMF Phase 1) comprises 3,000 tonnes per day of advanced incineration thermal technology which reduces the volume of waste by more than 90% for significant extension of landfill lifespan, while generating more than 100MW of stable, green electrical power, thereby reducing Hong Kong's reliance on conventional fossil fuel power generation. The HKIWMF Phase 1 also includes 200 tonnes per day of mechanical treatment facility which will segregate waste into useful fractions such as ferrous / non-ferrous metals, plastics, and glass to be further reprocessed into useful products.","Keppel Seghers - Zhen Hua Joint Venture is designing, building and operating Hong Kong's first integrated waste management facilities, which is scheduled for commercial operations in 2025. Situated off the coast of Shek Kwu Chau, the Hong Kong Integrated Waste Management Facilities Phase 1 (HKIWMF Phase 1) comprises 3,000 tonnes per day of advanced incineration thermal technology which reduces the volume of waste by more than 90% for significant extension of landfill lifespan, while generating more than 100MW of stable, green electrical power, thereby reducing Hong Kong's reliance on conventional fossil fuel power generation. The HKIWMF Phase 1 also includes 200 tonnes per day of mechanical treatment facility which will segregate waste into useful fractions such as ferrous / non-ferrous metals, plastics, and glass to be further reprocessed into useful products.",,Exhibitor,Eco Expo Asia 2025,3-C30,Circular Economy and Waste Management,,1,,,"Solid Waste Treatment & Incineration System, Environment-related Education & Training, Solid Waste Recycling Technology & Equipment, Transport, Recycled Product, Eco-friendly Material for Construction & Fitting, Air Pollution & Gas Emission Control, Seawater Desalination, Renewable Energy Resource, Sludge Treatment; Keppel Seghers-Zhen Hua Joint Venture is the Design-Build-Operation Contractor of Hong Kong’s first Integrated Waste Management Facility(IWMF) which is a Waste to Energy Plant that combusts wastes to produce electricity.; Others","Solid Waste Treatment & Incineration System, Environment-related Education & Training, Solid Waste Recycling Technology & Equipment, Transport, Recycled Product, Eco-friendly Material for Construction & Fitting, Air Pollution & Gas Emission Control, Seawater Desalination, Renewable Energy Resource, Sludge Treatment; Keppel Seghers-Zhen Hua Joint Venture is the Design-Build-Operation Contractor of Hong Kong’s first Integrated Waste Management Facility(IWMF) which is a Waste to Energy Plant that combusts wastes to produce electricity.; Others",https://www.hktdc.com/event/ecoexpoasia/en/exhibitor/1S005RLG3,14,https://www.hktdc.com/event/ecoexpoasia/en/product/1Z03EPRF0; https://www.hktdc.com/event/ecoexpoasia/en/product/1Z03EPRF0; https://www.hktdc.com/event/ecoexpoasia/en/product/1Z03EGZEV; https://www.hktdc.com/event/ecoexpoasia/en/product/1Z03EGZEV; https://www.hktdc.com/event/ecoexpoasia/en/product/1Z03EH17E; https://www.hktdc.com/event/ecoexpoasia/en/product/1Z03EH17E; https://www.hktdc.com/event/ecoexpoasia/en/product/1Z03EGXVI; https://www.hktdc.com/event/ecoexpoasia/en/product/1Z03EGXVI; https://www.hktdc.com/event/ecoexpoasia/en/product/1X24JY9X; https://www.hktdc.com/event/ecoexpoasia/en/product/1X24JY9X; https://www.hktdc.com/event/ecoexpoasia/en/product/1Z03EGYTN; https://www.hktdc.com/event/ecoexpoasia/en/product/1Z03EGYTN; https://www.hktdc.com/event/ecoexpoasia/en/product/1Z03EH1N2; https://www.hktdc.com/event/ecoexpoasia/en/product/1Z03EH1N2
"CIMC Enric Investment Holding (Shenzhen) Co., Ltd.","CIMC Enric Investment Holding (Shenzhen) Co., Ltd.",Chinese Mainland,"Maritime Logistics, Water Transportation, Energy and Charging Infrastructure, Eco-friendly Vehicle, Decarbonisation Management, Energy Transportation Technology, Energy Storage Technology, Hydrogen technology","Maritime Logistics, Water Transportation, Energy and Charging Infrastructure, Eco-friendly Vehicle, Decarbonisation Management, Energy Transportation Technology, Energy Storage Technology, Hydrogen technology",,Exhibitor,Eco Expo Asia 2025,3-F14,New Energy and Energy Efficiency,,1,,,"Maritime Logistics, Water Transportation, Energy and Charging Infrastructure, Eco-friendly Vehicle, Decarbonisation Management, Energy Transportation Technology, Energy Storage Technology, Hydrogen technology; CIMC Enric is an advanced clean energy equipment manufacturing enterprise, based on onshore and offshore, providing key equipment, engineering services and system solutions for transportation, storage, and processing on natural gas and hydrogen.","Maritime Logistics, Water Transportation, Energy and Charging Infrastructure, Eco-friendly Vehicle, Decarbonisation Management, Energy Transportation Technology, Energy Storage Technology, Hydrogen technology; CIMC Enric is an advanced clean energy equipment manufacturing enterprise, based on onshore and offshore, providing key equipment, engineering services and system solutions for transportation, storage, and processing on natural gas and hydrogen.",https://www.hktdc.com/event/ecoexpoasia/en/exhibitor/1S005TTD4,0,
"Dynagreen Environmental Protection Group Co., Ltd.","Dynagreen Environmental Protection Group Co., Ltd.",Chinese Mainland,"Dynagreen Environmental Protection Group Co., Ltd. (referred to as ""Dynagreen "") is a state-owned listed enterprise group specializing in the circular economy and renewable energy industries. Established in 2000 and under the control of Beijing State-owned Assets Management Ltd, Dynagreen is recognized as the first A+H share listed company in China's waste incineration and power generation sector (601330.SH, 1330.HK). With total assets of nearly 30 billion yuan, the group engages in investment, construction, operation, management, technical research and development, supply of core equipment, and specialized consulting services for urban waste treatment projects, providing comprehensive solutions for urban waste management. Dynagreen is a pioneer in integrated management of urban environmental industries. Holding over 70 BOT and PPP franchise contracts for solid waste treatment across more than 20 provinces, municipalities, and autonomous regions, including Beijing, Tianjin, Jiangsu, Zhejiang, Hubei, and Guangdong, the group is a leading company in the domestic industry. It has a daily waste treatment capacity of 78,000 tons and an annual capacity of 26 million tons.","Dynagreen Environmental Protection Group Co., Ltd. (referred to as ""Dynagreen "") is a state-owned listed enterprise group specializing in the circular economy and renewable energy industries. Established in 2000 and under the control of Beijing State-owned Assets Management Ltd, Dynagreen is recognized as the first A+H share listed company in China's waste incineration and power generation sector (601330.SH, 1330.HK). With total assets of nearly 30 billion yuan, the group engages in investment, construction, operation, management, technical research and development, supply of core equipment, and specialized consulting services for urban waste treatment projects, providing comprehensive solutions for urban waste management. Dynagreen is a pioneer in integrated management of urban environmental industries. Holding over 70 BOT and PPP franchise contracts for solid waste treatment across more than 20 provinces, municipalities, and autonomous regions, including Beijing, Tianjin, Jiangsu, Zhejiang, Hubei, and Guangdong, the group is a leading company in the domestic industry. It has a daily waste treatment capacity of 78,000 tons and an annual capacity of 26 million tons.",,Exhibitor,Eco Expo Asia 2025,3-E30,Circular Economy and Waste Management,,1,,,"Desulphurisation & Dust Control Technology and Equipment, Transport, Solid Waste Treatment & Incineration System, Solid Waste Recycling Technology & Equipment, Landfill Containment, Air Purification, Organic Waste Treatment, Food Waste Process, Sludge Treatment, Air Pollution & Gas Emission Control; Dynagreen is a leading integrated service provider dedicated to municipal solid waste (MSW) treatment. Our exhibition features Corporate Promotion Video, WtE Plant Sandbox Model, and detailed model of our multi-drive reverse-push waste incinerator.; Others","Desulphurisation & Dust Control Technology and Equipment, Transport, Solid Waste Treatment & Incineration System, Solid Waste Recycling Technology & Equipment, Landfill Containment, Air Purification, Organic Waste Treatment, Food Waste Process, Sludge Treatment, Air Pollution & Gas Emission Control; Dynagreen is a leading integrated service provider dedicated to municipal solid waste (MSW) treatment. Our exhibition features Corporate Promotion Video, WtE Plant Sandbox Model, and detailed model of our multi-drive reverse-push waste incinerator.; Others",https://www.hktdc.com/event/ecoexpoasia/en/exhibitor/1S005SNS1,8,https://www.hktdc.com/event/ecoexpoasia/en/product/1Z03OIHKV; https://www.hktdc.com/event/ecoexpoasia/en/product/1Z03OIHKV; https://www.hktdc.com/event/ecoexpoasia/en/product/1Z03OIHT4; https://www.hktdc.com/event/ecoexpoasia/en/product/1Z03OIHT4; https://www.hktdc.com/event/ecoexpoasia/en/product/1Z03OIHBM; https://www.hktdc.com/event/ecoexpoasia/en/product/1Z03OIHBM; https://www.hktdc.com/event/ecoexpoasia/en/product/1Z03OIHWV; https://www.hktdc.com/event/ecoexpoasia/en/product/1Z03OIHWV
China Everbright Environment Group Limited,China Everbright Environment Group Limited,Hong Kong,"Decarbonisation Management, Sewage Treatment & System Maintenance, Water Business & Solution, Wind Power, Sludge Treatment, Food Waste Process, Wastewater Recycling Technology & Equipment, Water Purification Equipment, Water Resources Utilization, Solid Waste Recycling Technology & Equipment","Decarbonisation Management, Sewage Treatment & System Maintenance, Water Business & Solution, Wind Power, Sludge Treatment, Food Waste Process, Wastewater Recycling Technology & Equipment, Water Purification Equipment, Water Resources Utilization, Solid Waste Recycling Technology & Equipment",,Exhibitor,Eco Expo Asia 2025,3-D14,Circular Economy and Waste Management,,1,,,"Decarbonisation Management, Sewage Treatment & System Maintenance, Water Business & Solution, Wind Power, Sludge Treatment, Food Waste Process, Wastewater Recycling Technology & Equipment, Water Purification Equipment, Water Resources Utilization, Solid Waste Recycling Technology & Equipment; Since 2003, Everbright Environment has grown to become the largest environmental enterprise in China, a leading player in Asia,s environmental protection industry, the world,s largest waste-to-energy investor and operator.; ODM","Decarbonisation Management, Sewage Treatment & System Maintenance, Water Business & Solution, Wind Power, Sludge Treatment, Food Waste Process, Wastewater Recycling Technology & Equipment, Water Purification Equipment, Water Resources Utilization, Solid Waste Recycling Technology & Equipment; Since 2003, Everbright Environment has grown to become the largest environmental enterprise in China, a leading player in Asia,s environmental protection industry, the world,s largest waste-to-energy investor and operator.; ODM",https://www.hktdc.com/event/ecoexpoasia/en/exhibitor/1S005SK51,0,
Cleaner Production Partnership Programme,Cleaner Production Partnership Programme,Hong Kong,Cleaner Production Partnership Programme,Cleaner Production Partnership Programme,,Exhibitor,Eco Expo Asia 2025,3-E19,Hong Kong Pavilion,Hong Kong Pavilion,1,,,"Air Filtration System, Energy Efficient Device & Products; Cleaner Production Partnership Programme; Others","Air Filtration System, Energy Efficient Device & Products; Cleaner Production Partnership Programme; Others",https://www.hktdc.com/event/ecoexpoasia/en/exhibitor/1S005SQ17,8,https://www.hktdc.com/event/ecoexpoasia/en/product/1Z03J32KA; https://www.hktdc.com/event/ecoexpoasia/en/product/1Z03J32KA; https://www.hktdc.com/event/ecoexpoasia/en/product/1Z03EQGCK; https://www.hktdc.com/event/ecoexpoasia/en/product/1Z03EQGCK; https://www.hktdc.com/event/ecoexpoasia/en/product/1Z03EQFWX; https://www.hktdc.com/event/ecoexpoasia/en/product/1Z03EQFWX; https://www.hktdc.com/event/ecoexpoasia/en/product/1Z03EQH3A; https://www.hktdc.com/event/ecoexpoasia/en/product/1Z03EQH3A
Demeter Green Ltd.,Demeter Green Ltd.,Hong Kong,,,,Exhibitor,Eco Expo Asia 2025,3-D30,Circular Economy and Waste Management,,1,,,filter; OBM,filter; OBM,https://www.hktdc.com/event/ecoexpoasia/en/exhibitor/1S005RLBI,0,
Federation of Hong Kong Industries,Federation of Hong Kong Industries,Hong Kong,Association Service,Association Service,,Exhibitor,Eco Expo Asia 2025,3-C19,Hong Kong Pavilion,Hong Kong Pavilion,1,,,Association Service; The Federation of Hong Kong Industries is the only statutory chamber established since 1960. We empower Hong Kong industries to reach new heights of success.; Others,Association Service; The Federation of Hong Kong Industries is the only statutory chamber established since 1960. We empower Hong Kong industries to reach new heights of success.; Others,https://www.hktdc.com/event/ecoexpoasia/en/exhibitor/1S005T2OY,8,https://www.hktdc.com/event/ecoexpoasia/en/product/1Z03EO0GO; https://www.hktdc.com/event/ecoexpoasia/en/product/1Z03EO0GO; https://www.hktdc.com/event/ecoexpoasia/en/product/1Z03EO0QU; https://www.hktdc.com/event/ecoexpoasia/en/product/1Z03EO0QU; https://www.hktdc.com/event/ecoexpoasia/en/product/1Z03EO08C; https://www.hktdc.com/event/ecoexpoasia/en/product/1Z03EO08C; https://www.hktdc.com/event/ecoexpoasia/en/product/1Z03EMDQH; https://www.hktdc.com/event/ecoexpoasia/en/product/1Z03EMDQH
Heng Chang Hang Vehicle Company Limited,Heng Chang Hang Vehicle Company Limited,Hong Kong,"Heng Chang Hang Vehicle Company Limited [JOYLONG] Electric Van redefines efficiency with driving range of 450km , reduce costs, and elevate your operations. Starting from 2018, our e-vans have been in Hong Kong market and we thank for supports of our clients from Hong Kong Airports , private companies from various industries ,NGO and individual drivers.","Heng Chang Hang Vehicle Company Limited [JOYLONG] Electric Van redefines efficiency with driving range of 450km , reduce costs, and elevate your operations. Starting from 2018, our e-vans have been in Hong Kong market and we thank for supports of our clients from Hong Kong Airports , private companies from various industries ,NGO and individual drivers.",,Exhibitor,Eco Expo Asia 2025,6-A30,Green and Smart Mobility,,1,,,"Energy and Charging Infrastructure, Eco-friendly Vehicle; Our electric van EW4 with battery capacity 86.1kWh is long driving range of 450km. Its spacious room is 4,840 L x 1,880 W x 1,998 H. 3, 5 and 6-seats is available offer for sales.; ODM","Energy and Charging Infrastructure, Eco-friendly Vehicle; Our electric van EW4 with battery capacity 86.1kWh is long driving range of 450km. Its spacious room is 4,840 L x 1,880 W x 1,998 H. 3, 5 and 6-seats is available offer for sales.; ODM",https://www.hktdc.com/event/ecoexpoasia/en/exhibitor/1S005RL9O,4,https://www.hktdc.com/event/ecoexpoasia/en/product/1Z03OMQ24; https://www.hktdc.com/event/ecoexpoasia/en/product/1Z03OMQ24; https://www.hktdc.com/event/ecoexpoasia/en/product/1Z03OMQXJ; https://www.hktdc.com/event/ecoexpoasia/en/product/1Z03OMQXJ
"Paryocean (Asia Pacific) Int'l Co., Ltd.","Paryocean (Asia Pacific) Int'l Co., Ltd.",Hong Kong,"Paryocean (Asia Pacific) International Company Limited was established in Hong Kong in 1995 as a wholly-owned subsidiary of China National Machinery Import and Export Corporation, Genertec Group. The company primarily engages in international energy (photovoltaic power station) engineering projects, and the import-export business of electromechanical products and equipment. As a professional foreign trade enterprise, Paryocean (Asia Pacific) International Company Limited has consistently served as an efficient and flexible trading platform and channel for electromechanical products throughout various historical phases of China's economic development. With a long-term development vision, the company will continue to leverage Hong Kong's advantages to deliver superior commercial services and project solutions for clients. Recently, Paryocean (Asia Pacific) International Company Limited has expanded into the I-REC (International Renewable Energy Certificate) business, providing high-quality enterprises with efficient I-REC green certificates to meet Environmental, Social, and Governance (ESG) compliance requirements.","Paryocean (Asia Pacific) International Company Limited was established in Hong Kong in 1995 as a wholly-owned subsidiary of China National Machinery Import and Export Corporation, Genertec Group. The company primarily engages in international energy (photovoltaic power station) engineering projects, and the import-export business of electromechanical products and equipment. As a professional foreign trade enterprise, Paryocean (Asia Pacific) International Company Limited has consistently served as an efficient and flexible trading platform and channel for electromechanical products throughout various historical phases of China's economic development. With a long-term development vision, the company will continue to leverage Hong Kong's advantages to deliver superior commercial services and project solutions for clients. Recently, Paryocean (Asia Pacific) International Company Limited has expanded into the I-REC (International Renewable Energy Certificate) business, providing high-quality enterprises with efficient I-REC green certificates to meet Environmental, Social, and Governance (ESG) compliance requirements.",,Exhibitor,Eco Expo Asia 2025,6-D26,Water Treatment and Quality Management,,1,,,"Sewage Treatment & System Maintenance; Sewage treatment system, I-REC &  Photovoltaic power station, Waste disposal machine; OBM, Others","Sewage Treatment & System Maintenance; Sewage treatment system, I-REC &  Photovoltaic power station, Waste disposal machine; OBM, Others",https://www.hktdc.com/event/ecoexpoasia/en/exhibitor/1S005RLIX,2,https://www.hktdc.com/event/ecoexpoasia/en/product/1Z03OM57A; https://www.hktdc.com/event/ecoexpoasia/en/product/1Z03OM57A
Recycling Fund,Recycling Fund,Hong Kong,"The Recycling Fund was established by the HKSAR Government, with the objectives of enhancing the overall capability, capacity, efficiency and skills of the recycling industry, as well as to help develop a market for recycled products by providing more market information, thereby reducing the amount of waste disposed of at landfills.","The Recycling Fund was established by the HKSAR Government, with the objectives of enhancing the overall capability, capacity, efficiency and skills of the recycling industry, as well as to help develop a market for recycled products by providing more market information, thereby reducing the amount of waste disposed of at landfills.",,Exhibitor,Eco Expo Asia 2025,3-D20,Hong Kong Pavilion,Hong Kong Pavilion,1,,,Solid Waste Recycling Technology & Equipment; Funding for Recycling Industry; Others,Solid Waste Recycling Technology & Equipment; Funding for Recycling Industry; Others,https://www.hktdc.com/event/ecoexpoasia/en/exhibitor/1S005SQ24,10,https://www.hktdc.com/event/ecoexpoasia/en/product/1Z03EHKVV; https://www.hktdc.com/event/ecoexpoasia/en/product/1Z03EHKVV; https://www.hktdc.com/event/ecoexpoasia/en/product/1Z03EH30X; https://www.hktdc.com/event/ecoexpoasia/en/product/1Z03EH30X; https://www.hktdc.com/event/ecoexpoasia/en/product/1Z03EHK44; https://www.hktdc.com/event/ecoexpoasia/en/product/1Z03EHK44; https://www.hktdc.com/event/ecoexpoasia/en/product/1Z03EHIPF; https://www.hktdc.com/event/ecoexpoasia/en/product/1Z03EHIPF; https://www.hktdc.com/event/ecoexpoasia/en/product/1Z03EH6NX; https://www.hktdc.com/event/ecoexpoasia/en/product/1Z03EH6NX
"Infore Enviro Technology Group Co., Ltd.","Infore Enviro Technology Group Co., Ltd.",Chinese Mainland,Transport,Transport,,Exhibitor,Eco Expo Asia 2025,6-B30,Hunan Pavilion,Hunan Pavilion,1,,,Transport,Transport,https://www.hktdc.com/event/ecoexpoasia/en/exhibitor/1S005TTC7,0,
"Yunnan Hexu Environmental Technology Co., Ltd.","Yunnan Hexu Environmental Technology Co., Ltd.",Chinese Mainland,"Provider of Urban ""One Water and Two Wastes"" System Solutions Hexu Environmental Technology Co., Ltd. is a comprehensive environmental tech enterprise integrating R&D, production, sales, operation, maintenance and services, with products covering urban ""one water and two wastes"" sectors. With over a decade of deep engagement in sewage and waste treatment, the company has created a range of standardized, intelligent, efficient and energy-saving products. These are widely applied in decentralized rural domestic sewage treatment, small-scale centralized/joint-household rural sewage treatment, urban distributed sewage treatment and resource utilization, combined sewer overflow (CSO) pollution control, aquaculture wastewater treatment, and county-level domestic waste and leachate treatment. Adhering to ""Innovation-led, Pursuit of Excellence"", Hexu has built unique strengths in environmental protection through its matrix product portfolio. It will keep serving ecological improvement and better production/living quality with tech products, striving to become a world-leading environmental technology enterprise.","Provider of Urban ""One Water and Two Wastes"" System Solutions Hexu Environmental Technology Co., Ltd. is a comprehensive environmental tech enterprise integrating R&D, production, sales, operation, maintenance and services, with products covering urban ""one water and two wastes"" sectors. With over a decade of deep engagement in sewage and waste treatment, the company has created a range of standardized, intelligent, efficient and energy-saving products. These are widely applied in decentralized rural domestic sewage treatment, small-scale centralized/joint-household rural sewage treatment, urban distributed sewage treatment and resource utilization, combined sewer overflow (CSO) pollution control, aquaculture wastewater treatment, and county-level domestic waste and leachate treatment. Adhering to ""Innovation-led, Pursuit of Excellence"", Hexu has built unique strengths in environmental protection through its matrix product portfolio. It will keep serving ecological improvement and better production/living quality with tech products, striving to become a world-leading environmental technology enterprise.",,Exhibitor,Eco Expo Asia 2025,6-E14,ANSO Environmental Technology and Industry Alliance Pavilion,ANSO Environmental Technology and Industry Alliance Pavilion,1,,,"Water Purification Equipment, Solid Waste Treatment & Incineration System, Wastewater Recycling Technology & Equipment, Sewage Treatment & System Maintenance, Water Business & Solution; 城镇“一水两污”系统解决方案提供商
合续环境科技股份有限公司是一家集研发、生产、销售、运维、服务为一体，产品覆盖城镇“一水两污”领域的综合性环境科技企业。
公司深耕污水处理及垃圾处理行业十余年，打造了一系列标准化、智能化、高效节能的产品，广泛应用于乡镇生活污水分散式处理、农村生活污水小集中/联户分户处理、城市分布式污水处理及资源化利用、合流制溢流污染治理、养殖尾水处理、县域生活垃圾及渗滤液处理等多个领域。
合续科技秉持“创新引领、追求卓越”的理念，凭借矩阵化的产品分布在环保领域形; OBM","Water Purification Equipment, Solid Waste Treatment & Incineration System, Wastewater Recycling Technology & Equipment, Sewage Treatment & System Maintenance, Water Business & Solution; 城镇“一水两污”系统解决方案提供商
合续环境科技股份有限公司是一家集研发、生产、销售、运维、服务为一体，产品覆盖城镇“一水两污”领域的综合性环境科技企业。
公司深耕污水处理及垃圾处理行业十余年，打造了一系列标准化、智能化、高效节能的产品，广泛应用于乡镇生活污水分散式处理、农村生活污水小集中/联户分户处理、城市分布式污水处理及资源化利用、合流制溢流污染治理、养殖尾水处理、县域生活垃圾及渗滤液处理等多个领域。
合续科技秉持“创新引领、追求卓越”的理念，凭借矩阵化的产品分布在环保领域形; OBM",https://www.hktdc.com/event/ecoexpoasia/en/exhibitor/1S005TQLJ,0,
Green AI Technology Limited,Green AI Technology Limited,Hong Kong,"Established in June 2023, Green AI Technology Limited (Green AI) is an innovative spin-off company from the Hong Kong Industrial Artificial Intelligence & Robotics Centre (FLAIR). FLAIR, founded by Hong Kong Productivity Council (HKPC), being part of AIR@InnoHK established by InnoHK Clusters of HKSAR Government. Green AI joined HKSTP incubation program in April 2024. Green AI aims to lead the transformation of the green industry into a sustainable ecosystem and foster a high productivity working environments for all industries. Green AI Technology Limited provides a wide range of AI solutions including computer vision, data analysis and robotics technology in the Waste Management Industry. Green AI specializes in Digitalization and recycling technology development. It has developed the first of its kind AI-driven waste sorting system for fine-grained sorting deployed in Hong Kong.","Established in June 2023, Green AI Technology Limited (Green AI) is an innovative spin-off company from the Hong Kong Industrial Artificial Intelligence & Robotics Centre (FLAIR). FLAIR, founded by Hong Kong Productivity Council (HKPC), being part of AIR@InnoHK established by InnoHK Clusters of HKSAR Government. Green AI joined HKSTP incubation program in April 2024. Green AI aims to lead the transformation of the green industry into a sustainable ecosystem and foster a high productivity working environments for all industries. Green AI Technology Limited provides a wide range of AI solutions including computer vision, data analysis and robotics technology in the Waste Management Industry. Green AI specializes in Digitalization and recycling technology development. It has developed the first of its kind AI-driven waste sorting system for fine-grained sorting deployed in Hong Kong.",,Exhibitor,Eco Expo Asia 2025,3-A14,Environmental Campaign Committee Pavilion,Environmental Campaign Committee Pavilion,1,,,"Organic Waste Treatment, Solid Waste Treatment & Incineration System, Food Waste Process, Waste Electronics & Electrical Appliance Treatment and Recycling System, Transport, Solid Waste Recycling Technology & Equipment, Digital Approach Technology to ESG, Clothes and Textile Recycling, ESG reporting tools; Green AI Technology Limited provides a wide range of AI solutions including computer vision, data analysis and robotics technology in the Waste Management Industry. We specializes in Digitalization and recycling technology development.; OBM, ODM","Organic Waste Treatment, Solid Waste Treatment & Incineration System, Food Waste Process, Waste Electronics & Electrical Appliance Treatment and Recycling System, Transport, Solid Waste Recycling Technology & Equipment, Digital Approach Technology to ESG, Clothes and Textile Recycling, ESG reporting tools; Green AI Technology Limited provides a wide range of AI solutions including computer vision, data analysis and robotics technology in the Waste Management Industry. We specializes in Digitalization and recycling technology development.; OBM, ODM",https://www.hktdc.com/event/ecoexpoasia/en/exhibitor/1S005RLCF,12,https://www.hktdc.com/event/ecoexpoasia/en/product/1Z03ODZEV; https://www.hktdc.com/event/ecoexpoasia/en/product/1Z03ODZEV; https://www.hktdc.com/event/ecoexpoasia/en/product/1Z03ODZ6J; https://www.hktdc.com/event/ecoexpoasia/en/product/1Z03ODZ6J; https://www.hktdc.com/event/ecoexpoasia/en/product/1Z03NOL6X; https://www.hktdc.com/event/ecoexpoasia/en/product/1Z03NOL6X; https://www.hktdc.com/event/ecoexpoasia/en/product/1Z03NMJMN; https://www.hktdc.com/event/ecoexpoasia/en/product/1Z03NMJMN; https://www.hktdc.com/event/ecoexpoasia/en/product/1Z03NMK9P; https://www.hktdc.com/event/ecoexpoasia/en/product/1Z03NMK9P; https://www.hktdc.com/event/ecoexpoasia/en/product/1Z03NMK44; https://www.hktdc.com/event/ecoexpoasia/en/product/1Z03NMK44
SANY TURBO FLY MACHINE LIMITED,SANY TURBO FLY MACHINE LIMITED,Hong Kong,The Only Wholly-owned Agency Subsidiary of Sany Group In Hong Kong and Macau,The Only Wholly-owned Agency Subsidiary of Sany Group In Hong Kong and Macau,,Exhibitor,Eco Expo Asia 2025,6-C24,Green and Smart Mobility,,1,,,"Energy Storage Technology, Wind Power, Solar Power, Energy Efficient Device & Products, Smart Grid; SANY; ODM, OBM, Others","Energy Storage Technology, Wind Power, Solar Power, Energy Efficient Device & Products, Smart Grid; SANY; ODM, OBM, Others",https://www.hktdc.com/event/ecoexpoasia/en/exhibitor/1S005RLWR,0,
"Guangdong Aoheng Environmental Protection Technology Co., Ltd.","Guangdong Aoheng Environmental Protection Technology Co., Ltd.",Chinese Mainland,"Water Purification Equipment, Bio-degradable & Eco-friendly Raw Material","Water Purification Equipment, Bio-degradable & Eco-friendly Raw Material",,Exhibitor,Eco Expo Asia 2025,3-F02,Guangzhou Pavilion,Guangzhou Pavilion,1,,,"Water Purification Equipment, Bio-degradable & Eco-friendly Raw Material; 1. Evaporimeter 
2. Special membrane
3. Pile tower; Others","Water Purification Equipment, Bio-degradable & Eco-friendly Raw Material; 1. Evaporimeter 
2. Special membrane
3. Pile tower; Others",https://www.hktdc.com/event/ecoexpoasia/en/exhibitor/1S005TTSV,12,https://www.hktdc.com/event/ecoexpoasia/en/product/1Z03J44W8; https://www.hktdc.com/event/ecoexpoasia/en/product/1Z03J44W8; https://www.hktdc.com/event/ecoexpoasia/en/product/1Z03J451S; https://www.hktdc.com/event/ecoexpoasia/en/product/1Z03J451S; https://www.hktdc.com/event/ecoexpoasia/en/product/1Z03J443N; https://www.hktdc.com/event/ecoexpoasia/en/product/1Z03J443N; https://www.hktdc.com/event/ecoexpoasia/en/product/1Z03J457A; https://www.hktdc.com/event/ecoexpoasia/en/product/1Z03J457A; https://www.hktdc.com/event/ecoexpoasia/en/product/1Z03J452P; https://www.hktdc.com/event/ecoexpoasia/en/product/1Z03J452P; https://www.hktdc.com/event/ecoexpoasia/en/product/1Z03J44SK; https://www.hktdc.com/event/ecoexpoasia/en/product/1Z03J44SK
Azure Era Energy Saving Technology (Hong Kong) Company Limited,Azure Era Energy Saving Technology (Hong Kong) Company Limited,Hong Kong,"Azure Era is at the forefront of revolutionary radiative cooling optical coating technology. Driven by a mission to transform energy efficiency, our innovative solutions harness the power of passive cooling to deliver unparalleled performance under direct sunlight.","Azure Era is at the forefront of revolutionary radiative cooling optical coating technology. Driven by a mission to transform energy efficiency, our innovative solutions harness the power of passive cooling to deliver unparalleled performance under direct sunlight.",,Exhibitor,Eco Expo Asia 2025,3-F20,HKSTP Pavilion,HKSTP Pavilion,1,,,"Vehicle Battery and Energy Storage Technology, Maritime Logistics, Eco-friendly Auto Parts & Accessories for Vehicle, Air Transportation, Energy Storage Technology, Energy Efficient Device & Products, Decarbonisation Management, Architectural & Design Service, Eco-friendly Material for Construction & Fitting, Solar Power; Our cutting-edge optical cooling films and coatings have been meticulously engineered to drive sustainable transformation across a wide range of sectors, including automotive, communication, data centers, power infrastructure, petrochemicals, storage; OEM","Vehicle Battery and Energy Storage Technology, Maritime Logistics, Eco-friendly Auto Parts & Accessories for Vehicle, Air Transportation, Energy Storage Technology, Energy Efficient Device & Products, Decarbonisation Management, Architectural & Design Service, Eco-friendly Material for Construction & Fitting, Solar Power; Our cutting-edge optical cooling films and coatings have been meticulously engineered to drive sustainable transformation across a wide range of sectors, including automotive, communication, data centers, power infrastructure, petrochemicals, storage; OEM",https://www.hktdc.com/event/ecoexpoasia/en/exhibitor/1S005RM7T,2,https://www.hktdc.com/event/ecoexpoasia/en/product/1Z03MWM5Z; https://www.hktdc.com/event/ecoexpoasia/en/product/1Z03MWM5Z
Baguio Green Technology Limited,Baguio Green Technology Limited,Hong Kong,"Originated in 1980, Baguio Green Group (stock code: 1397.HK) is committed to creating and maintaining a Clean & Green environment for the society. Over the years, Baguio has developed into a group of well-established and socially responsible companies providing integrated environmental services, ranging from professional cleaning, waste collection & recycling, waste management, green technology, organic fertilizer, horticulture & landscaping, and integrated pest management to the HKSAR Government, public utilities, and private corporations.","Originated in 1980, Baguio Green Group (stock code: 1397.HK) is committed to creating and maintaining a Clean & Green environment for the society. Over the years, Baguio has developed into a group of well-established and socially responsible companies providing integrated environmental services, ranging from professional cleaning, waste collection & recycling, waste management, green technology, organic fertilizer, horticulture & landscaping, and integrated pest management to the HKSAR Government, public utilities, and private corporations.",,Exhibitor,Eco Expo Asia 2025,3-G30,Circular Economy and Waste Management,,1,,,"Biological Treatment Equipment, Organic Waste Treatment, Transport, Recycled Plastic Product, Food Waste Process, Street Cleaning & Maintenance Service, Organic Product, Environmental Protection Service and Research, Solid Waste Recycling Technology & Equipment; Professional cleaning, waste collection & recycling, waste management, green technology, organic fertilizer, horticulture & landscaping, and integrated pest management; Others","Biological Treatment Equipment, Organic Waste Treatment, Transport, Recycled Plastic Product, Food Waste Process, Street Cleaning & Maintenance Service, Organic Product, Environmental Protection Service and Research, Solid Waste Recycling Technology & Equipment; Professional cleaning, waste collection & recycling, waste management, green technology, organic fertilizer, horticulture & landscaping, and integrated pest management; Others",https://www.hktdc.com/event/ecoexpoasia/en/exhibitor/1S005RLDC,4,https://www.hktdc.com/event/ecoexpoasia/en/product/1Z03MXS5T; https://www.hktdc.com/event/ecoexpoasia/en/product/1Z03MXS5T; https://www.hktdc.com/event/ecoexpoasia/en/product/1Z03MXSQ2; https://www.hktdc.com/event/ecoexpoasia/en/product/1Z03MXSQ2
Cafea Smart City Limited,Cafea Smart City Limited,Hong Kong,"Energy Storage Technology, Vehicle Battery and Energy Storage Technology, Energy and Charging Infrastructure, Smart Grid","Energy Storage Technology, Vehicle Battery and Energy Storage Technology, Energy and Charging Infrastructure, Smart Grid",,Exhibitor,Eco Expo Asia 2025,3-A14,Environmental Campaign Committee Pavilion,Environmental Campaign Committee Pavilion,1,,,"Energy Storage Technology, Vehicle Battery and Energy Storage Technology, Energy and Charging Infrastructure, Smart Grid; Smart EV Charger and EV Charging management systems
Technical brochures; OEM","Energy Storage Technology, Vehicle Battery and Energy Storage Technology, Energy and Charging Infrastructure, Smart Grid; Smart EV Charger and EV Charging management systems
Technical brochures; OEM",https://www.hktdc.com/event/ecoexpoasia/en/exhibitor/1S005SPCB,0,
"China Energy Conservation & Environmental Protection (Hong Kong) Investment Co., Limited","China Energy Conservation & Environmental Protection (Hong Kong) Investment Co., Limited",Hong Kong,"CECEPHK is the first overseas subsidiary wholly owned by CECEP.CECEP is the only state-owned company which is directly sponsored by central government, specialized in energy conservation and environmental protection. CECEPEC provides customers with a diverse range of professional consulting services and committed to tailor all-round solutions for customers. CECEP (HK) Treasury Management Co., Ltd. was established in 2018 and offer CECEP and its member enterprises professional comprehensive financial services.","CECEPHK is the first overseas subsidiary wholly owned by CECEP.CECEP is the only state-owned company which is directly sponsored by central government, specialized in energy conservation and environmental protection. CECEPEC provides customers with a diverse range of professional consulting services and committed to tailor all-round solutions for customers. CECEP (HK) Treasury Management Co., Ltd. was established in 2018 and offer CECEP and its member enterprises professional comprehensive financial services.",,Exhibitor,Eco Expo Asia 2025,3-F30,Circular Economy and Waste Management,,1,,,"Solid Waste Treatment & Incineration System, Transport, Architectural & Design Service, Organic Waste Treatment, Solid Waste Recycling Technology & Equipment, Digital Approach Technology to ESG, Environmental Research & Consultation, Wind Power, ESG reporting tools, Solar Power; CECEPHK is the first overseas subsidiary wholly owned by CECEP. CECEP is the only state-owned company which is directly sponsored by central government, specialized in energy conservation and environmental protection.; Others","Solid Waste Treatment & Incineration System, Transport, Architectural & Design Service, Organic Waste Treatment, Solid Waste Recycling Technology & Equipment, Digital Approach Technology to ESG, Environmental Research & Consultation, Wind Power, ESG reporting tools, Solar Power; CECEPHK is the first overseas subsidiary wholly owned by CECEP. CECEP is the only state-owned company which is directly sponsored by central government, specialized in energy conservation and environmental protection.; Others",https://www.hktdc.com/event/ecoexpoasia/en/exhibitor/1S005RKXP,22,https://www.hktdc.com/event/ecoexpoasia/en/product/1Z03EGFCL; https://www.hktdc.com/event/ecoexpoasia/en/product/1Z03EGFCL; https://www.hktdc.com/event/ecoexpoasia/en/product/1Z03EGL36; https://www.hktdc.com/event/ecoexpoasia/en/product/1Z03EGL36; https://www.hktdc.com/event/ecoexpoasia/en/product/1Z03EGJT2; https://www.hktdc.com/event/ecoexpoasia/en/product/1Z03EGJT2; https://www.hktdc.com/event/ecoexpoasia/en/product/1Z03EGIDF; https://www.hktdc.com/event/ecoexpoasia/en/product/1Z03EGIDF; https://www.hktdc.com/event/ecoexpoasia/en/product/1Z03H81SN; https://www.hktdc.com/event/ecoexpoasia/en/product/1Z03H81SN; https://www.hktdc.com/event/ecoexpoasia/en/product/1Z03H81TK; https://www.hktdc.com/event/ecoexpoasia/en/product/1Z03H81TK; https://www.hktdc.com/event/ecoexpoasia/en/product/1Z03H81M5; https://www.hktdc.com/event/ecoexpoasia/en/product/1Z03H81M5; https://www.hktdc.com/event/ecoexpoasia/en/product/1Z03EGHJY; https://www.hktdc.com/event/ecoexpoasia/en/product/1Z03EGHJY; https://www.hktdc.com/event/ecoexpoasia/en/product/1X24JR5M; https://www.hktdc.com/event/ecoexpoasia/en/product/1X24JR5M; https://www.hktdc.com/event/ecoexpoasia/en/product/1Z03H81RQ; https://www.hktdc.com/event/ecoexpoasia/en/product/1Z03H81RQ; https://www.hktdc.com/event/ecoexpoasia/en/product/1Z03EGMDB; https://www.hktdc.com/event/ecoexpoasia/en/product/1Z03EGMDB
Comate (Hong Kong) Limited,Comate (Hong Kong) Limited,Hong Kong,"Air Pollution & Gas Emission Control, Gas","Air Pollution & Gas Emission Control, Gas",,Exhibitor,Eco Expo Asia 2025,3-F20,HKSTP Pavilion,HKSTP Pavilion,1,,,"Air Pollution & Gas Emission Control, Gas; ""Vapor Recovery intelligent Monitoring and Control System"" is specifically designed to address the pain points of gas station vapor recovery systems.; OBM","Air Pollution & Gas Emission Control, Gas; ""Vapor Recovery intelligent Monitoring and Control System"" is specifically designed to address the pain points of gas station vapor recovery systems.; OBM",https://www.hktdc.com/event/ecoexpoasia/en/exhibitor/1S005RLS3,0,
Esgeniuses System Technology Limited,Esgeniuses System Technology Limited,Hong Kong,"ESGeniuses System Technology Limited is a deep-tech company specializing in Environmental, Social, and Governance (ESG) data management solutions. Our flagship platform, ESGenius, is an AI-driven, blockchain-secured, cloud-based Sustainability Operating System designed to streamline ESG data collection, performance tracking, and compliance readiness for organizations of all sizes.","ESGeniuses System Technology Limited is a deep-tech company specializing in Environmental, Social, and Governance (ESG) data management solutions. Our flagship platform, ESGenius, is an AI-driven, blockchain-secured, cloud-based Sustainability Operating System designed to streamline ESG data collection, performance tracking, and compliance readiness for organizations of all sizes.",,Exhibitor,Eco Expo Asia 2025,3-A14,Environmental Campaign Committee Pavilion,Environmental Campaign Committee Pavilion,1,,,"Building Performance & BIM, Green Financing, ESG reporting tools, Environmental Electronic Surveillance, Indoor Air Quality Technology & System, Environmental Information & Data Processing, Air Purification, Wastewater Recycling Technology & Equipment; Aegis: Blockchain-based ESG data authentication;Cipher: IoT data processing;Axis: Centralized ESG data aggregation,detection;Polaris: Compliance readiness aligned with HKEX, ISSB, and TCFD;API Gateway 3rd party ESG data verification and audit access.; OEM","Building Performance & BIM, Green Financing, ESG reporting tools, Environmental Electronic Surveillance, Indoor Air Quality Technology & System, Environmental Information & Data Processing, Air Purification, Wastewater Recycling Technology & Equipment; Aegis: Blockchain-based ESG data authentication;Cipher: IoT data processing;Axis: Centralized ESG data aggregation,detection;Polaris: Compliance readiness aligned with HKEX, ISSB, and TCFD;API Gateway 3rd party ESG data verification and audit access.; OEM",https://www.hktdc.com/event/ecoexpoasia/en/exhibitor/1S005SLVU,0,
Formwork IO Limited,Formwork IO Limited,Hong Kong,"Eco-friendly Material for Construction & Fitting, Material for Road Construction","Eco-friendly Material for Construction & Fitting, Material for Road Construction",,Exhibitor,Eco Expo Asia 2025,3-F20,HKSTP Pavilion,HKSTP Pavilion,1,,,"Eco-friendly Material for Construction & Fitting, Material for Road Construction; Circular Carbon Bricks and Sponge Tiles; OBM","Eco-friendly Material for Construction & Fitting, Material for Road Construction; Circular Carbon Bricks and Sponge Tiles; OBM",https://www.hktdc.com/event/ecoexpoasia/en/exhibitor/1S005RM1B,0,
Locolla Limited,Locolla Limited,Hong Kong,Eco-friendly Vehicle,Eco-friendly Vehicle,,Exhibitor,Eco Expo Asia 2025,3-A14,Environmental Campaign Committee Pavilion,Environmental Campaign Committee Pavilion,1,,,"Eco-friendly Vehicle; Since 2017, LocoBike has powered green commuting across Hong Kong. 650k riders use our bikes to cut carbon and link neighborhoods. Find, unlock, and ride via the app-quick, easy, eco-friendly. Pedal with us toward a cleaner future.; Others","Eco-friendly Vehicle; Since 2017, LocoBike has powered green commuting across Hong Kong. 650k riders use our bikes to cut carbon and link neighborhoods. Find, unlock, and ride via the app-quick, easy, eco-friendly. Pedal with us toward a cleaner future.; Others",https://www.hktdc.com/event/ecoexpoasia/en/exhibitor/1S005SQJP,0,
Replastic Hong Kong Limited,Replastic Hong Kong Limited,Hong Kong,"Replastic HK Ltd uses locally recycled plastics to produce building materials for the construction industry in Hong Kong. Our team focuses on engineering plastics that comply with building regulations and are suitable for real world applications. With advanced robotic 3D printing, we manufacture architectural products, building components, and art installations. Our goal is to provide reliable, sustainable solutions that help reuse plastic waste in construction.","Replastic HK Ltd uses locally recycled plastics to produce building materials for the construction industry in Hong Kong. Our team focuses on engineering plastics that comply with building regulations and are suitable for real world applications. With advanced robotic 3D printing, we manufacture architectural products, building components, and art installations. Our goal is to provide reliable, sustainable solutions that help reuse plastic waste in construction.",,Exhibitor,Eco Expo Asia 2025,3-A14,Environmental Campaign Committee Pavilion,Environmental Campaign Committee Pavilion,1,,,"Eco-friendly Material for Construction & Fitting, Recycled Plastic Product, Solid Waste Recycling Technology & Equipment; Converts low-value recycled plastics into flame-retardant materials that comply with building regulations,
Advanced 3D robotic printing enables the flexible fabrication of complex building components, public furniture, and artwork.; ODM, OEM","Eco-friendly Material for Construction & Fitting, Recycled Plastic Product, Solid Waste Recycling Technology & Equipment; Converts low-value recycled plastics into flame-retardant materials that comply with building regulations,
Advanced 3D robotic printing enables the flexible fabrication of complex building components, public furniture, and artwork.; ODM, OEM",https://www.hktdc.com/event/ecoexpoasia/en/exhibitor/1S005T03R,0,
Robocore Technology Limited,Robocore Technology Limited,Hong Kong,"Robocore is a professional provider of comprehensive robotics solutions, headquartered in Hong Kong. Its temi service robot boasts a world-leading autonomous navigation system, incorporating efficient algorithms and AI technology. It features multiple capabilities, including intelligent following, dynamic path planning, and remote video control. Since its launch, the temi robot has been widely deployed in over 30 countries and regions across sectors such as smart offices, healthcare, government, and supermarkets, bringing innovative user experiences and commercial value. Robocore also offers building inspection and patrol robots, panoramic four-screen advertising robots, high-end restaurant service robots, and a universal navigation chassis, aiming to meet diverse customer needs and providing customized hardware and software development services.","Robocore is a professional provider of comprehensive robotics solutions, headquartered in Hong Kong. Its temi service robot boasts a world-leading autonomous navigation system, incorporating efficient algorithms and AI technology. It features multiple capabilities, including intelligent following, dynamic path planning, and remote video control. Since its launch, the temi robot has been widely deployed in over 30 countries and regions across sectors such as smart offices, healthcare, government, and supermarkets, bringing innovative user experiences and commercial value. Robocore also offers building inspection and patrol robots, panoramic four-screen advertising robots, high-end restaurant service robots, and a universal navigation chassis, aiming to meet diverse customer needs and providing customized hardware and software development services.",,Exhibitor,Eco Expo Asia 2025,3-A14,Environmental Campaign Committee Pavilion,Environmental Campaign Committee Pavilion,1,,,"Energy Efficient Device & Products, Building Performance & BIM; Temi is an Android-based AI robot that provide intelligent solutions for business or personal needs. Our company offers high level of customization in hardware and software to help companies reduce operation cost and increase efficiency.; OBM","Energy Efficient Device & Products, Building Performance & BIM; Temi is an Android-based AI robot that provide intelligent solutions for business or personal needs. Our company offers high level of customization in hardware and software to help companies reduce operation cost and increase efficiency.; OBM",https://www.hktdc.com/event/ecoexpoasia/en/exhibitor/1S005TNTY,0,
Snapp Ocean Data Solutions Limited,Snapp Ocean Data Solutions Limited,Hong Kong,"SNAPP Ocean Data Solutions Limited is a robotics engineering company that designs and builds advanced biomimetic robotics solutions to collect ocean data at scale to primarily support ocean conservation efforts, enhance sustainable aquaculture practices and promote the development of the blue economy. Our flagship technology is a biomimetic robotic fish drone. Designed to mimic the natural swimming motion and behaviour of a fish, the drone serves as a versatile, non-intrusive and effective tool for environmental monitoring of coastal waters, providing real-time data on water quality, marine life activity and ecosystem health while minimising disturbance to marine life and the surrounding environment. The robotic fish broke the Guinness World Record thrice for being the fastest swimming robotic fish in the world. It has achieved the minimum viable prototype stage and has been utilised to service our early clients. It is currently equipped with water quality monitoring sensors and specially designed videography for collecting ocean data.","SNAPP Ocean Data Solutions Limited is a robotics engineering company that designs and builds advanced biomimetic robotics solutions to collect ocean data at scale to primarily support ocean conservation efforts, enhance sustainable aquaculture practices and promote the development of the blue economy. Our flagship technology is a biomimetic robotic fish drone. Designed to mimic the natural swimming motion and behaviour of a fish, the drone serves as a versatile, non-intrusive and effective tool for environmental monitoring of coastal waters, providing real-time data on water quality, marine life activity and ecosystem health while minimising disturbance to marine life and the surrounding environment. The robotic fish broke the Guinness World Record thrice for being the fastest swimming robotic fish in the world. It has achieved the minimum viable prototype stage and has been utilised to service our early clients. It is currently equipped with water quality monitoring sensors and specially designed videography for collecting ocean data.",,Exhibitor,Eco Expo Asia 2025,3-F20,HKSTP Pavilion,HKSTP Pavilion,1,,,"Environmental Research & Consultation, Environmental Electronic Surveillance, Environmental Information & Data Processing, Maritime Logistics, Water Transportation; Snapp Ocean Solutions is AI-powered robotic fish to monitor coastal damage and restoration, providing real-time insights through a platform.; Others, OEM","Environmental Research & Consultation, Environmental Electronic Surveillance, Environmental Information & Data Processing, Maritime Logistics, Water Transportation; Snapp Ocean Solutions is AI-powered robotic fish to monitor coastal damage and restoration, providing real-time insights through a platform.; Others, OEM",https://www.hktdc.com/event/ecoexpoasia/en/exhibitor/1S005RM5Z,0,
Smartech Pavement Limited,Smartech Pavement Limited,Hong Kong,"SmarTech Pavement Limited is a start-up company focusing on innovative and environmentally friendly pavement materials. Leveraging on its strong research background, SmarTech Pavement Limited has been focusing on the development and application of technology in the field of asphalt pavement construction and maintenance. We are funded by the Ideation Program of Hong Kong Science & Technology Parks Corporation and PolyU Entrepreneurship Programme of The Hong Kong Polytechnic University. Our team consists of professors, post-doctoral researchers and experienced pavement project engineers from top universities at home and abroad. The team has been deeply engaged in the pavement field for nearly 20 years, and is committed to the research and development of efficient, environmentally friendly, aesthetically-pleasing, and sustainable pavement materials. Our products have excellent environmental characteristics while guaranteeing outstanding performance. While realizing the innovation of cutting-edge scientific research, we also fully consider the feasibility of project construction. We look forward to working with you to promote the development of green and efficient transport infrastructure and create a better environment for urban life!","SmarTech Pavement Limited is a start-up company focusing on innovative and environmentally friendly pavement materials. Leveraging on its strong research background, SmarTech Pavement Limited has been focusing on the development and application of technology in the field of asphalt pavement construction and maintenance. We are funded by the Ideation Program of Hong Kong Science & Technology Parks Corporation and PolyU Entrepreneurship Programme of The Hong Kong Polytechnic University. Our team consists of professors, post-doctoral researchers and experienced pavement project engineers from top universities at home and abroad. The team has been deeply engaged in the pavement field for nearly 20 years, and is committed to the research and development of efficient, environmentally friendly, aesthetically-pleasing, and sustainable pavement materials. Our products have excellent environmental characteristics while guaranteeing outstanding performance. While realizing the innovation of cutting-edge scientific research, we also fully consider the feasibility of project construction. We look forward to working with you to promote the development of green and efficient transport infrastructure and create a better environment for urban life!",,Exhibitor,Eco Expo Asia 2025,3-F20,HKSTP Pavilion,HKSTP Pavilion,1,,,"Eco-friendly Material for Construction & Fitting, Environmental Protection Service and Research, Government Department, Material for Road Construction; No-milling & No-heating Pavement (NNP) is an eco-friendly and cost-saving pavement maintenance method. A 1cm layer at room temperature offers superior performance, like skid resistance, noise reduction and drainage. Colored versions also available.; Others","Eco-friendly Material for Construction & Fitting, Environmental Protection Service and Research, Government Department, Material for Road Construction; No-milling & No-heating Pavement (NNP) is an eco-friendly and cost-saving pavement maintenance method. A 1cm layer at room temperature offers superior performance, like skid resistance, noise reduction and drainage. Colored versions also available.; Others",https://www.hktdc.com/event/ecoexpoasia/en/exhibitor/1S005RLUX,6,https://www.hktdc.com/event/ecoexpoasia/en/product/1Z03OKFYR; https://www.hktdc.com/event/ecoexpoasia/en/product/1Z03OKFYR; https://www.hktdc.com/event/ecoexpoasia/en/product/1Z03MYA4E; https://www.hktdc.com/event/ecoexpoasia/en/product/1Z03MYA4E; https://www.hktdc.com/event/ecoexpoasia/en/product/1Z03MYFU3; https://www.hktdc.com/event/ecoexpoasia/en/product/1Z03MYFU3
afterNATURE Limited,afterNATURE Limited,Hong Kong,,,,Exhibitor,Eco Expo Asia 2025,3-F20,HKSTP Pavilion,HKSTP Pavilion,1,,,"We provide a comprehensive package for coastal adaptation and solutions to enhance biodiversity, integrity and health in coastal ecosystems, including nature-based waterfront design, provision, monitoring and reporting of coastal habitat units.; OBM","We provide a comprehensive package for coastal adaptation and solutions to enhance biodiversity, integrity and health in coastal ecosystems, including nature-based waterfront design, provision, monitoring and reporting of coastal habitat units.; OBM",https://www.hktdc.com/event/ecoexpoasia/en/exhibitor/1S005RLVU,0,
"Easy-Carbon Technology (Guangdong) Co., Ltd","Easy-Carbon Technology (Guangdong) Co., Ltd",Chinese Mainland,"Easy Carbon Technology (Guangdong) Co., Ltd. (hereinafter referred to as ""Easy Carbon Technology"") is a high-tech company dedicated to empowering enterprises to address climate change risk management and green low-carbon transformation. The company's main business includes: energy-saving and carbon-reducing technology solutions; carbon management and carbon asset development services; international sustainable development consulting services; and ecological environmental protection technology services. E-Carbon Technology was selected as the China regional agency for Amazon Climate Partner carbon neutrality service providers in December 2023 (one of six nationwide, and the only one in Guangzhou). It has been included in the Guangzhou Nansha Guangdong-Hong Kong-Macao Greater Bay Area Climate Investment and Financing Center as a professional service provider for climate-friendly evaluation (one of five). It is also an official service provider for Amazon SPN. At the same time, it actively expands industry-university-research cooperation, and has deep cooperation with Central South University and Guangzhou University in the industrialization of green and low-carbon technologies. It has received strong support from many university experts and professors.","Easy Carbon Technology (Guangdong) Co., Ltd. (hereinafter referred to as ""Easy Carbon Technology"") is a high-tech company dedicated to empowering enterprises to address climate change risk management and green low-carbon transformation. The company's main business includes: energy-saving and carbon-reducing technology solutions; carbon management and carbon asset development services; international sustainable development consulting services; and ecological environmental protection technology services. E-Carbon Technology was selected as the China regional agency for Amazon Climate Partner carbon neutrality service providers in December 2023 (one of six nationwide, and the only one in Guangzhou). It has been included in the Guangzhou Nansha Guangdong-Hong Kong-Macao Greater Bay Area Climate Investment and Financing Center as a professional service provider for climate-friendly evaluation (one of five). It is also an official service provider for Amazon SPN. At the same time, it actively expands industry-university-research cooperation, and has deep cooperation with Central South University and Guangzhou University in the industrialization of green and low-carbon technologies. It has received strong support from many university experts and professors.",,Exhibitor,Eco Expo Asia 2025,3-F02,Guangzhou Pavilion,Guangzhou Pavilion,1,,,"Bio-degradable & Eco-friendly Raw Material, Air Purification, Recycled Textile Product, Sewage Treatment & System Maintenance, Decarbonisation Management, Recycled Plastic Product, Recycled Product; Amazon Climate Friendly Commitment Certification, Corporate Carbon Management Technical Solutions, Carbon Asset Development and Trading, CBAM EU Carbon Tariff Services, Scientific Carbon Target SBTI, Environmental Technology Service Solutions; Others","Bio-degradable & Eco-friendly Raw Material, Air Purification, Recycled Textile Product, Sewage Treatment & System Maintenance, Decarbonisation Management, Recycled Plastic Product, Recycled Product; Amazon Climate Friendly Commitment Certification, Corporate Carbon Management Technical Solutions, Carbon Asset Development and Trading, CBAM EU Carbon Tariff Services, Scientific Carbon Target SBTI, Environmental Technology Service Solutions; Others",https://www.hktdc.com/event/ecoexpoasia/en/exhibitor/1S005TSME,10,https://www.hktdc.com/event/ecoexpoasia/en/product/1Z03OM1VE; https://www.hktdc.com/event/ecoexpoasia/en/product/1Z03OM1VE; https://www.hktdc.com/event/ecoexpoasia/en/product/1Z03OM5Y1; https://www.hktdc.com/event/ecoexpoasia/en/product/1Z03OM5Y1; https://www.hktdc.com/event/ecoexpoasia/en/product/1Z03OM5JA; https://www.hktdc.com/event/ecoexpoasia/en/product/1Z03OM5JA; https://www.hktdc.com/event/ecoexpoasia/en/product/1Z03OM5PS; https://www.hktdc.com/event/ecoexpoasia/en/product/1Z03OM5PS; https://www.hktdc.com/event/ecoexpoasia/en/product/1Z03OM63L; https://www.hktdc.com/event/ecoexpoasia/en/product/1Z03OM63L
"Guangdong Sino-co-flourish Environmental Protection Technology Co., Ltd","Guangdong Sino-co-flourish Environmental Protection Technology Co., Ltd",Chinese Mainland,Air Pollution & Gas Emission Control,Air Pollution & Gas Emission Control,,Exhibitor,Eco Expo Asia 2025,3-F02,Guangzhou Pavilion,Guangzhou Pavilion,1,,,"Air Pollution & Gas Emission Control; MEMS Intelligent Gas Monitor:Independently developed by CAS. MEMS-based sensor with molecular deposition, proprietary materials and AI algorithms. Provides precise gas data for environmental monitoring and pollution control.; OBM","Air Pollution & Gas Emission Control; MEMS Intelligent Gas Monitor:Independently developed by CAS. MEMS-based sensor with molecular deposition, proprietary materials and AI algorithms. Provides precise gas data for environmental monitoring and pollution control.; OBM",https://www.hktdc.com/event/ecoexpoasia/en/exhibitor/1S005TSVN,4,https://www.hktdc.com/event/ecoexpoasia/en/product/1Z03ONY5N; https://www.hktdc.com/event/ecoexpoasia/en/product/1Z03ONY5N; https://www.hktdc.com/event/ecoexpoasia/en/product/1Z03ONYXB; https://www.hktdc.com/event/ecoexpoasia/en/product/1Z03ONYXB
"Guangzhou Cosmo Environmental Technology Co., Ltd.","Guangzhou Cosmo Environmental Technology Co., Ltd.",Chinese Mainland,"Solid Waste Recycling Technology & Equipment, Solid Waste Treatment & Incineration System","Solid Waste Recycling Technology & Equipment, Solid Waste Treatment & Incineration System",,Exhibitor,Eco Expo Asia 2025,3-F02,Guangzhou Pavilion,Guangzhou Pavilion,1,,,"Solid Waste Recycling Technology & Equipment, Solid Waste Treatment & Incineration System; COSMO has been providing environmental and resource recycling services since 2007. Its services consist of R&D of environmental protection and industry waste recycling technologies, treatment and reutilization of hazardous industrial wastes; OBM","Solid Waste Recycling Technology & Equipment, Solid Waste Treatment & Incineration System; COSMO has been providing environmental and resource recycling services since 2007. Its services consist of R&D of environmental protection and industry waste recycling technologies, treatment and reutilization of hazardous industrial wastes; OBM",https://www.hktdc.com/event/ecoexpoasia/en/exhibitor/1S005TSWK,6,https://www.hktdc.com/event/ecoexpoasia/en/product/1Z03ON1Y5; https://www.hktdc.com/event/ecoexpoasia/en/product/1Z03ON1Y5; https://www.hktdc.com/event/ecoexpoasia/en/product/1Z03OOL36; https://www.hktdc.com/event/ecoexpoasia/en/product/1Z03OOL36; https://www.hktdc.com/event/ecoexpoasia/en/product/1Z03OOKT1; https://www.hktdc.com/event/ecoexpoasia/en/product/1Z03OOKT1
"Guangzhou Shangjie Environmental Protection Technology Co. , Ltd.","Guangzhou Shangjie Environmental Protection Technology Co. , Ltd.",Chinese Mainland,"Water Purification Equipment, Bio-degradable & Eco-friendly Raw Material","Water Purification Equipment, Bio-degradable & Eco-friendly Raw Material",,Exhibitor,Eco Expo Asia 2025,3-F02,Guangzhou Pavilion,Guangzhou Pavilion,1,,,"Water Purification Equipment, Bio-degradable & Eco-friendly Raw Material; VOCs and Odorous Gas Treatment Technology, Heterogeneous Catalytic Oxidation Treatment Technology; OBM","Water Purification Equipment, Bio-degradable & Eco-friendly Raw Material; VOCs and Odorous Gas Treatment Technology, Heterogeneous Catalytic Oxidation Treatment Technology; OBM",https://www.hktdc.com/event/ecoexpoasia/en/exhibitor/1S005TSRZ,12,https://www.hktdc.com/event/ecoexpoasia/en/product/1Z03OPQ4Y; https://www.hktdc.com/event/ecoexpoasia/en/product/1Z03OPQ4Y; https://www.hktdc.com/event/ecoexpoasia/en/product/1Z03OPQ9J; https://www.hktdc.com/event/ecoexpoasia/en/product/1Z03OPQ9J; https://www.hktdc.com/event/ecoexpoasia/en/product/1Z03OPQE4; https://www.hktdc.com/event/ecoexpoasia/en/product/1Z03OPQE4; https://www.hktdc.com/event/ecoexpoasia/en/product/1Z03OPPWN; https://www.hktdc.com/event/ecoexpoasia/en/product/1Z03OPPWN; https://www.hktdc.com/event/ecoexpoasia/en/product/1Z03ON1X8; https://www.hktdc.com/event/ecoexpoasia/en/product/1Z03ON1X8; https://www.hktdc.com/event/ecoexpoasia/en/product/1Z03ON1GN; https://www.hktdc.com/event/ecoexpoasia/en/product/1Z03ON1GN
"Sinexcel Electric Co., Ltd.","Sinexcel Electric Co., Ltd.",Chinese Mainland,"SINEXCEL, established in 2007 in Shenzhen and listed in 2017 with the stock code 300693, has its headquarters located in Shenzhen. It is a prominent power electronics technology company that specializes in the development, manufacturing, sales, and service of electric vehicle chargers, energy storage solutions, power quality products. SINEXCEL has established manufacturing bases in Huizhou and Suzhou, a R&D center in Xi'an, and subsidiaries in the United States, Germany, Australia, South Korea and Singapore. SINEXCEL's involvement in the Emobility sector began in 2010, with the introduction of a range of products including AC chargers ranging from 7 kW to 22 kW, DC chargers from 30 kW to 1280 kW, and power modules from 20 kW to 40 kW. At present, over 800,000 modules and 100,000 EV chargers running online. These diverse product offerings have been widely adopted globally, positioning Sinexcel as a leading provider of cutting-edge technologies in the industry.","SINEXCEL, established in 2007 in Shenzhen and listed in 2017 with the stock code 300693, has its headquarters located in Shenzhen. It is a prominent power electronics technology company that specializes in the development, manufacturing, sales, and service of electric vehicle chargers, energy storage solutions, power quality products. SINEXCEL has established manufacturing bases in Huizhou and Suzhou, a R&D center in Xi'an, and subsidiaries in the United States, Germany, Australia, South Korea and Singapore. SINEXCEL's involvement in the Emobility sector began in 2010, with the introduction of a range of products including AC chargers ranging from 7 kW to 22 kW, DC chargers from 30 kW to 1280 kW, and power modules from 20 kW to 40 kW. At present, over 800,000 modules and 100,000 EV chargers running online. These diverse product offerings have been widely adopted globally, positioning Sinexcel as a leading provider of cutting-edge technologies in the industry.",,Exhibitor,Eco Expo Asia 2025,3-E02,Shenzhen Pavilion,Shenzhen Pavilion,1,,,"Energy and Charging Infrastructure; Dedicated to serving EV users, SINEXCEL provides one-stop energy charging solutions through a comprehensive, intelligent, stable, and efficient ""solar, storage, charging and swapping"" integrated solution.; OBM","Energy and Charging Infrastructure; Dedicated to serving EV users, SINEXCEL provides one-stop energy charging solutions through a comprehensive, intelligent, stable, and efficient ""solar, storage, charging and swapping"" integrated solution.; OBM",https://www.hktdc.com/event/ecoexpoasia/en/exhibitor/1S005TQ17,0,
Hong Kong Productivity Council (HKPC),Hong Kong Productivity Council (HKPC),Hong Kong,"The Hong Kong Productivity Council (HKPC) is a multi-disciplinary organisation established by statute in 1967, to promote productivity excellence through relentless drive of world-class advanced technologies and innovative service offerings to support Hong Kong enterprises. As a market-driven applied research and development organisation, HKPC promotes new industrialisation in Hong Kong and the Greater Bay Area and facilitates the development of new productive forces, leveraging innovation and technology (I&T), as well as bolstering Hong Kong to be an international innovation and technology centre and a smart city. The Council offers comprehensive innovative solutions for Hong Kong industries and enterprises, enabling them to achieve resources and productivity utilisation, effectiveness and cost reduction, and enhance competitiveness in both local and overseas marketplace. The Council partners and collaborates with local industries and enterprises and world-class R&D institutes to develop applied technology solutions for value creation. It also benefits a variety of sectors through product innovation, technology transfer, and commercialisation, bringing enormous business opportunities ahead.","The Hong Kong Productivity Council (HKPC) is a multi-disciplinary organisation established by statute in 1967, to promote productivity excellence through relentless drive of world-class advanced technologies and innovative service offerings to support Hong Kong enterprises. As a market-driven applied research and development organisation, HKPC promotes new industrialisation in Hong Kong and the Greater Bay Area and facilitates the development of new productive forces, leveraging innovation and technology (I&T), as well as bolstering Hong Kong to be an international innovation and technology centre and a smart city. The Council offers comprehensive innovative solutions for Hong Kong industries and enterprises, enabling them to achieve resources and productivity utilisation, effectiveness and cost reduction, and enhance competitiveness in both local and overseas marketplace. The Council partners and collaborates with local industries and enterprises and world-class R&D institutes to develop applied technology solutions for value creation. It also benefits a variety of sectors through product innovation, technology transfer, and commercialisation, bringing enormous business opportunities ahead.",,Exhibitor,Eco Expo Asia 2025,3-F19,Hong Kong Pavilion,Hong Kong Pavilion,1,,,"Transport, Oil Recycling Technology & Equipment, ESG reporting tools, Digital Approach Technology to ESG, Environmental Research & Consultation, Recycled Product, Bio-Degradable Product, Bio-degradable & Eco-friendly Raw Material, Biological Treatment Equipment, Landfill Containment; Others","Transport, Oil Recycling Technology & Equipment, ESG reporting tools, Digital Approach Technology to ESG, Environmental Research & Consultation, Recycled Product, Bio-Degradable Product, Bio-degradable & Eco-friendly Raw Material, Biological Treatment Equipment, Landfill Containment; Others",https://www.hktdc.com/event/ecoexpoasia/en/exhibitor/1S005SQD7,0,
AI Cat International Limited,AI Cat International Limited,Hong Kong,Food Waste Process,Food Waste Process,,Exhibitor,Eco Expo Asia 2025,3-A14,Environmental Campaign Committee Pavilion,Environmental Campaign Committee Pavilion,1,,,"Food Waste Process; AICAT's Korean-sourced food waste smart bin featuring auto-weighing, deodorizing & sealed storage to reduce odor & earn Green$. Now 195 units deployed in HK.; ODM, Others","Food Waste Process; AICAT's Korean-sourced food waste smart bin featuring auto-weighing, deodorizing & sealed storage to reduce odor & earn Green$. Now 195 units deployed in HK.; ODM, Others",https://www.hktdc.com/event/ecoexpoasia/en/exhibitor/1S005T04O,0,
Achelous Pure Metal Company Limited,Achelous Pure Metal Company Limited,Hong Kong,"Achelous is a green technology company, focusing on precious metal recovery from lithium ion batteries. We are a member of Hong Kong Science & Technology Park Acceleration Program and a winner of Logitech Future Positive Challenge (Battery Section), the Hong Kong Sustainable Development Innovation and Technology Rising Star Award and World's Green Organization ESG Startup Award.","Achelous is a green technology company, focusing on precious metal recovery from lithium ion batteries. We are a member of Hong Kong Science & Technology Park Acceleration Program and a winner of Logitech Future Positive Challenge (Battery Section), the Hong Kong Sustainable Development Innovation and Technology Rising Star Award and World's Green Organization ESG Startup Award.",,Exhibitor,Eco Expo Asia 2025,3-A14,Environmental Campaign Committee Pavilion,Environmental Campaign Committee Pavilion,1,,,"Solid Waste Recycling Technology & Equipment, Waste Electronics & Electrical Appliance Treatment and Recycling System; Achelous Microfactory for Lithium Ion Batteries Recycling - backed by our proprietary Nano-I and CIONEX technologies, our system achieves over 99.5% pure, battery-grade materials - including lithium, cobalt and nickel - at 30% - 50% lower energy cost; OEM","Solid Waste Recycling Technology & Equipment, Waste Electronics & Electrical Appliance Treatment and Recycling System; Achelous Microfactory for Lithium Ion Batteries Recycling - backed by our proprietary Nano-I and CIONEX technologies, our system achieves over 99.5% pure, battery-grade materials - including lithium, cobalt and nickel - at 30% - 50% lower energy cost; OEM",https://www.hktdc.com/event/ecoexpoasia/en/exhibitor/1S005T8DP,0,
CAS TESTING TECHNICAL SERVICES (HONG KONG) COMPANY LIMITED,CAS TESTING TECHNICAL SERVICES (HONG KONG) COMPANY LIMITED,Hong Kong,,,,Exhibitor,Eco Expo Asia 2025,3-D02,Guangdong Pavilion,Guangdong Pavilion,1,,,"Zhongke Testing has accumulated extensive project experience in the environmental field. Its current coverage includes detection/monitoring areas such as water and wastewater, air and exhaust gas, soil and sediments, solid waste, noise and vibration","Zhongke Testing has accumulated extensive project experience in the environmental field. Its current coverage includes detection/monitoring areas such as water and wastewater, air and exhaust gas, soil and sediments, solid waste, noise and vibration",https://www.hktdc.com/event/ecoexpoasia/en/exhibitor/1S005TX4R,0,
Cornerstone Smart Recycling Limited,Cornerstone Smart Recycling Limited,Hong Kong,"Cornerstone Smart Recycling established in Hong Kong in 2018, a market leading solution provider that offers smart recycling infrastructure and system solutions for corporates, government and the community. Our recycling network covers 18 districts of public space across Hong Kong urban communities, featuring over 1,500 smart recycling points located in residential buildings, shopping malls, commercial and office buildings, academic institutions, transitional housing and Green@Community recycling stations. Our collection points accept a wide range of recyclables, including plastic bottles, aluminum cans, tetra paks, food waste, glass bottles, paper, metals, and plastics.","Cornerstone Smart Recycling established in Hong Kong in 2018, a market leading solution provider that offers smart recycling infrastructure and system solutions for corporates, government and the community. Our recycling network covers 18 districts of public space across Hong Kong urban communities, featuring over 1,500 smart recycling points located in residential buildings, shopping malls, commercial and office buildings, academic institutions, transitional housing and Green@Community recycling stations. Our collection points accept a wide range of recyclables, including plastic bottles, aluminum cans, tetra paks, food waste, glass bottles, paper, metals, and plastics.",,Exhibitor,Eco Expo Asia 2025,3-A14,Environmental Campaign Committee Pavilion,Environmental Campaign Committee Pavilion,1,,,"Solid Waste Recycling Technology & Equipment, Transport; The new compacting recycling bin (""SmartClassify CP"") developed by Cornerstone Smart Recycling features IoT-enabled smart compartments that maximize storage capacity by compressing recyclables such as paper, metals, and plastics.; OBM, OEM, ODM","Solid Waste Recycling Technology & Equipment, Transport; The new compacting recycling bin (""SmartClassify CP"") developed by Cornerstone Smart Recycling features IoT-enabled smart compartments that maximize storage capacity by compressing recyclables such as paper, metals, and plastics.; OBM, OEM, ODM",https://www.hktdc.com/event/ecoexpoasia/en/exhibitor/1S005SPBE,0,
CyanSE Smart Energy Tech Limited,CyanSE Smart Energy Tech Limited,Hong Kong,"CyanSE Smart Energy Tech Limited focuses on AI-empowered smart building management and Digital Twin technologies. Supported by Professor Xiao Fu team at the Hong Kong Polytechnic University, the company is committed to innovating in building energy management. Their AI-empowered Digital Twin management platform offers a transformative approach to smart building management, optimizing energy efficiency, reducing carbon emissions, and enabling predictive maintenance, all while ensuring optimal indoor comfort and air quality. By seamlessly integrating Digital Twin DT, AI, IoT, and AR,MR technologies, the platform provides real-time operational insights that empower building managers to make informed decisions. The platform has demonstrated over 20% energy savings in long-term trials, ranging from single buildings to building clusters. The technology has been successfully implemented in multiple projects, delivering significant results and contributing to the building industry carbon neutrality goals.","CyanSE Smart Energy Tech Limited focuses on AI-empowered smart building management and Digital Twin technologies. Supported by Professor Xiao Fu team at the Hong Kong Polytechnic University, the company is committed to innovating in building energy management. Their AI-empowered Digital Twin management platform offers a transformative approach to smart building management, optimizing energy efficiency, reducing carbon emissions, and enabling predictive maintenance, all while ensuring optimal indoor comfort and air quality. By seamlessly integrating Digital Twin DT, AI, IoT, and AR,MR technologies, the platform provides real-time operational insights that empower building managers to make informed decisions. The platform has demonstrated over 20% energy savings in long-term trials, ranging from single buildings to building clusters. The technology has been successfully implemented in multiple projects, delivering significant results and contributing to the building industry carbon neutrality goals.",,Exhibitor,Eco Expo Asia 2025,3-A14,Environmental Campaign Committee Pavilion,Environmental Campaign Committee Pavilion,1,,,"Digital Approach Technology to ESG, Renewable Energy Resource, Smart Grid, Indoor Air Quality Technology & System, Environmental Information & Data Processing, Building Performance & BIM, ESG reporting tools, Conditioning, Energy Efficient Device & Products, Decarbonisation Management; AI-empowered Digital Twin platform optimizes smart building management by enhancing energy efficiency, reducing carbon emissions. It integrates DT, AI, IoT, and AR/MR for real-time insights, achieving 20%+ energy saving.; OBM","Digital Approach Technology to ESG, Renewable Energy Resource, Smart Grid, Indoor Air Quality Technology & System, Environmental Information & Data Processing, Building Performance & BIM, ESG reporting tools, Conditioning, Energy Efficient Device & Products, Decarbonisation Management; AI-empowered Digital Twin platform optimizes smart building management by enhancing energy efficiency, reducing carbon emissions. It integrates DT, AI, IoT, and AR/MR for real-time insights, achieving 20%+ energy saving.; OBM",https://www.hktdc.com/event/ecoexpoasia/en/exhibitor/1S005SLYL,0,
EASi Green Technology Limited,EASi Green Technology Limited,Hong Kong,"EASi Green Technology Limited is a Hong Kong based environmental technology company focused on sustainability, smart cities, and carbon neutrality. We provide solutions in two areas: AI driven building energy optimization and organic waste reduction with resource recovery. Our food waste system integrates automated sorting and oil water separation with microbial enzyme decomposition and vacuum dehydration. It reduces waste by 85 to 90 percent, preserves nutrients for fertilizer and feed, and recovers waste oil for biodiesel, lowering emissions from transport and landfill. Proven in large, medium, and small scale projects, it achieves daily processing capacity of over 1000 tons. The microbial enzyme process breaks down organic matter within hours, while vacuum dehydration ensures stability and nutrient retention. All systems are linked to an IoT monitoring platform that provides real time data and quantifiable ESG carbon metrics. EASi Green supports compliance, reporting, and measurable carbon reduction, driving the circular economy and carbon neutrality.","EASi Green Technology Limited is a Hong Kong based environmental technology company focused on sustainability, smart cities, and carbon neutrality. We provide solutions in two areas: AI driven building energy optimization and organic waste reduction with resource recovery. Our food waste system integrates automated sorting and oil water separation with microbial enzyme decomposition and vacuum dehydration. It reduces waste by 85 to 90 percent, preserves nutrients for fertilizer and feed, and recovers waste oil for biodiesel, lowering emissions from transport and landfill. Proven in large, medium, and small scale projects, it achieves daily processing capacity of over 1000 tons. The microbial enzyme process breaks down organic matter within hours, while vacuum dehydration ensures stability and nutrient retention. All systems are linked to an IoT monitoring platform that provides real time data and quantifiable ESG carbon metrics. EASi Green supports compliance, reporting, and measurable carbon reduction, driving the circular economy and carbon neutrality.",,Exhibitor,Eco Expo Asia 2025,3-A14,Environmental Campaign Committee Pavilion,Environmental Campaign Committee Pavilion,1,,,"Energy Efficient Device & Products, Organic Waste Treatment, Oil Recycling Technology & Equipment, Food Waste Process; EASi Green provides AI energy optimization and food waste solutions with microbial-enzyme and vacuum dehydration technologies, reducing waste 85%, preserving nutrients for feed and fertilizer, recovering oil for biodiesel, and delivering ESG data.; OEM, OBM, ODM","Energy Efficient Device & Products, Organic Waste Treatment, Oil Recycling Technology & Equipment, Food Waste Process; EASi Green provides AI energy optimization and food waste solutions with microbial-enzyme and vacuum dehydration technologies, reducing waste 85%, preserving nutrients for feed and fertilizer, recovering oil for biodiesel, and delivering ESG data.; OEM, OBM, ODM",https://www.hktdc.com/event/ecoexpoasia/en/exhibitor/1S005T000,0,
Eco Technologies Limited,Eco Technologies Limited,Hong Kong,"Founded in Hong Kong in 2012, ECO Technologies Limited (an affiliate of Carbon Exchange (Hong Kong) Limited) is at the forefront of smart water meter solutions through its innovative WiiNoT (Water Information and Intelligence Network Operations Technologies), a city-wide water management platform. Our dedicated technology team specializes in enhancing water systems by integrating AI-IoT technologies for efficient management. We focus on monitoring hidden water leakage in pipelines, reducing non-revenue water by applying sensing technologies. Comprising researchers, engineers, manufacturing experts, ICT system developers, product designers and ESG consultants, we are committed to securing water resources and promoting sustainable urban living, ensuring that citizens enjoy a high quality of life.","Founded in Hong Kong in 2012, ECO Technologies Limited (an affiliate of Carbon Exchange (Hong Kong) Limited) is at the forefront of smart water meter solutions through its innovative WiiNoT (Water Information and Intelligence Network Operations Technologies), a city-wide water management platform. Our dedicated technology team specializes in enhancing water systems by integrating AI-IoT technologies for efficient management. We focus on monitoring hidden water leakage in pipelines, reducing non-revenue water by applying sensing technologies. Comprising researchers, engineers, manufacturing experts, ICT system developers, product designers and ESG consultants, we are committed to securing water resources and promoting sustainable urban living, ensuring that citizens enjoy a high quality of life.",,Exhibitor,Eco Expo Asia 2025,3-F20,HKSTP Pavilion,HKSTP Pavilion,1,,,"Water Business & Solution, Government Department; WiiNoT, a smart water management solution combines IoT-enabled water meters with wireless transmission for real-time monitoring & automatic data logging. Its AI platform detects leaks, analyzes usage, and sends alerts via a centralized dashboard.; Others","Water Business & Solution, Government Department; WiiNoT, a smart water management solution combines IoT-enabled water meters with wireless transmission for real-time monitoring & automatic data logging. Its AI platform detects leaks, analyzes usage, and sends alerts via a centralized dashboard.; Others",https://www.hktdc.com/event/ecoexpoasia/en/exhibitor/1S005RM28,0,
Excalibur Esco,Excalibur Esco,Hong Kong,Energy Efficient Device & Products,Energy Efficient Device & Products,,Exhibitor,Eco Expo Asia 2025,3-F20,HKSTP Pavilion,HKSTP Pavilion,1,,,"Energy Efficient Device & Products; A new standard on LED tubes that advocated by Excalibur ESCO that concerned about Capax, guaranteed warranty period, energy saving and Return on investment.; ODM","Energy Efficient Device & Products; A new standard on LED tubes that advocated by Excalibur ESCO that concerned about Capax, guaranteed warranty period, energy saving and Return on investment.; ODM",https://www.hktdc.com/event/ecoexpoasia/en/exhibitor/1S005RLXO,0,
GreatMeta Ltd,GreatMeta Ltd,Hong Kong,"ESG reporting tools, Digital Approach Technology to ESG","ESG reporting tools, Digital Approach Technology to ESG",,Exhibitor,Eco Expo Asia 2025,3-A14,Environmental Campaign Committee Pavilion,Environmental Campaign Committee Pavilion,1,,,"ESG reporting tools, Digital Approach Technology to ESG; GreatMeta introduces the AI ESG Colleague, a solution designed to transform this burden into a powerful strategic advantage by streamlining your entire ESG lifecycle featuring an ESG Standards Expert, Trainer, and the ""Living Report"" functions!; Others","ESG reporting tools, Digital Approach Technology to ESG; GreatMeta introduces the AI ESG Colleague, a solution designed to transform this burden into a powerful strategic advantage by streamlining your entire ESG lifecycle featuring an ESG Standards Expert, Trainer, and the ""Living Report"" functions!; Others",https://www.hktdc.com/event/ecoexpoasia/en/exhibitor/1S005TPWN,0,
Greenology Group Limited,Greenology Group Limited,Hong Kong,"Organic Product, Decarbonisation Management, Bio-Degradable Plastic Product, Sustainable Food and Beverage, Bio-Degradable Product, Low Carbon Food and Beverages","Organic Product, Decarbonisation Management, Bio-Degradable Plastic Product, Sustainable Food and Beverage, Bio-Degradable Product, Low Carbon Food and Beverages",,Exhibitor,Eco Expo Asia 2025,3-A14,Environmental Campaign Committee Pavilion,Environmental Campaign Committee Pavilion,1,,,"Organic Product, Decarbonisation Management, Bio-Degradable Plastic Product, Sustainable Food and Beverage, Bio-Degradable Product, Low Carbon Food and Beverages; Fill'nGo 24/7 Smart Refill Station; Others","Organic Product, Decarbonisation Management, Bio-Degradable Plastic Product, Sustainable Food and Beverage, Bio-Degradable Product, Low Carbon Food and Beverages; Fill'nGo 24/7 Smart Refill Station; Others",https://www.hktdc.com/event/ecoexpoasia/en/exhibitor/1S005T01X,0,
HK SUPER PANTHER POWER TECHNOLOGY LIMITED,HK SUPER PANTHER POWER TECHNOLOGY LIMITED,Hong Kong,"SuperPanther is a new energy commercial vehicle enterprise founded by Tsinghua Automotive Engineering Department and German Continental Group executive team. We unlock new energy transportation scenarios with full-stack self-research of the world's leading technology, drive the future-oriented sustainable blue transportation, and are committed to becoming the leader of the new energy heavy truck 2.0 era. Our headquarter was registered in March 2022 in Jiangsu Liyang High-tech Industrial Development Zone, and we have set up R&D headquarter in Beijing, R&D sub-centers in Shanghai and Stuttgart, and pilot production and core system manufacturing bases in Liyang and Yulin, as well as the bulk business and sales market both domestically and overseas. At present, more than 70% of our R&D team members, including 40% of masters and doctors, and more than 42% of our directors and above have degrees from Tsinghua University, with an average of more than 12 years of experience in the field. The company has been continuously invested by the world's top investment institutions Sequoia China, Shunwei Capital and DT Capital, and has also been invested by a number of capital organizations and government funds.","SuperPanther is a new energy commercial vehicle enterprise founded by Tsinghua Automotive Engineering Department and German Continental Group executive team. We unlock new energy transportation scenarios with full-stack self-research of the world's leading technology, drive the future-oriented sustainable blue transportation, and are committed to becoming the leader of the new energy heavy truck 2.0 era. Our headquarter was registered in March 2022 in Jiangsu Liyang High-tech Industrial Development Zone, and we have set up R&D headquarter in Beijing, R&D sub-centers in Shanghai and Stuttgart, and pilot production and core system manufacturing bases in Liyang and Yulin, as well as the bulk business and sales market both domestically and overseas. At present, more than 70% of our R&D team members, including 40% of masters and doctors, and more than 42% of our directors and above have degrees from Tsinghua University, with an average of more than 12 years of experience in the field. The company has been continuously invested by the world's top investment institutions Sequoia China, Shunwei Capital and DT Capital, and has also been invested by a number of capital organizations and government funds.",,Exhibitor,Eco Expo Asia 2025,3-F20,HKSTP Pavilion,HKSTP Pavilion,1,,,"Eco-friendly Vehicle; SuperPanther BlackDiamond is designed for large-scale transport scenarios, featuring a powerful three-motor system and advanced integrated thermal management technology. It has excellent power and extremely low energy consumption in harsh environment; ODM","Eco-friendly Vehicle; SuperPanther BlackDiamond is designed for large-scale transport scenarios, featuring a powerful three-motor system and advanced integrated thermal management technology. It has excellent power and extremely low energy consumption in harsh environment; ODM",https://www.hktdc.com/event/ecoexpoasia/en/exhibitor/1S005RLT0,0,
I2cool Limited,I2cool Limited,Hong Kong,i2Cool is transforming how the world approaches electricity-free cooling technology.,i2Cool is transforming how the world approaches electricity-free cooling technology.,,Exhibitor,Eco Expo Asia 2025,3-A14,Environmental Campaign Committee Pavilion,Environmental Campaign Committee Pavilion,1,,,Eco-friendly Material for Construction & Fitting; i2Cool’s core products include the electricity-free cooling coating (i2Coating) and electricity-free cooling film (iFilm).; OBM,Eco-friendly Material for Construction & Fitting; i2Cool’s core products include the electricity-free cooling coating (i2Coating) and electricity-free cooling film (iFilm).; OBM,https://www.hktdc.com/event/ecoexpoasia/en/exhibitor/1S005TNS1,0,
Lumi Technology Company Limited,Lumi Technology Company Limited,Hong Kong,"Sound & Noise Control Product and Service, Eco-friendly Material for Construction & Fitting","Sound & Noise Control Product and Service, Eco-friendly Material for Construction & Fitting",,Exhibitor,Eco Expo Asia 2025,3-A14,Environmental Campaign Committee Pavilion,Environmental Campaign Committee Pavilion,1,,,"Sound & Noise Control Product and Service, Eco-friendly Material for Construction & Fitting; LUMI offers acoutic panels, acoustic barriers and enclosures to mitigate booth indoor and outdoor acoutic problem.; OEM","Sound & Noise Control Product and Service, Eco-friendly Material for Construction & Fitting; LUMI offers acoutic panels, acoustic barriers and enclosures to mitigate booth indoor and outdoor acoutic problem.; OEM",https://www.hktdc.com/event/ecoexpoasia/en/exhibitor/1S005SH0J,0,
NATSENSE Company Limited,NATSENSE Company Limited,Hong Kong,Indoor Air Quality Technology & System,Indoor Air Quality Technology & System,,Exhibitor,Eco Expo Asia 2025,3-A14,Environmental Campaign Committee Pavilion,Environmental Campaign Committee Pavilion,1,,,"Indoor Air Quality Technology & System; In  the environmental sector, Natsense has developed Odor Master, an advanced 
electronic nose solution for precise odor monitoring and classification, capable of 
quantifying nuisance odor concentration and intensity.
By transforming sensory data; Others","Indoor Air Quality Technology & System; In  the environmental sector, Natsense has developed Odor Master, an advanced 
electronic nose solution for precise odor monitoring and classification, capable of 
quantifying nuisance odor concentration and intensity.
By transforming sensory data; Others",https://www.hktdc.com/event/ecoexpoasia/en/exhibitor/1S005T9X0,0,
NerOcean Limited,NerOcean Limited,Hong Kong,"NerOcean Limited, funded by HKSTP Incubation, CityU HK Tech 300 Angel Fund, EdUHK EASE Fund, and TSSSU, pioneers marine monitoring through Artificial Mussels (AMs) - resolving critical global gaps: (1) Global Data Standardization enabling cross-border comparison to trace the pollution origins; (2) 90% Cost Reduction by slashing sampling and analytical expenses; (3) Zero-Risk Deployment via lightweight, sub-30-minute installs. AMs utilize passive operation to capture 16+ heavy metals and radionuclides while tracing pollution origins. Founded by Hong Kong academics (CityUHK/EdUHK), we collaborate with State Key Laboratory of Marine Environmental Health (SKLMEH), HK EPD and AFCD, and global partners.","NerOcean Limited, funded by HKSTP Incubation, CityU HK Tech 300 Angel Fund, EdUHK EASE Fund, and TSSSU, pioneers marine monitoring through Artificial Mussels (AMs) - resolving critical global gaps: (1) Global Data Standardization enabling cross-border comparison to trace the pollution origins; (2) 90% Cost Reduction by slashing sampling and analytical expenses; (3) Zero-Risk Deployment via lightweight, sub-30-minute installs. AMs utilize passive operation to capture 16+ heavy metals and radionuclides while tracing pollution origins. Founded by Hong Kong academics (CityUHK/EdUHK), we collaborate with State Key Laboratory of Marine Environmental Health (SKLMEH), HK EPD and AFCD, and global partners.",,Exhibitor,Eco Expo Asia 2025,3-A14,Environmental Campaign Committee Pavilion,Environmental Campaign Committee Pavilion,1,,,"Beach; Artificial Mussels: A Novel Monitoring Device for Heavy Metals and Radionuclides in Global Aquatic Environments
Dissolved oxygen sensor using replaceable photo-sensing film: The building block for 3D ocean monitoring.; OBM","Beach; Artificial Mussels: A Novel Monitoring Device for Heavy Metals and Radionuclides in Global Aquatic Environments
Dissolved oxygen sensor using replaceable photo-sensing film: The building block for 3D ocean monitoring.; OBM",https://www.hktdc.com/event/ecoexpoasia/en/exhibitor/1S005SGZN,4,https://www.hktdc.com/event/ecoexpoasia/en/product/1Z03N3HI1; https://www.hktdc.com/event/ecoexpoasia/en/product/1Z03N3HI1; https://www.hktdc.com/event/ecoexpoasia/en/product/1Z03N3HH4; https://www.hktdc.com/event/ecoexpoasia/en/product/1Z03N3HH4
New Life Plastics Limited,New Life Plastics Limited,Hong Kong,"Waste Electronics & Electrical Appliance Treatment and Recycling System, Solid Waste Recycling Technology & Equipment, Solid Waste Treatment & Incineration System","Waste Electronics & Electrical Appliance Treatment and Recycling System, Solid Waste Recycling Technology & Equipment, Solid Waste Treatment & Incineration System",,Exhibitor,Eco Expo Asia 2025,3-A14,Environmental Campaign Committee Pavilion,Environmental Campaign Committee Pavilion,1,,,"Waste Electronics & Electrical Appliance Treatment and Recycling System, Solid Waste Recycling Technology & Equipment, Solid Waste Treatment & Incineration System; New Life Plastics is the largest food-grade ready plastics recycling facility in Hong Kong. We focus on the processing of Hong Kong’s PET beverage bottles to food-grade ready rPET flakes.; OEM","Waste Electronics & Electrical Appliance Treatment and Recycling System, Solid Waste Recycling Technology & Equipment, Solid Waste Treatment & Incineration System; New Life Plastics is the largest food-grade ready plastics recycling facility in Hong Kong. We focus on the processing of Hong Kong’s PET beverage bottles to food-grade ready rPET flakes.; OEM",https://www.hktdc.com/event/ecoexpoasia/en/exhibitor/1S005SPYH,0,
Plasticwood Studio,Plasticwood Studio,Hong Kong,"Plasticwood Studio specializes in upcycling plastics into innovative materials and products. Through design, art, and education, we create circular economy solutions that enable sustainable partnerships with businesses and communities, driving environmental impact and long-term value.","Plasticwood Studio specializes in upcycling plastics into innovative materials and products. Through design, art, and education, we create circular economy solutions that enable sustainable partnerships with businesses and communities, driving environmental impact and long-term value.",,Exhibitor,Eco Expo Asia 2025,3-A14,Environmental Campaign Committee Pavilion,Environmental Campaign Committee Pavilion,1,,,"Recycled Plastic Product, Environment-related Education & Training; specializes in upcycling plastics into innovative materials and products. Through design, art, and education, we create circular economy solutions that enable sustainable partnerships 
with businesses and communities.; OBM","Recycled Plastic Product, Environment-related Education & Training; specializes in upcycling plastics into innovative materials and products. Through design, art, and education, we create circular economy solutions that enable sustainable partnerships 
with businesses and communities.; OBM",https://www.hktdc.com/event/ecoexpoasia/en/exhibitor/1S005SQKM,0,
RHT Industries Limited,RHT Industries Limited,Hong Kong,"RHT Industries Limited is a pioneering technology company specializing in sustainable and innovative solutions for air purification and environmental improvement. Founded in Hong Kong, RHT is renowned for its patented Nano Confined Catalytic Oxidation (NCCO) technology, which effectively decomposes pollutants, bacteria, viruses, and harmful gases into harmless substances like water and carbon dioxide. This cutting-edge technology has revolutionized indoor air quality (IAQ) management, offering a low-carbon, energy-efficient, and eco-friendly approach to air purification. RHT serves a wide range of industries, including healthcare, hospitality, transportation, and education, delivering tailored solutions to meet diverse needs. Committed to environmental sustainability, RHT continuously invests in research and development to advance its technologies and contribute to a greener future. With a strong emphasis on innovation, quality, and sustainability, RHT Industries Limited is dedicated to creating healthier spaces and improving lives worldwide while supporting global carbon neutrality goals.","RHT Industries Limited is a pioneering technology company specializing in sustainable and innovative solutions for air purification and environmental improvement. Founded in Hong Kong, RHT is renowned for its patented Nano Confined Catalytic Oxidation (NCCO) technology, which effectively decomposes pollutants, bacteria, viruses, and harmful gases into harmless substances like water and carbon dioxide. This cutting-edge technology has revolutionized indoor air quality (IAQ) management, offering a low-carbon, energy-efficient, and eco-friendly approach to air purification. RHT serves a wide range of industries, including healthcare, hospitality, transportation, and education, delivering tailored solutions to meet diverse needs. Committed to environmental sustainability, RHT continuously invests in research and development to advance its technologies and contribute to a greener future. With a strong emphasis on innovation, quality, and sustainability, RHT Industries Limited is dedicated to creating healthier spaces and improving lives worldwide while supporting global carbon neutrality goals.",,Exhibitor,Eco Expo Asia 2025,3-F20,HKSTP Pavilion,HKSTP Pavilion,1,,,"Nanotechnology & Material, Air Pollution & Gas Emission Control, Air Filtration System, Indoor Air Quality Technology & System, ESG reporting tools, Eco-friendly Material for Construction & Fitting, Air Purification; RHT's patented Nano Confined Catalytic Oxidation (NCCO) technology offers an eco-friendly air purification solution that decomposes pollutants, bacteria, and harmful gases into water and CO2. Energy-efficient and reusable, it ensures improved indoor; OBM","Nanotechnology & Material, Air Pollution & Gas Emission Control, Air Filtration System, Indoor Air Quality Technology & System, ESG reporting tools, Eco-friendly Material for Construction & Fitting, Air Purification; RHT's patented Nano Confined Catalytic Oxidation (NCCO) technology offers an eco-friendly air purification solution that decomposes pollutants, bacteria, and harmful gases into water and CO2. Energy-efficient and reusable, it ensures improved indoor; OBM",https://www.hktdc.com/event/ecoexpoasia/en/exhibitor/1S005RLR6,32,https://www.hktdc.com/event/ecoexpoasia/en/product/1Z03J2NS1; https://www.hktdc.com/event/ecoexpoasia/en/product/1Z03J2NS1; https://www.hktdc.com/event/ecoexpoasia/en/product/1Z03J2NIV; https://www.hktdc.com/event/ecoexpoasia/en/product/1Z03J2NIV; https://www.hktdc.com/event/ecoexpoasia/en/product/1Z03J2MKQ; https://www.hktdc.com/event/ecoexpoasia/en/product/1Z03J2MKQ; https://www.hktdc.com/event/ecoexpoasia/en/product/1Z03J2M42; https://www.hktdc.com/event/ecoexpoasia/en/product/1Z03J2M42; https://www.hktdc.com/event/ecoexpoasia/en/product/1Z03J331U; https://www.hktdc.com/event/ecoexpoasia/en/product/1Z03J331U; https://www.hktdc.com/event/ecoexpoasia/en/product/1Z03J2MLN; https://www.hktdc.com/event/ecoexpoasia/en/product/1Z03J2MLN; https://www.hktdc.com/event/ecoexpoasia/en/product/1Z03J32Y4; https://www.hktdc.com/event/ecoexpoasia/en/product/1Z03J32Y4; https://www.hktdc.com/event/ecoexpoasia/en/product/1Z03J2MJT; https://www.hktdc.com/event/ecoexpoasia/en/product/1Z03J2MJT; https://www.hktdc.com/event/ecoexpoasia/en/product/1Z03J2M1B; https://www.hktdc.com/event/ecoexpoasia/en/product/1Z03J2M1B; https://www.hktdc.com/event/ecoexpoasia/en/product/1Z03J2M6W; https://www.hktdc.com/event/ecoexpoasia/en/product/1Z03J2M6W; https://www.hktdc.com/event/ecoexpoasia/en/product/1Z03J334L; https://www.hktdc.com/event/ecoexpoasia/en/product/1Z03J334L; https://www.hktdc.com/event/ecoexpoasia/en/product/1Z03J2MG2; https://www.hktdc.com/event/ecoexpoasia/en/product/1Z03J2MG2; https://www.hktdc.com/event/ecoexpoasia/en/product/1Z03J2MF5; https://www.hktdc.com/event/ecoexpoasia/en/product/1Z03J2MF5; https://www.hktdc.com/event/ecoexpoasia/en/product/1Z03J2LVU; https://www.hktdc.com/event/ecoexpoasia/en/product/1Z03J2LVU; https://www.hktdc.com/event/ecoexpoasia/en/product/1Z03J2M8Q; https://www.hktdc.com/event/ecoexpoasia/en/product/1Z03J2M8Q; https://www.hktdc.com/event/ecoexpoasia/en/product/1Z03J2M28; https://www.hktdc.com/event/ecoexpoasia/en/product/1Z03J2M28
Vispek (HK) Limited,Vispek (HK) Limited,Hong Kong,"Indoor Air Quality Technology & System, Gas","Indoor Air Quality Technology & System, Gas",,Exhibitor,Eco Expo Asia 2025,3-A14,Environmental Campaign Committee Pavilion,Environmental Campaign Committee Pavilion,1,,,"Indoor Air Quality Technology & System, Gas; Gas Sentinel detects air changes with AI, monitoring 10 anomalies in real time for full environmental control. Highly integrated, advanced, multi-platform, low-cost, and easy to maintain, ideal for homes, municipal sites, hotels, and public spaces.; OBM","Indoor Air Quality Technology & System, Gas; Gas Sentinel detects air changes with AI, monitoring 10 anomalies in real time for full environmental control. Highly integrated, advanced, multi-platform, low-cost, and easy to maintain, ideal for homes, municipal sites, hotels, and public spaces.; OBM",https://www.hktdc.com/event/ecoexpoasia/en/exhibitor/1S005SLXO,0,
"Baotou New Energy Development Group Co., Ltd.","Baotou New Energy Development Group Co., Ltd.",Chinese Mainland,,,,Exhibitor,Eco Expo Asia 2025,6-B02,Inner Mongolia Pavilion,Inner Mongolia Pavilion,1,,,,,https://www.hktdc.com/event/ecoexpoasia/en/exhibitor/1S005U36F,0,
"CIMC Environmental Technology (Guangdong) Co., Ltd.","CIMC Environmental Technology (Guangdong) Co., Ltd.",Chinese Mainland,,,,Exhibitor,Eco Expo Asia 2025,3-D02,Guangdong Pavilion,Guangdong Pavilion,1,,,Heavy Metal Wastewater Treatment Technology: Central China Environmental Protection has long been committed to the research and development and promotion of heavy metal pollution prevention technologies.,Heavy Metal Wastewater Treatment Technology: Central China Environmental Protection has long been committed to the research and development and promotion of heavy metal pollution prevention technologies.,https://www.hktdc.com/event/ecoexpoasia/en/exhibitor/1S005TX8F,0,
"Chongzuo Lee & Man Pulp Products Co, Ltd","Chongzuo Lee & Man Pulp Products Co, Ltd",Chinese Mainland,"Chongzuo Lee & Man, located in the High-Tech Industrial Development Zone of Chongzuo City, Guangxi Zhuang Autonomous Region, commenced construction in July 2022 and became fully operational by the end of 2023. The facility has established an integrated production base with an annual capacity of 1.1 million metric tons for pulp/paper manufacturing and post-processing. It integrates bamboo seedling R&D, bamboo plantation development, pulp/paper manufacturing, premium tissue paper processing, e-commerce logistics, and smart logistics into a cohesive industrial ecosystem, ensuring that all value-added activities remain localized.","Chongzuo Lee & Man, located in the High-Tech Industrial Development Zone of Chongzuo City, Guangxi Zhuang Autonomous Region, commenced construction in July 2022 and became fully operational by the end of 2023. The facility has established an integrated production base with an annual capacity of 1.1 million metric tons for pulp/paper manufacturing and post-processing. It integrates bamboo seedling R&D, bamboo plantation development, pulp/paper manufacturing, premium tissue paper processing, e-commerce logistics, and smart logistics into a cohesive industrial ecosystem, ensuring that all value-added activities remain localized.",,Exhibitor,Eco Expo Asia 2025,3-G02,Guangxi Pavilion,Guangxi Pavilion,1,,,"Recycled Paper Product; Designed production capacity of 12 million tons of industrial packaging kraft cardboard, corrugated core paper, white faced kraft card paper, powder gray card, household paper, bamboo pulp.; OBM, Others","Recycled Paper Product; Designed production capacity of 12 million tons of industrial packaging kraft cardboard, corrugated core paper, white faced kraft card paper, powder gray card, household paper, bamboo pulp.; OBM, Others",https://www.hktdc.com/event/ecoexpoasia/en/exhibitor/1S005TSP5,0,
"GAD Environmental Technology Co., Ltd.","GAD Environmental Technology Co., Ltd.",Chinese Mainland,"GAD Environmental Technology Co., Ltd. (referred to as ""GAD Environmental"", stock code: 300854.SZ) was established in 2001 with its headquarters located in Shenzhen. Currently, the company has expanded its presence with six major regional centers across the country, two research and development centers, and over 30 subsidiaries and branch companies. It stands as one of the benchmark enterprises in China's solid waste treatment sector. Upholding the principles of green and low-carbon practices, the company centers its strategy around an ecological landfill integration technology system. Through comprehensive industry chain business models of pollution isolation, ecological restoration, resource utilization, and integrated operations, GAD Environmental achieves effective protection of soil, groundwater, and air, tirelessly contributing to China's blue-sky, clear-water, and clean-soil pollution prevention and control initiative.","GAD Environmental Technology Co., Ltd. (referred to as ""GAD Environmental"", stock code: 300854.SZ) was established in 2001 with its headquarters located in Shenzhen. Currently, the company has expanded its presence with six major regional centers across the country, two research and development centers, and over 30 subsidiaries and branch companies. It stands as one of the benchmark enterprises in China's solid waste treatment sector. Upholding the principles of green and low-carbon practices, the company centers its strategy around an ecological landfill integration technology system. Through comprehensive industry chain business models of pollution isolation, ecological restoration, resource utilization, and integrated operations, GAD Environmental achieves effective protection of soil, groundwater, and air, tirelessly contributing to China's blue-sky, clear-water, and clean-soil pollution prevention and control initiative.",,Exhibitor,Eco Expo Asia 2025,3-E02,Shenzhen Pavilion,Shenzhen Pavilion,1,,,"Landfill Containment, Solid Waste Recycling Technology & Equipment, Transport; Ecological Landfill Lifecycle Management System; OEM","Landfill Containment, Solid Waste Recycling Technology & Equipment, Transport; Ecological Landfill Lifecycle Management System; OEM",https://www.hktdc.com/event/ecoexpoasia/en/exhibitor/1S005SNUV,0,
"Green Environmental Technology Co., Ltd.","Green Environmental Technology Co., Ltd.",Chinese Mainland,"GREEN Environmental Technology Co., Ltd. (GRE) is a technology-driven enterprise specializing in environmental governance and ecological protection, headquartered in Nanning, Guangxi., China. It focuses on the treatment of high-concentration and high-diffculty wastewater, as well as the R&D and production of advanced equipment and materials. The company holds over 100 various patents and related patented products and equipments. Core Positioning: Promoter of the Ecological and Environmental Protection Industry +Environmental Governance Butler for Industrial Enterprises High-concentration and High-difficulty Wastewater Treatment Full-Chain Service Provider Value Proposition: Specialized, Innovative, and Customized Services Transparent and Sustainable Environmental Protection Major Honors The National Intellectual Property Advantage Enterprise National specialized, precise, and new 'Little Giant' enterprise National environmental protection equipment manufacturing standard enterprises National Key Practical Environmental Protection Technology/Demonstration Project Major environmental protection technology and equipment encouraged by the state China nonferrous metal industry science and technology first prize","GREEN Environmental Technology Co., Ltd. (GRE) is a technology-driven enterprise specializing in environmental governance and ecological protection, headquartered in Nanning, Guangxi., China. It focuses on the treatment of high-concentration and high-diffculty wastewater, as well as the R&D and production of advanced equipment and materials. The company holds over 100 various patents and related patented products and equipments. Core Positioning: Promoter of the Ecological and Environmental Protection Industry +Environmental Governance Butler for Industrial Enterprises High-concentration and High-difficulty Wastewater Treatment Full-Chain Service Provider Value Proposition: Specialized, Innovative, and Customized Services Transparent and Sustainable Environmental Protection Major Honors The National Intellectual Property Advantage Enterprise National specialized, precise, and new 'Little Giant' enterprise National environmental protection equipment manufacturing standard enterprises National Key Practical Environmental Protection Technology/Demonstration Project Major environmental protection technology and equipment encouraged by the state China nonferrous metal industry science and technology first prize",,Exhibitor,Eco Expo Asia 2025,3-G02,Guangxi Pavilion,Guangxi Pavilion,1,,,"Government Department, Biological Treatment Equipment, Environmental Protection Service and Research, Solid Waste Treatment & Incineration System, Association Service & Government Organisation, Organic Waste Treatment, Water Business & Solution, Sewage Treatment & System Maintenance, Water Purification Equipment, Sludge Treatment; GREEN Environmental Technology Co., Ltd. (GRE) is a technology-driven enterprise specializing in environmental governance and ecological protection, focuses on the treatment of high-concentration and high-diffculty wastewater.; Others","Government Department, Biological Treatment Equipment, Environmental Protection Service and Research, Solid Waste Treatment & Incineration System, Association Service & Government Organisation, Organic Waste Treatment, Water Business & Solution, Sewage Treatment & System Maintenance, Water Purification Equipment, Sludge Treatment; GREEN Environmental Technology Co., Ltd. (GRE) is a technology-driven enterprise specializing in environmental governance and ecological protection, focuses on the treatment of high-concentration and high-diffculty wastewater.; Others",https://www.hktdc.com/event/ecoexpoasia/en/exhibitor/1S005TSYE,0,
"GUANGZHOU CLOUDSCAPE INFORMATION TECHNOLOGY CO.,LTD.","GUANGZHOU CLOUDSCAPE INFORMATION TECHNOLOGY CO.,LTD.",Chinese Mainland,,,,Exhibitor,Eco Expo Asia 2025,3-D02,Guangdong Pavilion,Guangdong Pavilion,1,,,Cloud Scene Environmental Brain is a new generation of intelligent ecological environment application platform independently developed by Cloud Scene Technology based on large models such as DeepSeek and hybrid clusters.,Cloud Scene Environmental Brain is a new generation of intelligent ecological environment application platform independently developed by Cloud Scene Technology based on large models such as DeepSeek and hybrid clusters.,https://www.hktdc.com/event/ecoexpoasia/en/exhibitor/1S005TX2X,0,
"Grandblue Environment Co.,Ltd.","Grandblue Environment Co.,Ltd.",Chinese Mainland,,,,Exhibitor,Eco Expo Asia 2025,3-D02,Guangdong Pavilion,Guangdong Pavilion,1,,,"Comprehensive solid waste management solution: Hanland has tailored a holistic solid waste management solution to match the construction of a 'zero-waste city', forming a complete industrial chain from front-end 'large municipal' concierge services","Comprehensive solid waste management solution: Hanland has tailored a holistic solid waste management solution to match the construction of a 'zero-waste city', forming a complete industrial chain from front-end 'large municipal' concierge services",https://www.hktdc.com/event/ecoexpoasia/en/exhibitor/1S005TX7I,0,
"Green Environmental Protection Technology (Shenzhen) Co., Ltd.","Green Environmental Protection Technology (Shenzhen) Co., Ltd.",Chinese Mainland,,,,Exhibitor,Eco Expo Asia 2025,3-D02,Guangdong Pavilion,Guangdong Pavilion,1,,,"Intelligent kitchen waste integrated model: Utilizing front-end intelligent classification and disposal, midstream intelligent coding and transportation, end-of-pipe immediate on-site treatment, the output is converted through insect biotechnology.","Intelligent kitchen waste integrated model: Utilizing front-end intelligent classification and disposal, midstream intelligent coding and transportation, end-of-pipe immediate on-site treatment, the output is converted through insect biotechnology.",https://www.hktdc.com/event/ecoexpoasia/en/exhibitor/1S005TX5O,0,
"Guangdong HeCheng Environment Co., Ltd.","Guangdong HeCheng Environment Co., Ltd.",Chinese Mainland,,,,Exhibitor,Eco Expo Asia 2025,3-F02,Guangzhou Pavilion,Guangzhou Pavilion,1,,,Environmental Technology Consulting and Engineering Services,Environmental Technology Consulting and Engineering Services,https://www.hktdc.com/event/ecoexpoasia/en/exhibitor/1S005U5UD,0,
"Guangdong Rongtu Intelligent Environmental Protection Technology Co., Ltd.","Guangdong Rongtu Intelligent Environmental Protection Technology Co., Ltd.",Chinese Mainland,,,,Exhibitor,Eco Expo Asia 2025,3-D02,Guangdong Pavilion,Guangdong Pavilion,1,,,Computer AI Vision-based Adaptive Flocculant Addition System for Wastewater Treatment simulates the human eye to judge the effect of flocculation and floc formation. This technology utilizes image edge detection techniques to calculate,Computer AI Vision-based Adaptive Flocculant Addition System for Wastewater Treatment simulates the human eye to judge the effect of flocculation and floc formation. This technology utilizes image edge detection techniques to calculate,https://www.hktdc.com/event/ecoexpoasia/en/exhibitor/1S005TX9C,0,
"Guangdong Ufei Environmental Protection Technology Co., Ltd.","Guangdong Ufei Environmental Protection Technology Co., Ltd.",Chinese Mainland,,,,Exhibitor,Eco Expo Asia 2025,3-D02,Guangdong Pavilion,Guangdong Pavilion,1,,,"Industrial solid waste intelligent management system: Composed of hardware and software, leveraging 'Internet of Things' and big data technology, it can achieve full life-cycle management of solid waste and hazardous waste from generation","Industrial solid waste intelligent management system: Composed of hardware and software, leveraging 'Internet of Things' and big data technology, it can achieve full life-cycle management of solid waste and hazardous waste from generation",https://www.hktdc.com/event/ecoexpoasia/en/exhibitor/1S005TX6L,0,
"Guangxi Boyu Ecological Environment Co., Ltd.","Guangxi Boyu Ecological Environment Co., Ltd.",Chinese Mainland,"Guangxi Boyu Ecological Environment Co.,Ltd. is a comprehensive professional service organization specializing in ecological environment consulting and project planning. The company is a Standing Vice-Chairman Unit of the Guangxi Environmental Protection Industry Association, the Chairman Unit of the first Session of the Specialized Committee on EIA and Environmental Consulting, and a Director Unit of the Guangxi Energy Conservation and Carbon Reduction Association. Additionally, it serves as an off-campus practical education base for the College of Oceanography of Guangxi University and Guangxi Normal University.","Guangxi Boyu Ecological Environment Co.,Ltd. is a comprehensive professional service organization specializing in ecological environment consulting and project planning. The company is a Standing Vice-Chairman Unit of the Guangxi Environmental Protection Industry Association, the Chairman Unit of the first Session of the Specialized Committee on EIA and Environmental Consulting, and a Director Unit of the Guangxi Energy Conservation and Carbon Reduction Association. Additionally, it serves as an off-campus practical education base for the College of Oceanography of Guangxi University and Guangxi Normal University.",,Exhibitor,Eco Expo Asia 2025,3-G02,Guangxi Pavilion,Guangxi Pavilion,1,,,"Government Department; Cation, project planning consulting, engineering consulting, water consulting, and other related services.; Others","Government Department; Cation, project planning consulting, engineering consulting, water consulting, and other related services.; Others",https://www.hktdc.com/event/ecoexpoasia/en/exhibitor/1S005TTTS,0,
Guangxi Environmental Protection Group,Guangxi Environmental Protection Group,Chinese Mainland,"Guangxi Environmental Protection Group has fully implemented the ""1365"" project,aiming to build a comprehensive environmental protection industrial chain system with complete industrial links,horizontal interconnections,and vertical extensions. The ""1 positioning"" refers to positioning itself as the vanguard of ecological and environmental protection in Guangxi. The ""3 platforms"" involve fully leveraging the functions of three major platforms:a platform for undertaking government regulatory functions, a platform for promoting the development of Guangxi's environmental protection industry, and a platform for state-owned capital operation.The ""6 capabilities"" entail systematically cultivating and enhancing six capabilities, planning and consulting,investment,construction,operation,intelligent equipment manufacturing, and digital and intelligent management, to rapidly establish differentiated competitive advantages and core competitiveness.The ""five business segments"" focus on strengthening, optimizing, and expanding five business areas:water environment governance, ecological restoration and resource development, utilization and disposal of solid and hazardous waste, clean energy and carbon asset development, and comprehensive environmental services.","Guangxi Environmental Protection Group has fully implemented the ""1365"" project,aiming to build a comprehensive environmental protection industrial chain system with complete industrial links,horizontal interconnections,and vertical extensions. The ""1 positioning"" refers to positioning itself as the vanguard of ecological and environmental protection in Guangxi. The ""3 platforms"" involve fully leveraging the functions of three major platforms:a platform for undertaking government regulatory functions, a platform for promoting the development of Guangxi's environmental protection industry, and a platform for state-owned capital operation.The ""6 capabilities"" entail systematically cultivating and enhancing six capabilities, planning and consulting,investment,construction,operation,intelligent equipment manufacturing, and digital and intelligent management, to rapidly establish differentiated competitive advantages and core competitiveness.The ""five business segments"" focus on strengthening, optimizing, and expanding five business areas:water environment governance, ecological restoration and resource development, utilization and disposal of solid and hazardous waste, clean energy and carbon asset development, and comprehensive environmental services.",,Exhibitor,Eco Expo Asia 2025,3-G02,Guangxi Pavilion,Guangxi Pavilion,1,,,"Guangxi Environmental Protection Group was officially inaugurated on May 30, 2019, lt serves as a state-owned provincial-level platform company in the field of ecological environment in Guangxi Zhuang Autonomous Region.; Others","Guangxi Environmental Protection Group was officially inaugurated on May 30, 2019, lt serves as a state-owned provincial-level platform company in the field of ecological environment in Guangxi Zhuang Autonomous Region.; Others",https://www.hktdc.com/event/ecoexpoasia/en/exhibitor/1S005TTO7,0,
"Guangxi Hongshengyuan Environmental Protection Co., Ltd.","Guangxi Hongshengyuan Environmental Protection Co., Ltd.",Chinese Mainland,"Guangxi Hongshengyuan Environmental Protection Co., Ltd. has been devoting itself to the research, development and manufacturing on environment projects, environmental protection equipment, biological technology and high-concentration organic wastewater treatment.","Guangxi Hongshengyuan Environmental Protection Co., Ltd. has been devoting itself to the research, development and manufacturing on environment projects, environmental protection equipment, biological technology and high-concentration organic wastewater treatment.",,Exhibitor,Eco Expo Asia 2025,3-G02,Guangxi Pavilion,Guangxi Pavilion,1,,,"Environmental Protection Service and Research, Sewage Treatment & System Maintenance; Hongshengyuan has been devoting itself to the research, development and manufacturing on environment projects, environmental protection equipment, biological technology and high-concentration organic wastewater treatment.; Others","Environmental Protection Service and Research, Sewage Treatment & System Maintenance; Hongshengyuan has been devoting itself to the research, development and manufacturing on environment projects, environmental protection equipment, biological technology and high-concentration organic wastewater treatment.; Others",https://www.hktdc.com/event/ecoexpoasia/en/exhibitor/1S005TSKK,0,
"Guangxi Land Soil Technology Co., Ltd.","Guangxi Land Soil Technology Co., Ltd.",Chinese Mainland,"Guangxi Land Soil Technology Co., Ltd. focus on rural environmental management and resource recycling. Through three core technologies, agricultural and forestry waste, livestock manure, and solid waste can be converted into high-value resources. Replicable solutions for sustainable rural development can be provided.","Guangxi Land Soil Technology Co., Ltd. focus on rural environmental management and resource recycling. Through three core technologies, agricultural and forestry waste, livestock manure, and solid waste can be converted into high-value resources. Replicable solutions for sustainable rural development can be provided.",,Exhibitor,Eco Expo Asia 2025,3-G02,Guangxi Pavilion,Guangxi Pavilion,1,,,"Sewage Treatment & System Maintenance, Water Resources Utilization, Environmental Protection Service and Research, Wastewater Recycling Technology & Equipment; Decentralized Rural Sewage Integrated Treatment and Resource Utilization System:The system enables on-site wastewater purification and resource recovery based on modified carbon-silicon materials and intelligent modular design.; OBM","Sewage Treatment & System Maintenance, Water Resources Utilization, Environmental Protection Service and Research, Wastewater Recycling Technology & Equipment; Decentralized Rural Sewage Integrated Treatment and Resource Utilization System:The system enables on-site wastewater purification and resource recovery based on modified carbon-silicon materials and intelligent modular design.; OBM",https://www.hktdc.com/event/ecoexpoasia/en/exhibitor/1S005TSLH,0,
"Guangxi Lanhechuangxun Data Technology Co., Ltd","Guangxi Lanhechuangxun Data Technology Co., Ltd",Chinese Mainland,"The company focuses on the fields of laboratory analytical instrument R&D, environmental monitoring technology development, and water purification technology research, and is committed to breakthroughs in core technologies such as on-site emergency monitoring and analysis. With continuous technological innovation and profound industry accumulation, it has built an overall business system of ""cloud platform + intelligent terminal + operation and maintenance services"".The company provides professional-grade emergency monitoring and analysis equipment and comprehensive systematic solutions for customers such as ecological environment systems, water conservancy systems, and scientific research institutions.","The company focuses on the fields of laboratory analytical instrument R&D, environmental monitoring technology development, and water purification technology research, and is committed to breakthroughs in core technologies such as on-site emergency monitoring and analysis. With continuous technological innovation and profound industry accumulation, it has built an overall business system of ""cloud platform + intelligent terminal + operation and maintenance services"".The company provides professional-grade emergency monitoring and analysis equipment and comprehensive systematic solutions for customers such as ecological environment systems, water conservancy systems, and scientific research institutions.",,Exhibitor,Eco Expo Asia 2025,3-G02,Guangxi Pavilion,Guangxi Pavilion,1,,,"Environmental Protection Service and Research; The company focuses on R&D of lab analytical instruments, environmental monitoring tech development, and water purification tech research. It strives for breakthroughs in core techs like on-site emergency monitoring and analysis.; Others","Environmental Protection Service and Research; The company focuses on R&D of lab analytical instruments, environmental monitoring tech development, and water purification tech research. It strives for breakthroughs in core techs like on-site emergency monitoring and analysis.; Others",https://www.hktdc.com/event/ecoexpoasia/en/exhibitor/1S005TSUQ,0,
"Guangxi Xingui Environmental Protection Technology Group Co., LTD","Guangxi Xingui Environmental Protection Technology Group Co., LTD",Chinese Mainland,"Guangxi Xingui Environmental Protection Technology Group Co., Ltd. (Xingui Group), established in 2006, has grown over 10+ years into a comprehensive consultancy for government decision-making.It delivers professional services encompassing planning, consulting, investigation, testing, evaluation, emergency planning, and zebrafish bioassays for government sectors in environmental protection, transportation, water resources, energy, communications, agriculture, forestry, and natural resources. Xingui Group is a national high-tech enterprise and a Guangxi contract-abiding and trustworthy enterprise, and has obtained national certification of CMA, CATL and other inspection and testing qualifications, ISO9001 quality system certification, ISO14001 environmental management system certification, and ISO45001 Occupational health management system certification.Xingui Group has the largest zebrafish laboratory in Guangxi and even south China, and is the first private enterprise in south China to receive the Zebrafish Experimental Animal Production License (SCXK GUI 2024-0002) and Zebrafish Experimental Animal Use License (SYXK GUI 2024-0003) in China, it is also the only institution in South China that currently holds the CMA accreditation for zebrafish testing.","Guangxi Xingui Environmental Protection Technology Group Co., Ltd. (Xingui Group), established in 2006, has grown over 10+ years into a comprehensive consultancy for government decision-making.It delivers professional services encompassing planning, consulting, investigation, testing, evaluation, emergency planning, and zebrafish bioassays for government sectors in environmental protection, transportation, water resources, energy, communications, agriculture, forestry, and natural resources. Xingui Group is a national high-tech enterprise and a Guangxi contract-abiding and trustworthy enterprise, and has obtained national certification of CMA, CATL and other inspection and testing qualifications, ISO9001 quality system certification, ISO14001 environmental management system certification, and ISO45001 Occupational health management system certification.Xingui Group has the largest zebrafish laboratory in Guangxi and even south China, and is the first private enterprise in south China to receive the Zebrafish Experimental Animal Production License (SCXK GUI 2024-0002) and Zebrafish Experimental Animal Use License (SYXK GUI 2024-0003) in China, it is also the only institution in South China that currently holds the CMA accreditation for zebrafish testing.",,Exhibitor,Eco Expo Asia 2025,3-G02,Guangxi Pavilion,Guangxi Pavilion,1,,,"Guangxi Xingui Environmental Protection Technology Group Co., Ltd. specializes in the research and development of zebrafish biological models, conducts multiple studies in the fields of biomedicine and environmental health.; Others","Guangxi Xingui Environmental Protection Technology Group Co., Ltd. specializes in the research and development of zebrafish biological models, conducts multiple studies in the fields of biomedicine and environmental health.; Others",https://www.hktdc.com/event/ecoexpoasia/en/exhibitor/1S005TSTT,0,
"Guangxi Zhongguan Environmental Technology Group Co., Ltd.","Guangxi Zhongguan Environmental Technology Group Co., Ltd.",Chinese Mainland,"Guangxi Zhongguan Environmental Protection Technology Group Co., Ltd. is a high-tech enterprise covering the entire environmental protection industry, integrating environmental consulting, environmental monitoring, environmental engineering governance, R&D and manufacturing of environmental protection equipment, and terminal disposal of hazardous waste. The Group boasts a unique advantage in its ""one-stop"" environmental protection service ecosystem. As a long-standing player in the regional consulting service sector, it has provided precise and efficient environmental protection solutions for over 2,000 enterprises in Guangxi.","Guangxi Zhongguan Environmental Protection Technology Group Co., Ltd. is a high-tech enterprise covering the entire environmental protection industry, integrating environmental consulting, environmental monitoring, environmental engineering governance, R&D and manufacturing of environmental protection equipment, and terminal disposal of hazardous waste. The Group boasts a unique advantage in its ""one-stop"" environmental protection service ecosystem. As a long-standing player in the regional consulting service sector, it has provided precise and efficient environmental protection solutions for over 2,000 enterprises in Guangxi.",,Exhibitor,Eco Expo Asia 2025,3-G02,Guangxi Pavilion,Guangxi Pavilion,1,,,"Sewage Treatment & System Maintenance, Nanotechnology & Material, Biological Treatment Equipment, Bio-Degradable Product, Landfill Containment, Organic Waste Treatment, Solid Waste Treatment & Incineration System, Water Purification Equipment, Wastewater Recycling Technology & Equipment, Environmental Protection Service and Research; 1.Microbial Agent for In-Situ Heavy Metal Remediation. Desulfosporosinus sp. is the functional component of this microbial agent.
2.Mine Heavy Metal Pollution Source Control Technology Based on Microbial Regulation.; OBM","Sewage Treatment & System Maintenance, Nanotechnology & Material, Biological Treatment Equipment, Bio-Degradable Product, Landfill Containment, Organic Waste Treatment, Solid Waste Treatment & Incineration System, Water Purification Equipment, Wastewater Recycling Technology & Equipment, Environmental Protection Service and Research; 1.Microbial Agent for In-Situ Heavy Metal Remediation. Desulfosporosinus sp. is the functional component of this microbial agent.
2.Mine Heavy Metal Pollution Source Control Technology Based on Microbial Regulation.; OBM",https://www.hktdc.com/event/ecoexpoasia/en/exhibitor/1S005TSZB,0,
"Guangzhou Yidi Environmental Protection Co., Ltd.","Guangzhou Yidi Environmental Protection Co., Ltd.",Chinese Mainland,"Guangzhou Yidi Environmental Protection Co., Ltd. was founded in 1993. Originally a subordinate enterprise of the Guangzhou Municipal Environmental Protection Bureau, it was incorporated into Guangzhou Municipal Group Co., Ltd. - a Fortune Global 500 company in 2013. Adhering to the business philosophy of ""Professionalism, Service, Innovation, and Win-Win"", the company's business scope covers environmental protection technology consulting, environmental protection product development, environmental impact assessment, ecological and environmental pollution control (investment, design, procurement, construction, supervision, operation and maintenance), ecological restoration (soil, groundwater, mines), and environmental protection technology R&D. It holds the qualifications of Grade A for professional contracting of environmental protection engineering, Grade II for general contracting of construction engineering, and Grade II for general contracting of municipal public engineering. The company has rich practical experience and fruitful technological achievements in professional fields such as environmental management, environmental assessment, energy conservation and carbon reduction, site investigation, pollution control, and ecological restoration.","Guangzhou Yidi Environmental Protection Co., Ltd. was founded in 1993. Originally a subordinate enterprise of the Guangzhou Municipal Environmental Protection Bureau, it was incorporated into Guangzhou Municipal Group Co., Ltd. - a Fortune Global 500 company in 2013. Adhering to the business philosophy of ""Professionalism, Service, Innovation, and Win-Win"", the company's business scope covers environmental protection technology consulting, environmental protection product development, environmental impact assessment, ecological and environmental pollution control (investment, design, procurement, construction, supervision, operation and maintenance), ecological restoration (soil, groundwater, mines), and environmental protection technology R&D. It holds the qualifications of Grade A for professional contracting of environmental protection engineering, Grade II for general contracting of construction engineering, and Grade II for general contracting of municipal public engineering. The company has rich practical experience and fruitful technological achievements in professional fields such as environmental management, environmental assessment, energy conservation and carbon reduction, site investigation, pollution control, and ecological restoration.",,Exhibitor,Eco Expo Asia 2025,3-F02,Guangzhou Pavilion,Guangzhou Pavilion,1,,,"Environmental Protection Service and Research; Environmental protection technology consulting, environmental protection product development, environmental impact assessment, ecological and environmental pollution control, ecological restoration, and environmental protection technology R&D.; Others","Environmental Protection Service and Research; Environmental protection technology consulting, environmental protection product development, environmental impact assessment, ecological and environmental pollution control, ecological restoration, and environmental protection technology R&D.; Others",https://www.hktdc.com/event/ecoexpoasia/en/exhibitor/1S005TT07,0,
"Hasky Environmental Protection Science and Technology Development Co., Ltd","Hasky Environmental Protection Science and Technology Development Co., Ltd",Chinese Mainland,,,,Exhibitor,Eco Expo Asia 2025,6-A02,Hunan Pavilion,Hunan Pavilion,1,,,"Includes environmental online monitoring products and services, wastewater treatment projects, resource utilization of non-ferrous smelting pollutants, solid waste treatment projects, soil remediation and treatment, ecological basin treatment, etc","Includes environmental online monitoring products and services, wastewater treatment projects, resource utilization of non-ferrous smelting pollutants, solid waste treatment projects, soil remediation and treatment, ecological basin treatment, etc",https://www.hktdc.com/event/ecoexpoasia/en/exhibitor/1S005TXGR,0,
Huahong Water Group Co Ltd,Huahong Water Group Co Ltd,Chinese Mainland,"Huahong Water Group Co., Ltd., a high-tech enterprise and a specialized and innovative enterprise at the Guangxi Zhuang Autonomous Region level, was established in 2008. It is a comprehensive environmental governance service provider with water treatment as its main business, involving research and application of environmental protection technology, overall sewage treatment solutions, process settings, equipment research and development, processing and manufacturing, engineering general contracting, watershed management, soil remediation, municipal solid waste disposal and resource recycling, environmental infrastructure investment and construction, and operation management. It has a complete environmental protection industry chain, is based in Guangxi, faces the Pan Pearl River Delta region, and expands ASEAN. Invest in the construction and operation of over 100 sewage treatment plants (stations), waterworks, and reclaimed water plants in the Fujian Guangxi region.","Huahong Water Group Co., Ltd., a high-tech enterprise and a specialized and innovative enterprise at the Guangxi Zhuang Autonomous Region level, was established in 2008. It is a comprehensive environmental governance service provider with water treatment as its main business, involving research and application of environmental protection technology, overall sewage treatment solutions, process settings, equipment research and development, processing and manufacturing, engineering general contracting, watershed management, soil remediation, municipal solid waste disposal and resource recycling, environmental infrastructure investment and construction, and operation management. It has a complete environmental protection industry chain, is based in Guangxi, faces the Pan Pearl River Delta region, and expands ASEAN. Invest in the construction and operation of over 100 sewage treatment plants (stations), waterworks, and reclaimed water plants in the Fujian Guangxi region.",,Exhibitor,Eco Expo Asia 2025,3-G02,Guangxi Pavilion,Guangxi Pavilion,1,,,"Water-saving Device & Product, Water Resources Utilization, Solar Power, Energy Efficient Device & Products, Wastewater Recycling Technology & Equipment, Water Purification Equipment, Sewage Treatment & System Maintenance, Water Business & Solution, Bio-Degradable Plastic Product, Energy Storage Technology; A series of products including precision machine tools, CNC plasma cutting machines, laser cutting machines, CNC gate shearing machines, CNC hydraulic bending machines, CNC hydraulic punching machines, horizontal universal milling machines, etc; OEM","Water-saving Device & Product, Water Resources Utilization, Solar Power, Energy Efficient Device & Products, Wastewater Recycling Technology & Equipment, Water Purification Equipment, Sewage Treatment & System Maintenance, Water Business & Solution, Bio-Degradable Plastic Product, Energy Storage Technology; A series of products including precision machine tools, CNC plasma cutting machines, laser cutting machines, CNC gate shearing machines, CNC hydraulic bending machines, CNC hydraulic punching machines, horizontal universal milling machines, etc; OEM",https://www.hktdc.com/event/ecoexpoasia/en/exhibitor/1S005TSXH,0,
Hunan Hengkai Environmental Protection Group,Hunan Hengkai Environmental Protection Group,Chinese Mainland,,,,Exhibitor,Eco Expo Asia 2025,6-A02,Hunan Pavilion,Hunan Pavilion,1,,,"Environmental Remediation Technology, Human Habitat Micro-Ecosystem","Environmental Remediation Technology, Human Habitat Micro-Ecosystem",https://www.hktdc.com/event/ecoexpoasia/en/exhibitor/1S005U5VA,0,
"Hunan Sanyou Environmental Technology Co., Ltd","Hunan Sanyou Environmental Technology Co., Ltd",Chinese Mainland,,,,Exhibitor,Eco Expo Asia 2025,6-A02,Hunan Pavilion,Hunan Pavilion,1,,,"The company provides customers with water treatment materials, equipment and technologies, serving fields such as urban sewage treatment, sewage treatment in towns and rural areas, ecological governance and restoration of river basin water bodies.","The company provides customers with water treatment materials, equipment and technologies, serving fields such as urban sewage treatment, sewage treatment in towns and rural areas, ecological governance and restoration of river basin water bodies.",https://www.hktdc.com/event/ecoexpoasia/en/exhibitor/1S005TXIL,0,
"Hunan Wisdom Water Environmental Engineering Co.,Ltd","Hunan Wisdom Water Environmental Engineering Co.,Ltd",Chinese Mainland,,,,Exhibitor,Eco Expo Asia 2025,6-A02,Hunan Pavilion,Hunan Pavilion,1,,,"The main business scope covers design and construction of sewage treatment plants in industrial parks, rural water environment comprehensive improvement, river and lake watershed management, black and odorous water treatment, manufacturing and sales","The main business scope covers design and construction of sewage treatment plants in industrial parks, rural water environment comprehensive improvement, river and lake watershed management, black and odorous water treatment, manufacturing and sales",https://www.hktdc.com/event/ecoexpoasia/en/exhibitor/1S005TXFU,0,
"Hunan Xiangniu Environmental Protection Industrial Co.,Ltd","Hunan Xiangniu Environmental Protection Industrial Co.,Ltd",Chinese Mainland,,,,Exhibitor,Eco Expo Asia 2025,6-A02,Hunan Pavilion,Hunan Pavilion,1,,,"Focuses on comprehensive environmental services for water treatment, air pollution control, soil remediation and treatment. Its business covers multiple fields including design consultation, project investment, construction and operation.","Focuses on comprehensive environmental services for water treatment, air pollution control, soil remediation and treatment. Its business covers multiple fields including design consultation, project investment, construction and operation.",https://www.hktdc.com/event/ecoexpoasia/en/exhibitor/1S005TXHO,0,
"IWestern Inner Mongolia New Energy Development Group Co., Ltd.","IWestern Inner Mongolia New Energy Development Group Co., Ltd.",Chinese Mainland,,,,Exhibitor,Eco Expo Asia 2025,6-B02,Inner Mongolia Pavilion,Inner Mongolia Pavilion,1,,,,,https://www.hktdc.com/event/ecoexpoasia/en/exhibitor/1S005U35I,0,
"Inner Mongolia Baoli Technology Co., Ltd","Inner Mongolia Baoli Technology Co., Ltd",Chinese Mainland,,,,Exhibitor,Eco Expo Asia 2025,6-B02,Inner Mongolia Pavilion,Inner Mongolia Pavilion,1,,,Integrated smart Pumpstation include Design Installation and maintenance,Integrated smart Pumpstation include Design Installation and maintenance,https://www.hktdc.com/event/ecoexpoasia/en/exhibitor/1S005U34L,0,
"Inner Mongolia Hualin Risheng Environmental Protection Technology Co., Ltd.","Inner Mongolia Hualin Risheng Environmental Protection Technology Co., Ltd.",Chinese Mainland,,,,Exhibitor,Eco Expo Asia 2025,6-B02,Inner Mongolia Pavilion,Inner Mongolia Pavilion,1,,,,,https://www.hktdc.com/event/ecoexpoasia/en/exhibitor/1S005U389,0,
"Inner Mongolia Yihang Technology Co., Ltd.","Inner Mongolia Yihang Technology Co., Ltd.",Chinese Mainland,,,,Exhibitor,Eco Expo Asia 2025,6-B02,Inner Mongolia Pavilion,Inner Mongolia Pavilion,1,,,"Cleaning Drone - Beijie Guardian 130 
Lighting Drone - Y3LA","Cleaning Drone - Beijie Guardian 130 
Lighting Drone - Y3LA",https://www.hktdc.com/event/ecoexpoasia/en/exhibitor/1S005U37C,0,
Lihe Technology (Hunan) Company Limited,Lihe Technology (Hunan) Company Limited,Chinese Mainland,,,,Exhibitor,Eco Expo Asia 2025,6-A02,Hunan Pavilion,Hunan Pavilion,1,,,"The core products of its transportation stations are all independently developed and produced and have passed the national environmental protection product certification. They integrate multiple modes such as roadside huts, containers.","The core products of its transportation stations are all independently developed and produced and have passed the national environmental protection product certification. They integrate multiple modes such as roadside huts, containers.",https://www.hktdc.com/event/ecoexpoasia/en/exhibitor/1S005TXD0,0,
"Ordos Goldshine Lever Hydrogen Production Equipment Co., Ltd.","Ordos Goldshine Lever Hydrogen Production Equipment Co., Ltd.",Chinese Mainland,"Ordos Goldshine Lever Hydrogen Production Equipment Co., Ltd. is a technology spin-off from Tsinghua University (a common term for university-derived tech enterprises internationally), specializing in manufacturing water electrolysis hydrogen generators and their auxiliary equipment. The core team boasts 20 years of experience in R&D, design, manufacturing, and (Operation & Maintenance, industry-abbreviated for conciseness) of hydrogen production systems, while mastering advanced core technologies in water electrolysis for hydrogen production.","Ordos Goldshine Lever Hydrogen Production Equipment Co., Ltd. is a technology spin-off from Tsinghua University (a common term for university-derived tech enterprises internationally), specializing in manufacturing water electrolysis hydrogen generators and their auxiliary equipment. The core team boasts 20 years of experience in R&D, design, manufacturing, and (Operation & Maintenance, industry-abbreviated for conciseness) of hydrogen production systems, while mastering advanced core technologies in water electrolysis for hydrogen production.",,Exhibitor,Eco Expo Asia 2025,6-B02,Inner Mongolia Pavilion,Inner Mongolia Pavilion,1,,,"Energy Storage Technology, Hydrogen technology, Decarbonisation Management; 主营产品：0.5-2000Nm3/h方碱性制氢电解槽；0.5-2000Nm3/h方高温碱性制氢电解槽；0.5-2000Nm3/h方碱性电解水成套系统；0.5-5000Nm3/h方气液分离系统；0.5-5000Nm3/h氢气纯化系统；各种规格冷却水系统；各种规格制氢电源；各种规格制氢控制系统；多维联供系统；热电联供系统。
主营业务：碱性电解水制氢系统；碱性电解水制氢电解槽；制氢控制系统；制氢电源系统；净化水系统；气液分离系统；氢气纯化系统；氧气纯化系统；冷却水系统；热电联供系统；多维联供系统等; OBM, OEM, ODM","Energy Storage Technology, Hydrogen technology, Decarbonisation Management; 主营产品：0.5-2000Nm3/h方碱性制氢电解槽；0.5-2000Nm3/h方高温碱性制氢电解槽；0.5-2000Nm3/h方碱性电解水成套系统；0.5-5000Nm3/h方气液分离系统；0.5-5000Nm3/h氢气纯化系统；各种规格冷却水系统；各种规格制氢电源；各种规格制氢控制系统；多维联供系统；热电联供系统。
主营业务：碱性电解水制氢系统；碱性电解水制氢电解槽；制氢控制系统；制氢电源系统；净化水系统；气液分离系统；氢气纯化系统；氧气纯化系统；冷却水系统；热电联供系统；多维联供系统等; OBM, OEM, ODM",https://www.hktdc.com/event/ecoexpoasia/en/exhibitor/1S005TZQV,0,
Sagacity Environment (Shenzhen) Limited,Sagacity Environment (Shenzhen) Limited,Chinese Mainland,Transport,Transport,,Exhibitor,Eco Expo Asia 2025,3-E02,Shenzhen Pavilion,Shenzhen Pavilion,1,,,"Transport; Sagacity Environment’s main product, Intelligent Underground Waste Collection System, is dedicated to solving the two major pain points in urban sanitation: the not-in-my-backyard (NIMBY) issue and health hazards.; OBM","Transport; Sagacity Environment’s main product, Intelligent Underground Waste Collection System, is dedicated to solving the two major pain points in urban sanitation: the not-in-my-backyard (NIMBY) issue and health hazards.; OBM",https://www.hktdc.com/event/ecoexpoasia/en/exhibitor/1S005SNWP,4,https://www.hktdc.com/event/ecoexpoasia/en/product/1Z03OLKEA; https://www.hktdc.com/event/ecoexpoasia/en/product/1Z03OLKEA; https://www.hktdc.com/event/ecoexpoasia/en/product/1Z03OLKKS; https://www.hktdc.com/event/ecoexpoasia/en/product/1Z03OLKKS
"Shenzhen Energy Environment Group Co., Ltd.","Shenzhen Energy Environment Group Co., Ltd.",Chinese Mainland,Solid Waste Treatment & Incineration System,Solid Waste Treatment & Incineration System,,Exhibitor,Eco Expo Asia 2025,3-E02,Shenzhen Pavilion,Shenzhen Pavilion,1,,,Solid Waste Treatment & Incineration System; Our company can provide overall solutions and full process services for the clean and efficient treatment and resource utilization of solid waste in cities.; OBM,Solid Waste Treatment & Incineration System; Our company can provide overall solutions and full process services for the clean and efficient treatment and resource utilization of solid waste in cities.; OBM,https://www.hktdc.com/event/ecoexpoasia/en/exhibitor/1S005SNXM,0,
"Shenzhen Geeking Technology Co., Ltd.","Shenzhen Geeking Technology Co., Ltd.",Chinese Mainland,"Seawater Desalination, Wastewater Recycling Technology & Equipment, Water Resources Utilization, Sewage Treatment & System Maintenance","Seawater Desalination, Wastewater Recycling Technology & Equipment, Water Resources Utilization, Sewage Treatment & System Maintenance",,Exhibitor,Eco Expo Asia 2025,3-E02,Shenzhen Pavilion,Shenzhen Pavilion,1,,,"Seawater Desalination, Wastewater Recycling Technology & Equipment, Water Resources Utilization, Sewage Treatment & System Maintenance; Solutions: industrial waste treatment, landfill leachate treatment,  Lithium battery hydrometallurgical recycling, etc.
Core products: MVR/ Multi-effect Evaporator, Mother Liquor Treatment Systems, Membrane Separation Systems, etc.; OBM","Seawater Desalination, Wastewater Recycling Technology & Equipment, Water Resources Utilization, Sewage Treatment & System Maintenance; Solutions: industrial waste treatment, landfill leachate treatment,  Lithium battery hydrometallurgical recycling, etc.
Core products: MVR/ Multi-effect Evaporator, Mother Liquor Treatment Systems, Membrane Separation Systems, etc.; OBM",https://www.hktdc.com/event/ecoexpoasia/en/exhibitor/1S005SNVS,0,
"Shenzhen Qingquan Water-Industry Co., Ltd.","Shenzhen Qingquan Water-Industry Co., Ltd.",Chinese Mainland,"Founded in 1995, Shenzhen Qingquan is a professional provider of water treatment equipment and solutions. It possesses core technologies such as deep bed filtration and reverse osmosis concentrate treatment, with these core technologies having reached the international leading level. As one of the first batch of ""specialized, sophisticated, distinctive, and novel"" enterprises in Shenzhen, it has an academician workstation. Shenzhen Qingquan will continue to uphold its mission of ""Making Water Cleaner, Life Better"" and strive to develop into an internationally renowned brand.","Founded in 1995, Shenzhen Qingquan is a professional provider of water treatment equipment and solutions. It possesses core technologies such as deep bed filtration and reverse osmosis concentrate treatment, with these core technologies having reached the international leading level. As one of the first batch of ""specialized, sophisticated, distinctive, and novel"" enterprises in Shenzhen, it has an academician workstation. Shenzhen Qingquan will continue to uphold its mission of ""Making Water Cleaner, Life Better"" and strive to develop into an internationally renowned brand.",,Exhibitor,Eco Expo Asia 2025,3-E02,Shenzhen Pavilion,Shenzhen Pavilion,1,,,"Water-saving Device & Product, Wastewater Recycling Technology & Equipment, Water Business & Solution, Water Purification Equipment, Sewage Treatment & System Maintenance, Water Resources Utilization; Reclaimed water reuse is realized through electro-adsorption desalination or the double-membrane method, and RO concentrate is treated to meet discharge standards.; Others","Water-saving Device & Product, Wastewater Recycling Technology & Equipment, Water Business & Solution, Water Purification Equipment, Sewage Treatment & System Maintenance, Water Resources Utilization; Reclaimed water reuse is realized through electro-adsorption desalination or the double-membrane method, and RO concentrate is treated to meet discharge standards.; Others",https://www.hktdc.com/event/ecoexpoasia/en/exhibitor/1S005SNTY,0,
"Shenzhen Tiandeyi Environmental Technology Co., Ltd.","Shenzhen Tiandeyi Environmental Technology Co., Ltd.",Chinese Mainland,"Gas, Indoor Air Quality Technology & System, Air Purification, Air Filtration System, Air Pollution & Gas Emission Control","Gas, Indoor Air Quality Technology & System, Air Purification, Air Filtration System, Air Pollution & Gas Emission Control",,Exhibitor,Eco Expo Asia 2025,3-E02,Shenzhen Pavilion,Shenzhen Pavilion,1,,,"Gas, Indoor Air Quality Technology & System, Air Purification, Air Filtration System, Air Pollution & Gas Emission Control; Comprehensive Solution Provider for Industrial Environmental Protection and Resource Utilization; OEM","Gas, Indoor Air Quality Technology & System, Air Purification, Air Filtration System, Air Pollution & Gas Emission Control; Comprehensive Solution Provider for Industrial Environmental Protection and Resource Utilization; OEM",https://www.hktdc.com/event/ecoexpoasia/en/exhibitor/1S005SNYJ,0,
"Weisi Resources Technology Development (Guangzhou) Co., Ltd.","Weisi Resources Technology Development (Guangzhou) Co., Ltd.",Chinese Mainland,"Air Purification, Bio-degradable & Eco-friendly Raw Material, Water Purification Equipment","Air Purification, Bio-degradable & Eco-friendly Raw Material, Water Purification Equipment",,Exhibitor,Eco Expo Asia 2025,3-F02,Guangzhou Pavilion,Guangzhou Pavilion,1,,,"Air Purification, Bio-degradable & Eco-friendly Raw Material, Water Purification Equipment; BIOLOGIC SR2 Natural Plant-Based Deodorizer.
Wise vibration membrane separation concentration (VMAT) technology.; Others","Air Purification, Bio-degradable & Eco-friendly Raw Material, Water Purification Equipment; BIOLOGIC SR2 Natural Plant-Based Deodorizer.
Wise vibration membrane separation concentration (VMAT) technology.; Others",https://www.hktdc.com/event/ecoexpoasia/en/exhibitor/1S005TTQ1,0,
"Xindayu Environmental Technology (Guangdong) Group Co., Ltd.","Xindayu Environmental Technology (Guangdong) Group Co., Ltd.",Chinese Mainland,,,,Exhibitor,Eco Expo Asia 2025,3-D02,Guangdong Pavilion,Guangdong Pavilion,1,,,"Village Water Spirit is an operational Intelligent Driving system developed to solve the problem of “inability to use, unaffordable to use” in village-level sewage treatment. Through AI simulation, it replaces professional operation technicians","Village Water Spirit is an operational Intelligent Driving system developed to solve the problem of “inability to use, unaffordable to use” in village-level sewage treatment. Through AI simulation, it replaces professional operation technicians",https://www.hktdc.com/event/ecoexpoasia/en/exhibitor/1S005TX3U,0,
Fmc Manufacturing Co Limited,Fmc Manufacturing Co Limited,Hong Kong,"FMC are the HK based company with the plastic injection production facility in Mainland area over 20 years. Recently we explored new innovations and our efforts in biodegradable and compostable products. Our green bag products (biodegradable and compostable) are totally petroleum free and without releasing any toxic chemical. At last, it will turn into water and CO2 without any harmful effects to our environment.","FMC are the HK based company with the plastic injection production facility in Mainland area over 20 years. Recently we explored new innovations and our efforts in biodegradable and compostable products. Our green bag products (biodegradable and compostable) are totally petroleum free and without releasing any toxic chemical. At last, it will turn into water and CO2 without any harmful effects to our environment.",,Exhibitor,Eco Expo Asia 2025,6-F09,Eco-friendly Products,,1,,,"Bio-Degradable Plastic Product, Bio-Degradable Product, Compostable Raw Material, Bio-degradable & Eco-friendly Raw Material, Sustainable Food and Beverage, Plant-based Food and Beverage; compostable custom-made bags and packaging items, compostable disposable cutlery items.; ODM, OEM","Bio-Degradable Plastic Product, Bio-Degradable Product, Compostable Raw Material, Bio-degradable & Eco-friendly Raw Material, Sustainable Food and Beverage, Plant-based Food and Beverage; compostable custom-made bags and packaging items, compostable disposable cutlery items.; ODM, OEM",https://www.hktdc.com/event/ecoexpoasia/en/exhibitor/1S005RL50,16,https://www.hktdc.com/event/ecoexpoasia/en/product/1Z03O4V5Q; https://www.hktdc.com/event/ecoexpoasia/en/product/1Z03O4V5Q; https://www.hktdc.com/event/ecoexpoasia/en/product/1Z03HWEPJ; https://www.hktdc.com/event/ecoexpoasia/en/product/1Z03HWEPJ; https://www.hktdc.com/event/ecoexpoasia/en/product/1Z03MSPMH; https://www.hktdc.com/event/ecoexpoasia/en/product/1Z03MSPMH; https://www.hktdc.com/event/ecoexpoasia/en/product/1Z03HWV7K; https://www.hktdc.com/event/ecoexpoasia/en/product/1Z03HWV7K; https://www.hktdc.com/event/ecoexpoasia/en/product/1Z03K86NX; https://www.hktdc.com/event/ecoexpoasia/en/product/1Z03K86NX; https://www.hktdc.com/event/ecoexpoasia/en/product/1X20RU5D; https://www.hktdc.com/event/ecoexpoasia/en/product/1X20RU5D; https://www.hktdc.com/event/ecoexpoasia/en/product/1Z03H5HBM; https://www.hktdc.com/event/ecoexpoasia/en/product/1Z03H5HBM; https://www.hktdc.com/event/ecoexpoasia/en/product/1X25S6MW; https://www.hktdc.com/event/ecoexpoasia/en/product/1X25S6MW
Greenwich (China) Technology Development Limited,Greenwich (China) Technology Development Limited,Hong Kong,"We are BOTEC, Blue Ocean Algae Membrane. We create Algae-based films for sustainable application. We are the subsidiary of the Green Fresh Group, a global leading producer of seaweed-based hydrocolloid products which is ranked #1 globally*. *The largest global manufacturer of agar-agar products and refined and semi-refined carrageenan products from 2020 and up to 2024, according to a latest report by Frost & Sullivan (issued in 2025).","We are BOTEC, Blue Ocean Algae Membrane. We create Algae-based films for sustainable application. We are the subsidiary of the Green Fresh Group, a global leading producer of seaweed-based hydrocolloid products which is ranked #1 globally*. *The largest global manufacturer of agar-agar products and refined and semi-refined carrageenan products from 2020 and up to 2024, according to a latest report by Frost & Sullivan (issued in 2025).",,Exhibitor,Eco Expo Asia 2025,6-E12,Eco-friendly Products,,1,,,"Bio-degradable & Eco-friendly Raw Material; Seaweed-based transparent films for sustainable applications, including envelope windows, box & bags, food container, wrapping, facial masks and more. The material is naturally carbon-negative and 100% home compostable.; OEM, ODM, OBM","Bio-degradable & Eco-friendly Raw Material; Seaweed-based transparent films for sustainable applications, including envelope windows, box & bags, food container, wrapping, facial masks and more. The material is naturally carbon-negative and 100% home compostable.; OEM, ODM, OBM",https://www.hktdc.com/event/ecoexpoasia/en/exhibitor/1S005RL29,0,
"Yixing Pioniere Environmental Protection Equipment Co., Ltd.","Yixing Pioniere Environmental Protection Equipment Co., Ltd.",Chinese Mainland,"PIONIERE is Yixing-based sludge dewatering solutions provider of cost-effective technologies that treat wastewater systems and reuse effluent. Systems can be modular, compact and cunstomized.","PIONIERE is Yixing-based sludge dewatering solutions provider of cost-effective technologies that treat wastewater systems and reuse effluent. Systems can be modular, compact and cunstomized.",,Exhibitor,Eco Expo Asia 2025,6-D20,Water Treatment and Quality Management,,1,,,"Sewage Treatment & System Maintenance, Wastewater Recycling Technology & Equipment; The screw press is an efficient and eco-friendly sludge dewatering machine. It features a unique ring structure, enabling continuous operation with low energy consumption. Its self-cleaning mechanism prevents clogging, ensuring stable performance.; OEM, ODM, OBM","Sewage Treatment & System Maintenance, Wastewater Recycling Technology & Equipment; The screw press is an efficient and eco-friendly sludge dewatering machine. It features a unique ring structure, enabling continuous operation with low energy consumption. Its self-cleaning mechanism prevents clogging, ensuring stable performance.; OEM, ODM, OBM",https://www.hktdc.com/event/ecoexpoasia/en/exhibitor/1S005RL8R,0,
"TECHNOBIO CO., LTD.","TECHNOBIO CO., LTD.","Korea, Republic Of","POWER-Z is an advanced fuel additive designed to enhance engine performance and significantly reduce harmful emissions. Specially formulated for Cars, boilers, and marine engines. POWER-Z helps improve fuel efficiency while minimizing the release of fine dust, nitrogen oxides (NOx), hydrocarbons (HC), and other pollutants.","POWER-Z is an advanced fuel additive designed to enhance engine performance and significantly reduce harmful emissions. Specially formulated for Cars, boilers, and marine engines. POWER-Z helps improve fuel efficiency while minimizing the release of fine dust, nitrogen oxides (NOx), hydrocarbons (HC), and other pollutants.",,Exhibitor,Eco Expo Asia 2025,6-E03,Korea Pavilion,Korea Pavilion,1,,,"Eco-friendly Auto Parts & Accessories for Vehicle, Eco-friendly Vehicle, Air Purification, Water Transportation, Decarbonisation Management, Energy Efficient Device & Products, Air Pollution & Gas Emission Control, Maritime Logistics; POWER-Z is an advanced fuel additive designed to enhance engine performance and significantly reduce harmful emissions. Specially formulated for Cars, boilers, and marine engines.; Others","Eco-friendly Auto Parts & Accessories for Vehicle, Eco-friendly Vehicle, Air Purification, Water Transportation, Decarbonisation Management, Energy Efficient Device & Products, Air Pollution & Gas Emission Control, Maritime Logistics; POWER-Z is an advanced fuel additive designed to enhance engine performance and significantly reduce harmful emissions. Specially formulated for Cars, boilers, and marine engines.; Others",https://www.hktdc.com/event/ecoexpoasia/en/exhibitor/1S005TQ6S,0,
ESGreen Research Limited,ESGreen Research Limited,Hong Kong,"We are ESGreen, dedicated to developing cost-efficient, innovative motor solutions tailored for smart energy applications. As a leader in motor technology, we champion ESG-focused innovations that optimize operational performance while promoting environmental sustainability. Our eco-friendly motors are designed to reduce emissions and conserve natural resources, helping businesses lower their carbon footprint and maximize energy efficiency. With a strong commitment to collaboration, we work alongside partners to create strategies that reduce energy usage and advance sustainable practices across various industries. Together, we are building a greener, more sustainable future.","We are ESGreen, dedicated to developing cost-efficient, innovative motor solutions tailored for smart energy applications. As a leader in motor technology, we champion ESG-focused innovations that optimize operational performance while promoting environmental sustainability. Our eco-friendly motors are designed to reduce emissions and conserve natural resources, helping businesses lower their carbon footprint and maximize energy efficiency. With a strong commitment to collaboration, we work alongside partners to create strategies that reduce energy usage and advance sustainable practices across various industries. Together, we are building a greener, more sustainable future.",,Exhibitor,Eco Expo Asia 2025,6-C20,New Energy and Energy Efficiency,,1,,,"Energy Efficient Device & Products; Our new permanent magnet synchronous motor demonstrates our commitment to environmental, social, and governance (ESG) standards. Its efficient design significantly reduces energy consumption and makes the motor more durable and quieter in operation.; Others","Energy Efficient Device & Products; Our new permanent magnet synchronous motor demonstrates our commitment to environmental, social, and governance (ESG) standards. Its efficient design significantly reduces energy consumption and makes the motor more durable and quieter in operation.; Others",https://www.hktdc.com/event/ecoexpoasia/en/exhibitor/1S005RL43,0,
Daemyung Esco Co Ltd,Daemyung Esco Co Ltd,"Korea, Republic Of","Exhaust gas at temperatures above 150°C, emitted from various heat-generating facilities (industrial boilers, incinerators, combined heat and power plants, etc.), is circulated and heated with cold water at temperatures below 7-20°C through a waste heat recovery heat exchange system. This is used for heating, hot water supplementation, and hot water power generation (ORC) in agriculture (smart farms) and fisheries (livestock farms). The exhaust gas is discharged at 50°C or below, and water vapor condensation reduces water-soluble air pollutants (SOX, dust, white smoke, etc.). Thermal energy saving, greenhouse gas reduction (NOX low-temperature ozone oxidation treatment, post-combustion CO2 capture prerequisites) and waste energy recycling technology","Exhaust gas at temperatures above 150°C, emitted from various heat-generating facilities (industrial boilers, incinerators, combined heat and power plants, etc.), is circulated and heated with cold water at temperatures below 7-20°C through a waste heat recovery heat exchange system. This is used for heating, hot water supplementation, and hot water power generation (ORC) in agriculture (smart farms) and fisheries (livestock farms). The exhaust gas is discharged at 50°C or below, and water vapor condensation reduces water-soluble air pollutants (SOX, dust, white smoke, etc.). Thermal energy saving, greenhouse gas reduction (NOX low-temperature ozone oxidation treatment, post-combustion CO2 capture prerequisites) and waste energy recycling technology",,Exhibitor,Eco Expo Asia 2025,6-E09,Korea Pavilion,Korea Pavilion,1,,,Renewable Energy Resource; Low-Temperature High-Efficiency Condensable Heat Exchange System for the Recovery of Waste Heat; Others,Renewable Energy Resource; Low-Temperature High-Efficiency Condensable Heat Exchange System for the Recovery of Waste Heat; Others,https://www.hktdc.com/event/ecoexpoasia/en/exhibitor/1S005TQ8M,0,
"Daeshin MC Co.,Ltd","Daeshin MC Co.,Ltd","Korea, Republic Of",Indoor Air Quality Technology & System,Indoor Air Quality Technology & System,,Exhibitor,Eco Expo Asia 2025,6-E07,Korea Pavilion,Korea Pavilion,1,,,Indoor Air Quality Technology & System; A 'modular grid vacuum suction mat_shoe duster Solcheck'  that applies cyclone dust collection device technology using a suction mat for removing foreign substances from the soles of shoes and wheels.; Others,Indoor Air Quality Technology & System; A 'modular grid vacuum suction mat_shoe duster Solcheck'  that applies cyclone dust collection device technology using a suction mat for removing foreign substances from the soles of shoes and wheels.; Others,https://www.hktdc.com/event/ecoexpoasia/en/exhibitor/1S005TPYH,0,
"K Pack Korea Co., Ltd.","K Pack Korea Co., Ltd.","Korea, Republic Of",Wastewater Recycling Technology & Equipment,Wastewater Recycling Technology & Equipment,,Exhibitor,Eco Expo Asia 2025,6-D04,Korea Pavilion,Korea Pavilion,1,,,Wastewater Recycling Technology & Equipment; wastewater treatment and polymer; Others,Wastewater Recycling Technology & Equipment; wastewater treatment and polymer; Others,https://www.hktdc.com/event/ecoexpoasia/en/exhibitor/1S005TQ9J,0,
KINAVA,KINAVA,"Korea, Republic Of","Through its proprietary Hybrid Hydrothermal Carbonization (Hybrid HTC) process incorporating with an innovative catalyst technology, Kinava transforms various types of organic waste including sewage sludge, food waste, and livestock manure, into high-value resources such as fertilizer, biocoal, biochar, and biogas.","Through its proprietary Hybrid Hydrothermal Carbonization (Hybrid HTC) process incorporating with an innovative catalyst technology, Kinava transforms various types of organic waste including sewage sludge, food waste, and livestock manure, into high-value resources such as fertilizer, biocoal, biochar, and biogas.",,Exhibitor,Eco Expo Asia 2025,6-E01,Korea Pavilion,Korea Pavilion,1,,,"Solid Waste Treatment & Incineration System, Organic Waste Treatment, Sludge Treatment, Solid Waste Recycling Technology & Equipment, Food Waste Process; Hybrid Hydrothermal Carbonization Based Zero discharge organic waste-to-energy plant; Others","Solid Waste Treatment & Incineration System, Organic Waste Treatment, Sludge Treatment, Solid Waste Recycling Technology & Equipment, Food Waste Process; Hybrid Hydrothermal Carbonization Based Zero discharge organic waste-to-energy plant; Others",https://www.hktdc.com/event/ecoexpoasia/en/exhibitor/1S005TQ7P,0,
"Korea Aquosys Co., Ltd.","Korea Aquosys Co., Ltd.","Korea, Republic Of",Water Purification Equipment,Water Purification Equipment,,Exhibitor,Eco Expo Asia 2025,6-E05,Korea Pavilion,Korea Pavilion,1,,,"Water Purification Equipment; Aquosys has unique technologies in water treatment technology using physical & chemical methods, and they show high economic efficiency and efficiency in separating floating substances in water and treating difficult-to-decompose and toxic wastewater; Others","Water Purification Equipment; Aquosys has unique technologies in water treatment technology using physical & chemical methods, and they show high economic efficiency and efficiency in separating floating substances in water and treating difficult-to-decompose and toxic wastewater; Others",https://www.hktdc.com/event/ecoexpoasia/en/exhibitor/1S005TQ4Y,0,
"Scientec Lab Center Co., Ltd.","Scientec Lab Center Co., Ltd.","Korea, Republic Of","Scientec Lab Center Co., Ltd is a leading innovator in environmental monitoring solutions, specializing in advanced air (odor) and water quality measurement systems. Through continuous R&D and technological advancement, we are committed to creating a cleaner environment, healthier lives, and a more sustainable future on a global scale.","Scientec Lab Center Co., Ltd is a leading innovator in environmental monitoring solutions, specializing in advanced air (odor) and water quality measurement systems. Through continuous R&D and technological advancement, we are committed to creating a cleaner environment, healthier lives, and a more sustainable future on a global scale.",,Exhibitor,Eco Expo Asia 2025,6-D06,Korea Pavilion,Korea Pavilion,1,,,"Environmental Research & Consultation, Indoor Air Quality Technology & System, Water Business & Solution, Air Filtration System, Environmental Protection Service and Research, Air Pollution & Gas Emission Control, Gas, Sewage Treatment & System Maintenance, Environmental Electronic Surveillance; Scientec Lab Center Co., Ltd is a leading innovator in environmental monitoring solutions, specializing in advanced air (odor) and water quality measurement systems.; Others","Environmental Research & Consultation, Indoor Air Quality Technology & System, Water Business & Solution, Air Filtration System, Environmental Protection Service and Research, Air Pollution & Gas Emission Control, Gas, Sewage Treatment & System Maintenance, Environmental Electronic Surveillance; Scientec Lab Center Co., Ltd is a leading innovator in environmental monitoring solutions, specializing in advanced air (odor) and water quality measurement systems.; Others",https://www.hktdc.com/event/ecoexpoasia/en/exhibitor/1S005TQ5V,0,
Technology & Environment Corporation,Technology & Environment Corporation,"Korea, Republic Of","Water-saving Device & Product, Water Purification Equipment, Wastewater Recycling Technology & Equipment, Water Resources Utilization, Sewage Treatment & System Maintenance","Water-saving Device & Product, Water Purification Equipment, Wastewater Recycling Technology & Equipment, Water Resources Utilization, Sewage Treatment & System Maintenance",,Exhibitor,Eco Expo Asia 2025,6-D02,Korea Pavilion,Korea Pavilion,1,,,"Water-saving Device & Product, Water Purification Equipment, Wastewater Recycling Technology & Equipment, Water Resources Utilization, Sewage Treatment & System Maintenance; It is multi-water quality sonde manufactured in Korea. It is possible to measure to water quality of multi items at the same time with one measuring instrument. It can be used as real time online monitoring and portable measurement is also possible.; Others","Water-saving Device & Product, Water Purification Equipment, Wastewater Recycling Technology & Equipment, Water Resources Utilization, Sewage Treatment & System Maintenance; It is multi-water quality sonde manufactured in Korea. It is possible to measure to water quality of multi items at the same time with one measuring instrument. It can be used as real time online monitoring and portable measurement is also possible.; Others",https://www.hktdc.com/event/ecoexpoasia/en/exhibitor/1S005TQAG,0,
The Hong Kong Polytechnic University Jinjiang Technology and Innovation Research Institute,The Hong Kong Polytechnic University Jinjiang Technology and Innovation Research Institute,Chinese Mainland,"Nanotechnology & Material, Conditioning","Nanotechnology & Material, Conditioning",,Exhibitor,Eco Expo Asia 2025,6-A23,Eco-friendly Products,,1,,,"Nanotechnology & Material, Conditioning; RetroLogic AI, developed by the university, is designed specifically for building retrofits. This cutting-edge solution combines intelligent technology and energy-saving features, FDD to improve building efficiency and sustainability; OEM","Nanotechnology & Material, Conditioning; RetroLogic AI, developed by the university, is designed specifically for building retrofits. This cutting-edge solution combines intelligent technology and energy-saving features, FDD to improve building efficiency and sustainability; OEM",https://www.hktdc.com/event/ecoexpoasia/en/exhibitor/1S005S4W8,0,
USC,USC,"Korea, Republic Of","Our eco-friendly multi-strain microbial product combines over 300 natural microorganisms with diverse enzyme systems. It improves water and soil quality by breaking down organic matter, reducing odors, and enhancing nutrient availability, offering a safe and sustainable alternative to chemical treatments.","Our eco-friendly multi-strain microbial product combines over 300 natural microorganisms with diverse enzyme systems. It improves water and soil quality by breaking down organic matter, reducing odors, and enhancing nutrient availability, offering a safe and sustainable alternative to chemical treatments.",,Exhibitor,Eco Expo Asia 2025,6-D08,Korea Pavilion,Korea Pavilion,1,,,"Sewage Treatment & System Maintenance, Biological Treatment Equipment, Organic Waste Treatment, Water Business & Solution, Food Waste Process, Bio-degradable & Eco-friendly Raw Material, Sludge Treatment, Bio-Degradable Product; Our product improves water and soil quality by breaking down organic matter, reducing odors, and enhancing nutrient availability, offering a safe and sustainable alternative to chemical treatments.; Others","Sewage Treatment & System Maintenance, Biological Treatment Equipment, Organic Waste Treatment, Water Business & Solution, Food Waste Process, Bio-degradable & Eco-friendly Raw Material, Sludge Treatment, Bio-Degradable Product; Our product improves water and soil quality by breaking down organic matter, reducing odors, and enhancing nutrient availability, offering a safe and sustainable alternative to chemical treatments.; Others",https://www.hktdc.com/event/ecoexpoasia/en/exhibitor/1S005TQ31,0,
ALBA Integrated Waste Solutions (Hong Kong) Limited,ALBA Integrated Waste Solutions (Hong Kong) Limited,Hong Kong,"ALBA IWS is a joint venture between the ALBA Group Asia and the Integrated Waste Solutions Group Holdings Limited (IWS). ALBA originates in Germany 50 years ago and has accumulated more than 20 years of recycling experience in Asia. Rooted in Hong Kong, IWS is an experienced enterprise that provides solid waste management services, including confidential materials destruction service, waste paper management, waste plastic recycling, as well as waste collection and logistics services.Building upon German experience, advanced technology, and local expertise, ALBA IWS has been providing a quality and comprehensive regulated e-waste recycling service to the residences and businesses of Hong Kong since 2017.","ALBA IWS is a joint venture between the ALBA Group Asia and the Integrated Waste Solutions Group Holdings Limited (IWS). ALBA originates in Germany 50 years ago and has accumulated more than 20 years of recycling experience in Asia. Rooted in Hong Kong, IWS is an experienced enterprise that provides solid waste management services, including confidential materials destruction service, waste paper management, waste plastic recycling, as well as waste collection and logistics services.Building upon German experience, advanced technology, and local expertise, ALBA IWS has been providing a quality and comprehensive regulated e-waste recycling service to the residences and businesses of Hong Kong since 2017.",,Exhibitor,Eco Expo Asia 2025,3-D26,Hong Kong Pavilion,Hong Kong Pavilion,1,,,"Waste Electronics & Electrical Appliance Treatment and Recycling System; Building upon German experience, advanced technology, and local expertise, ALBA IWS has been providing a quality and comprehensive regulated e-waste recycling service to the residences and businesses of Hong Kong since 2017.; Others","Waste Electronics & Electrical Appliance Treatment and Recycling System; Building upon German experience, advanced technology, and local expertise, ALBA IWS has been providing a quality and comprehensive regulated e-waste recycling service to the residences and businesses of Hong Kong since 2017.; Others",https://www.hktdc.com/event/ecoexpoasia/en/exhibitor/1S005SQE4,4,https://www.hktdc.com/event/ecoexpoasia/en/product/1Z03JEKF7; https://www.hktdc.com/event/ecoexpoasia/en/product/1Z03JEKF7; https://www.hktdc.com/event/ecoexpoasia/en/product/1X21KG1N; https://www.hktdc.com/event/ecoexpoasia/en/product/1X21KG1N
Allied Environmental Consultants Limited,Allied Environmental Consultants Limited,Hong Kong,Green Financing,Green Financing,,Exhibitor,Eco Expo Asia 2025,6-C13,Green Finance and ESG-related Services,,1,,,"Green Financing; (a) Green and Healthy Building; (b) Acoustics, Audiovisual, Lighting and Theatre Planning; (c) Environmental Consultancy and Sustainable Design;(d) Green Finance, Sustainability Strategies and ESG; and (e) Smart and Green Internet of Things (IoT); Others","Green Financing; (a) Green and Healthy Building; (b) Acoustics, Audiovisual, Lighting and Theatre Planning; (c) Environmental Consultancy and Sustainable Design;(d) Green Finance, Sustainability Strategies and ESG; and (e) Smart and Green Internet of Things (IoT); Others",https://www.hktdc.com/event/ecoexpoasia/en/exhibitor/1S005SFJ0,12,https://www.hktdc.com/event/ecoexpoasia/en/product/1Z03J3YKE; https://www.hktdc.com/event/ecoexpoasia/en/product/1Z03J3YKE; https://www.hktdc.com/event/ecoexpoasia/en/product/1Z03J3X7I; https://www.hktdc.com/event/ecoexpoasia/en/product/1Z03J3X7I; https://www.hktdc.com/event/ecoexpoasia/en/product/1Z03J3ZGP; https://www.hktdc.com/event/ecoexpoasia/en/product/1Z03J3ZGP; https://www.hktdc.com/event/ecoexpoasia/en/product/1Z03J3VAB; https://www.hktdc.com/event/ecoexpoasia/en/product/1Z03J3VAB; https://www.hktdc.com/event/ecoexpoasia/en/product/1Z03J3ZM7; https://www.hktdc.com/event/ecoexpoasia/en/product/1Z03J3ZM7; https://www.hktdc.com/event/ecoexpoasia/en/product/1Z03J3ZIJ; https://www.hktdc.com/event/ecoexpoasia/en/product/1Z03J3ZIJ
"Associated Engineers, Limited","Associated Engineers, Limited",Hong Kong,"Associated Engineers, Ltd. (AEL) was established in 1961 as a specialist electrical and mechanical equipment repair and maintenance services provider for airports. AEL has further expanded its business scopes over the years. With nearly six decades' experience in turn-key engineering projects, AEL has been transformed from an engineering workshop to a well-known Multidisciplinary Solutions Provider specializing in Airport Engineering, Environmental Engineering, Infastructure Engineerg, Logistics & Automation and Engineering Services. To date, AEL provides one-stop solution from feasibility study, design, manufacturing, project management, commissioning and after-sales maintenance.","Associated Engineers, Ltd. (AEL) was established in 1961 as a specialist electrical and mechanical equipment repair and maintenance services provider for airports. AEL has further expanded its business scopes over the years. With nearly six decades' experience in turn-key engineering projects, AEL has been transformed from an engineering workshop to a well-known Multidisciplinary Solutions Provider specializing in Airport Engineering, Environmental Engineering, Infastructure Engineerg, Logistics & Automation and Engineering Services. To date, AEL provides one-stop solution from feasibility study, design, manufacturing, project management, commissioning and after-sales maintenance.",,Exhibitor,Eco Expo Asia 2025,3-C22,Hong Kong Pavilion,Hong Kong Pavilion,1,,,"Transport, Water Business & Solution, Wastewater Recycling Technology & Equipment, Water Purification Equipment, Biological Treatment Equipment, Sewage Treatment & System Maintenance, Water-saving Device & Product; Our company offers complete waste treatment solutions, ranging from refuse collection, transport, transfer and treatment, together with various wastewater treatment and environmental technologies.; OBM, OEM, ODM","Transport, Water Business & Solution, Wastewater Recycling Technology & Equipment, Water Purification Equipment, Biological Treatment Equipment, Sewage Treatment & System Maintenance, Water-saving Device & Product; Our company offers complete waste treatment solutions, ranging from refuse collection, transport, transfer and treatment, together with various wastewater treatment and environmental technologies.; OBM, OEM, ODM",https://www.hktdc.com/event/ecoexpoasia/en/exhibitor/1S005SQ5V,0,
Chun Yang International (HK) Company Limited,Chun Yang International (HK) Company Limited,Hong Kong,"Chun Yang International with a deeply rooted foundation in Hong Kong, the group has also successfully expanded in mainland and international markets. Leading by management team with experienced in the industry and innovative visionary. Chun Yang is one of the advanced renewable resource companies. Chun Yang EV Batteries Processing Plant Approved by the EPD, Chun Yang has been successfully awarded as the tenant in EcoPark. Shortly, Chun Yang EV Battery Processing Plant will be built to provide sustainable solutions such as cascade utilization and material regeneration throughout an EV battery's lifecycle. Current Processing Center Our current processing center was established in 2017, of which covers an area of 150,000 square feet. Chun Yang has granted licences: Licence to Dispose of Chemical Waste (EV batteries, Electrical Waste ""WEEE"" and Printed Circuit Board). Licence to collect & transport chemical waste Export permit of waste Certificates: R2v3, ISO 9001 / 14001 / 45001 Food Waste Smart Recycling Bin We have developed own brand Food Waste Smart Recycling Bin, which aims to drive the green transformation of food waste by green innovative technology.","Chun Yang International with a deeply rooted foundation in Hong Kong, the group has also successfully expanded in mainland and international markets. Leading by management team with experienced in the industry and innovative visionary. Chun Yang is one of the advanced renewable resource companies. Chun Yang EV Batteries Processing Plant Approved by the EPD, Chun Yang has been successfully awarded as the tenant in EcoPark. Shortly, Chun Yang EV Battery Processing Plant will be built to provide sustainable solutions such as cascade utilization and material regeneration throughout an EV battery's lifecycle. Current Processing Center Our current processing center was established in 2017, of which covers an area of 150,000 square feet. Chun Yang has granted licences: Licence to Dispose of Chemical Waste (EV batteries, Electrical Waste ""WEEE"" and Printed Circuit Board). Licence to collect & transport chemical waste Export permit of waste Certificates: R2v3, ISO 9001 / 14001 / 45001 Food Waste Smart Recycling Bin We have developed own brand Food Waste Smart Recycling Bin, which aims to drive the green transformation of food waste by green innovative technology.",,Exhibitor,Eco Expo Asia 2025,3-C25,Hong Kong Pavilion,,1,,,"Energy and Charging Infrastructure, Transport, Vehicle Battery Recycling, Food Waste Process, Vehicle Battery and Energy Storage Technology, Waste Electronics & Electrical Appliance Treatment and Recycling System; Lithium Batteries / EV Batteries Local Processing Center; EV Charger, installation and infrastructure; EHSS contractor; Battery Energy Storage System (BESS); Data Destruction / ITAD in HK and Macau / Smart Recycling System / Food Waste Smart Bin; Others","Energy and Charging Infrastructure, Transport, Vehicle Battery Recycling, Food Waste Process, Vehicle Battery and Energy Storage Technology, Waste Electronics & Electrical Appliance Treatment and Recycling System; Lithium Batteries / EV Batteries Local Processing Center; EV Charger, installation and infrastructure; EHSS contractor; Battery Energy Storage System (BESS); Data Destruction / ITAD in HK and Macau / Smart Recycling System / Food Waste Smart Bin; Others",https://www.hktdc.com/event/ecoexpoasia/en/exhibitor/1S005SQ6S,4,https://www.hktdc.com/event/ecoexpoasia/en/product/1Z03MUSTT; https://www.hktdc.com/event/ecoexpoasia/en/product/1Z03MUSTT; https://www.hktdc.com/event/ecoexpoasia/en/product/1Z03MUSKK; https://www.hktdc.com/event/ecoexpoasia/en/product/1Z03MUSKK
Consulate General of Canada,Consulate General of Canada,Hong Kong,"Canada has so much to offer that hundreds of foreign investors have set up plants and operations here. While helping Canadian businesses to achieve their international business goals, the Canadian Trade Commissioner Service can also help your company to establish operations in Canada or to source Canadian innovative products, services or technologies.","Canada has so much to offer that hundreds of foreign investors have set up plants and operations here. While helping Canadian businesses to achieve their international business goals, the Canadian Trade Commissioner Service can also help your company to establish operations in Canada or to source Canadian innovative products, services or technologies.",,Exhibitor,Eco Expo Asia 2025,6-C23,Canada Pavilion,Canada Pavilion,1,,,"Government Department, Association Service & Government Organisation; Canada has so much to offer that hundreds of foreign investors have set up plants and operations here.; Others","Government Department, Association Service & Government Organisation; Canada has so much to offer that hundreds of foreign investors have set up plants and operations here.; Others",https://www.hktdc.com/event/ecoexpoasia/en/exhibitor/1S005T8FJ,0,
Dunwell Engineering Company Limited,Dunwell Engineering Company Limited,Hong Kong,"With over 20 years of professional experience in providing technological environmental solutions, Dunwell's services include: 1) Providing water treatment solutions such as design and installation of industrial wastewater treatment and sewage treatment and reuse system; 2) Providing lubricating oil related technologies such as re-refining / recycling of used lubricant oil, blending of lubricant oil products and analysis service as a preventive maintenance measure; 3) Providing Cleaner Production Assessment and Demonstration projects to help PRD factories to reduce their pollution emissions; 4) Providing energy, water and indoor air quality audits, consultations and technical solutions to enhance companies' energy / water saving and efficiency and 5) Collecting and treating wastes such as wastewater, oily contaminated wastewater, used oil, used rechargeable batteries and other chemical wastes","With over 20 years of professional experience in providing technological environmental solutions, Dunwell's services include: 1) Providing water treatment solutions such as design and installation of industrial wastewater treatment and sewage treatment and reuse system; 2) Providing lubricating oil related technologies such as re-refining / recycling of used lubricant oil, blending of lubricant oil products and analysis service as a preventive maintenance measure; 3) Providing Cleaner Production Assessment and Demonstration projects to help PRD factories to reduce their pollution emissions; 4) Providing energy, water and indoor air quality audits, consultations and technical solutions to enhance companies' energy / water saving and efficiency and 5) Collecting and treating wastes such as wastewater, oily contaminated wastewater, used oil, used rechargeable batteries and other chemical wastes",,Exhibitor,Eco Expo Asia 2025,3-C27,Hong Kong Pavilion,Hong Kong Pavilion,1,,,"Compostable Raw Material, Organic Waste Treatment, Hydrogen technology, Energy and Charging Infrastructure, Vehicle Battery Recycling, Wastewater Recycling Technology & Equipment, Water Resources Utilization, Sewage Treatment & System Maintenance, Oil Recycling Technology & Equipment; Our VMAT and DMBR systems specialised in treating liquid waste with advance technologies and enable resource recover. Biologic SR2 is a plant-based blend of micronutrients that enables rapid elimination of odours.; OBM","Compostable Raw Material, Organic Waste Treatment, Hydrogen technology, Energy and Charging Infrastructure, Vehicle Battery Recycling, Wastewater Recycling Technology & Equipment, Water Resources Utilization, Sewage Treatment & System Maintenance, Oil Recycling Technology & Equipment; Our VMAT and DMBR systems specialised in treating liquid waste with advance technologies and enable resource recover. Biologic SR2 is a plant-based blend of micronutrients that enables rapid elimination of odours.; OBM",https://www.hktdc.com/event/ecoexpoasia/en/exhibitor/1S005SQ7P,6,https://www.hktdc.com/event/ecoexpoasia/en/product/1Z03MXZY7; https://www.hktdc.com/event/ecoexpoasia/en/product/1Z03MXZY7; https://www.hktdc.com/event/ecoexpoasia/en/product/1Z03N1A75; https://www.hktdc.com/event/ecoexpoasia/en/product/1Z03N1A75; https://www.hktdc.com/event/ecoexpoasia/en/product/1Z03MZK8S; https://www.hktdc.com/event/ecoexpoasia/en/product/1Z03MZK8S
Hong Kong Council For Testing and Certification,Hong Kong Council For Testing and Certification,Hong Kong,"The Hong Kong Council for Testing and Certification (HKCTC) is an advisory body established by the Government in 2009 to advise on the overall strategy to support the development of the testing and certification industry. Members of the Council include practitioners from the industry, business sector, professional organisations as well as relevant public bodies and Government departments. Hong Kong Accreditation Service (HKAS), being part of the Innovation and Technology Commission, provides accreditation services mainly to laboratories, certification bodies and inspection bodies located in Hong Kong through three accreditation schemes: Hong Kong Laboratory Accreditation Scheme (HOKLAS); Hong Kong Certification Body Accreditation Scheme (HKCAS); and Hong Kong Inspection Body Accreditation Scheme (HKIAS).","The Hong Kong Council for Testing and Certification (HKCTC) is an advisory body established by the Government in 2009 to advise on the overall strategy to support the development of the testing and certification industry. Members of the Council include practitioners from the industry, business sector, professional organisations as well as relevant public bodies and Government departments. Hong Kong Accreditation Service (HKAS), being part of the Innovation and Technology Commission, provides accreditation services mainly to laboratories, certification bodies and inspection bodies located in Hong Kong through three accreditation schemes: Hong Kong Laboratory Accreditation Scheme (HOKLAS); Hong Kong Certification Body Accreditation Scheme (HKCAS); and Hong Kong Inspection Body Accreditation Scheme (HKIAS).",,Exhibitor,Eco Expo Asia 2025,6-C19,Green Finance and ESG-related Services,,1,,,"Environmental Electronic Surveillance, Laboratory Equipment & Supplies, Quality Inspection & Testing Service, Quality Consultancy Service, Environmental Information & Data Processing; The Government established the HKCTC to advise on the overall strategy to support the development of the testing and certification industry. HKAS provides accreditation services to laboratories, certification bodies & inspection bodies located in HK.; Others","Environmental Electronic Surveillance, Laboratory Equipment & Supplies, Quality Inspection & Testing Service, Quality Consultancy Service, Environmental Information & Data Processing; The Government established the HKCTC to advise on the overall strategy to support the development of the testing and certification industry. HKAS provides accreditation services to laboratories, certification bodies & inspection bodies located in HK.; Others",https://www.hktdc.com/event/ecoexpoasia/en/exhibitor/1S005RKZJ,18,https://www.hktdc.com/event/ecoexpoasia/en/product/1Z03G9F1I; https://www.hktdc.com/event/ecoexpoasia/en/product/1Z03G9F1I; https://www.hktdc.com/event/ecoexpoasia/en/product/1Z03G5JS5; https://www.hktdc.com/event/ecoexpoasia/en/product/1Z03G5JS5; https://www.hktdc.com/event/ecoexpoasia/en/product/1Z03G5J8T; https://www.hktdc.com/event/ecoexpoasia/en/product/1Z03G5J8T; https://www.hktdc.com/event/ecoexpoasia/en/product/1Z03G494F; https://www.hktdc.com/event/ecoexpoasia/en/product/1Z03G494F; https://www.hktdc.com/event/ecoexpoasia/en/product/1Z03G9MVT; https://www.hktdc.com/event/ecoexpoasia/en/product/1Z03G9MVT; https://www.hktdc.com/event/ecoexpoasia/en/product/1Z03G9NAJ; https://www.hktdc.com/event/ecoexpoasia/en/product/1Z03G9NAJ; https://www.hktdc.com/event/ecoexpoasia/en/product/1Z03G9SE2; https://www.hktdc.com/event/ecoexpoasia/en/product/1Z03G9SE2; https://www.hktdc.com/event/ecoexpoasia/en/product/1Z03G4AYW; https://www.hktdc.com/event/ecoexpoasia/en/product/1Z03G4AYW; https://www.hktdc.com/event/ecoexpoasia/en/product/1X0QU4F9; https://www.hktdc.com/event/ecoexpoasia/en/product/1X0QU4F9
Kellon Energy Performance Contracting Limited,Kellon Energy Performance Contracting Limited,Hong Kong,"KELLON company offer the series product of green energy solution,including PV solar system,energy monitoring technologies, energy saving system and innovative electric vehicle charging system, The newly lanuched product, elot system for EV charging field. Service provider in consulating, supplier, design and build,","KELLON company offer the series product of green energy solution,including PV solar system,energy monitoring technologies, energy saving system and innovative electric vehicle charging system, The newly lanuched product, elot system for EV charging field. Service provider in consulating, supplier, design and build,",,Exhibitor,Eco Expo Asia 2025,3-E27,Hong Kong Pavilion,Hong Kong Pavilion,1,,,"Wind Power, Energy Storage Technology, Energy Efficient Device & Products, Renewable Energy Resource, Solar Power, Decarbonisation Management; A-9H
PV solar system
EV charging system
movable battery bank; Others","Wind Power, Energy Storage Technology, Energy Efficient Device & Products, Renewable Energy Resource, Solar Power, Decarbonisation Management; A-9H
PV solar system
EV charging system
movable battery bank; Others",https://www.hktdc.com/event/ecoexpoasia/en/exhibitor/1S005SQGY,6,https://www.hktdc.com/event/ecoexpoasia/en/product/1X0XQOFL; https://www.hktdc.com/event/ecoexpoasia/en/product/1X0XQOFL; https://www.hktdc.com/event/ecoexpoasia/en/product/1X0X30V5; https://www.hktdc.com/event/ecoexpoasia/en/product/1X0X30V5; https://www.hktdc.com/event/ecoexpoasia/en/product/1X0X30T7; https://www.hktdc.com/event/ecoexpoasia/en/product/1X0X30T7
NEW STAR ENERGY LIMITED,NEW STAR ENERGY LIMITED,Hong Kong,"NEW STAR ENERGY LIMITED, whose parent company is NEW IDEA ALUMINUM & INTERIOR DESIGN LIMITED (hereinafter referred to as New Idea), has 8 years of experience in building solar projects for various types of houses and factories and applying for the CLP Power Sales Program. In recent years, MARSTEK solar energy storage products have been introduced to further promote the development of solar energy. Not only does it provide customers who fail to successfully apply for the CLP Power Sales Program with an additional option to use solar energy, but it also provides different products to meet the needs of different customers, such as mobile solar energy storage machines, etc., in order to meet the needs of customers with different needs. New Star Energy is a subsidiary of New Idea and will also take care of installation and after-sales services to provide customers with sense of security shopping services. We believe that through innovative technology and excellent service, sustainable use of energy can be achieved, aiming to help families and businesses achieve energy self-sufficiency, reduce energy costs, and reduce carbon footprint.","NEW STAR ENERGY LIMITED, whose parent company is NEW IDEA ALUMINUM & INTERIOR DESIGN LIMITED (hereinafter referred to as New Idea), has 8 years of experience in building solar projects for various types of houses and factories and applying for the CLP Power Sales Program. In recent years, MARSTEK solar energy storage products have been introduced to further promote the development of solar energy. Not only does it provide customers who fail to successfully apply for the CLP Power Sales Program with an additional option to use solar energy, but it also provides different products to meet the needs of different customers, such as mobile solar energy storage machines, etc., in order to meet the needs of customers with different needs. New Star Energy is a subsidiary of New Idea and will also take care of installation and after-sales services to provide customers with sense of security shopping services. We believe that through innovative technology and excellent service, sustainable use of energy can be achieved, aiming to help families and businesses achieve energy self-sufficiency, reduce energy costs, and reduce carbon footprint.",,Exhibitor,Eco Expo Asia 2025,6-C14,New Energy and Energy Efficiency,,1,,,"Smart Grid, Energy Storage Technology, Renewable Energy Resource, Solar Power, Energy Efficient Device & Products; MARSTEK is committed to provide affordable clean energy products for every family. Our products have obtained many international and domestic certifications to ensure their high standards in safety, performance and environmental protection.; Others, OBM","Smart Grid, Energy Storage Technology, Renewable Energy Resource, Solar Power, Energy Efficient Device & Products; MARSTEK is committed to provide affordable clean energy products for every family. Our products have obtained many international and domestic certifications to ensure their high standards in safety, performance and environmental protection.; Others, OBM",https://www.hktdc.com/event/ecoexpoasia/en/exhibitor/1S005RLE9,12,https://www.hktdc.com/event/ecoexpoasia/en/product/1Z03OLG8W; https://www.hktdc.com/event/ecoexpoasia/en/product/1Z03OLG8W; https://www.hktdc.com/event/ecoexpoasia/en/product/1Z03OLG55; https://www.hktdc.com/event/ecoexpoasia/en/product/1Z03OLG55; https://www.hktdc.com/event/ecoexpoasia/en/product/1Z03OHMTZ; https://www.hktdc.com/event/ecoexpoasia/en/product/1Z03OHMTZ; https://www.hktdc.com/event/ecoexpoasia/en/product/1Z03OLG1H; https://www.hktdc.com/event/ecoexpoasia/en/product/1Z03OLG1H; https://www.hktdc.com/event/ecoexpoasia/en/product/1Z03OLG3B; https://www.hktdc.com/event/ecoexpoasia/en/product/1Z03OLG3B; https://www.hktdc.com/event/ecoexpoasia/en/product/1Z03OG5SJ; https://www.hktdc.com/event/ecoexpoasia/en/product/1Z03OG5SJ
Nexify Limited,Nexify Limited,Hong Kong,"ESG reporting tools, Environmental Information & Data Processing, Environmental Electronic Surveillance","ESG reporting tools, Environmental Information & Data Processing, Environmental Electronic Surveillance",,Exhibitor,Eco Expo Asia 2025,3-D25,Hong Kong Pavilion,Hong Kong Pavilion,1,,,"ESG reporting tools, Environmental Information & Data Processing, Environmental Electronic Surveillance; We specialize in providing innovative and high-quality information technology solutions, products, and services for large enterprises and institutions.; Others, OBM","ESG reporting tools, Environmental Information & Data Processing, Environmental Electronic Surveillance; We specialize in providing innovative and high-quality information technology solutions, products, and services for large enterprises and institutions.; Others, OBM",https://www.hktdc.com/event/ecoexpoasia/en/exhibitor/1S005SQAG,10,https://www.hktdc.com/event/ecoexpoasia/en/product/1Z03OFJG5; https://www.hktdc.com/event/ecoexpoasia/en/product/1Z03OFJG5; https://www.hktdc.com/event/ecoexpoasia/en/product/1Z03OFJCH; https://www.hktdc.com/event/ecoexpoasia/en/product/1Z03OFJCH; https://www.hktdc.com/event/ecoexpoasia/en/product/1Z03OH0SO; https://www.hktdc.com/event/ecoexpoasia/en/product/1Z03OH0SO; https://www.hktdc.com/event/ecoexpoasia/en/product/1Z03OFJH2; https://www.hktdc.com/event/ecoexpoasia/en/product/1Z03OFJH2; https://www.hktdc.com/event/ecoexpoasia/en/product/1Z03OGTD4; https://www.hktdc.com/event/ecoexpoasia/en/product/1Z03OGTD4
3NV Technology Limited,3NV Technology Limited,Hong Kong,"3NV represents env which is the short form of environment. We are a company combining technology and environmental protection. Through excellent software and technical hardware, people can know their environmental information at any time, any place, and with any device. By transferring professional knowledge into artificial intelligence to analyze data, provide suggestions for solving environmental problems and improving living quality. 3NV Technology Limited is a new local company founded in 2021 by two millennials. 3NV represents env which is the short form of environment. We are a company combining technology and environmental protection. Our aim is to use innovative technology to solve environmental issues or problems. We have 3 main focuses including environmental analysis, digitalization, and popularization. Environmental analysis is the first step to improve the environment. By understanding and identifying the environmental problems or pollution, targeted solutions and strategies would be designed and implemented. We are fully committed to using technology and creativity to solve environmental issues.","3NV represents env which is the short form of environment. We are a company combining technology and environmental protection. Through excellent software and technical hardware, people can know their environmental information at any time, any place, and with any device. By transferring professional knowledge into artificial intelligence to analyze data, provide suggestions for solving environmental problems and improving living quality. 3NV Technology Limited is a new local company founded in 2021 by two millennials. 3NV represents env which is the short form of environment. We are a company combining technology and environmental protection. Our aim is to use innovative technology to solve environmental issues or problems. We have 3 main focuses including environmental analysis, digitalization, and popularization. Environmental analysis is the first step to improve the environment. By understanding and identifying the environmental problems or pollution, targeted solutions and strategies would be designed and implemented. We are fully committed to using technology and creativity to solve environmental issues.",,Exhibitor,Eco Expo Asia 2025,6-E23,Air Quality,,1,,,"Wastewater Recycling Technology & Equipment, Air Pollution & Gas Emission Control, Environmental Electronic Surveillance, Air Purification, Gas, Beach, Indoor Air Quality Technology & System, Desulphurisation & Dust Control Technology and Equipment, Solid Waste Recycling Technology & Equipment, Dust Control Solutions; Our company loved the concept of Environmental Conservation with Technology. To better monitor environmental performance, real-time monitoring is applied in our systems. Immediate actions or responses can be taken for any abnormal trend.; OBM, OEM, ODM","Wastewater Recycling Technology & Equipment, Air Pollution & Gas Emission Control, Environmental Electronic Surveillance, Air Purification, Gas, Beach, Indoor Air Quality Technology & System, Desulphurisation & Dust Control Technology and Equipment, Solid Waste Recycling Technology & Equipment, Dust Control Solutions; Our company loved the concept of Environmental Conservation with Technology. To better monitor environmental performance, real-time monitoring is applied in our systems. Immediate actions or responses can be taken for any abnormal trend.; OBM, OEM, ODM",https://www.hktdc.com/event/ecoexpoasia/en/exhibitor/1S005RLPC,8,https://www.hktdc.com/event/ecoexpoasia/en/product/1Z03LYIOI; https://www.hktdc.com/event/ecoexpoasia/en/product/1Z03LYIOI; https://www.hktdc.com/event/ecoexpoasia/en/product/1Z03LYI46; https://www.hktdc.com/event/ecoexpoasia/en/product/1Z03LYI46; https://www.hktdc.com/event/ecoexpoasia/en/product/1Z03LYIXR; https://www.hktdc.com/event/ecoexpoasia/en/product/1Z03LYIXR; https://www.hktdc.com/event/ecoexpoasia/en/product/1Z03LYJH2; https://www.hktdc.com/event/ecoexpoasia/en/product/1Z03LYJH2
Carbon Capture & Storage (CCS) Ltd,Carbon Capture & Storage (CCS) Ltd,Hong Kong,"Carbon Capture & Storage (CCS)Limited was established in early 2023, led by Professor Chi Sun Poon, the Head of the Department of Civil and Environmental Engineering at the Hong Kong Polytechnic University, and Assistant Professor Shipeng Zhang, along with their team of doctoral researchers. Building upon years of research accomplishments at the university, the company is dedicated to applying eco-friendly technologies in the field of construction, bringing about positive changes to society. As a pioneer in environmental protection, the company is committed to reducing carbon emissions and achieving waste regeneration. Through innovative solutions from CCS, environmentally friendly scientific technologies can be promoted in various aspects of society, seamlessly integrating into people's daily lives. The team members of the company possess solid expertise and extensive experience. Through the efforts of CCS and collaborations with partners from different sectors, we will jointly create a sustainable and brighter future.","Carbon Capture & Storage (CCS)Limited was established in early 2023, led by Professor Chi Sun Poon, the Head of the Department of Civil and Environmental Engineering at the Hong Kong Polytechnic University, and Assistant Professor Shipeng Zhang, along with their team of doctoral researchers. Building upon years of research accomplishments at the university, the company is dedicated to applying eco-friendly technologies in the field of construction, bringing about positive changes to society. As a pioneer in environmental protection, the company is committed to reducing carbon emissions and achieving waste regeneration. Through innovative solutions from CCS, environmentally friendly scientific technologies can be promoted in various aspects of society, seamlessly integrating into people's daily lives. The team members of the company possess solid expertise and extensive experience. Through the efforts of CCS and collaborations with partners from different sectors, we will jointly create a sustainable and brighter future.",,Exhibitor,Eco Expo Asia 2025,6-F16,Startup Zone,,1,,,"Environmental Protection Service and Research, Eco-friendly Material for Construction & Fitting; Green Energy-Driven Electrochemical Upcycling of Urban Solid Wastes
-Circular Material Flow: Over 95% Recycling Rate
-High-Value Products: Over 30 times Value Amplification
-High Adaptability: Overcome Regional/Seasonal/Upstream Industrial Variation; Others","Environmental Protection Service and Research, Eco-friendly Material for Construction & Fitting; Green Energy-Driven Electrochemical Upcycling of Urban Solid Wastes
-Circular Material Flow: Over 95% Recycling Rate
-High-Value Products: Over 30 times Value Amplification
-High Adaptability: Overcome Regional/Seasonal/Upstream Industrial Variation; Others",https://www.hktdc.com/event/ecoexpoasia/en/exhibitor/1S005RLQ9,2,https://www.hktdc.com/event/ecoexpoasia/en/product/1Z03N4MNH; https://www.hktdc.com/event/ecoexpoasia/en/product/1Z03N4MNH
Ecosage Limited,Ecosage Limited,Hong Kong,"Clothes and Textile Recycling, Waste Electronics & Electrical Appliance Treatment and Recycling System, Transport","Clothes and Textile Recycling, Waste Electronics & Electrical Appliance Treatment and Recycling System, Transport",,Exhibitor,Eco Expo Asia 2025,3-E29,Hong Kong Pavilion,Hong Kong Pavilion,1,,,"Clothes and Textile Recycling, Waste Electronics & Electrical Appliance Treatment and Recycling System, Transport; Circularity and Sustainability Solution, Circular Fashion, IT Asset Disposition, ESG Rating Improvement Programs, Reverse Supply Chain, Intellectual Property protection and Destruction; OBM","Clothes and Textile Recycling, Waste Electronics & Electrical Appliance Treatment and Recycling System, Transport; Circularity and Sustainability Solution, Circular Fashion, IT Asset Disposition, ESG Rating Improvement Programs, Reverse Supply Chain, Intellectual Property protection and Destruction; OBM",https://www.hktdc.com/event/ecoexpoasia/en/exhibitor/1S005SQIS,28,https://www.hktdc.com/event/ecoexpoasia/en/product/1X1G3T4H; https://www.hktdc.com/event/ecoexpoasia/en/product/1X1G3T4H; https://www.hktdc.com/event/ecoexpoasia/en/product/1X1G2YUC; https://www.hktdc.com/event/ecoexpoasia/en/product/1X1G2YUC; https://www.hktdc.com/event/ecoexpoasia/en/product/1Z03EOGDH; https://www.hktdc.com/event/ecoexpoasia/en/product/1Z03EOGDH; https://www.hktdc.com/event/ecoexpoasia/en/product/1Z03EME8Y; https://www.hktdc.com/event/ecoexpoasia/en/product/1Z03EME8Y; https://www.hktdc.com/event/ecoexpoasia/en/product/1Z03EMEBP; https://www.hktdc.com/event/ecoexpoasia/en/product/1Z03EMEBP; https://www.hktdc.com/event/ecoexpoasia/en/product/1Z03H81VE; https://www.hktdc.com/event/ecoexpoasia/en/product/1Z03H81VE; https://www.hktdc.com/event/ecoexpoasia/en/product/1X21P0BP; https://www.hktdc.com/event/ecoexpoasia/en/product/1X21P0BP; https://www.hktdc.com/event/ecoexpoasia/en/product/1Z03H82GM; https://www.hktdc.com/event/ecoexpoasia/en/product/1Z03H82GM; https://www.hktdc.com/event/ecoexpoasia/en/product/1Z03EMEDJ; https://www.hktdc.com/event/ecoexpoasia/en/product/1Z03EMEDJ; https://www.hktdc.com/event/ecoexpoasia/en/product/1Z03EMEFD; https://www.hktdc.com/event/ecoexpoasia/en/product/1Z03EMEFD; https://www.hktdc.com/event/ecoexpoasia/en/product/1Z03H827D; https://www.hktdc.com/event/ecoexpoasia/en/product/1Z03H827D; https://www.hktdc.com/event/ecoexpoasia/en/product/1Z03EME3D; https://www.hktdc.com/event/ecoexpoasia/en/product/1Z03EME3D; https://www.hktdc.com/event/ecoexpoasia/en/product/1Z03H82A4; https://www.hktdc.com/event/ecoexpoasia/en/product/1Z03H82A4; https://www.hktdc.com/event/ecoexpoasia/en/product/1Z03H82IG; https://www.hktdc.com/event/ecoexpoasia/en/product/1Z03H82IG
Electro-Jet Limited,Electro-Jet Limited,Hong Kong,"Experience the future of marine technology with our revolutionary electric conversion system. Designed to transform your diesel or petrol boat into a high-performance, eco-friendly vessel, this system is more than just an upgrade; it's a game-changer.","Experience the future of marine technology with our revolutionary electric conversion system. Designed to transform your diesel or petrol boat into a high-performance, eco-friendly vessel, this system is more than just an upgrade; it's a game-changer.",,Exhibitor,Eco Expo Asia 2025,6-F14,Startup Zone,,1,,,"-Water Transportation
-Maritime Logistics
-Energy Transportation Technology; OEM, ODM","-Water Transportation
-Maritime Logistics
-Energy Transportation Technology; OEM, ODM",https://www.hktdc.com/event/ecoexpoasia/en/exhibitor/1S005SPZE,12,https://www.hktdc.com/event/ecoexpoasia/en/product/1Z03NOA4E; https://www.hktdc.com/event/ecoexpoasia/en/product/1Z03NOA4E; https://www.hktdc.com/event/ecoexpoasia/en/product/1Z03NO9W3; https://www.hktdc.com/event/ecoexpoasia/en/product/1Z03NO9W3; https://www.hktdc.com/event/ecoexpoasia/en/product/1Z03NOA1N; https://www.hktdc.com/event/ecoexpoasia/en/product/1Z03NOA1N; https://www.hktdc.com/event/ecoexpoasia/en/product/1Z03NO9SF; https://www.hktdc.com/event/ecoexpoasia/en/product/1Z03NO9SF; https://www.hktdc.com/event/ecoexpoasia/en/product/1Z03MR9EL; https://www.hktdc.com/event/ecoexpoasia/en/product/1Z03MR9EL; https://www.hktdc.com/event/ecoexpoasia/en/product/1Z03LQIPF; https://www.hktdc.com/event/ecoexpoasia/en/product/1Z03LQIPF
Ezygreenpak Limited,Ezygreenpak Limited,Hong Kong,"Association Service & Government Organisation, Bio-degradable & Eco-friendly Raw Material, ESG reporting tools, Digital Approach Technology to ESG, Bio-Degradable Product, Environmental Protection Service and Research, Research Centers & Institutions","Association Service & Government Organisation, Bio-degradable & Eco-friendly Raw Material, ESG reporting tools, Digital Approach Technology to ESG, Bio-Degradable Product, Environmental Protection Service and Research, Research Centers & Institutions",,Exhibitor,Eco Expo Asia 2025,6-F18,Startup Zone,,1,,,"Association Service & Government Organisation, Bio-degradable & Eco-friendly Raw Material, ESG reporting tools, Digital Approach Technology to ESG, Bio-Degradable Product, Environmental Protection Service and Research, Research Centers & Institutions; Ezygreenpak has its own technology and factory to produce water-soluble non-woven material for packaging, this is patented material, with lab test reports to prove the material is eco-friendly and 100% environmentally friendly.; OEM","Association Service & Government Organisation, Bio-degradable & Eco-friendly Raw Material, ESG reporting tools, Digital Approach Technology to ESG, Bio-Degradable Product, Environmental Protection Service and Research, Research Centers & Institutions; Ezygreenpak has its own technology and factory to produce water-soluble non-woven material for packaging, this is patented material, with lab test reports to prove the material is eco-friendly and 100% environmentally friendly.; OEM",https://www.hktdc.com/event/ecoexpoasia/en/exhibitor/1S005RLH0,0,
Graw Met Systems (HK) Limited,Graw Met Systems (HK) Limited,Hong Kong,"Environmental Information & Data Processing, Wind Power, Indoor Air Quality Technology & System, Air Pollution & Gas Emission Control, Government Department, Environmental Research & Consultation, Decarbonisation Management, Environmental Protection Service and Research, Smart Grid, Solar Power","Environmental Information & Data Processing, Wind Power, Indoor Air Quality Technology & System, Air Pollution & Gas Emission Control, Government Department, Environmental Research & Consultation, Decarbonisation Management, Environmental Protection Service and Research, Smart Grid, Solar Power",,Exhibitor,Eco Expo Asia 2025,6-E24,Air Quality,,1,,,"Environmental Information & Data Processing, Wind Power, Indoor Air Quality Technology & System, Air Pollution & Gas Emission Control, Government Department, Environmental Research & Consultation, Decarbonisation Management, Environmental Protection Service and Research, Smart Grid, Solar Power; Engaged in trading, professional services, technical consultancy, and support for meteorological and environmental measurement instruments.; Others","Environmental Information & Data Processing, Wind Power, Indoor Air Quality Technology & System, Air Pollution & Gas Emission Control, Government Department, Environmental Research & Consultation, Decarbonisation Management, Environmental Protection Service and Research, Smart Grid, Solar Power; Engaged in trading, professional services, technical consultancy, and support for meteorological and environmental measurement instruments.; Others",https://www.hktdc.com/event/ecoexpoasia/en/exhibitor/1S005RLKR,20,https://www.hktdc.com/event/ecoexpoasia/en/product/1Z03OMI46; https://www.hktdc.com/event/ecoexpoasia/en/product/1Z03OMI46; https://www.hktdc.com/event/ecoexpoasia/en/product/1Z03OPQJP; https://www.hktdc.com/event/ecoexpoasia/en/product/1Z03OPQJP; https://www.hktdc.com/event/ecoexpoasia/en/product/1Z03OPQGY; https://www.hktdc.com/event/ecoexpoasia/en/product/1Z03OPQGY; https://www.hktdc.com/event/ecoexpoasia/en/product/1Z03OMHYP; https://www.hktdc.com/event/ecoexpoasia/en/product/1Z03OMHYP; https://www.hktdc.com/event/ecoexpoasia/en/product/1Z03OPQR1; https://www.hktdc.com/event/ecoexpoasia/en/product/1Z03OPQR1; https://www.hktdc.com/event/ecoexpoasia/en/product/1Z03OPQOA; https://www.hktdc.com/event/ecoexpoasia/en/product/1Z03OPQOA; https://www.hktdc.com/event/ecoexpoasia/en/product/1Z03OPQND; https://www.hktdc.com/event/ecoexpoasia/en/product/1Z03OPQND; https://www.hktdc.com/event/ecoexpoasia/en/product/1Z03OMJT2; https://www.hktdc.com/event/ecoexpoasia/en/product/1Z03OMJT2; https://www.hktdc.com/event/ecoexpoasia/en/product/1Z03OMJOH; https://www.hktdc.com/event/ecoexpoasia/en/product/1Z03OMJOH; https://www.hktdc.com/event/ecoexpoasia/en/product/1Z03OMJR8; https://www.hktdc.com/event/ecoexpoasia/en/product/1Z03OMJR8
HK Tianjun Water Treatment Energy-Saving Technology Limited,HK Tianjun Water Treatment Energy-Saving Technology Limited,Hong Kong,Hongkong tianjun water treatment & energy conservation science and technology co.LTD,Hongkong tianjun water treatment & energy conservation science and technology co.LTD,,Exhibitor,Eco Expo Asia 2025,6-F19,Water Treatment and Quality Management,,1,,,"Wastewater Recycling Technology & Equipment,Water-saving Device & Product; Our major businesses including:
1,water treatment for central air-conditioning's chilled water system and cooling water systerm.
2,R&D,production and sales of water treatment agens for various air condidioners; Others","Wastewater Recycling Technology & Equipment,Water-saving Device & Product; Our major businesses including:
1,water treatment for central air-conditioning's chilled water system and cooling water systerm.
2,R&D,production and sales of water treatment agens for various air condidioners; Others",https://www.hktdc.com/event/ecoexpoasia/en/exhibitor/1S005SGXT,2,https://www.hktdc.com/event/ecoexpoasia/en/product/1Z03KR7FK; https://www.hktdc.com/event/ecoexpoasia/en/product/1Z03KR7FK
Kwan Jiu Company Limited,Kwan Jiu Company Limited,Hong Kong,"We are the Sole Agent of Australia ""SHALEX"" waterproofing material used in the Building Construction field for Hong Kong, China and South East Asia. Our product are penetrative compound and dry clear. All are made of Arcylic and to be diluted with water only.","We are the Sole Agent of Australia ""SHALEX"" waterproofing material used in the Building Construction field for Hong Kong, China and South East Asia. Our product are penetrative compound and dry clear. All are made of Arcylic and to be diluted with water only.",,Exhibitor,Eco Expo Asia 2025,6-F11,Eco-friendly Products,,1,,,"Eco-friendly Material for Construction & Fitting, Nanotechnology & Material; Waterproofing material that used in the field of building construction and maintaince. All are environmental friendly.  Very low voc and no heavy metal in the product.; ODM","Eco-friendly Material for Construction & Fitting, Nanotechnology & Material; Waterproofing material that used in the field of building construction and maintaince. All are environmental friendly.  Very low voc and no heavy metal in the product.; ODM",https://www.hktdc.com/event/ecoexpoasia/en/exhibitor/1S005RLNI,14,https://www.hktdc.com/event/ecoexpoasia/en/product/1X2VCI5D; https://www.hktdc.com/event/ecoexpoasia/en/product/1X2VCI5D; https://www.hktdc.com/event/ecoexpoasia/en/product/1X2VCI6C; https://www.hktdc.com/event/ecoexpoasia/en/product/1X2VCI6C; https://www.hktdc.com/event/ecoexpoasia/en/product/1Z03EB6A0; https://www.hktdc.com/event/ecoexpoasia/en/product/1Z03EB6A0; https://www.hktdc.com/event/ecoexpoasia/en/product/1Z03EAWP1; https://www.hktdc.com/event/ecoexpoasia/en/product/1Z03EAWP1; https://www.hktdc.com/event/ecoexpoasia/en/product/1Z03EB4UE; https://www.hktdc.com/event/ecoexpoasia/en/product/1Z03EB4UE; https://www.hktdc.com/event/ecoexpoasia/en/product/1Z03EB4FN; https://www.hktdc.com/event/ecoexpoasia/en/product/1Z03EB4FN; https://www.hktdc.com/event/ecoexpoasia/en/product/1Z03EB5TG; https://www.hktdc.com/event/ecoexpoasia/en/product/1Z03EB5TG
Modern (Surface Treatment) Co Ltd,Modern (Surface Treatment) Co Ltd,Hong Kong,"Modern ( Surface Treatment ) Company Limited is established in Hong Kong in 2018 to provide surface treatment services such as floor grinding, applying densifier hardener and polishing. Powered by Modern Drill Cut Company Limited in Hong Kong and Aquila Supply & Services PTE Ltd in Singapore, we introduce alternative solutions to the commercial and domestic clients in environmental friendly and cost-effective ways.","Modern ( Surface Treatment ) Company Limited is established in Hong Kong in 2018 to provide surface treatment services such as floor grinding, applying densifier hardener and polishing. Powered by Modern Drill Cut Company Limited in Hong Kong and Aquila Supply & Services PTE Ltd in Singapore, we introduce alternative solutions to the commercial and domestic clients in environmental friendly and cost-effective ways.",,Exhibitor,Eco Expo Asia 2025,6-E13,Green Building Technology and Services,,1,,,"Eco-friendly Material for Construction & Fitting; The Ashford Formula is the original concrete densifier that chemically reacts with concrete to permanently densify, harden and strengthen the surface.; Others","Eco-friendly Material for Construction & Fitting; The Ashford Formula is the original concrete densifier that chemically reacts with concrete to permanently densify, harden and strengthen the surface.; Others",https://www.hktdc.com/event/ecoexpoasia/en/exhibitor/1S005SFKX,0,
Sapiens Environmental Technology Co Limited,Sapiens Environmental Technology Co Limited,Hong Kong,"We design, manufacture, and provide comprehensive monitoring services, ensuring integrated capabilities that deliver superior air quality monitoring products and professional support. We specialize in harnessing the power of the Internet of Things, cloud computing, and big data analytics for environmental monitoring and management. Our key focus areas include traffic emissions monitoring, indoor air quality management, smart city solutions, air quality forecasting, odour source identification, vessel fuel sulphur assessment, and personal exposure monitoring. Our team of engineers and scientists develops advanced sensors and systems utilizing micro-optics, electrochemistry, and network communication, resulting in high-performance instruments widely used in various regions, including China, Vietnam, the United States, Italy, and India. As an ISO 9001 and ISO 14001 certified company, we are committed to technological excellence and sustainability. Our advanced solutions provide high-quality environmental data at affordable prices, empowering municipalities, communities, and individuals to track and respond to environmental conditions in real time.","We design, manufacture, and provide comprehensive monitoring services, ensuring integrated capabilities that deliver superior air quality monitoring products and professional support. We specialize in harnessing the power of the Internet of Things, cloud computing, and big data analytics for environmental monitoring and management. Our key focus areas include traffic emissions monitoring, indoor air quality management, smart city solutions, air quality forecasting, odour source identification, vessel fuel sulphur assessment, and personal exposure monitoring. Our team of engineers and scientists develops advanced sensors and systems utilizing micro-optics, electrochemistry, and network communication, resulting in high-performance instruments widely used in various regions, including China, Vietnam, the United States, Italy, and India. As an ISO 9001 and ISO 14001 certified company, we are committed to technological excellence and sustainability. Our advanced solutions provide high-quality environmental data at affordable prices, empowering municipalities, communities, and individuals to track and respond to environmental conditions in real time.",,Exhibitor,Eco Expo Asia 2025,6-E19,Air Quality,,1,,,"Air Pollution & Gas Emission Control, Government Department, Sound & Noise Control Product and Service, Environmental Protection Service and Research, Dust Control Solutions, Research Centers & Institutions, Association Service & Government Organisation, Environmental Electronic Surveillance, Indoor Air Quality Technology & System; We design & manufacture outdoor and indoor air quality monitor, and provide comprehensive monitoring services.; OBM","Air Pollution & Gas Emission Control, Government Department, Sound & Noise Control Product and Service, Environmental Protection Service and Research, Dust Control Solutions, Research Centers & Institutions, Association Service & Government Organisation, Environmental Electronic Surveillance, Indoor Air Quality Technology & System; We design & manufacture outdoor and indoor air quality monitor, and provide comprehensive monitoring services.; OBM",https://www.hktdc.com/event/ecoexpoasia/en/exhibitor/1S005RL36,0,
Guangzhou Pengkai Environment Technology Corp.,Guangzhou Pengkai Environment Technology Corp.,Chinese Mainland,"Wastewater Recycling Technology & Equipment, Water Resources Utilization, Bio-degradable & Eco-friendly Raw Material, Seawater Desalination, Sewage Treatment & System Maintenance, Water Purification Equipment","Wastewater Recycling Technology & Equipment, Water Resources Utilization, Bio-degradable & Eco-friendly Raw Material, Seawater Desalination, Sewage Treatment & System Maintenance, Water Purification Equipment",,Exhibitor,Eco Expo Asia 2025,3-F02,Guangzhou Pavilion,Guangzhou Pavilion,1,,,"Wastewater Recycling Technology & Equipment, Water Resources Utilization, Bio-degradable & Eco-friendly Raw Material, Seawater Desalination, Sewage Treatment & System Maintenance, Water Purification Equipment; PK Round - Modular (Assembled) Sewage Treatment Plant; OBM","Wastewater Recycling Technology & Equipment, Water Resources Utilization, Bio-degradable & Eco-friendly Raw Material, Seawater Desalination, Sewage Treatment & System Maintenance, Water Purification Equipment; PK Round - Modular (Assembled) Sewage Treatment Plant; OBM",https://www.hktdc.com/event/ecoexpoasia/en/exhibitor/1S005TSNB,0,
AEL (International Holdings) Limited,AEL (International Holdings) Limited,Hong Kong,"AEL (International Holdings) Limited is situated in the Green Hub of Hong Kong InnoCentre at Kowloon Tong. It is a spin-off from Associated Engineers Ltd which has over 60 years presence in Hong Kong. AELi focuses on the Research and Development on turning food waste into energy and valuable resources. They introduce food waste composting to the Hong Kong market back in 2009. Technology of AELi has received patents related to decentralised food waste treatment solution. Since 2020, AELi and HKPC introduced Food TranSmarter to the market. These revolutionary systems are operating in various business segments over different districts in Hong Kong.","AEL (International Holdings) Limited is situated in the Green Hub of Hong Kong InnoCentre at Kowloon Tong. It is a spin-off from Associated Engineers Ltd which has over 60 years presence in Hong Kong. AELi focuses on the Research and Development on turning food waste into energy and valuable resources. They introduce food waste composting to the Hong Kong market back in 2009. Technology of AELi has received patents related to decentralised food waste treatment solution. Since 2020, AELi and HKPC introduced Food TranSmarter to the market. These revolutionary systems are operating in various business segments over different districts in Hong Kong.",,Exhibitor,Eco Expo Asia 2025,3-E24,Hong Kong Pavilion,Hong Kong Pavilion,1,,,Food Waste Process; Food Waste Recycling to Energy System; Others,Food Waste Process; Food Waste Recycling to Energy System; Others,https://www.hktdc.com/event/ecoexpoasia/en/exhibitor/1S005SQ4Y,2,https://www.hktdc.com/event/ecoexpoasia/en/product/1Z03KR0O0; https://www.hktdc.com/event/ecoexpoasia/en/product/1Z03KR0O0
Centre of Advanced Power and Autonomous Systems,Centre of Advanced Power and Autonomous Systems,Hong Kong,"Centre of Advanced Power and Autonomous Systems (APAS) (formerly Automotive Platforms and Application Systems R&D Centre) was established in 2006 and is fully integrated as a business division under HKPC on 1 April 2025. APAS continues to undertake market-led R&D programmes spanning green transportation, smart mobility, intelligent systems and emerging applications, as well as commercialises R&D results in collaboration with industry, universities and technology institutes to enhance the competitiveness of Hong Kong's automotive and other transportation sectors in new energy and smart driving.","Centre of Advanced Power and Autonomous Systems (APAS) (formerly Automotive Platforms and Application Systems R&D Centre) was established in 2006 and is fully integrated as a business division under HKPC on 1 April 2025. APAS continues to undertake market-led R&D programmes spanning green transportation, smart mobility, intelligent systems and emerging applications, as well as commercialises R&D results in collaboration with industry, universities and technology institutes to enhance the competitiveness of Hong Kong's automotive and other transportation sectors in new energy and smart driving.",,Exhibitor,Eco Expo Asia 2025,6-F24,Green and Smart Mobility,,1,,,"Government Department, Research Centers & Institutions, Environmental Protection Service and Research; The hydrogen fuel cell powered Genset takes hydrogen gas as energy source to provide electrical energy to EVs for driving or act as the source of mobile energy. The Genset transfer hydrogen energy into electrical energy by PEM Fuel Cell technology.; Others","Government Department, Research Centers & Institutions, Environmental Protection Service and Research; The hydrogen fuel cell powered Genset takes hydrogen gas as energy source to provide electrical energy to EVs for driving or act as the source of mobile energy. The Genset transfer hydrogen energy into electrical energy by PEM Fuel Cell technology.; Others",https://www.hktdc.com/event/ecoexpoasia/en/exhibitor/1S005T02U,0,
Googol Technology (Overseas) Limited,Googol Technology (Overseas) Limited,Hong Kong,"Googol Technology, founded in 1999 by a group of internationally renowned scholars and experts in the fields of robotics, microelectronics and motion control from the Hong Kong University of Science and Technology, is the first high-tech company in Asia Pacific region specializing in R&D, production, marketing, and support of motion controllers and controller-based systems. Googol Technology provides a technological innovation platform for machine manufacturers, focusing on the five-core technology research - motion control, servo drive, multi-dimensional sensor, industrial field networks and industrial software. With its strength in scientific research of continuous independent innovation and high value-added products and services, it empowers modern industry, modern agriculture and modern city development, and supports the low-carbon, high-quality and sustainable development of social economy.","Googol Technology, founded in 1999 by a group of internationally renowned scholars and experts in the fields of robotics, microelectronics and motion control from the Hong Kong University of Science and Technology, is the first high-tech company in Asia Pacific region specializing in R&D, production, marketing, and support of motion controllers and controller-based systems. Googol Technology provides a technological innovation platform for machine manufacturers, focusing on the five-core technology research - motion control, servo drive, multi-dimensional sensor, industrial field networks and industrial software. With its strength in scientific research of continuous independent innovation and high value-added products and services, it empowers modern industry, modern agriculture and modern city development, and supports the low-carbon, high-quality and sustainable development of social economy.",,Exhibitor,Eco Expo Asia 2025,3-C20,Hong Kong Pavilion,Hong Kong Pavilion,1,,,"Water Business & Solution, Urban Agriculture, Oil Recycling Technology & Equipment, Food Waste Process; Googol Technology provides a technological innovation platform for machine manufacturers, focusing on the five-core technology research - motion control, servo drive, multi-dimensional sensor, industrial field networks and industrial software.; OEM, ODM","Water Business & Solution, Urban Agriculture, Oil Recycling Technology & Equipment, Food Waste Process; Googol Technology provides a technological innovation platform for machine manufacturers, focusing on the five-core technology research - motion control, servo drive, multi-dimensional sensor, industrial field networks and industrial software.; OEM, ODM",https://www.hktdc.com/event/ecoexpoasia/en/exhibitor/1S005SQ8M,0,
Joinease Hong Kong Limited,Joinease Hong Kong Limited,Hong Kong,"Joinease Hong Kong Limited was established in 2004, specializing in the sales of plastic and stainless steel drinkware. As a member of the Joinease Industrial Group, the company operates within a portfolio of business dedicated to sustainable innovation. Since 2009, we have been producing PCR products, with an ongoing commitment to integrating increasing amounts of sustainable green materials into our product lines. Our sustainability are validated through certifications including GRS, RCS, ISCC Plus, wgile our carbon reduction efforts are systematically managed in accordance with ISO 14064. Launched by Joinease Team in 2021, Ecobuzz EcoPlatform aims to establish a clodes-loop intelligent circular ecosystem. This initative is designed to minimize waste and drive systemic sustainability, furthur advancing our mission to protect the plant.","Joinease Hong Kong Limited was established in 2004, specializing in the sales of plastic and stainless steel drinkware. As a member of the Joinease Industrial Group, the company operates within a portfolio of business dedicated to sustainable innovation. Since 2009, we have been producing PCR products, with an ongoing commitment to integrating increasing amounts of sustainable green materials into our product lines. Our sustainability are validated through certifications including GRS, RCS, ISCC Plus, wgile our carbon reduction efforts are systematically managed in accordance with ISO 14064. Launched by Joinease Team in 2021, Ecobuzz EcoPlatform aims to establish a clodes-loop intelligent circular ecosystem. This initative is designed to minimize waste and drive systemic sustainability, furthur advancing our mission to protect the plant.",,Exhibitor,Eco Expo Asia 2025,3-C15,Hong Kong Pavilion,Hong Kong Pavilion,1,,,"Recycled Plastic Product, Solid Waste Recycling Technology & Equipment; Ecobuzz has built an intelligent circular ecosystem platform with multiple patents certified. Leveraging AIoT-powered smart recycling machines, reusable eco-tableware, and recycling systems to  constructs a full closed-loop system.; OEM, OBM, ODM","Recycled Plastic Product, Solid Waste Recycling Technology & Equipment; Ecobuzz has built an intelligent circular ecosystem platform with multiple patents certified. Leveraging AIoT-powered smart recycling machines, reusable eco-tableware, and recycling systems to  constructs a full closed-loop system.; OEM, OBM, ODM",https://www.hktdc.com/event/ecoexpoasia/en/exhibitor/1S005SQ9J,0,
Lingnan University,Lingnan University,Hong Kong,"The Science Unit of Lingnan University was established in 2015. We deliver Science education, outreach and KT services to students and community. We are also highly engaged in research activities internally and externally with industry partners in the field of environmental protection, biodiversity conservation and sustainable development.","The Science Unit of Lingnan University was established in 2015. We deliver Science education, outreach and KT services to students and community. We are also highly engaged in research activities internally and externally with industry partners in the field of environmental protection, biodiversity conservation and sustainable development.",,Exhibitor,Eco Expo Asia 2025,6-A25,Eco-friendly Products,,1,,,"Eco-friendly Auto Parts & Accessories for Vehicle, Environmental Research & Consultation, Building Performance & BIM, Knowledge Transfer Offices, Nanotechnology & Material, Air Filtration System; SmartCool: Building Cooling Load Prediction
Direct air capture of CO2
An Interactive Platform for Learning Renewable Energy
Air Purifier
A GeoAI Solution to Mosquito Index
Smarter Traffic and Safer Mobility
Generative Metaverse Avatars in Education; OBM","Eco-friendly Auto Parts & Accessories for Vehicle, Environmental Research & Consultation, Building Performance & BIM, Knowledge Transfer Offices, Nanotechnology & Material, Air Filtration System; SmartCool: Building Cooling Load Prediction
Direct air capture of CO2
An Interactive Platform for Learning Renewable Energy
Air Purifier
A GeoAI Solution to Mosquito Index
Smarter Traffic and Safer Mobility
Generative Metaverse Avatars in Education; OBM",https://www.hktdc.com/event/ecoexpoasia/en/exhibitor/1S005T4K8,0,
Oklin International Ltd,Oklin International Ltd,Hong Kong,Food Waste Process,Food Waste Process,,Exhibitor,Eco Expo Asia 2025,3-D13,Hong Kong Pavilion,Hong Kong Pavilion,1,,,Food Waste Process; Composting machine; OEM,Food Waste Process; Composting machine; OEM,https://www.hktdc.com/event/ecoexpoasia/en/exhibitor/1S005T71Q,0,
The Chinese University of Hong Kong,The Chinese University of Hong Kong,Hong Kong,"Founded in 1963, The Chinese University of Hong Kong (CUHK) is a forward-looking comprehensive research university with a global vision and a mission to combine tradition with modernity, and to bring together China and the West. CUHK teachers and students hail from all around the world. CUHK undertakes a wide range of research programmes in many subject areas, and strives to provide scope for all academic staff to undertake consultancy and collaborative projects with industry. The University's insistence on the highest standards of research has won it an enviable research reputation. Hong Kong's University Grants Committee (UGC) provides preferential grant funding to the local tertiary institutions to conduct research into 28 selected Areas of Excellence (AoEs). Eleven of these AoEs are being led by researchers from CUHK. The University houses five state key laboratories which are entrusted by the Ministry of Science and Technology of China to produce research of international quality and carry out important national research tasks. The University also has an excellent record of published research, both in discipline-specific journals and in more high-profile publications such as Science, Nature, and The Lancet.","Founded in 1963, The Chinese University of Hong Kong (CUHK) is a forward-looking comprehensive research university with a global vision and a mission to combine tradition with modernity, and to bring together China and the West. CUHK teachers and students hail from all around the world. CUHK undertakes a wide range of research programmes in many subject areas, and strives to provide scope for all academic staff to undertake consultancy and collaborative projects with industry. The University's insistence on the highest standards of research has won it an enviable research reputation. Hong Kong's University Grants Committee (UGC) provides preferential grant funding to the local tertiary institutions to conduct research into 28 selected Areas of Excellence (AoEs). Eleven of these AoEs are being led by researchers from CUHK. The University houses five state key laboratories which are entrusted by the Ministry of Science and Technology of China to produce research of international quality and carry out important national research tasks. The University also has an excellent record of published research, both in discipline-specific journals and in more high-profile publications such as Science, Nature, and The Lancet.",,Exhibitor,Eco Expo Asia 2025,3-G24,Eco-friendly Products,,1,,,"Vehicle Battery and Energy Storage Technology, Gas, Recycled Product, Bio-Degradable Product, Eco-friendly Material for Construction & Fitting, Bio-degradable & Eco-friendly Raw Material, Energy Storage Technology; CUHK projects related to Air Quality, Eco-friendly Products, Green Building Technology and Services, and New Energy and Energy Efficiency; Others","Vehicle Battery and Energy Storage Technology, Gas, Recycled Product, Bio-Degradable Product, Eco-friendly Material for Construction & Fitting, Bio-degradable & Eco-friendly Raw Material, Energy Storage Technology; CUHK projects related to Air Quality, Eco-friendly Products, Green Building Technology and Services, and New Energy and Energy Efficiency; Others",https://www.hktdc.com/event/ecoexpoasia/en/exhibitor/1S005RLJU,0,
Veolia Hong Kong Holding Limited,Veolia Hong Kong Holding Limited,Hong Kong,"Veolia designs and provides water, waste and energy management solutions to turn the tide of ecological transformation, thereby contributing to the sustainable development of communities and industries.","Veolia designs and provides water, waste and energy management solutions to turn the tide of ecological transformation, thereby contributing to the sustainable development of communities and industries.",,Exhibitor,Eco Expo Asia 2025,3-F25,Hong Kong Pavilion,Hong Kong Pavilion,1,,,"Compostable Raw Material, Sludge Treatment, Solid Waste Recycling Technology & Equipment, Biomass, Food Waste Process, Transport, Solar Power, Organic Waste Treatment, Landfill Containment, Hydrogen technology; In Hong Kong, Veolia designed, built, and operates landfills, chemical waste treatment facility, sludge treatment facility, organic waste treatment facility, and district cooling system. Veolia is also an expert in Building Energy Services.; Others","Compostable Raw Material, Sludge Treatment, Solid Waste Recycling Technology & Equipment, Biomass, Food Waste Process, Transport, Solar Power, Organic Waste Treatment, Landfill Containment, Hydrogen technology; In Hong Kong, Veolia designed, built, and operates landfills, chemical waste treatment facility, sludge treatment facility, organic waste treatment facility, and district cooling system. Veolia is also an expert in Building Energy Services.; Others",https://www.hktdc.com/event/ecoexpoasia/en/exhibitor/1S005SQBD,0,
Zhongke Technology Development & Promotion Center,Zhongke Technology Development & Promotion Center,Chinese Mainland,"Under the ANSO alliance system, ANSO Environmental Technology and Industry Alliance is a thematic network organization initiated by the Ecological Environment Research Center of the Chinese Academy of Sciences and influential enterprises in the field of environment in the United Nations.","Under the ANSO alliance system, ANSO Environmental Technology and Industry Alliance is a thematic network organization initiated by the Ecological Environment Research Center of the Chinese Academy of Sciences and influential enterprises in the field of environment in the United Nations.",,Exhibitor,Eco Expo Asia 2025,6-E18,ANSO Environmental Technology and Industry Alliance Pavilion,ANSO Environmental Technology and Industry Alliance Pavilion,1,,,"Sewage Treatment & System Maintenance, Seawater Desalination, Desulphurisation & Dust Control Technology and Equipment, Water Resources Utilization, Water Distribution Device & Product, Water Business & Solution, Water Purification Equipment, Air Pollution & Gas Emission Control, Gas, Bio-degradable & Eco-friendly Raw Material; in the fields of decentralized sewage, municipal sewage, water supply, water quality monitoring and testing, rainwater recycling, ultraviolet disinfection, toilet feces and auxiliary equipment, smart water, etc.; ODM, OBM","Sewage Treatment & System Maintenance, Seawater Desalination, Desulphurisation & Dust Control Technology and Equipment, Water Resources Utilization, Water Distribution Device & Product, Water Business & Solution, Water Purification Equipment, Air Pollution & Gas Emission Control, Gas, Bio-degradable & Eco-friendly Raw Material; in the fields of decentralized sewage, municipal sewage, water supply, water quality monitoring and testing, rainwater recycling, ultraviolet disinfection, toilet feces and auxiliary equipment, smart water, etc.; ODM, OBM",https://www.hktdc.com/event/ecoexpoasia/en/exhibitor/1S005RL7U,0,
Dipperfox,Dipperfox,Estonia,"Dipperfox is new way of removing stumps. Its an innovative tool, that has very low maintenance costs, high durability and unseen efficiency. Its a sustainable forrestry and gardening tool that fits perfectly for the city gardening thanks to its safety and low rotation work mode. Dipperfox has made revolution all over world. We currently sell our products in 43 countries with more than 50 re-sellers.","Dipperfox is new way of removing stumps. Its an innovative tool, that has very low maintenance costs, high durability and unseen efficiency. Its a sustainable forrestry and gardening tool that fits perfectly for the city gardening thanks to its safety and low rotation work mode. Dipperfox has made revolution all over world. We currently sell our products in 43 countries with more than 50 re-sellers.",,Exhibitor,Eco Expo Asia 2025,6-D14,Green Building Technology and Services,,1,,,"Urban Agriculture, Conditioning, Street Cleaning & Maintenance Service; Dipperfox is new way of removing stumps. Its an innovative tool, that has very low maintenance costs, high durability and unseen efficiency.; Others","Urban Agriculture, Conditioning, Street Cleaning & Maintenance Service; Dipperfox is new way of removing stumps. Its an innovative tool, that has very low maintenance costs, high durability and unseen efficiency.; Others",https://www.hktdc.com/event/ecoexpoasia/en/exhibitor/1S005TNR4,0,
Italian Trade Agency,Italian Trade Agency,Italy,"The Italian Trade Agency-ITA (also known as the Italian Trade Commission) is the Government Agency entrusted with the promotion of trade, business and industrial cooperation between Italian and foreign companies. ITA provides information on business opportunities, advice on marketing planning, consulting, promotion and training services to Italian small and medium-sized companies. We also assist international companies willing to expand their activities and to pursue collaborations with Italian counterparts. Our activities are financed by the Italian Ministry for Foreign Affairs and International Cooperation. Additional information about the Italian Trade Agency is available at www.ice.it/en/.","The Italian Trade Agency-ITA (also known as the Italian Trade Commission) is the Government Agency entrusted with the promotion of trade, business and industrial cooperation between Italian and foreign companies. ITA provides information on business opportunities, advice on marketing planning, consulting, promotion and training services to Italian small and medium-sized companies. We also assist international companies willing to expand their activities and to pursue collaborations with Italian counterparts. Our activities are financed by the Italian Ministry for Foreign Affairs and International Cooperation. Additional information about the Italian Trade Agency is available at www.ice.it/en/.",,Exhibitor,Eco Expo Asia 2025,6-B25,Government Department,,1,,,"Association Service, Environmental Protection Service and Research, Knowledge Transfer Offices, Environmental Research & Consultation, Government Department, Association Service & Government Organisation; We provide useful information related to the various facilities to attract foreign investment in Italy, especially in the ECO industry and circular economy.; Others","Association Service, Environmental Protection Service and Research, Knowledge Transfer Offices, Environmental Research & Consultation, Government Department, Association Service & Government Organisation; We provide useful information related to the various facilities to attract foreign investment in Italy, especially in the ECO industry and circular economy.; Others",https://www.hktdc.com/event/ecoexpoasia/en/exhibitor/1S005ROHX,0,
"Shanghai Jianke Environmental Technology Co., Ltd","Shanghai Jianke Environmental Technology Co., Ltd",Chinese Mainland,"Shanghai Jianke Environmental Technology Co., Ltd. is a pillar segment of the environmental industry under Shanghai Jianke Consulting Group Co., Ltd. (Stock Code: 603153.SH) - a state-controlled listed enterprise. It focuses on businesses such as technology R&D in the fields of ecological environment and building environment, environmental consulting, monitoring and testing, pollution control, and operation management. As one of Shanghai's largest environmental consulting and monitoring institutions, it is also the first environmental consulting service organization in Shanghai to obtain the ""Level 1"" certification from the China Environmental Protection Industry Association. The company provides customers with full-process environmental technology services ranging from pre-phase planning and design, construction, completion acceptance to post-phase operation management.","Shanghai Jianke Environmental Technology Co., Ltd. is a pillar segment of the environmental industry under Shanghai Jianke Consulting Group Co., Ltd. (Stock Code: 603153.SH) - a state-controlled listed enterprise. It focuses on businesses such as technology R&D in the fields of ecological environment and building environment, environmental consulting, monitoring and testing, pollution control, and operation management. As one of Shanghai's largest environmental consulting and monitoring institutions, it is also the first environmental consulting service organization in Shanghai to obtain the ""Level 1"" certification from the China Environmental Protection Industry Association. The company provides customers with full-process environmental technology services ranging from pre-phase planning and design, construction, completion acceptance to post-phase operation management.",,Exhibitor,Eco Expo Asia 2025,6-C02,Shanghai Pavilion,Shanghai Pavilion,1,,,"Air Pollution & Gas Emission Control, Air Purification, Sewage Treatment & System Maintenance, Water Business & Solution, Environmental Research & Consultation, Decarbonisation Management, Sludge Treatment, Wastewater Recycling Technology & Equipment, Environmental Protection Service and Research, Digital Approach Technology to ESG; Environmental consulting, monitoring and testing, pollution control, operation and management.; Others","Air Pollution & Gas Emission Control, Air Purification, Sewage Treatment & System Maintenance, Water Business & Solution, Environmental Research & Consultation, Decarbonisation Management, Sludge Treatment, Wastewater Recycling Technology & Equipment, Environmental Protection Service and Research, Digital Approach Technology to ESG; Environmental consulting, monitoring and testing, pollution control, operation and management.; Others",https://www.hktdc.com/event/ecoexpoasia/en/exhibitor/1S005TTJM,0,
"Shanghai Municipal Engineering Design Institute (Group) Co., Ltd","Shanghai Municipal Engineering Design Institute (Group) Co., Ltd",Chinese Mainland,"The Shanghai Municipal Engineering Design Institute (Group) Co., Ltd. (for short: SMEDI) was founded in 1954, and is engaged in the general contract of planning, engineering design, consultation and engineering construction, and the whole process of project management. The business scope of SMEDI consists of integrated transportation, underground space and underground engineering disciplines and the specialties of planning, water supply & drainage, road, bridge, structure, city orbit traffic, railway, solid waste, architecture, water resources & transport, environmental engineering, urban landscape, fuel gas, thermal engineering, equipment, technical economy, information technology, investigation, construction management, general engineering contract, and etc. The comprehensive strength of SMEDI has been placed the forefront of the municipal engineering industry in the whole country of China.","The Shanghai Municipal Engineering Design Institute (Group) Co., Ltd. (for short: SMEDI) was founded in 1954, and is engaged in the general contract of planning, engineering design, consultation and engineering construction, and the whole process of project management. The business scope of SMEDI consists of integrated transportation, underground space and underground engineering disciplines and the specialties of planning, water supply & drainage, road, bridge, structure, city orbit traffic, railway, solid waste, architecture, water resources & transport, environmental engineering, urban landscape, fuel gas, thermal engineering, equipment, technical economy, information technology, investigation, construction management, general engineering contract, and etc. The comprehensive strength of SMEDI has been placed the forefront of the municipal engineering industry in the whole country of China.",,Exhibitor,Eco Expo Asia 2025,3-C29,Circular Economy and Waste Management,,1,,,"Sewage Treatment & System Maintenance, Solid Waste Treatment & Incineration System, Solid Waste Recycling Technology & Equipment, Sludge Treatment, Organic Waste Treatment, Biomass, Water Business & Solution, Food Waste Process, Renewable Energy Resource, Wastewater Recycling Technology & Equipment; 固廢環保業務咨詢/污水处理/垃圾处理/信息化管理平台; Others, OBM","Sewage Treatment & System Maintenance, Solid Waste Treatment & Incineration System, Solid Waste Recycling Technology & Equipment, Sludge Treatment, Organic Waste Treatment, Biomass, Water Business & Solution, Food Waste Process, Renewable Energy Resource, Wastewater Recycling Technology & Equipment; 固廢環保業務咨詢/污水处理/垃圾处理/信息化管理平台; Others, OBM",https://www.hktdc.com/event/ecoexpoasia/en/exhibitor/1S005RLML,0,
"Xiamen Xinleifa Industry and Trade Co., Ltd.","Xiamen Xinleifa Industry and Trade Co., Ltd.",Chinese Mainland,,,,Exhibitor,Eco Expo Asia 2025,6-D15,New Energy and Energy Efficiency,,1,,,"Electric golf cart series, electric sweeper series, electric garbage collection series, electric garbage transportation series, electric road high-pressure washing series, electric floor scrubber series, electric road patrol vehicle series and other; ODM, OEM","Electric golf cart series, electric sweeper series, electric garbage collection series, electric garbage transportation series, electric road high-pressure washing series, electric floor scrubber series, electric road patrol vehicle series and other; ODM, OEM",https://www.hktdc.com/event/ecoexpoasia/en/exhibitor/1S005SQHV,0,
ATOZ Carbon Cycle Platform (HK) Limited,ATOZ Carbon Cycle Platform (HK) Limited,Hong Kong,"ATOZ Carbon Cycle Platform is a sustainability driven company dedicated to building low carbon urban ecosystems through biotechnology and carbon innovation. Our flagship solutions include the Microalgae Cultivation System (MACS) and Black Soldier Fly (BSF) bioconversion units, designed to turn rooftops, malls, and estates into living carbon sinks that improve air, restore soil, and support sustainable food systems. These scalable technologies transform waste and carbon dioxide into valuable resources while producing high quality, verifiable carbon credits. By connecting urban decarbonization projects with the global carbon market, ATOZ helps corporates, developers, and investors increase carbon revenue while meeting ESG goals. We work with the real estate, food and beverage, and green finance sectors to integrate nature based solutions into city infrastructure, creating measurable carbon capture, sustainable branding, and compliance with international climate standards. With a presence in Malaysia and Hong Kong, ATOZ is driving Asias leadership in carbon credit generation, impact projects, and green investment.","ATOZ Carbon Cycle Platform is a sustainability driven company dedicated to building low carbon urban ecosystems through biotechnology and carbon innovation. Our flagship solutions include the Microalgae Cultivation System (MACS) and Black Soldier Fly (BSF) bioconversion units, designed to turn rooftops, malls, and estates into living carbon sinks that improve air, restore soil, and support sustainable food systems. These scalable technologies transform waste and carbon dioxide into valuable resources while producing high quality, verifiable carbon credits. By connecting urban decarbonization projects with the global carbon market, ATOZ helps corporates, developers, and investors increase carbon revenue while meeting ESG goals. We work with the real estate, food and beverage, and green finance sectors to integrate nature based solutions into city infrastructure, creating measurable carbon capture, sustainable branding, and compliance with international climate standards. With a presence in Malaysia and Hong Kong, ATOZ is driving Asias leadership in carbon credit generation, impact projects, and green investment.",,Exhibitor,Eco Expo Asia 2025,6-F22,Startup Zone,,1,,,"Eco-friendly Landscape Design, Low Carbon Food and Beverages, ESG reporting tools, Air Pollution & Gas Emission Control, Sustainable Food and Beverage, Food Waste Process, Biological Treatment Equipment, Environmental Information & Data Processing, Decarbonisation Management, Energy Efficient Device & Products; ATOZ Carbon Cycle is a carbon project developer using microalgae systems to capture carbon, purify air, and produce sustainable animal feed and algae superfoods.; Others","Eco-friendly Landscape Design, Low Carbon Food and Beverages, ESG reporting tools, Air Pollution & Gas Emission Control, Sustainable Food and Beverage, Food Waste Process, Biological Treatment Equipment, Environmental Information & Data Processing, Decarbonisation Management, Energy Efficient Device & Products; ATOZ Carbon Cycle is a carbon project developer using microalgae systems to capture carbon, purify air, and produce sustainable animal feed and algae superfoods.; Others",https://www.hktdc.com/event/ecoexpoasia/en/exhibitor/1S005SZZ4,0,
Absolute Pure EnviroSci Limited,Absolute Pure EnviroSci Limited,Hong Kong,"Beach, Recycled Product, Air Purification, Accident Prevention and Safety, Eco-friendly Material for Construction & Fitting, Air Filtration System, Green Roof System & Green Wall, Water Purification Equipment, Desulphurisation & Dust Control Technology and Equipment, Sewage Treatment & System Maintenance","Beach, Recycled Product, Air Purification, Accident Prevention and Safety, Eco-friendly Material for Construction & Fitting, Air Filtration System, Green Roof System & Green Wall, Water Purification Equipment, Desulphurisation & Dust Control Technology and Equipment, Sewage Treatment & System Maintenance",,Exhibitor,Eco Expo Asia 2025,6-F17,Water Treatment and Quality Management,,1,,,"Beach, Recycled Product, Air Purification, Accident Prevention and Safety, Eco-friendly Material for Construction & Fitting, Air Filtration System, Green Roof System & Green Wall, Water Purification Equipment, Desulphurisation & Dust Control Technology and Equipment, Sewage Treatment & System Maintenance; APEL is the brand owner of WISEPURA, an innovative technology for water purification and malodor control. The hydrogel product is widely used in flushing system, water features and chiller system. The product is also being used in HK 18 districts; OBM, ODM, OEM","Beach, Recycled Product, Air Purification, Accident Prevention and Safety, Eco-friendly Material for Construction & Fitting, Air Filtration System, Green Roof System & Green Wall, Water Purification Equipment, Desulphurisation & Dust Control Technology and Equipment, Sewage Treatment & System Maintenance; APEL is the brand owner of WISEPURA, an innovative technology for water purification and malodor control. The hydrogel product is widely used in flushing system, water features and chiller system. The product is also being used in HK 18 districts; OBM, ODM, OEM",https://www.hktdc.com/event/ecoexpoasia/en/exhibitor/1S005TNF4,0,
Apicem Technology Services Company Limited,Apicem Technology Services Company Limited,Hong Kong,Apicem technology Services Company limited a startup company under HongKong Science Park Incubation Program. The company is formed by a team of Information technology and engineering experts aim to create services and product for better living environment.,Apicem technology Services Company limited a startup company under HongKong Science Park Incubation Program. The company is formed by a team of Information technology and engineering experts aim to create services and product for better living environment.,,Exhibitor,Eco Expo Asia 2025,6-F20,Startup Zone,,1,,,"Air Filtration System, Air Purification, Indoor Air Quality Technology & System, Gas, Desulphurisation & Dust Control Technology and Equipment, Air Pollution & Gas Emission Control; Apicem Technology Services Company Limited provides groundbreaking air technology platform, Baal Air simulates nature thunder cleaning mechanism.
Patented Baal Air safe and green disruptive technologies empowered by:
20kV HVEF with 70W-500W.; ODM","Air Filtration System, Air Purification, Indoor Air Quality Technology & System, Gas, Desulphurisation & Dust Control Technology and Equipment, Air Pollution & Gas Emission Control; Apicem Technology Services Company Limited provides groundbreaking air technology platform, Baal Air simulates nature thunder cleaning mechanism.
Patented Baal Air safe and green disruptive technologies empowered by:
20kV HVEF with 70W-500W.; ODM",https://www.hktdc.com/event/ecoexpoasia/en/exhibitor/1S005TNG1,0,
BYET Limited,BYET Limited,Hong Kong,"Based on asset operation, Faster integrates government charging equipment procurement project bidding and charging station site selection planning, charging facilities and equipment sales, and engineering support are integrated to form a full-chain new energy asset service system. Through the interconnection of 35 cities, 6,000+ charging stations, and more than 60 charging equipment across the country, we will create a comprehensive brand of new energy formats, connect charging piles, parking, and life services with urban operators across the country, provide one-stop services for new energy vehicle owners, better use new energy scenario-based solutions to shorten the distance with car owners, and continue to promote the rapid progress and change of the entire new energy industry","Based on asset operation, Faster integrates government charging equipment procurement project bidding and charging station site selection planning, charging facilities and equipment sales, and engineering support are integrated to form a full-chain new energy asset service system. Through the interconnection of 35 cities, 6,000+ charging stations, and more than 60 charging equipment across the country, we will create a comprehensive brand of new energy formats, connect charging piles, parking, and life services with urban operators across the country, provide one-stop services for new energy vehicle owners, better use new energy scenario-based solutions to shorten the distance with car owners, and continue to promote the rapid progress and change of the entire new energy industry",,Exhibitor,Eco Expo Asia 2025,6-F25,Green and Smart Mobility,,1,,,"Vehicle Battery Recycling, Vehicle Battery and Energy Storage Technology, Energy and Charging Infrastructure; Based on asset operation, Faster integrates government charging equipment procurement project bidding and charging station site selection
planning, charging facilities and equipment sales, and engineering support are integrated to form a full-chain; ODM, OEM","Vehicle Battery Recycling, Vehicle Battery and Energy Storage Technology, Energy and Charging Infrastructure; Based on asset operation, Faster integrates government charging equipment procurement project bidding and charging station site selection
planning, charging facilities and equipment sales, and engineering support are integrated to form a full-chain; ODM, OEM",https://www.hktdc.com/event/ecoexpoasia/en/exhibitor/1S005TTGV,0,
"COMPTON INTERNATIONAL CO.,LIMITED","COMPTON INTERNATIONAL CO.,LIMITED",Hong Kong,"Compton International, a Hong Kong-based environmental tech firm, uses Italian technology to recycle photovoltaic components, batteries, LCD screens, and wind turbine blades. It provides circular economy solutions and tech transfer services, combining European expertise with Asian needs for sustainable resource systems. Based in Hong Kong, it focuses on expanding in Chinese Mainland and Southeast Asia, aiming to drive green transitions and global sustainability.","Compton International, a Hong Kong-based environmental tech firm, uses Italian technology to recycle photovoltaic components, batteries, LCD screens, and wind turbine blades. It provides circular economy solutions and tech transfer services, combining European expertise with Asian needs for sustainable resource systems. Based in Hong Kong, it focuses on expanding in Chinese Mainland and Southeast Asia, aiming to drive green transitions and global sustainability.",,Exhibitor,Eco Expo Asia 2025,3-C13,Hong Kong Pavilion,Hong Kong Pavilion,1,,,"Waste Electronics & Electrical Appliance Treatment and Recycling System, Solid Waste Recycling Technology & Equipment; Compton International, a Hong Kong-based environmental tech firm, uses Italian technology to recycle photovoltaic components, batteries, LCD screens, and wind turbine blades. It provides circular economy solutions and tech transfer services.; OEM, ODM","Waste Electronics & Electrical Appliance Treatment and Recycling System, Solid Waste Recycling Technology & Equipment; Compton International, a Hong Kong-based environmental tech firm, uses Italian technology to recycle photovoltaic components, batteries, LCD screens, and wind turbine blades. It provides circular economy solutions and tech transfer services.; OEM, ODM",https://www.hktdc.com/event/ecoexpoasia/en/exhibitor/1S005SQ31,0,
Ecolyzer Ltd,Ecolyzer Ltd,Hong Kong,Over 10 years of integrated smart meter design experience in EMS system for Realtime energy data collection. First one to develop smart meter board to replace a traditional smart meter. With the use of 16 meters bus structure controller to minimize space requirement for installing 16 smart meters. This method has drastically reduced installation costs by 90%. Ecolyzer's mission is to provide cloudbase wastage real time analysis and make an affordable system to allow people to see how people are wasting their energy to make changes to help Global warming initiative. Such as ESG implementation. Hong Kong is wasting estimated 40% of electricity. We believe it is the lack of data and knowledge that causes this. We believe education is the key to this challenge. We have sponsored 7 schools with Re-Connect in early year to help students to understand their electricity usage behavior. Study shows students lack energy saving knowledge. But when classroom usage data and Re-Connect NGO program are provided to the student. Savings happened almost instantly. SolarCare is our recent sponsor program with Re-Connect in HK We monitored energy usage for many organizations with preinstalled Solar system. The analysis helps and save energy for the entire building by 20%.,Over 10 years of integrated smart meter design experience in EMS system for Realtime energy data collection. First one to develop smart meter board to replace a traditional smart meter. With the use of 16 meters bus structure controller to minimize space requirement for installing 16 smart meters. This method has drastically reduced installation costs by 90%. Ecolyzer's mission is to provide cloudbase wastage real time analysis and make an affordable system to allow people to see how people are wasting their energy to make changes to help Global warming initiative. Such as ESG implementation. Hong Kong is wasting estimated 40% of electricity. We believe it is the lack of data and knowledge that causes this. We believe education is the key to this challenge. We have sponsored 7 schools with Re-Connect in early year to help students to understand their electricity usage behavior. Study shows students lack energy saving knowledge. But when classroom usage data and Re-Connect NGO program are provided to the student. Savings happened almost instantly. SolarCare is our recent sponsor program with Re-Connect in HK We monitored energy usage for many organizations with preinstalled Solar system. The analysis helps and save energy for the entire building by 20%.,,Exhibitor,Eco Expo Asia 2025,6-D13,New Energy and Energy Efficiency,,1,,,"Environmental Electronic Surveillance, Decarbonisation Management, Eco-friendly Material for Construction & Fitting, Building Performance & BIM, Energy Efficient Device & Products, Digital Approach Technology to ESG, ESG reporting tools, Smart Grid; New Eco-u3CT and u-EMS(7meters) Shop/Office system
Allow upgrade of old power cabinet (possible)
Installation cost has reduced by 90%
Estimate energy saving by 10-20%
90% of the HK building facilities are equipped with the old power cabinet; Others, ODM","Environmental Electronic Surveillance, Decarbonisation Management, Eco-friendly Material for Construction & Fitting, Building Performance & BIM, Energy Efficient Device & Products, Digital Approach Technology to ESG, ESG reporting tools, Smart Grid; New Eco-u3CT and u-EMS(7meters) Shop/Office system
Allow upgrade of old power cabinet (possible)
Installation cost has reduced by 90%
Estimate energy saving by 10-20%
90% of the HK building facilities are equipped with the old power cabinet; Others, ODM",https://www.hktdc.com/event/ecoexpoasia/en/exhibitor/1S005SGYQ,0,
Elements Printing and Packaging Limited,Elements Printing and Packaging Limited,Hong Kong,"Bio-Degradable Plastic Product, Recycled Paper Product, Recycled Plastic Product, Recycled Product, Recycled Textile Product, Bio-Degradable Product","Bio-Degradable Plastic Product, Recycled Paper Product, Recycled Plastic Product, Recycled Product, Recycled Textile Product, Bio-Degradable Product",,Exhibitor,Eco Expo Asia 2025,6-F08,Eco-friendly Products,,1,,,"Bio-Degradable Plastic Product, Recycled Paper Product, Recycled Plastic Product, Recycled Product, Recycled Textile Product, Bio-Degradable Product; We offer eco-friendly custom bags & boxes. Using recycled/biodegradable materials, cutting your eco-footprint. Serving retail, food & e-commerce brands sustainably; OEM","Bio-Degradable Plastic Product, Recycled Paper Product, Recycled Plastic Product, Recycled Product, Recycled Textile Product, Bio-Degradable Product; We offer eco-friendly custom bags & boxes. Using recycled/biodegradable materials, cutting your eco-footprint. Serving retail, food & e-commerce brands sustainably; OEM",https://www.hktdc.com/event/ecoexpoasia/en/exhibitor/1S005T8EM,0,
Environmental Association Limited,Environmental Association Limited,Hong Kong,Organic Waste Treatment,Organic Waste Treatment,,Exhibitor,Eco Expo Asia 2025,3-D37,Circular Economy and Waste Management,,1,,,Organic Waste Treatment; Livestock waste recycling; Others,Organic Waste Treatment; Livestock waste recycling; Others,https://www.hktdc.com/event/ecoexpoasia/en/exhibitor/1S005RKWS,0,
Environmental Services Solutions Limited,Environmental Services Solutions Limited,Hong Kong,"Organic Waste Treatment, Water-saving Device & Product, Sludge Treatment, Transport, Sewage Treatment & System Maintenance, Solar Power, Energy Efficient Device & Products, Street Cleaning & Maintenance Service","Organic Waste Treatment, Water-saving Device & Product, Sludge Treatment, Transport, Sewage Treatment & System Maintenance, Solar Power, Energy Efficient Device & Products, Street Cleaning & Maintenance Service",,Exhibitor,Eco Expo Asia 2025,3-D34,Circular Economy and Waste Management,,1,,,"Organic Waste Treatment, Water-saving Device & Product, Sludge Treatment, Transport, Sewage Treatment & System Maintenance, Solar Power, Energy Efficient Device & Products, Street Cleaning & Maintenance Service; Portable Toilet, Customized Toilet, Sewage Desludging, Mechanical Street Sweeping, Mechanical Street Cleansing, Mechanical Gully Cleansing, Outdoor Event Sanitation and Cleaning; Others","Organic Waste Treatment, Water-saving Device & Product, Sludge Treatment, Transport, Sewage Treatment & System Maintenance, Solar Power, Energy Efficient Device & Products, Street Cleaning & Maintenance Service; Portable Toilet, Customized Toilet, Sewage Desludging, Mechanical Street Sweeping, Mechanical Street Cleansing, Mechanical Gully Cleansing, Outdoor Event Sanitation and Cleaning; Others",https://www.hktdc.com/event/ecoexpoasia/en/exhibitor/1S005RLOF,0,
Guangxi Biotech Investment Co Limited,Guangxi Biotech Investment Co Limited,Hong Kong,"Organic Waste Treatment, Solid Waste Treatment & Incineration System, Sludge Treatment","Organic Waste Treatment, Solid Waste Treatment & Incineration System, Sludge Treatment",,Exhibitor,Eco Expo Asia 2025,3-C33,Circular Economy and Waste Management,,1,,,"Organic Waste Treatment, Solid Waste Treatment & Incineration System, Sludge Treatment; Hyperthermophilic bacterial fermentation technology rapidly processes waste, completing decomposition in under 24 hours eliminating pathogens, odors, and phytotoxins, producing high-quality, water-soluble organic fertilizers with no harmful emissions; Others","Organic Waste Treatment, Solid Waste Treatment & Incineration System, Sludge Treatment; Hyperthermophilic bacterial fermentation technology rapidly processes waste, completing decomposition in under 24 hours eliminating pathogens, odors, and phytotoxins, producing high-quality, water-soluble organic fertilizers with no harmful emissions; Others",https://www.hktdc.com/event/ecoexpoasia/en/exhibitor/1S005RLYL,0,
Hyper-Tech Environmental Limited,Hyper-Tech Environmental Limited,Hong Kong,"Hyper-Tech Environmental Limited, founded in 2007, is a leading solution provider specializing in Process Instrumentations (Flow / Level / Pressure / Temperature), Online Water Analyzers (pH / Dissolved Oxygen / Suspended Solid / Ammonia / Nitrate / BOD / COD / etc), Gas Detection System (H2S / Oxygen / methane / etc. and Gas Analytical Instruments (Emission Monitoring / Gas Chromatography), PLC and Control Automation System, Wireless communication and IOT solutions, E&M Installation and Panel Fabrication, on-site After-sales equipment calibration, testing and commissioning service and training. Our comprehensive offerings cater to various market segments, including Water and Wastewater treatment, Industrial water analysis, HVAC and building services, Car Parks, Power Plants, Gas Plants, Cement plants, Landfills and Quarries. For reasons as various as our strong experience and local after-sales service, Hyper-Tech has established a unique reputation in the above industries. Our mission is to be a total solution provider, delivering customized solutions with our utmost professionalism in the industries.","Hyper-Tech Environmental Limited, founded in 2007, is a leading solution provider specializing in Process Instrumentations (Flow / Level / Pressure / Temperature), Online Water Analyzers (pH / Dissolved Oxygen / Suspended Solid / Ammonia / Nitrate / BOD / COD / etc), Gas Detection System (H2S / Oxygen / methane / etc. and Gas Analytical Instruments (Emission Monitoring / Gas Chromatography), PLC and Control Automation System, Wireless communication and IOT solutions, E&M Installation and Panel Fabrication, on-site After-sales equipment calibration, testing and commissioning service and training. Our comprehensive offerings cater to various market segments, including Water and Wastewater treatment, Industrial water analysis, HVAC and building services, Car Parks, Power Plants, Gas Plants, Cement plants, Landfills and Quarries. For reasons as various as our strong experience and local after-sales service, Hyper-Tech has established a unique reputation in the above industries. Our mission is to be a total solution provider, delivering customized solutions with our utmost professionalism in the industries.",,Exhibitor,Eco Expo Asia 2025,6-E28,Water Treatment and Quality Management,,1,,,"Air Pollution & Gas Emission Control, Air Purification, Wastewater Recycling Technology & Equipment, Gas, Sewage Treatment & System Maintenance, Quality Inspection & Testing Service, Water Business & Solution, Water Distribution Device & Product; Gas Detection System; Energy measurement of chiller cooling system; IoT Wireless Communication equipment (Lorawan / NB-IoT / 4G); Process Instrumentations; PLC and SCADA system; Continuous Emission Monitoring System (CEMS); Water Meter; Others","Air Pollution & Gas Emission Control, Air Purification, Wastewater Recycling Technology & Equipment, Gas, Sewage Treatment & System Maintenance, Quality Inspection & Testing Service, Water Business & Solution, Water Distribution Device & Product; Gas Detection System; Energy measurement of chiller cooling system; IoT Wireless Communication equipment (Lorawan / NB-IoT / 4G); Process Instrumentations; PLC and SCADA system; Continuous Emission Monitoring System (CEMS); Water Meter; Others",https://www.hktdc.com/event/ecoexpoasia/en/exhibitor/1S005RL0F,0,
Kinetic Gold Innotech Group Limited,Kinetic Gold Innotech Group Limited,Hong Kong,"Kinetic Gold have had spent years in the study of enhancing the performance of battery. Our business divided into 2 areas:- 1. supply high performance batteries for electric bikes, drones, solar energy storage 2. help government bodies in providing methods to reduce battery waste, extend battery life and contribute to a sustainable , waste free world","Kinetic Gold have had spent years in the study of enhancing the performance of battery. Our business divided into 2 areas:- 1. supply high performance batteries for electric bikes, drones, solar energy storage 2. help government bodies in providing methods to reduce battery waste, extend battery life and contribute to a sustainable , waste free world",,Exhibitor,Eco Expo Asia 2025,3-C14,Hong Kong Pavilion,Hong Kong Pavilion,1,,,"Energy Storage Technology, Renewable Energy Resource; batteries for electric bikes, drones, solar energy storage; ODM","Energy Storage Technology, Renewable Energy Resource; batteries for electric bikes, drones, solar energy storage; ODM",https://www.hktdc.com/event/ecoexpoasia/en/exhibitor/1S005T9V6,0,
Llewellyn and Partners Company Limited,Llewellyn and Partners Company Limited,Hong Kong,"Founded in 2019 in Hong Kong, with offices in Shenzhen and Zhuhai, Llewellyn & Partners Co. Ltd. and its subsidiaries (the LPC Group) is a pioneering company incubated at the University of Hong Kong's MetaBIM Research Laboratory and Hong Kong Science and Technology Park, recognised as a potential first unicorn, The LPC Group is among the world's first to achieve the BSI Kitemark for BIM Software and holds full ISO series certifications in ISO19650. Our mission is to empower governmental and private sectors to streamline the production of smart, green-built assets, reducing time, costs and carbon footprint while upholding quality. This is achieved through our SuperApp - AutoTwin, which integrates AI-driven, patented solutions for seamless design, construction and asset management. Full ISO19650 certified and supporting varies ISO standards in AI, Building Information Modelling (BIM), Smart City and Carbon Management, AutoTwin ensures compliance across a built asset's lifecycle, offering certified planning, construction and post-construction management, enhanced by ISO19650-5 data security certification and customisable cloud options. With advanced tools for carbon management, energy analysis and sustainability, AutoTwin minimises waste, optimises efficiency and reducing costs.","Founded in 2019 in Hong Kong, with offices in Shenzhen and Zhuhai, Llewellyn & Partners Co. Ltd. and its subsidiaries (the LPC Group) is a pioneering company incubated at the University of Hong Kong's MetaBIM Research Laboratory and Hong Kong Science and Technology Park, recognised as a potential first unicorn, The LPC Group is among the world's first to achieve the BSI Kitemark for BIM Software and holds full ISO series certifications in ISO19650. Our mission is to empower governmental and private sectors to streamline the production of smart, green-built assets, reducing time, costs and carbon footprint while upholding quality. This is achieved through our SuperApp - AutoTwin, which integrates AI-driven, patented solutions for seamless design, construction and asset management. Full ISO19650 certified and supporting varies ISO standards in AI, Building Information Modelling (BIM), Smart City and Carbon Management, AutoTwin ensures compliance across a built asset's lifecycle, offering certified planning, construction and post-construction management, enhanced by ISO19650-5 data security certification and customisable cloud options. With advanced tools for carbon management, energy analysis and sustainability, AutoTwin minimises waste, optimises efficiency and reducing costs.",,Exhibitor,Eco Expo Asia 2025,6-B14,Green Finance and ESG-related Services,,1,,,"Decarbonisation Management, ESG reporting tools, Green Financing, Environmental Research & Consultation, Environmental Electronic Surveillance, Digital Approach Technology to ESG, Research Centers & Institutions, Quality Consultancy Service, Environmental Information & Data Processing; SuperApp - AutoTwin is an integrated smart building asset management platform. AutoTwin aims to promote the ecological transformation and upgrading of the AEC industry through digitalisation, standardization, and intelligent technology.; OEM, ODM, OBM","Decarbonisation Management, ESG reporting tools, Green Financing, Environmental Research & Consultation, Environmental Electronic Surveillance, Digital Approach Technology to ESG, Research Centers & Institutions, Quality Consultancy Service, Environmental Information & Data Processing; SuperApp - AutoTwin is an integrated smart building asset management platform. AutoTwin aims to promote the ecological transformation and upgrading of the AEC industry through digitalisation, standardization, and intelligent technology.; OEM, ODM, OBM",https://www.hktdc.com/event/ecoexpoasia/en/exhibitor/1S005RLAL,0,
Logistics and Supply Chain MultiTech R&D Centre,Logistics and Supply Chain MultiTech R&D Centre,Hong Kong,"Air Pollution & Gas Emission Control, Beach","Air Pollution & Gas Emission Control, Beach",,Exhibitor,Eco Expo Asia 2025,3-G28,Green and Smart Mobility,,1,,,"Air Pollution & Gas Emission Control, Beach; Water Dripping Inspection System & ﻿﻿Outdoor loT Sensing Network and Data Management Platform for Tree Management; OBM","Air Pollution & Gas Emission Control, Beach; Water Dripping Inspection System & ﻿﻿Outdoor loT Sensing Network and Data Management Platform for Tree Management; OBM",https://www.hktdc.com/event/ecoexpoasia/en/exhibitor/1S005ROIU,0,
ODEN Systems,ODEN Systems,Hong Kong,"Environmental Information & Data Processing, Digital Approach Technology to ESG, ESG reporting tools, Environmental Electronic Surveillance","Environmental Information & Data Processing, Digital Approach Technology to ESG, ESG reporting tools, Environmental Electronic Surveillance",,Exhibitor,Eco Expo Asia 2025,6-B20,Green Finance and ESG-related Services,,1,,,"Environmental Information & Data Processing, Digital Approach Technology to ESG, ESG reporting tools, Environmental Electronic Surveillance; system; OBM","Environmental Information & Data Processing, Digital Approach Technology to ESG, ESG reporting tools, Environmental Electronic Surveillance; system; OBM",https://www.hktdc.com/event/ecoexpoasia/en/exhibitor/1S005RLLO,0,
Plateau Consultant Services Company,Plateau Consultant Services Company,Hong Kong,BOC LIFE,BOC LIFE,,Exhibitor,Eco Expo Asia 2025,6-B16,Green Finance and ESG-related Services,,1,,,Green Financing; BOC LIFE; Others,Green Financing; BOC LIFE; Others,https://www.hktdc.com/event/ecoexpoasia/en/exhibitor/1S005RKYM,0,
TOMRA Collection Hong Kong Limited,TOMRA Collection Hong Kong Limited,Hong Kong,"TOMRA was founded in 1972, based on the design, manufacturing and sale of reverse vending machines (RVMs) for automated collection of used beverage containers. Today TOMRA provides solutions that enable the circular economy with advanced collection and sorting systems, and food processing by employing sensor-based sorting and grading technology. Altogether TOMRA has approximately 105,000 installations in over. TOMRA's geographic footprint covers all continents, and the solutions provided are increasingly relevant for serving sustainable societies.","TOMRA was founded in 1972, based on the design, manufacturing and sale of reverse vending machines (RVMs) for automated collection of used beverage containers. Today TOMRA provides solutions that enable the circular economy with advanced collection and sorting systems, and food processing by employing sensor-based sorting and grading technology. Altogether TOMRA has approximately 105,000 installations in over. TOMRA's geographic footprint covers all continents, and the solutions provided are increasingly relevant for serving sustainable societies.",,Exhibitor,Eco Expo Asia 2025,6-A24C,Norway Participation,Norway Participation,1,,,Transport; reverse vending machines (RVMs) for automated collection of used beverage containers; Others,Transport; reverse vending machines (RVMs) for automated collection of used beverage containers; Others,https://www.hktdc.com/event/ecoexpoasia/en/exhibitor/1S005TQOA,0,
Welloyd Industries Co Ltd,Welloyd Industries Co Ltd,Hong Kong,"Founded in 1979 Hong Kong, Welloyd has emerged as a leading manufacturer of high quality Plastic items for Industrial and household in the world. We believe in continuous product development, quality consciousness, and punctual delivery. These missions have gained us excellent reputation in the global market and competitive advantages over other suppliers. In 1984,Welloyd established it's own factory in Dongguan,China with capacity over 20,000 square meters and employ over 300 skilled workers. We offer over 1,900 high quality items to our long-term customers in Europe, USA, Africa, Russia and other countries. During these years, Welloyd had specialized in blow moulding machines, designs includes large blow series, automatic blow series, easy blow series, PET series and injection blow series. Each series have different model to produce products from 5ml-200 liter PE, PVC, PP, PC & PET containers and blow mould items. We also do a lot of OEM and ODM projects.","Founded in 1979 Hong Kong, Welloyd has emerged as a leading manufacturer of high quality Plastic items for Industrial and household in the world. We believe in continuous product development, quality consciousness, and punctual delivery. These missions have gained us excellent reputation in the global market and competitive advantages over other suppliers. In 1984,Welloyd established it's own factory in Dongguan,China with capacity over 20,000 square meters and employ over 300 skilled workers. We offer over 1,900 high quality items to our long-term customers in Europe, USA, Africa, Russia and other countries. During these years, Welloyd had specialized in blow moulding machines, designs includes large blow series, automatic blow series, easy blow series, PET series and injection blow series. Each series have different model to produce products from 5ml-200 liter PE, PVC, PP, PC & PET containers and blow mould items. We also do a lot of OEM and ODM projects.",,Exhibitor,Eco Expo Asia 2025,6-F12,Eco-friendly Products,,1,,,"Recycled Plastic Product; Our company is a plastic manufacturer, specializing in supplying various trash cans to the Hong Kong government (Food and Environmental Hygiene Department, Leisure and Cultural Services Department, Environmental Protection Department, Housing DepT.; Others","Recycled Plastic Product; Our company is a plastic manufacturer, specializing in supplying various trash cans to the Hong Kong government (Food and Environmental Hygiene Department, Leisure and Cultural Services Department, Environmental Protection Department, Housing DepT.; Others",https://www.hktdc.com/event/ecoexpoasia/en/exhibitor/1S005RL1C,0,
CHINA ELECTRICITY COUNCIL,CHINA ELECTRICITY COUNCIL,Chinese Mainland,"The CEC is committed to shaping a secure and sustainable energy future for China and its power industry. Our work spans a variety of programmes and initiatives, helping accelerate the development of the power industry, ensure power and energy security, tracking industry transitions, collecting data, and providing training programs.","The CEC is committed to shaping a secure and sustainable energy future for China and its power industry. Our work spans a variety of programmes and initiatives, helping accelerate the development of the power industry, ensure power and energy security, tracking industry transitions, collecting data, and providing training programs.",,Exhibitor,Eco Expo Asia 2025,6-C18,New Energy and Energy Efficiency,,1,,,Energy and Charging Infrastructure; The ChaoJi charging technology route for the new generation of electric vehicles originated from the demand for high-power charging of electric vehicles. It is a complete solution for DC charging systems of electric vehicles.; OBM,Energy and Charging Infrastructure; The ChaoJi charging technology route for the new generation of electric vehicles originated from the demand for high-power charging of electric vehicles. It is a complete solution for DC charging systems of electric vehicles.; OBM,https://www.hktdc.com/event/ecoexpoasia/en/exhibitor/1S005TTE1,0,
Cambi,Cambi,Norway,"Cambi AAD with thermal hydrolysis process (THP) and high solids digestion as the core, the sludge and biowaste facility has significant benefit to increase treatment capacity and efficiency, to save footprint with compact facilities, to improve bioenergy production and mass & energy balance, to reduce the cake volume for disposal, etc.","Cambi AAD with thermal hydrolysis process (THP) and high solids digestion as the core, the sludge and biowaste facility has significant benefit to increase treatment capacity and efficiency, to save footprint with compact facilities, to improve bioenergy production and mass & energy balance, to reduce the cake volume for disposal, etc.",,Exhibitor,Eco Expo Asia 2025,6-A24A,Norway Participation,Norway Participation,1,,,Organic Waste Treatment; Cambi AAD with thermal hydrolysis process (THP); Others,Organic Waste Treatment; Cambi AAD with thermal hydrolysis process (THP); Others,https://www.hktdc.com/event/ecoexpoasia/en/exhibitor/1S005TQMG,2,https://www.hktdc.com/event/ecoexpoasia/en/product/1Z03MSO5X; https://www.hktdc.com/event/ecoexpoasia/en/product/1Z03MSO5X
China Water Environment Group Limited,China Water Environment Group Limited,Chinese Mainland,"China Water Environment Group Limited (CWEG) is a professional investment platform on water environment, and now has become a leading investor and operator in comprehensive water environment management. CWEG is proud of its cutting-edge and world-class technologies, robust investment capability, and a professional and experienced R&D, investment, design, construction, operation and management team. Hailed as the frontrunner in the water environment industry, CWEG aspires to build a world leading water environment management brand of China. The high standard underground wastewater treatment plants of CWEG underground treatment capacity of 3.5 million t/d.","China Water Environment Group Limited (CWEG) is a professional investment platform on water environment, and now has become a leading investor and operator in comprehensive water environment management. CWEG is proud of its cutting-edge and world-class technologies, robust investment capability, and a professional and experienced R&D, investment, design, construction, operation and management team. Hailed as the frontrunner in the water environment industry, CWEG aspires to build a world leading water environment management brand of China. The high standard underground wastewater treatment plants of CWEG underground treatment capacity of 3.5 million t/d.",,Exhibitor,Eco Expo Asia 2025,6-E10,Water Treatment and Quality Management,,1,,,"Water Resources Utilization, Wastewater Recycling Technology & Equipment, Water Purification Equipment, Sewage Treatment & System Maintenance, Water Business & Solution; Designing, investment, construction and operation of drinking water treatment and supply facilities, wastewater treatment plants, esp. underground water infrastructures.; OBM","Water Resources Utilization, Wastewater Recycling Technology & Equipment, Water Purification Equipment, Sewage Treatment & System Maintenance, Water Business & Solution; Designing, investment, construction and operation of drinking water treatment and supply facilities, wastewater treatment plants, esp. underground water infrastructures.; OBM",https://www.hktdc.com/event/ecoexpoasia/en/exhibitor/1S005U32R,0,
Consulate General of the Kingdom of the Netherlands,Consulate General of the Kingdom of the Netherlands,Netherlands,"The Consulate General (CG) of the Netherlands is the diplomatic representation of the Kingdom of the Netherlands in Hong Kong SAR and Macao SAR. The Dutch CG is part of the China diplomatic network which consists of an embassy in Beijing, Consulates-General in Shanghai, Guangzhou, and Hong Kong. Furthermore there are Netherlands Business Support Offices (NBSOs) in Chengdu, Qingdao, Nanjing and Shenzhen. Our objectives • Serve the interests of the Netherlands in Hong Kong and Macau. • Strengthening bilateral between the Netherlands and Hong Kong and Macao, including on trade and economics. • Assisting Dutch companies, especially SME’s, in accessing local markets. • Anticipate and act upon business opportunities in Hong Kong and Macao for Dutch companies. • Attract investments to the Netherlands.","The Consulate General (CG) of the Netherlands is the diplomatic representation of the Kingdom of the Netherlands in Hong Kong SAR and Macao SAR. The Dutch CG is part of the China diplomatic network which consists of an embassy in Beijing, Consulates-General in Shanghai, Guangzhou, and Hong Kong. Furthermore there are Netherlands Business Support Offices (NBSOs) in Chengdu, Qingdao, Nanjing and Shenzhen. Our objectives • Serve the interests of the Netherlands in Hong Kong and Macau. • Strengthening bilateral between the Netherlands and Hong Kong and Macao, including on trade and economics. • Assisting Dutch companies, especially SME’s, in accessing local markets. • Anticipate and act upon business opportunities in Hong Kong and Macao for Dutch companies. • Attract investments to the Netherlands.",,Exhibitor,Eco Expo Asia 2025,6-B23,Government Department,,1,,,"Digital Approach Technology to ESG, Environmental Research & Consultation, Material for Road Construction, Eco-friendly Material for Construction & Fitting, Eco-friendly Landscape Design, Building Performance & BIM, Architectural & Design Service; Arcadis, IATA-China, LOLA, MVRDV, Protector Guardrail, Runz, Scenwise, Urban Design, OMA","Digital Approach Technology to ESG, Environmental Research & Consultation, Material for Road Construction, Eco-friendly Material for Construction & Fitting, Eco-friendly Landscape Design, Building Performance & BIM, Architectural & Design Service; Arcadis, IATA-China, LOLA, MVRDV, Protector Guardrail, Runz, Scenwise, Urban Design, OMA",https://www.hktdc.com/event/ecoexpoasia/en/exhibitor/1S005SYC2,0,
Doscon Ltd,Doscon Ltd,Norway,"Water-saving Device & Product, Digital Approach Technology to ESG, Seawater Desalination, Environmental Information & Data Processing, ESG reporting tools, Water Purification Equipment","Water-saving Device & Product, Digital Approach Technology to ESG, Seawater Desalination, Environmental Information & Data Processing, ESG reporting tools, Water Purification Equipment",,Exhibitor,Eco Expo Asia 2025,6-A24A,Norway Participation,Norway Participation,1,,,"Water-saving Device & Product, Digital Approach Technology to ESG, Seawater Desalination, Environmental Information & Data Processing, ESG reporting tools, Water Purification Equipment; Innovative water quality monitoring and process control using IoT and BigData; Others","Water-saving Device & Product, Digital Approach Technology to ESG, Seawater Desalination, Environmental Information & Data Processing, ESG reporting tools, Water Purification Equipment; Innovative water quality monitoring and process control using IoT and BigData; Others",https://www.hktdc.com/event/ecoexpoasia/en/exhibitor/1S005TRGX,0,
"Fanno technologies Co., Ltd.","Fanno technologies Co., Ltd.",Taiwan,"Fanno? was founded in 2016. The company specializes in the research and development, design, manufacturing, and application of sinter-plate filters. Our depth of knowledge can quickly connect customers to create higher value to achieve a win-win situation. This is the way to stand not only now but also in the future; not Taiwan but globalization.","Fanno? was founded in 2016. The company specializes in the research and development, design, manufacturing, and application of sinter-plate filters. Our depth of knowledge can quickly connect customers to create higher value to achieve a win-win situation. This is the way to stand not only now but also in the future; not Taiwan but globalization.",,Exhibitor,Eco Expo Asia 2025,6-D24,Air Quality,,1,,,"Air Purification; Fanno specializes in the research and development, design, manufacturing and application of sinter-plate filters.; Others","Air Purification; Fanno specializes in the research and development, design, manufacturing and application of sinter-plate filters.; Others",https://www.hktdc.com/event/ecoexpoasia/en/exhibitor/1S005T9W3,0,
"Guangzhou Xincai Technology Co., Ltd.","Guangzhou Xincai Technology Co., Ltd.",Chinese Mainland,"Guangzhou Xincai Technology Co., Ltd. is mainly engaged in the R&D, application, promotion and other business activities of adsorbents and purification new materials in the fields of chemical industry and environmental pollution control. Adhering to the integrated model covering R&D, design, production, sales and technical services, our company continuously improves its technical capabilities in the fields of chemical industry and environmental pollution control. We are committed to the R&D in areas such as ultra-low concentration emission control of waste gas from various incineration and disposal industries, and have innovatively developed a series of new adsorbent materials.","Guangzhou Xincai Technology Co., Ltd. is mainly engaged in the R&D, application, promotion and other business activities of adsorbents and purification new materials in the fields of chemical industry and environmental pollution control. Adhering to the integrated model covering R&D, design, production, sales and technical services, our company continuously improves its technical capabilities in the fields of chemical industry and environmental pollution control. We are committed to the R&D in areas such as ultra-low concentration emission control of waste gas from various incineration and disposal industries, and have innovatively developed a series of new adsorbent materials.",,Exhibitor,Eco Expo Asia 2025,3-E38,Circular Economy and Waste Management,,1,,,"Solid Waste Treatment & Incineration System; The silicon-based composite adsorbent developed and produced by our company is a non-toxic, odorless, green and environmentally friendly product, with an appearance of light red or reddish-brown powder. It has been applied in waste gas treatment for; OBM","Solid Waste Treatment & Incineration System; The silicon-based composite adsorbent developed and produced by our company is a non-toxic, odorless, green and environmentally friendly product, with an appearance of light red or reddish-brown powder. It has been applied in waste gas treatment for; OBM",https://www.hktdc.com/event/ecoexpoasia/en/exhibitor/1S005TTHS,0,
"Lixin International Engineering Consulting Co., LTD","Lixin International Engineering Consulting Co., LTD",Chinese Mainland,Decarbonisation Management,Decarbonisation Management,,Exhibitor,Eco Expo Asia 2025,6-D03,Shanghai Pavilion,Shanghai Pavilion,1,,,Decarbonisation Management; 环保咨询; Others,Decarbonisation Management; 环保咨询; Others,https://www.hktdc.com/event/ecoexpoasia/en/exhibitor/1S005TVMB,0,
"Nanjing Xinhuan Optoelectronics Technology Co., Ltd.","Nanjing Xinhuan Optoelectronics Technology Co., Ltd.",Chinese Mainland,"Gas, Decarbonisation Management, Air Pollution & Gas Emission Control","Gas, Decarbonisation Management, Air Pollution & Gas Emission Control",,Exhibitor,Eco Expo Asia 2025,6-E26,Air Quality,,1,,,"Gas, Decarbonisation Management, Air Pollution & Gas Emission Control; It currently has a series of high-end products such as wind lidar, Raman temperature and humidity lidar, 3D ozone lidar, 3D aerosol lidar, high-precision greenhouse gas analyzer, atmospheric visibility lidar and ceilometer; OBM","Gas, Decarbonisation Management, Air Pollution & Gas Emission Control; It currently has a series of high-end products such as wind lidar, Raman temperature and humidity lidar, 3D ozone lidar, 3D aerosol lidar, high-precision greenhouse gas analyzer, atmospheric visibility lidar and ceilometer; OBM",https://www.hktdc.com/event/ecoexpoasia/en/exhibitor/1S005RLZI,0,
Orkel AS,Orkel AS,Norway,"Solid Waste Recycling Technology & Equipment, Transport, Solid Waste Treatment & Incineration System","Solid Waste Recycling Technology & Equipment, Transport, Solid Waste Treatment & Incineration System",,Exhibitor,Eco Expo Asia 2025,6-A24B,Norway Participation,Norway Participation,1,,,"Solid Waste Recycling Technology & Equipment, Transport, Solid Waste Treatment & Incineration System; Orkel Industry compactors are equipped with custom features, allowing them to apply high-density baling technology to the waste and industry segments. The technology is most suitable for baling high-calorific value waste materials such as RDF and SRF; Others","Solid Waste Recycling Technology & Equipment, Transport, Solid Waste Treatment & Incineration System; Orkel Industry compactors are equipped with custom features, allowing them to apply high-density baling technology to the waste and industry segments. The technology is most suitable for baling high-calorific value waste materials such as RDF and SRF; Others",https://www.hktdc.com/event/ecoexpoasia/en/exhibitor/1S005TQND,0,
"Purafil Filtration Technology (Guangzhou) Co., Ltd.","Purafil Filtration Technology (Guangzhou) Co., Ltd.",Chinese Mainland,"Air Purification, Air Pollution & Gas Emission Control, Gas, Air Filtration System, Indoor Air Quality Technology & System","Air Purification, Air Pollution & Gas Emission Control, Gas, Air Filtration System, Indoor Air Quality Technology & System",,Exhibitor,Eco Expo Asia 2025,6-E17,Air Quality,,1,,,"Air Purification, Air Pollution & Gas Emission Control, Gas, Air Filtration System, Indoor Air Quality Technology & System; Deodorizing and waste gas treatment chemical filteration media and system; OEM, ODM","Air Purification, Air Pollution & Gas Emission Control, Gas, Air Filtration System, Indoor Air Quality Technology & System; Deodorizing and waste gas treatment chemical filteration media and system; OEM, ODM",https://www.hktdc.com/event/ecoexpoasia/en/exhibitor/1S005TTFY,0,
"Shanghai Bravo Environment Technology Development Co., Ltd.","Shanghai Bravo Environment Technology Development Co., Ltd.",Chinese Mainland,"Organic Waste Treatment, Oil Recycling Technology & Equipment, Solid Waste Recycling Technology & Equipment, Sludge Treatment, Solid Waste Treatment & Incineration System","Organic Waste Treatment, Oil Recycling Technology & Equipment, Solid Waste Recycling Technology & Equipment, Sludge Treatment, Solid Waste Treatment & Incineration System",,Exhibitor,Eco Expo Asia 2025,6-C08,Shanghai Pavilion,Shanghai Pavilion,1,,,"Organic Waste Treatment, Oil Recycling Technology & Equipment, Solid Waste Recycling Technology & Equipment, Sludge Treatment, Solid Waste Treatment & Incineration System; 固废危废资源化利用，碳达峰碳中和咨询与工程，环境检测与在线监测，污染治理工程等; OEM","Organic Waste Treatment, Oil Recycling Technology & Equipment, Solid Waste Recycling Technology & Equipment, Sludge Treatment, Solid Waste Treatment & Incineration System; 固废危废资源化利用，碳达峰碳中和咨询与工程，环境检测与在线监测，污染治理工程等; OEM",https://www.hktdc.com/event/ecoexpoasia/en/exhibitor/1S005TTKJ,0,
"Shanghai Sancity Environment Technology Co., Ltd","Shanghai Sancity Environment Technology Co., Ltd",Chinese Mainland,"Organic Waste Treatment, Food Waste Process, Biological Treatment Equipment","Organic Waste Treatment, Food Waste Process, Biological Treatment Equipment",,Exhibitor,Eco Expo Asia 2025,6-D07,Shanghai Pavilion,Shanghai Pavilion,1,,,"Organic Waste Treatment, Food Waste Process, Biological Treatment Equipment; Waste Management
Organic Waste Microbial Degradation Liquefaction and Carbon Capture Process by Sancity Environment; OBM","Organic Waste Treatment, Food Waste Process, Biological Treatment Equipment; Waste Management
Organic Waste Microbial Degradation Liquefaction and Carbon Capture Process by Sancity Environment; OBM",https://www.hktdc.com/event/ecoexpoasia/en/exhibitor/1S005TTLG,0,
"Shanghai Zhi Kun Environmental Protection Technology Co., Ltd.","Shanghai Zhi Kun Environmental Protection Technology Co., Ltd.",Chinese Mainland,"Water Business & Solution, Sewage Treatment & System Maintenance","Water Business & Solution, Sewage Treatment & System Maintenance",,Exhibitor,Eco Expo Asia 2025,6-C10,Shanghai Pavilion,Shanghai Pavilion,1,,,"Water Business & Solution, Sewage Treatment & System Maintenance; The company's business scope covers the automation control and intelligent operation management services for medical institution wastewater, providing medical institutions with precise and efficient wastewater treatment solutions.; Others","Water Business & Solution, Sewage Treatment & System Maintenance; The company's business scope covers the automation control and intelligent operation management services for medical institution wastewater, providing medical institutions with precise and efficient wastewater treatment solutions.; Others",https://www.hktdc.com/event/ecoexpoasia/en/exhibitor/1S005TVHQ,0,
"Top Valves Manufacture (Nantong) Co., Ltd","Top Valves Manufacture (Nantong) Co., Ltd",Chinese Mainland,"TOP VALVES MANUFACTURE (NANTONG) Co., Ltd. was established in 2006, located in Jiangsu Province, with about 100 employees. It specializes in the development and production of various industrial valves. TOP VALVES manufactures products in accordance with leading international standards, including American API and ANSI, British BS, German DIN, French NF, Japanese JIS and JPI, as well as Chinese GB. We are capable of producing valves with nominal sizes ranging from 1/4"" to 80"", pressure ratings from 150LB to 2500LB, and working temperatures from -196°C to 680°C. Our product line includes gate valves, globe valves, ball valves, check valves, butterfly valves, and a variety of custom-engineered valves based on specific customer requirements. The company has earned numerous certifications, including ISO 9001 (certified by AFNOR, France), ISO 14001 Environmental Management Certification, TSG A1 (China Special Equipment Manufacturing License), API 6D/607 Certification, CE Certification (EU), RINA Test Certification, and 3A Corporate Credit Certification. With extensive experience, we have a proven track record of delivering high-quality products and services to industries such as water supply, petrochemicals, energy, and shipbuilding both in domestic and international markets.","TOP VALVES MANUFACTURE (NANTONG) Co., Ltd. was established in 2006, located in Jiangsu Province, with about 100 employees. It specializes in the development and production of various industrial valves. TOP VALVES manufactures products in accordance with leading international standards, including American API and ANSI, British BS, German DIN, French NF, Japanese JIS and JPI, as well as Chinese GB. We are capable of producing valves with nominal sizes ranging from 1/4"" to 80"", pressure ratings from 150LB to 2500LB, and working temperatures from -196°C to 680°C. Our product line includes gate valves, globe valves, ball valves, check valves, butterfly valves, and a variety of custom-engineered valves based on specific customer requirements. The company has earned numerous certifications, including ISO 9001 (certified by AFNOR, France), ISO 14001 Environmental Management Certification, TSG A1 (China Special Equipment Manufacturing License), API 6D/607 Certification, CE Certification (EU), RINA Test Certification, and 3A Corporate Credit Certification. With extensive experience, we have a proven track record of delivering high-quality products and services to industries such as water supply, petrochemicals, energy, and shipbuilding both in domestic and international markets.",,Exhibitor,Eco Expo Asia 2025,6-F23,Water Treatment and Quality Management,,1,,,"Seawater Desalination, Conditioning, Sewage Treatment & System Maintenance, Oil Recycling Technology & Equipment, Energy Storage Technology, Biological Treatment Equipment, Desulphurisation & Dust Control Technology and Equipment, Environmental Protection Service and Research, Energy Efficient Device & Products, Water Business & Solution; New Energy:Cryogenic butterfly valves, cryogenic globe valves, cryogenic ball valves.Water System:PTFE-lined butterfly valves, stainless steel ball valves, concentric butterfly valves.Petrochemical: Gate valves, globe valves, check valves.; Others, ODM, OEM","Seawater Desalination, Conditioning, Sewage Treatment & System Maintenance, Oil Recycling Technology & Equipment, Energy Storage Technology, Biological Treatment Equipment, Desulphurisation & Dust Control Technology and Equipment, Environmental Protection Service and Research, Energy Efficient Device & Products, Water Business & Solution; New Energy:Cryogenic butterfly valves, cryogenic globe valves, cryogenic ball valves.Water System:PTFE-lined butterfly valves, stainless steel ball valves, concentric butterfly valves.Petrochemical: Gate valves, globe valves, check valves.; Others, ODM, OEM",https://www.hktdc.com/event/ecoexpoasia/en/exhibitor/1S005RL6X,0,
Urban Planning & Architectural Design Institute of Fudan University,Urban Planning & Architectural Design Institute of Fudan University,Chinese Mainland,"Eco-friendly Landscape Design, Architectural & Design Service, Environmental Research & Consultation","Eco-friendly Landscape Design, Architectural & Design Service, Environmental Research & Consultation",,Exhibitor,Eco Expo Asia 2025,6-C04,Shanghai Pavilion,Shanghai Pavilion,1,,,"Eco-friendly Landscape Design, Architectural & Design Service, Environmental Research & Consultation; Focuses on the application and practical work in the fields of policy consulting, spatial planning and design, environmental management, collaborative governance of pollution reduction and carbon reduction, and the realisation of value of eco-product; Others","Eco-friendly Landscape Design, Architectural & Design Service, Environmental Research & Consultation; Focuses on the application and practical work in the fields of policy consulting, spatial planning and design, environmental management, collaborative governance of pollution reduction and carbon reduction, and the realisation of value of eco-product; Others",https://www.hktdc.com/event/ecoexpoasia/en/exhibitor/1S005TTP4,0,
"ZHY Testing Technology (Shanghai) Co., Ltd.","ZHY Testing Technology (Shanghai) Co., Ltd.",Chinese Mainland,,,,Exhibitor,Eco Expo Asia 2025,6-D09,Shanghai Pavilion,Shanghai Pavilion,1,,,"Provides sustainable solutions for soil surveys and testing for farmland and industrial land, remediation project testing, environmental monitoring technical consulting, environmental project acceptance, a variety of environmental engineering project; Others","Provides sustainable solutions for soil surveys and testing for farmland and industrial land, remediation project testing, environmental monitoring technical consulting, environmental project acceptance, a variety of environmental engineering project; Others",https://www.hktdc.com/event/ecoexpoasia/en/exhibitor/1S005TTRY,0,
MIXEL,MIXEL,France,"Founded in 1969, headquartered at Lyon (France), Formerly named LADERACH mechanical company created in 1920. MIXEL is specialized in R&D of fluid mixing technology and manufacturing of industrial equipment. Today, MIXEL has become a famous mixing solution provider in the world, and is known as an important partner in petrochemicals, agro-food, pharmacy, cosmetic, water treatment, environment and many other fields. MIXEL has provided mixing solution for more than 3300 customers around 84 countries. MIXEL (Beijing) Agitator Co.,Ltd. was founded in 2005 as a wholly-owned subsidiary of MIXEL SAS, which has more than 20 years history in China market.","Founded in 1969, headquartered at Lyon (France), Formerly named LADERACH mechanical company created in 1920. MIXEL is specialized in R&D of fluid mixing technology and manufacturing of industrial equipment. Today, MIXEL has become a famous mixing solution provider in the world, and is known as an important partner in petrochemicals, agro-food, pharmacy, cosmetic, water treatment, environment and many other fields. MIXEL has provided mixing solution for more than 3300 customers around 84 countries. MIXEL (Beijing) Agitator Co.,Ltd. was founded in 2005 as a wholly-owned subsidiary of MIXEL SAS, which has more than 20 years history in China market.",,Exhibitor,Eco Expo Asia 2025,6-F27,Water Treatment and Quality Management,,1,,,"Sewage Treatment & System Maintenance,Water Purification Equipment,Food Waste Process,Solid Waste Treatment & Incineration System,Sludge Treatment,Organic Waste Treatment; We design and manufacture industrial mixers widely used in many water and waste treatment project.","Sewage Treatment & System Maintenance,Water Purification Equipment,Food Waste Process,Solid Waste Treatment & Incineration System,Sludge Treatment,Organic Waste Treatment; We design and manufacture industrial mixers widely used in many water and waste treatment project.",https://www.hktdc.com/event/ecoexpoasia/en/exhibitor/1S005SYDZ,0,
Guangdong Association of Circular Economy and Resources Comprehensive Utilization,Guangdong Association of Circular Economy and Resources Comprehensive Utilization,Chinese Mainland,"The Guangdong Circular Economy and Comprehensive Resource Utilization Association is a provincial, cross-industry, cross-departmental, and cross-ownership 5A-rated social organization, certified by the Provincial Department of Civil Affairs to undertake government function transfers and purchase services. The association holds industrial energy conservation and green development evaluation qualifications from the Ministry of Industry and Information Technology. The association conducts policy research, consulting services, technology promotion, market development, professional training, conferences and exhibitions, and international exchanges and cooperation in areas related to circular economy, comprehensive resource utilization, green manufacturing, clean production, carbon peak and carbon neutrality, energy conservation, and water conservation. It has already had an increasingly widespread impact in promoting carbon peak and carbon neutrality and fostering green and high-quality industrial development.","The Guangdong Circular Economy and Comprehensive Resource Utilization Association is a provincial, cross-industry, cross-departmental, and cross-ownership 5A-rated social organization, certified by the Provincial Department of Civil Affairs to undertake government function transfers and purchase services. The association holds industrial energy conservation and green development evaluation qualifications from the Ministry of Industry and Information Technology. The association conducts policy research, consulting services, technology promotion, market development, professional training, conferences and exhibitions, and international exchanges and cooperation in areas related to circular economy, comprehensive resource utilization, green manufacturing, clean production, carbon peak and carbon neutrality, energy conservation, and water conservation. It has already had an increasingly widespread impact in promoting carbon peak and carbon neutrality and fostering green and high-quality industrial development.",,Exhibitor,Eco Expo Asia 2025,6-E04,Greater Bay Area Zone,Greater Bay Area Zone,1,,,"Digital Approach Technology to ESG, Environmental Research & Consultation, Environmental Protection Service and Research, Energy Efficient Device & Products, Environment-Related Media & Publication, Recycled Product, Renewable Energy Resource, Green Financing, Solid Waste Treatment & Incineration System, Biomass; Guangdong Association of Circular Economy and Resources Comprehensive Utilization has already had an increasingly widespread impact in promoting carbon peak and carbon neutrality and fostering green and high-quality industrial development.; Others","Digital Approach Technology to ESG, Environmental Research & Consultation, Environmental Protection Service and Research, Energy Efficient Device & Products, Environment-Related Media & Publication, Recycled Product, Renewable Energy Resource, Green Financing, Solid Waste Treatment & Incineration System, Biomass; Guangdong Association of Circular Economy and Resources Comprehensive Utilization has already had an increasingly widespread impact in promoting carbon peak and carbon neutrality and fostering green and high-quality industrial development.; Others",https://www.hktdc.com/event/ecoexpoasia/en/exhibitor/1S005TNQ7,0,
Hong Kong Science and Technology Parks Corporation,Hong Kong Science and Technology Parks Corporation,Hong Kong,Association Service & Government Organisation,Association Service & Government Organisation,,Exhibitor,Eco Expo Asia 2025,3-F20,HKSTP Pavilion,HKSTP Pavilion,1,,,Association Service & Government Organisation; Others,Association Service & Government Organisation; Others,https://www.hktdc.com/event/ecoexpoasia/en/exhibitor/1S005RLF6,0,
Civil Engineering and Development Department - the Government of the HKSAR,Civil Engineering and Development Department - the Government of the HKSAR,Hong Kong,,,,Exhibitor,Eco Expo Asia 2025,3-A02,Government Department,,1,,,"The Civil Engineering and Development Department was established in July 2004. We provide the four major services: Provision of Land and Infrastructure, Port and Marine Services, Geotechnical Services, and Environment and Sustainability Services.","The Civil Engineering and Development Department was established in July 2004. We provide the four major services: Provision of Land and Infrastructure, Port and Marine Services, Geotechnical Services, and Environment and Sustainability Services.",https://www.hktdc.com/event/ecoexpoasia/en/exhibitor/1S005ROMI,0,
Drainage Services Department - the Government of the HKSAR,Drainage Services Department - the Government of the HKSAR,Hong Kong,Our vision is to provide world-class wastewater and stormwater drainage services enabling the sustainable development of Hong Kong.,Our vision is to provide world-class wastewater and stormwater drainage services enabling the sustainable development of Hong Kong.,,Exhibitor,Eco Expo Asia 2025,3-A02,Government Department,,1,,,"The exhibition will introduce the application of smart technologies in drainage works, namely CRISPR-based Smartphone Microbial Assay for Rapid Testing and Mosaic Mode Map Real-time Territorial Flood Risk Visualization System.","The exhibition will introduce the application of smart technologies in drainage works, namely CRISPR-based Smartphone Microbial Assay for Rapid Testing and Mosaic Mode Map Real-time Territorial Flood Risk Visualization System.",https://www.hktdc.com/event/ecoexpoasia/en/exhibitor/1S005RONF,0,
Highways Department - the Government of the HKSAR,Highways Department - the Government of the HKSAR,Hong Kong,Central Kowloon Route - BEAM Plus Platinum Rating for the Kai Tak Administration Building,Central Kowloon Route - BEAM Plus Platinum Rating for the Kai Tak Administration Building,,Exhibitor,Eco Expo Asia 2025,3-A02,Government Department,,1,,,The Kai Tak Administration Building serves as the central hub of the Central Kowloon Route. It serves as a model for green building practices in Hong Kong and acquired the highest level of recognition for sustainable building and operation in HK,The Kai Tak Administration Building serves as the central hub of the Central Kowloon Route. It serves as a model for green building practices in Hong Kong and acquired the highest level of recognition for sustainable building and operation in HK,https://www.hktdc.com/event/ecoexpoasia/en/exhibitor/1S005ROKO,0,
Hong Kong Housing Authority,Hong Kong Housing Authority,Hong Kong,,,,Exhibitor,Eco Expo Asia 2025,3-A02,Government Department,,1,,,Hong Kong Housing Authority,Hong Kong Housing Authority,https://www.hktdc.com/event/ecoexpoasia/en/exhibitor/1S005ROLL,0,
Hong Kong Observatory,Hong Kong Observatory,Hong Kong,Government Department,Government Department,,Exhibitor,Eco Expo Asia 2025,3-A02,Government Department,,1,,,"Government Department; The Hong Kong Observatory is a government department responsible for monitoring and forecasting weather, as well as issuing warnings on weather-related hazards.; Others","Government Department; The Hong Kong Observatory is a government department responsible for monitoring and forecasting weather, as well as issuing warnings on weather-related hazards.; Others",https://www.hktdc.com/event/ecoexpoasia/en/exhibitor/1S005ROOC,0,
The Electrical and Mechanical Services Department - the Government of the HKSAR,The Electrical and Mechanical Services Department - the Government of the HKSAR,Hong Kong,,,,Exhibitor,Eco Expo Asia 2025,3-A02,Government Department,,1,,,Promoting Green Innovations for Carbon Neutrality under EMSD,Promoting Green Innovations for Carbon Neutrality under EMSD,https://www.hktdc.com/event/ecoexpoasia/en/exhibitor/1S005S2DV,0,
Water Supplies Department - the Government of the HKSAR,Water Supplies Department - the Government of the HKSAR,Hong Kong,Hong Kong enjoys one of the safest water supplies in the world. Water Supplies Department is committed to supplying drinking water compliant with the Hong Kong Drinking Water Standards and taking forward the Action Plan for Enhancing Drinking Water Safety in Hong Kong to further enhance the drinking water safety at consumers taps.,Hong Kong enjoys one of the safest water supplies in the world. Water Supplies Department is committed to supplying drinking water compliant with the Hong Kong Drinking Water Standards and taking forward the Action Plan for Enhancing Drinking Water Safety in Hong Kong to further enhance the drinking water safety at consumers taps.,,Exhibitor,Eco Expo Asia 2025,3-A02,Government Department,,1,,,"This AI-powered platform leverages openBIM and GIS to optimize pump scheduling in the Dongjiang water supply network. Developed in collaboration with universities and experts, STTSS reduces energy use by 9% and delivers 3D-enabled visualization.","This AI-powered platform leverages openBIM and GIS to optimize pump scheduling in the Dongjiang water supply network. Developed in collaboration with universities and experts, STTSS reduces energy use by 9% and delivers 3D-enabled visualization.",https://www.hktdc.com/event/ecoexpoasia/en/exhibitor/1S005ROJR,0,
Environmental Campaign Committee (ECC),Environmental Campaign Committee (ECC),Hong Kong,,,,Exhibitor,Eco Expo Asia 2025,3-A14,Environmental Campaign Committee Pavilion,Environmental Campaign Committee Pavilion,1,,,環運會專屬展覽館將容納約20個參展項目，以展示嶄新研究和創新成果，促進業界、大學、科研機構交流和合作。,環運會專屬展覽館將容納約20個參展項目，以展示嶄新研究和創新成果，促進業界、大學、科研機構交流和合作。,https://www.hktdc.com/event/ecoexpoasia/en/exhibitor/1S005RM0E,0,
Environmental Protection Department,Environmental Protection Department,Hong Kong,Government Department,Government Department,,Exhibitor,Eco Expo Asia 2025,3-A02,Government Department,,1,,,"Government Department; The exhibition includes 5 areas, namely Carbon Neutral@HK, Smart Technologies for Improving Environmental Quality, Waste Recycling and Reduction, New Energy Transport, and Energy Saving and Green Buildings.; Others","Government Department; The exhibition includes 5 areas, namely Carbon Neutral@HK, Smart Technologies for Improving Environmental Quality, Waste Recycling and Reduction, New Energy Transport, and Energy Saving and Green Buildings.; Others",https://www.hktdc.com/event/ecoexpoasia/en/exhibitor/1S005RM35,0,
China Council for the Promotion of International Trade Inner Mongolia Autonomous Region Committee,China Council for the Promotion of International Trade Inner Mongolia Autonomous Region Committee,Chinese Mainland,"The Inner Mongolia Committee of the China Council for the Promotion of International Trade (CCPIT Inner Mongolia), formerly known as the Inner Mongolia Branch of the China Council for the Promotion of International Trade, was established in 1981.","The Inner Mongolia Committee of the China Council for the Promotion of International Trade (CCPIT Inner Mongolia), formerly known as the Inner Mongolia Branch of the China Council for the Promotion of International Trade, was established in 1981.",,Exhibitor,Eco Expo Asia 2025,6-B02,Inner Mongolia Pavilion,Inner Mongolia Pavilion,1,,,"Organic Product,Bio-Degradable Product,Recycled Product,Bio-degradable & Eco-friendly Raw Material,Air Filtration System","Organic Product,Bio-Degradable Product,Recycled Product,Bio-degradable & Eco-friendly Raw Material,Air Filtration System",https://www.hktdc.com/event/ecoexpoasia/en/exhibitor/1S005T2PV,0,
Guangdong Science and Technology Consulting and Development Center of GDAEPI,Guangdong Science and Technology Consulting and Development Center of GDAEPI,Chinese Mainland,Guangdong Science and Technology Consulting and Development Center of GDAEPI,Guangdong Science and Technology Consulting and Development Center of GDAEPI,,Exhibitor,Eco Expo Asia 2025,3-D02,Guangdong Pavilion,Guangdong Pavilion,1,,,"Water Resources Utilization, Wastewater Recycling Technology & Equipment, Sewage Treatment & System Maintenance, Transport, Solid Waste Treatment & Incineration System, Sludge Treatment, Biological Treatment Equipment, Environmental Electronic Surveillance, Bio-Degradable Plastic Product, Bio-degradable & Eco-friendly Raw Material; Guangdong Science and Technology Consulting and Development Center of GDAEPI","Water Resources Utilization, Wastewater Recycling Technology & Equipment, Sewage Treatment & System Maintenance, Transport, Solid Waste Treatment & Incineration System, Sludge Treatment, Biological Treatment Equipment, Environmental Electronic Surveillance, Bio-Degradable Plastic Product, Bio-degradable & Eco-friendly Raw Material; Guangdong Science and Technology Consulting and Development Center of GDAEPI",https://www.hktdc.com/event/ecoexpoasia/en/exhibitor/1S005SK6Y,0,
Guangxi Research Academy of Environmental Sciences,Guangxi Research Academy of Environmental Sciences,Chinese Mainland,"Scientific Research Academy of Guangxi Environmental Protection, which was founded in 1974, is a department-level public welfare institution directly under the Department of Ecological Environment of Guangxi Zhuang Autonomous Region. Guangxi Environmental Protection International Cooperation and Exchange Center and the Guangxi Environmental Protection Technology Center were inaugurated respectively in 2014 and 2017, both attached to the academy. As the most talent-intensive research academy with the greatest knowledge diversity among all the environment-related institutions in Guangxi, the Academy is engaged in fundamental and innovative scientific research in response to hotspot issues and challenges in environmental conservation, as well as environmental consulting services for major projects, providing strong technical support for the region's pollution prevention and control. It serves as an environmental think tank for Guangxi's CPC committee and government.","Scientific Research Academy of Guangxi Environmental Protection, which was founded in 1974, is a department-level public welfare institution directly under the Department of Ecological Environment of Guangxi Zhuang Autonomous Region. Guangxi Environmental Protection International Cooperation and Exchange Center and the Guangxi Environmental Protection Technology Center were inaugurated respectively in 2014 and 2017, both attached to the academy. As the most talent-intensive research academy with the greatest knowledge diversity among all the environment-related institutions in Guangxi, the Academy is engaged in fundamental and innovative scientific research in response to hotspot issues and challenges in environmental conservation, as well as environmental consulting services for major projects, providing strong technical support for the region's pollution prevention and control. It serves as an environmental think tank for Guangxi's CPC committee and government.",,Exhibitor,Eco Expo Asia 2025,3-G02,Guangxi Pavilion,Guangxi Pavilion,1,,,"The Academy is engaged in fundamental and innovative scientific research in response to hotspot issues and challenges in environmental conservation, as well as providing environmental consulting services for major projects.","The Academy is engaged in fundamental and innovative scientific research in response to hotspot issues and challenges in environmental conservation, as well as providing environmental consulting services for major projects.",https://www.hktdc.com/event/ecoexpoasia/en/exhibitor/1S005SQ0A,0,
Guangzhou Environmental Protection Industrial Association,Guangzhou Environmental Protection Industrial Association,Chinese Mainland,Government Department,Government Department,,Exhibitor,Eco Expo Asia 2025,3-F02,Guangzhou Pavilion,Guangzhou Pavilion,1,,,Government Department; government organs; Others,Government Department; government organs; Others,https://www.hktdc.com/event/ecoexpoasia/en/exhibitor/1S005SK7V,0,
Shenzhen Environmental Protection Industrial Association,Shenzhen Environmental Protection Industrial Association,Chinese Mainland,"Established in 1990, Shenzhen Environmental Protection Industrial Association (abbreviated as SZEPIA) is a company engaged in environmental protection engineering design, construction, installation, engineering contracting, equipment manufacturing, sales, environmental science research, consulting services, education and training in Shenzhen. Enterprises and institutions in the operation and management of pollution facilities, production and sales of environmental protection-related products and clean products, resource regeneration and comprehensive utilization, environmental testing services, natural ecological protection, etc. are voluntary social organizations, which are regional, industrial and non-profit social organizations with corporate legal personality, and accept the supervision and management of the association registration management authority and the business guidance of the relevant functional departments of the Shenzhen Municipal People's Government.","Established in 1990, Shenzhen Environmental Protection Industrial Association (abbreviated as SZEPIA) is a company engaged in environmental protection engineering design, construction, installation, engineering contracting, equipment manufacturing, sales, environmental science research, consulting services, education and training in Shenzhen. Enterprises and institutions in the operation and management of pollution facilities, production and sales of environmental protection-related products and clean products, resource regeneration and comprehensive utilization, environmental testing services, natural ecological protection, etc. are voluntary social organizations, which are regional, industrial and non-profit social organizations with corporate legal personality, and accept the supervision and management of the association registration management authority and the business guidance of the relevant functional departments of the Shenzhen Municipal People's Government.",,Exhibitor,Eco Expo Asia 2025,3-E02,Shenzhen Pavilion,Shenzhen Pavilion,1,,,"Sewage Treatment & System Maintenance, Food Waste Process, Air Pollution & Gas Emission Control, Environmental Protection Service and Research, Wastewater Recycling Technology & Equipment, Air Purification, Solid Waste Treatment & Incineration System, Transport, Landfill Containment, Organic Waste Treatment; Shenzhen Environmental Protection Industry Association, established in 1990, is a regional, industrial and non-profit social organization with corporate status.; OBM, ODM, OEM, Others","Sewage Treatment & System Maintenance, Food Waste Process, Air Pollution & Gas Emission Control, Environmental Protection Service and Research, Wastewater Recycling Technology & Equipment, Air Purification, Solid Waste Treatment & Incineration System, Transport, Landfill Containment, Organic Waste Treatment; Shenzhen Environmental Protection Industry Association, established in 1990, is a regional, industrial and non-profit social organization with corporate status.; OBM, ODM, OEM, Others",https://www.hktdc.com/event/ecoexpoasia/en/exhibitor/1S005SNR4,0,
"Sino-Hunan International Engineering and Development Co., Ltd.","Sino-Hunan International Engineering and Development Co., Ltd.",Chinese Mainland,"Government Department, Environmental Protection Service and Research, Bio-degradable & Eco-friendly Raw Material, Organic Waste Treatment, Solid Waste Recycling Technology & Equipment, Water Business & Solution, Transport, Sewage Treatment & System Maintenance, Oil Recycling Technology & Equipment, Biological Treatment Equipment","Government Department, Environmental Protection Service and Research, Bio-degradable & Eco-friendly Raw Material, Organic Waste Treatment, Solid Waste Recycling Technology & Equipment, Water Business & Solution, Transport, Sewage Treatment & System Maintenance, Oil Recycling Technology & Equipment, Biological Treatment Equipment",,Exhibitor,Eco Expo Asia 2025,6-A02,Hunan Pavilion,Hunan Pavilion,1,,,"Government Department, Environmental Protection Service and Research, Bio-degradable & Eco-friendly Raw Material, Organic Waste Treatment, Solid Waste Recycling Technology & Equipment, Water Business & Solution, Transport, Sewage Treatment & System Maintenance, Oil Recycling Technology & Equipment, Biological Treatment Equipment; remote control/ISRI Sewage-Treatment Device/Water Equipment; OBM, OEM, ODM","Government Department, Environmental Protection Service and Research, Bio-degradable & Eco-friendly Raw Material, Organic Waste Treatment, Solid Waste Recycling Technology & Equipment, Water Business & Solution, Transport, Sewage Treatment & System Maintenance, Oil Recycling Technology & Equipment, Biological Treatment Equipment; remote control/ISRI Sewage-Treatment Device/Water Equipment; OBM, OEM, ODM",https://www.hktdc.com/event/ecoexpoasia/en/exhibitor/1S005U2X7,0,
The Hong Kong Electronic Industries Association Limited,The Hong Kong Electronic Industries Association Limited,Hong Kong,Association Service,Association Service,,Exhibitor,Eco Expo Asia 2025,6-E08,New Energy and Energy Efficiency,,1,,,Association Service; Annual Directory of Hong Kong Electronics Industry; Others,Association Service; Annual Directory of Hong Kong Electronics Industry; Others,https://www.hktdc.com/event/ecoexpoasia/en/exhibitor/1S005TNIV,0,
Architectural Services Department - the Government of the HKSAR,Architectural Services Department - the Government of the HKSAR,Hong Kong,"Architectural Services Department performs three core functions of monitoring and advisory services, facilities upkeep and facilities development in relation to Government-owned and Government-funded facilities. On developing and maintaining the public facilities, the department is committed to collaborate with our industry partners, user departments and all stakeholders for continuous improvement on the quality. We actively communicate with the stakeholders and search for innovative building solutions, adopt inclusive and green building design for constructing a more sustainable, resilient and livable city. Leveraging on every new development opportunity together with the stakeholders of the construction industry, we strive to build a better living environment for public enjoyment through collaboration and experience sharing. On monitoring and advisory services, we will continue to facilitate and provide professional and technical advice to the Government and quasi-government organisations for the subvented and entrusted projects.","Architectural Services Department performs three core functions of monitoring and advisory services, facilities upkeep and facilities development in relation to Government-owned and Government-funded facilities. On developing and maintaining the public facilities, the department is committed to collaborate with our industry partners, user departments and all stakeholders for continuous improvement on the quality. We actively communicate with the stakeholders and search for innovative building solutions, adopt inclusive and green building design for constructing a more sustainable, resilient and livable city. Leveraging on every new development opportunity together with the stakeholders of the construction industry, we strive to build a better living environment for public enjoyment through collaboration and experience sharing. On monitoring and advisory services, we will continue to facilitate and provide professional and technical advice to the Government and quasi-government organisations for the subvented and entrusted projects.",,Exhibitor,Eco Expo Asia 2025,3-A02,Government Department,,1,,,"The ArchSD exhibits through 3 public works projects with sustainable design, efficient & high-quality construction methods and green building materials in our ongoing efforts to build a sustainable, resilient, and people-centred living environment in","The ArchSD exhibits through 3 public works projects with sustainable design, efficient & high-quality construction methods and green building materials in our ongoing efforts to build a sustainable, resilient, and people-centred living environment in",https://www.hktdc.com/event/ecoexpoasia/en/exhibitor/1S005S2ES,0,
Environment and Ecology Bureau,Environment and Ecology Bureau,Hong Kong,"The Environment and Ecology Bureau of the Hong Kong Special Administration Region Government is responsible for Hong Kong’s policies on energy, environmental protection and assessment, air and water quality improvement, waste management, climate change, sustainable development and nature conservation. The Environmental Protection Department of the Bureau is responsible for the enforcement of various legislation relevant to environmental protection, management of the operation of major waste handling and disposal facilities, planning for new facilities to collect, handle and dispose of waste, implementation of waste reduction and recycling programmes, management of the environmental impact assessment process for major projects, plans and strategies, organisation of various community and educational activities aimed at increasing environmental awareness, etc. For more information, please visit www.eeb.gov.hk/en.","The Environment and Ecology Bureau of the Hong Kong Special Administration Region Government is responsible for Hong Kong’s policies on energy, environmental protection and assessment, air and water quality improvement, waste management, climate change, sustainable development and nature conservation. The Environmental Protection Department of the Bureau is responsible for the enforcement of various legislation relevant to environmental protection, management of the operation of major waste handling and disposal facilities, planning for new facilities to collect, handle and dispose of waste, implementation of waste reduction and recycling programmes, management of the environmental impact assessment process for major projects, plans and strategies, organisation of various community and educational activities aimed at increasing environmental awareness, etc. For more information, please visit www.eeb.gov.hk/en.",,Exhibitor,Eco Expo Asia 2025,3-A02,Government Department,,1,,,"The exhibition includes 5 areas, namely Carbon Neutral@HK, Smart Technologies for Improving Environmental Quality, Waste Recycling","The exhibition includes 5 areas, namely Carbon Neutral@HK, Smart Technologies for Improving Environmental Quality, Waste Recycling",https://www.hktdc.com/event/ecoexpoasia/en/exhibitor/1S005RM42,0,
GHM Greater Bay Area Institute of Urban Architecture (Hong Kong) Limited,GHM Greater Bay Area Institute of Urban Architecture (Hong Kong) Limited,Hong Kong,"Eco-friendly Material for Construction & Fitting, Sound & Noise Control Product and Service, Building Performance & BIM, Dust Control Solutions","Eco-friendly Material for Construction & Fitting, Sound & Noise Control Product and Service, Building Performance & BIM, Dust Control Solutions",,Exhibitor,Eco Expo Asia 2025,3-A14,Environmental Campaign Committee Pavilion,Environmental Campaign Committee Pavilion,1,,,"Eco-friendly Material for Construction & Fitting, Sound & Noise Control Product and Service, Building Performance & BIM, Dust Control Solutions; N/A; Others","Eco-friendly Material for Construction & Fitting, Sound & Noise Control Product and Service, Building Performance & BIM, Dust Control Solutions; N/A; Others",https://www.hktdc.com/event/ecoexpoasia/en/exhibitor/1S005SLWR,0,
Hong Kong Fire Services Department,Hong Kong Fire Services Department,Hong Kong,E-issuance system & One-stop Coordination Office for New Fire Protection Facilities Acceptance (E-IS & OFFA),E-issuance system & One-stop Coordination Office for New Fire Protection Facilities Acceptance (E-IS & OFFA),,Exhibitor,Eco Expo Asia 2025,3-A02,Government Department,,1,,,,,https://www.hktdc.com/event/ecoexpoasia/en/exhibitor/1S005RM6W,0,
Hubexo Hong Kong Limited,Hubexo Hong Kong Limited,Hong Kong,"Environment-related Education & Training, Architectural & Design Service","Environment-related Education & Training, Architectural & Design Service",,Exhibitor,Eco Expo Asia 2025,6-F02,Green Finance and ESG-related Services,,1,,,"Environment-related Education & Training, Architectural & Design Service; Archify is your go-to online platform for design, specification and education.; Others","Environment-related Education & Training, Architectural & Design Service; Archify is your go-to online platform for design, specification and education.; Others",https://www.hktdc.com/event/ecoexpoasia/en/exhibitor/1S005TTNA,0,
Ring of Fire Limited,Ring of Fire Limited,Hong Kong,"PRC Magazine is one of the most extensive multi-disciplinary building sector publications in the Asia Pacific region. With strong corporate office distribution to company directors and upper management, PRC is a pre-eminent media vehicle for the built environment, featuring comprehensive corporate business profiles and stunning presentations of major regional projects. New online and print publications are development.","PRC Magazine is one of the most extensive multi-disciplinary building sector publications in the Asia Pacific region. With strong corporate office distribution to company directors and upper management, PRC is a pre-eminent media vehicle for the built environment, featuring comprehensive corporate business profiles and stunning presentations of major regional projects. New online and print publications are development.",,Exhibitor,Eco Expo Asia 2025,6-F04,Green Finance and ESG-related Services,,1,,,"Architectural & Design Service, Environment-Related Media & Publication; PRC Magazine is one of the most extensive multi-disciplinary building sector publications in the Asia Pacific region.; Others","Architectural & Design Service, Environment-Related Media & Publication; PRC Magazine is one of the most extensive multi-disciplinary building sector publications in the Asia Pacific region.; Others",https://www.hktdc.com/event/ecoexpoasia/en/exhibitor/1S005TTMD,0,
Association of Environmental Protection and Ecology in Zhuhai City,Association of Environmental Protection and Ecology in Zhuhai City,Chinese Mainland,"The Zhuhai Environmental Protection and Ecology Association (referred to as 'AEPEZC') was established on December 8, 2014, and is a non-profit social organization engaged in ecological and environmental protection work. It is composed of enterprises and institutions voluntarily formed by entities registered in the Zhuhai area that are involved in environmental protection research, design, engineering, and consulting services, production, sales, and are committed to promoting the use of green environmental protection products. It has club法人 qualifications and is a non-profit social organization. It insists on serving the government, the environmental protection cause, and enterprises dedicated to the environmental protection cause, promoting the healthy development of the city's environmental and ecological protection cause. Over the years, through the association platform, it has gathered high-quality resources, including now having more than 150 members.","The Zhuhai Environmental Protection and Ecology Association (referred to as 'AEPEZC') was established on December 8, 2014, and is a non-profit social organization engaged in ecological and environmental protection work. It is composed of enterprises and institutions voluntarily formed by entities registered in the Zhuhai area that are involved in environmental protection research, design, engineering, and consulting services, production, sales, and are committed to promoting the use of green environmental protection products. It has club法人 qualifications and is a non-profit social organization. It insists on serving the government, the environmental protection cause, and enterprises dedicated to the environmental protection cause, promoting the healthy development of the city's environmental and ecological protection cause. Over the years, through the association platform, it has gathered high-quality resources, including now having more than 150 members.",,Exhibitor,Eco Expo Asia 2025,3-D02,Guangdong Pavilion,Guangdong Pavilion,1,,,,,https://www.hktdc.com/event/ecoexpoasia/en/exhibitor/1S005TXA9,0,
"Baise Zhuorun Environmental Technology Co., Ltd.","Baise Zhuorun Environmental Technology Co., Ltd.",Chinese Mainland,"Zhuorun Group was founded by Mr. Zhen Xiaolei and is a high-tech environmental protection enterprise spanning Henan and Guangxi. The company has established a full industrial chain ecosystem covering technology research and development, inspection and testing, intelligent equipment manufacturing, hazardous waste treatment and consulting services. It holds 2 invention patents and 47 utility model patents, forming a core technology barrier. The company implements the ""One Center, Two Directions"" strategy, with Zhengzhou as the center, and has built a base in the southwest (Guangxi) and plans to expand to the northwest. In 2025, the ""100,000 tons/year Aluminum Ash and Waste Aluminum Recycling Project"" in Baise Zhuorun will be put into operation, and the second phase ""100,000 tons/year Refinery Sludge Project"" will be actively promoted, marking the full implementation of the southwest strategy. In 2024, the company innovatively launched the ""Zhuorun Intelligent Warehouse"" system, integrating Internet of Things, RPA and one-code-per-item technologies, achieving full-process intelligent management of hazardous waste storage and connecting with the national solid waste system, promoting the digital transformation of the industry. The company has been listed as an industry pilot base by","Zhuorun Group was founded by Mr. Zhen Xiaolei and is a high-tech environmental protection enterprise spanning Henan and Guangxi. The company has established a full industrial chain ecosystem covering technology research and development, inspection and testing, intelligent equipment manufacturing, hazardous waste treatment and consulting services. It holds 2 invention patents and 47 utility model patents, forming a core technology barrier. The company implements the ""One Center, Two Directions"" strategy, with Zhengzhou as the center, and has built a base in the southwest (Guangxi) and plans to expand to the northwest. In 2025, the ""100,000 tons/year Aluminum Ash and Waste Aluminum Recycling Project"" in Baise Zhuorun will be put into operation, and the second phase ""100,000 tons/year Refinery Sludge Project"" will be actively promoted, marking the full implementation of the southwest strategy. In 2024, the company innovatively launched the ""Zhuorun Intelligent Warehouse"" system, integrating Internet of Things, RPA and one-code-per-item technologies, achieving full-process intelligent management of hazardous waste storage and connecting with the national solid waste system, promoting the digital transformation of the industry. The company has been listed as an industry pilot base by",,Exhibitor,Eco Expo Asia 2025,3-G02,Guangxi Pavilion,Guangxi Pavilion,1,,,"ESG reporting tools, Digital Approach Technology to ESG, Environmental Information & Data Processing, Environmental Electronic Surveillance, Dust Control Solutions; The company has established a full industrial chain ecosystem covering technology research and development, inspection and testing, intelligent equipment manufacturing, hazardous waste treatment and consulting services.; Others","ESG reporting tools, Digital Approach Technology to ESG, Environmental Information & Data Processing, Environmental Electronic Surveillance, Dust Control Solutions; The company has established a full industrial chain ecosystem covering technology research and development, inspection and testing, intelligent equipment manufacturing, hazardous waste treatment and consulting services.; Others",https://www.hktdc.com/event/ecoexpoasia/en/exhibitor/1S005TSQ2,0,
Dongguan Association of Environmental Protection Industry,Dongguan Association of Environmental Protection Industry,Chinese Mainland,,,,Exhibitor,Eco Expo Asia 2025,3-D02,Guangdong Pavilion,Guangdong Pavilion,1,,,"Investment promotion: Dongguan has launched an 'enterprise-specific policy' investment service system, where the government will provide comprehensive support including land security, tax incentives, talent subsidies, and green finance for enterprise","Investment promotion: Dongguan has launched an 'enterprise-specific policy' investment service system, where the government will provide comprehensive support including land security, tax incentives, talent subsidies, and green finance for enterprise",https://www.hktdc.com/event/ecoexpoasia/en/exhibitor/1S005TXB6,0,
"Guangxi Huaxu Precious Metals Co., Ltd.","Guangxi Huaxu Precious Metals Co., Ltd.",Chinese Mainland,,,,Exhibitor,Eco Expo Asia 2025,3-G02,Guangxi Pavilion,Guangxi Pavilion,1,,,The company's business scope includes: Precious Metals Smelting; Processing and Treatment of Metal Waste and Scrap; Smelting of Common Non-Ferrous Metals; Non-Ferrous Metal Alloy Manufacturing; Non-Ferrous Metal Alloy Sales; Non-Ferrous Metal Rolling; Others,The company's business scope includes: Precious Metals Smelting; Processing and Treatment of Metal Waste and Scrap; Smelting of Common Non-Ferrous Metals; Non-Ferrous Metal Alloy Manufacturing; Non-Ferrous Metal Alloy Sales; Non-Ferrous Metal Rolling; Others,https://www.hktdc.com/event/ecoexpoasia/en/exhibitor/1S005TVLE,0,
"Guangxi Huazhinan Environmental Protection Technology Co., Ltd","Guangxi Huazhinan Environmental Protection Technology Co., Ltd",Chinese Mainland,"Guangxi Huazhinan Environmental Protection Technology Co., Ltd. was established in 2013. Its business scope covers pre-project technical consulting services such as engineering consulting, energy conservation assessment, environmental impact assessment, soil and water conservation report, and geological disaster assessment; as well as post-project technical consulting services including soil and water conservation monitoring, environmental monitoring, emergency environmental accident response plan, post-assessment of environmental impact, and application for pollutant discharge permits. The company aims to provide customers with one-stop engineering technical consulting services, ensuring that each project receives professional support.","Guangxi Huazhinan Environmental Protection Technology Co., Ltd. was established in 2013. Its business scope covers pre-project technical consulting services such as engineering consulting, energy conservation assessment, environmental impact assessment, soil and water conservation report, and geological disaster assessment; as well as post-project technical consulting services including soil and water conservation monitoring, environmental monitoring, emergency environmental accident response plan, post-assessment of environmental impact, and application for pollutant discharge permits. The company aims to provide customers with one-stop engineering technical consulting services, ensuring that each project receives professional support.",,Exhibitor,Eco Expo Asia 2025,3-G02,Guangxi Pavilion,Guangxi Pavilion,1,,,"ESG reporting tools, Digital Approach Technology to ESG, Quality Inspection & Testing Service, Quality Consultancy Service, Environmental Information & Data Processing, Environmental Electronic Surveillance, Environmental Research & Consultation; 1. EIA Intelligent Agent Driven by Large Models.2.Portable AI Think Tank for Environmental Protection Laws and Regulations.3.Hardware and Software for Environmental Protection Operation and Maintenance; Others","ESG reporting tools, Digital Approach Technology to ESG, Quality Inspection & Testing Service, Quality Consultancy Service, Environmental Information & Data Processing, Environmental Electronic Surveillance, Environmental Research & Consultation; 1. EIA Intelligent Agent Driven by Large Models.2.Portable AI Think Tank for Environmental Protection Laws and Regulations.3.Hardware and Software for Environmental Protection Operation and Maintenance; Others",https://www.hktdc.com/event/ecoexpoasia/en/exhibitor/1S005TSSW,0,
"Guangxi Nanning Beitou Xinxu Rivier Environmental Govenrnance Co., LTD","Guangxi Nanning Beitou Xinxu Rivier Environmental Govenrnance Co., LTD",Chinese Mainland,,,,Exhibitor,Eco Expo Asia 2025,3-G02,Guangxi Pavilion,Guangxi Pavilion,1,,,,,https://www.hktdc.com/event/ecoexpoasia/en/exhibitor/1S005U33O,0,
"Hengsheng Water Environment Treatment Co., Ltd.","Hengsheng Water Environment Treatment Co., Ltd.",Chinese Mainland,"The company focuses on the ecological environment sector, with its industrial chain covering nine industries and ten business segments in the systematic governance of mountains, rivers, forests, farmlands, lakes, grasslands and deserts. It integrates services such as scientific and technological R&D, planning and design, environmental governance, environmental consulting, project management and operation, environmental monitoring, and intelligent environmental protection equipment manufacturing, and serves as a provider of full-life-cycle solutions.","The company focuses on the ecological environment sector, with its industrial chain covering nine industries and ten business segments in the systematic governance of mountains, rivers, forests, farmlands, lakes, grasslands and deserts. It integrates services such as scientific and technological R&D, planning and design, environmental governance, environmental consulting, project management and operation, environmental monitoring, and intelligent environmental protection equipment manufacturing, and serves as a provider of full-life-cycle solutions.",,Exhibitor,Eco Expo Asia 2025,3-G02,Guangxi Pavilion,Guangxi Pavilion,1,,,"Sci-Tech R&D, Planning & Design, Env. Governance, Env. Consulting, Project Mgmt & Operation, Env. Monitoring, & Intelligent Env. Protection Equip. Mfg.; OBM","Sci-Tech R&D, Planning & Design, Env. Governance, Env. Consulting, Project Mgmt & Operation, Env. Monitoring, & Intelligent Env. Protection Equip. Mfg.; OBM",https://www.hktdc.com/event/ecoexpoasia/en/exhibitor/1S005TSO8,0,
Hunan Association of Environmental Protection Industry,Hunan Association of Environmental Protection Industry,Chinese Mainland,,,,Exhibitor,Eco Expo Asia 2025,6-A02,Hunan Pavilion,Hunan Pavilion,1,,,,,https://www.hktdc.com/event/ecoexpoasia/en/exhibitor/1S005TZPY,0,
Zhaoqing Association of Environmental Protection Industry,Zhaoqing Association of Environmental Protection Industry,Chinese Mainland,,,,Exhibitor,Eco Expo Asia 2025,3-D02,Guangdong Pavilion,Guangdong Pavilion,1,,,,,https://www.hktdc.com/event/ecoexpoasia/en/exhibitor/1S005TZO1,0,
Korea Environmental Industry Association,Korea Environmental Industry Association,"Korea, Republic Of","Association Service & Government Organisation, Association Service","Association Service & Government Organisation, Association Service",,Exhibitor,Eco Expo Asia 2025,6-D10,Korea Pavilion,Korea Pavilion,1,,,"Association Service & Government Organisation, Association Service; Promoting Korea's environmental companies in water, air, and waste management. KEIA, with more than 300 member companies in the environmental industry, participating to expand global networking and cooperation.; Others","Association Service & Government Organisation, Association Service; Promoting Korea's environmental companies in water, air, and waste management. KEIA, with more than 300 member companies in the environmental industry, participating to expand global networking and cooperation.; Others",https://www.hktdc.com/event/ecoexpoasia/en/exhibitor/1S005TPXK,0,
Federation of Hong Kong Industries - Hong Kong Q-Mark Council,Federation of Hong Kong Industries - Hong Kong Q-Mark Council,Hong Kong,"The Hong Kong Q-Mark Council was established by the FHKI in 1978 to pioneer quality and best practice in Hong Kong. Its main objective is to enhance the product, service and environmental standards of companies through its Q-Mark schemes","The Hong Kong Q-Mark Council was established by the FHKI in 1978 to pioneer quality and best practice in Hong Kong. Its main objective is to enhance the product, service and environmental standards of companies through its Q-Mark schemes",,Exhibitor,Eco Expo Asia 2025,3-B30,Green Finance and ESG-related Services,,1,,,"Quality Inspection & Testing Service, ESG reporting tools, Quality Consultancy Service; Certificated Q-Mark products and services; Others","Quality Inspection & Testing Service, ESG reporting tools, Quality Consultancy Service; Certificated Q-Mark products and services; Others",https://www.hktdc.com/event/ecoexpoasia/en/exhibitor/1S005Q4DT,0,
Green Council,Green Council,Hong Kong,"The Green Council is a non-profit, non-partisan, tax-exempt charitable (Ref. No.: 91/6063) environmental stewardship organisation and certification body (Reg. No.: HKCAS-027) of Hong Kong established in 2000. With the motto of Conservation begins with Education, the Green Council is fully committed to provide continued education and training on sustainable procurement, environmental management, waste management, energy conservation, etc.","The Green Council is a non-profit, non-partisan, tax-exempt charitable (Ref. No.: 91/6063) environmental stewardship organisation and certification body (Reg. No.: HKCAS-027) of Hong Kong established in 2000. With the motto of Conservation begins with Education, the Green Council is fully committed to provide continued education and training on sustainable procurement, environmental management, waste management, energy conservation, etc.",,Exhibitor,Eco Expo Asia 2025,3-C38,Circular Economy and Waste Management,,1,,,"Environmental Electronic Surveillance, Decarbonisation Management, Food Waste Process, Environment-related Education & Training; Hong Kong Green Label Scheme, ISO Certification, Education, Sustainable Procurement, SDGs, ESG, Environmental Management, Waste Management, Energy Conservation, etc.; Others","Environmental Electronic Surveillance, Decarbonisation Management, Food Waste Process, Environment-related Education & Training; Hong Kong Green Label Scheme, ISO Certification, Education, Sustainable Procurement, SDGs, ESG, Environmental Management, Waste Management, Energy Conservation, etc.; Others",https://www.hktdc.com/event/ecoexpoasia/en/exhibitor/1S005TNMJ,0,
Hong Kong Printed Circuit Association Ltd,Hong Kong Printed Circuit Association Ltd,Hong Kong,"The Hong Kong Printed Circuit Association (HKPCA) is an association, we are committed to support and protect the rights and interests of the PCB industry. With a membership of over 400 enterprises, we are here to represent the industry and present its view to the Government and/or other parties; we also aim to provide a value-added networking platform to the industry peers by organizing different kinds of member activities, including technical and environmental protection seminars as well as webinars, recreational functions and the annual PCB tradeshow etc.","The Hong Kong Printed Circuit Association (HKPCA) is an association, we are committed to support and protect the rights and interests of the PCB industry. With a membership of over 400 enterprises, we are here to represent the industry and present its view to the Government and/or other parties; we also aim to provide a value-added networking platform to the industry peers by organizing different kinds of member activities, including technical and environmental protection seminars as well as webinars, recreational functions and the annual PCB tradeshow etc.",,Exhibitor,Eco Expo Asia 2025,6-F06,Eco-friendly Products,,1,,,Nanotechnology & Material; N/A; Others,Nanotechnology & Material; N/A; Others,https://www.hktdc.com/event/ecoexpoasia/en/exhibitor/1S005TNHY,0,
Innovation Norway,Innovation Norway,Norway,Government Department,Government Department,,Exhibitor,Eco Expo Asia 2025,6-A24A,Norway Participation,Norway Participation,1,,,"Government Department; Innovation Norway is the Norwegian Government's main agency for business innovation and growth. It provides companies with funding, advice, and networking. Its international offices also act as the commercial sections of embassies and consulates.; Others","Government Department; Innovation Norway is the Norwegian Government's main agency for business innovation and growth. It provides companies with funding, advice, and networking. Its international offices also act as the commercial sections of embassies and consulates.; Others",https://www.hktdc.com/event/ecoexpoasia/en/exhibitor/1S005TRF0,0,
SciCorp International Corp,SciCorp International Corp,Canada,"SciCorp International Corp. delivers powerful biological solutions for wastewater and odor control. Our flagship product, BIOLOGIC? SR2, is a plant-based blend that optimizes microbial activity by stimulating beneficial bacteria and inhibiting odor-causing organisms. Talk with Dunwell Enivro-Tech Co. Ltd., our exclusive agent for Hong Kong, Macau and China to see how BIOLOGIC? SR2 can reduce your operational costs and improve your environmental footprint.","SciCorp International Corp. delivers powerful biological solutions for wastewater and odor control. Our flagship product, BIOLOGIC? SR2, is a plant-based blend that optimizes microbial activity by stimulating beneficial bacteria and inhibiting odor-causing organisms. Talk with Dunwell Enivro-Tech Co. Ltd., our exclusive agent for Hong Kong, Macau and China to see how BIOLOGIC? SR2 can reduce your operational costs and improve your environmental footprint.",,Exhibitor,Eco Expo Asia 2025,6-C23,Canada Pavilion,Canada Pavilion,1,,,"Gas, Air Purification; BIOLOGIC? SR2 accelerates the breakdown of waste, increasing plant treatment capacity and efficiency. It is proven effective across a wide range of applications, from large municipal and industrial plants to odor control for solid waste.; Others","Gas, Air Purification; BIOLOGIC? SR2 accelerates the breakdown of waste, increasing plant treatment capacity and efficiency. It is proven effective across a wide range of applications, from large municipal and industrial plants to odor control for solid waste.; Others",https://www.hktdc.com/event/ecoexpoasia/en/exhibitor/1S005U5OV,0,
BEAM Society Limited,BEAM Society Limited,Hong Kong,"BEAM Society Limited (BSL) is an independent, non-profit membership organisation established in 2010. BSL is also recognised as a tax-exempt charitable organisation of the Inland Revenue Ordinance (Cap 112) and as a public body under the Prevention of Bribery Ordinance (Cap 201) since 2016. BEAM Society was established in 1996, which was later incorporated in 2010 as BEAM Society Limited. Being the developer and owner of the Building Environmental Assessment Method (BEAM), BSL is committed to administering and developing the BEAM Plus Assessment Tools. We offer impartial assessment on building sustainability and build capacity by providing training for BEAM practitioners - BEAM Professionals (BEAM Pro) and BEAM Affiliates.","BEAM Society Limited (BSL) is an independent, non-profit membership organisation established in 2010. BSL is also recognised as a tax-exempt charitable organisation of the Inland Revenue Ordinance (Cap 112) and as a public body under the Prevention of Bribery Ordinance (Cap 201) since 2016. BEAM Society was established in 1996, which was later incorporated in 2010 as BEAM Society Limited. Being the developer and owner of the Building Environmental Assessment Method (BEAM), BSL is committed to administering and developing the BEAM Plus Assessment Tools. We offer impartial assessment on building sustainability and build capacity by providing training for BEAM practitioners - BEAM Professionals (BEAM Pro) and BEAM Affiliates.",,Exhibitor,Eco Expo Asia 2025,3-B38,Green Building Technology and Services,,1,,,"Quality Consultancy Service, Environmental Research & Consultation, Building Performance & BIM, Architectural & Design Service, Eco-friendly Landscape Design; BEAM Society Limited (BSL) is committed to develop BEAM Plus assessment tools which provide a framework for measuring, improving, certifying and labelling the whole life environmental sustainability
and livable built environment; Others","Quality Consultancy Service, Environmental Research & Consultation, Building Performance & BIM, Architectural & Design Service, Eco-friendly Landscape Design; BEAM Society Limited (BSL) is committed to develop BEAM Plus assessment tools which provide a framework for measuring, improving, certifying and labelling the whole life environmental sustainability
and livable built environment; Others",https://www.hktdc.com/event/ecoexpoasia/en/exhibitor/1S005TNJS,0,
Business Environment Council Limited,Business Environment Council Limited,Hong Kong,"Business Environment Council Limited (BEC) is an independent, non-profit membership organisation, established by the business sector in Hong Kong. BEC is also a tax-exempt charitable organisation under Section 88 of the Inland Revenue Ordinance (Cap 112). Since its establishment in 1992, BEC has been at the forefront of promoting environmental excellence through policy advocacy and driving the uptake of clean technologies and practices which reduce waste, conserve resources, prevent pollution and enhance corporate environmental and social responsibility. BEC offers sustainable solutions and professional services covering advisory, research, assessment, training and award programmes for government, business and the community, thus enabling environmental protection and contributing to the transition to a net-zero economy.","Business Environment Council Limited (BEC) is an independent, non-profit membership organisation, established by the business sector in Hong Kong. BEC is also a tax-exempt charitable organisation under Section 88 of the Inland Revenue Ordinance (Cap 112). Since its establishment in 1992, BEC has been at the forefront of promoting environmental excellence through policy advocacy and driving the uptake of clean technologies and practices which reduce waste, conserve resources, prevent pollution and enhance corporate environmental and social responsibility. BEC offers sustainable solutions and professional services covering advisory, research, assessment, training and award programmes for government, business and the community, thus enabling environmental protection and contributing to the transition to a net-zero economy.",,Exhibitor,Eco Expo Asia 2025,3-E26,Hong Kong Pavilion,Hong Kong Pavilion,1,,,"Environmental Information & Data Processing, Quality Consultancy Service, Environmental Research & Consultation, Digital Approach Technology to ESG, Quality Inspection & Testing Service, Environmental Electronic Surveillance, Environment-Related Media & Publication, ESG reporting tools; Promoting environmental excellence and offering sustainable solutions and professional services covering advisory, research, assessment, training and award programmes for government, business and the community; Others","Environmental Information & Data Processing, Quality Consultancy Service, Environmental Research & Consultation, Digital Approach Technology to ESG, Quality Inspection & Testing Service, Environmental Electronic Surveillance, Environment-Related Media & Publication, ESG reporting tools; Promoting environmental excellence and offering sustainable solutions and professional services covering advisory, research, assessment, training and award programmes for government, business and the community; Others",https://www.hktdc.com/event/ecoexpoasia/en/exhibitor/1S005SQF1,0,
GBA Carbon Neutrality Association Limited,GBA Carbon Neutrality Association Limited,Hong Kong,"ESG reporting tools, Digital Approach Technology to ESG, Energy and Charging Infrastructure, Green Financing, Architectural & Design Service","ESG reporting tools, Digital Approach Technology to ESG, Energy and Charging Infrastructure, Green Financing, Architectural & Design Service",,Exhibitor,Eco Expo Asia 2025,6-C17,Green Finance and ESG-related Services,,1,,,"ESG reporting tools, Digital Approach Technology to ESG, Energy and Charging Infrastructure, Green Financing, Architectural & Design Service; Carbon Neutrality Advisory Services; Others","ESG reporting tools, Digital Approach Technology to ESG, Energy and Charging Infrastructure, Green Financing, Architectural & Design Service; Carbon Neutrality Advisory Services; Others",https://www.hktdc.com/event/ecoexpoasia/en/exhibitor/1S005TJBK,0,
Hong Kong Association of Energy Service Companies Limited,Hong Kong Association of Energy Service Companies Limited,Hong Kong,"Energy Transportation Technology, Renewable Energy Resource, Energy Efficient Device & Products, Biomass, Solar Power, Hydrogen technology, Energy Storage Technology, Smart Grid, Decarbonisation Management, Wind Power","Energy Transportation Technology, Renewable Energy Resource, Energy Efficient Device & Products, Biomass, Solar Power, Hydrogen technology, Energy Storage Technology, Smart Grid, Decarbonisation Management, Wind Power",,Exhibitor,Eco Expo Asia 2025,6-C16,New Energy and Energy Efficiency,,1,,,"Energy Transportation Technology, Renewable Energy Resource, Energy Efficient Device & Products, Biomass, Solar Power, Hydrogen technology, Energy Storage Technology, Smart Grid, Decarbonisation Management, Wind Power; Promote new energies; Others","Energy Transportation Technology, Renewable Energy Resource, Energy Efficient Device & Products, Biomass, Solar Power, Hydrogen technology, Energy Storage Technology, Smart Grid, Decarbonisation Management, Wind Power; Promote new energies; Others",https://www.hktdc.com/event/ecoexpoasia/en/exhibitor/1S005TQ0A,0,
Hong Kong Environmental Industry Association Limited,Hong Kong Environmental Industry Association Limited,Hong Kong,"Since its establishment in 2000, HKEnvIA is dedicated to facilitate the interests and competitiveness of Hong Kong Environmental Industry, as well as build and maintain a better coordination and communication between Environmental companies, government agencies, environmental-related business and organization in Hong Kong, Chinese Mainland and Overseas.","Since its establishment in 2000, HKEnvIA is dedicated to facilitate the interests and competitiveness of Hong Kong Environmental Industry, as well as build and maintain a better coordination and communication between Environmental companies, government agencies, environmental-related business and organization in Hong Kong, Chinese Mainland and Overseas.",,Exhibitor,Eco Expo Asia 2025,3-D27,Hong Kong Pavilion,Hong Kong Pavilion,1,,,"Environment-related Education & Training, Association Service; To align and provide a better communication and collaboration channel among the local companies and organizations engaged in the environment-related business.; Others","Environment-related Education & Training, Association Service; To align and provide a better communication and collaboration channel among the local companies and organizations engaged in the environment-related business.; Others",https://www.hktdc.com/event/ecoexpoasia/en/exhibitor/1S005SQCA,0,
Hong Kong Green Building Council,Hong Kong Green Building Council,Hong Kong,"The Hong Kong Green Building Council (HKGBC) is a non-profit, member-led organisation established in 2009 and has become a public body under the Prevention of Bribery Ordinance since 2016. The HKGBC strives to promote the standard and development of sustainable buildings in Hong Kong. The HKGBC also aims to raise green building awareness by engaging the government, the industry and the public, and to develop practical solutions for Hong Kong's unique, subtropical built environment of high-rise, high density urban area, leading Hong Kong to achieve carbon neutrality by 2050 and to become a world exemplar of green building development. The Founding Members of the HKGBC include the Construction Industry Council (CIC), the Business Environment Council (BEC), the BEAM Society Limited (BSL) and the Professional Green Building Council (PGBC).","The Hong Kong Green Building Council (HKGBC) is a non-profit, member-led organisation established in 2009 and has become a public body under the Prevention of Bribery Ordinance since 2016. The HKGBC strives to promote the standard and development of sustainable buildings in Hong Kong. The HKGBC also aims to raise green building awareness by engaging the government, the industry and the public, and to develop practical solutions for Hong Kong's unique, subtropical built environment of high-rise, high density urban area, leading Hong Kong to achieve carbon neutrality by 2050 and to become a world exemplar of green building development. The Founding Members of the HKGBC include the Construction Industry Council (CIC), the Business Environment Council (BEC), the BEAM Society Limited (BSL) and the Professional Green Building Council (PGBC).",,Exhibitor,Eco Expo Asia 2025,3-C36,Green Building Technology and Services,,1,,,"Eco-friendly Material for Construction & Fitting, Building Performance & BIM, Recycled Product, ESG reporting tools, Environmental Research & Consultation, Green Financing, Environment-Related Media & Publication; BEAM Plus Assessment Tools, Climate Change Framework for Built Environment, Zero-Carbon-Ready Building Certification Scheme, CIC Green Product Certification Scheme and HKGBC Retrofitting Guidebook etc; OBM, Others","Eco-friendly Material for Construction & Fitting, Building Performance & BIM, Recycled Product, ESG reporting tools, Environmental Research & Consultation, Green Financing, Environment-Related Media & Publication; BEAM Plus Assessment Tools, Climate Change Framework for Built Environment, Zero-Carbon-Ready Building Certification Scheme, CIC Green Product Certification Scheme and HKGBC Retrofitting Guidebook etc; OBM, Others",https://www.hktdc.com/event/ecoexpoasia/en/exhibitor/1S005TQ24,0,
Hong Kong Institute of Qualified Environmental Professionals Limited,Hong Kong Institute of Qualified Environmental Professionals Limited,Hong Kong,"Environment-related Education & Training, Association Service & Government Organisation","Environment-related Education & Training, Association Service & Government Organisation",,Exhibitor,Eco Expo Asia 2025,6-B18,Green Finance and ESG-related Services,,1,,,"Environment-related Education & Training, Association Service & Government Organisation; Professional Membership; Others","Environment-related Education & Training, Association Service & Government Organisation; Professional Membership; Others",https://www.hktdc.com/event/ecoexpoasia/en/exhibitor/1S005TNOD,0,
Hong Kong Survival and Disaster Prevention Consultants Limited,Hong Kong Survival and Disaster Prevention Consultants Limited,Hong Kong,,,,Exhibitor,Eco Expo Asia 2025,,Green Mart,,1,,,,,https://www.hktdc.com/event/ecoexpoasia/en/exhibitor/1S005TVKH,0,
"Jockey Club Museum of Climate Change (MoCC), the Chinese University of Hong Kong","Jockey Club Museum of Climate Change (MoCC), the Chinese University of Hong Kong",Hong Kong,"The Jockey Club Museum of Climate Change, funded by The Hong Kong Jockey Club Charities Trust, was established in December 2013 at The Chinese University of Hong Kong (CUHK). It is the first museum of its kind in the world, offering an interactive, multimedia exhibition that showcases valuable collections and information about climate change. It is the ideal venue for the public, especially students and teachers, to champion the cause of environmental stewardship and keep themselves abreast of the latest developments on environmental conservation and sustainability. Extended activities of the museum exhibition include an eco-tour of the prime ecological sites and green facilities on CUHK campus, and a variety of workshops and activities that promote green living.","The Jockey Club Museum of Climate Change, funded by The Hong Kong Jockey Club Charities Trust, was established in December 2013 at The Chinese University of Hong Kong (CUHK). It is the first museum of its kind in the world, offering an interactive, multimedia exhibition that showcases valuable collections and information about climate change. It is the ideal venue for the public, especially students and teachers, to champion the cause of environmental stewardship and keep themselves abreast of the latest developments on environmental conservation and sustainability. Extended activities of the museum exhibition include an eco-tour of the prime ecological sites and green facilities on CUHK campus, and a variety of workshops and activities that promote green living.",,Exhibitor,Eco Expo Asia 2025,,Green Mart,,1,,,The Mobile MoCC is a multimedia-enhanced and interactive exhibition series consisting of easy-to-build exhibit modules.,The Mobile MoCC is a multimedia-enhanced and interactive exhibition series consisting of easy-to-build exhibit modules.,https://www.hktdc.com/event/ecoexpoasia/en/exhibitor/1S005TVIN,0,
Low Carbon 365 Limited,Low Carbon 365 Limited,Hong Kong,,,,Exhibitor,Eco Expo Asia 2025,,Green Mart,,1,,,,,https://www.hktdc.com/event/ecoexpoasia/en/exhibitor/1S005TVGT,0,
Ocean Park Corporation,Ocean Park Corporation,Hong Kong,"Ocean Park Corporation is a world-class conservation and education hub. We create fun and meaningful experiences grounded in nature, and complemented by leisure and adventure elements, to foster environmental stewardship.","Ocean Park Corporation is a world-class conservation and education hub. We create fun and meaningful experiences grounded in nature, and complemented by leisure and adventure elements, to foster environmental stewardship.",,Exhibitor,Eco Expo Asia 2025,,Green Mart,,1,,,"The event focused on the theme of sustainable development. Promoting ""Mission R"", focuses on reversing species extinction trends and encouraging behaviour changes and invite the public to work collectively towards a sustainable future.","The event focused on the theme of sustainable development. Promoting ""Mission R"", focuses on reversing species extinction trends and encouraging behaviour changes and invite the public to work collectively towards a sustainable future.",https://www.hktdc.com/event/ecoexpoasia/en/exhibitor/1S005TVJK,0,
The HKIE Environmental Division,The HKIE Environmental Division,Hong Kong,"The Engineering Society of Hong Kong, forerunner of the Hong Kong Institution of Engineers (HKIE), was founded in 1947 with an aim to bring together engineers of difference Disciplines for their common good. In 1975, the HKIE was incorporated under The Hong Kong Institution of Engineers Ordinance, Chapter 1105 of the Laws of Hong Kong. The Institution sets standards for the training and admission of engineers and has strict rules governing its members' conduct. As a learned society, it regularly organises activities to keep members abreast of the latest engineering developments and for the purpose of continuing professional development. The HKIE has established close relationship with engineering institutions throughout the world and it has signed agreements for reciprocal recognition of professional qualifications and agreements of co-operation with engineering authorities and other organisations worldwide.","The Engineering Society of Hong Kong, forerunner of the Hong Kong Institution of Engineers (HKIE), was founded in 1947 with an aim to bring together engineers of difference Disciplines for their common good. In 1975, the HKIE was incorporated under The Hong Kong Institution of Engineers Ordinance, Chapter 1105 of the Laws of Hong Kong. The Institution sets standards for the training and admission of engineers and has strict rules governing its members' conduct. As a learned society, it regularly organises activities to keep members abreast of the latest engineering developments and for the purpose of continuing professional development. The HKIE has established close relationship with engineering institutions throughout the world and it has signed agreements for reciprocal recognition of professional qualifications and agreements of co-operation with engineering authorities and other organisations worldwide.",,Exhibitor,Eco Expo Asia 2025,3-C37,Green Building Technology and Services,,1,,,To promote the advancement of engineering and to facilitate the exchange of knowledge and ideas.; Others,To promote the advancement of engineering and to facilitate the exchange of knowledge and ideas.; Others,https://www.hktdc.com/event/ecoexpoasia/en/exhibitor/1S005TNLM,0,
The Hong Kong Institute of Architects,The Hong Kong Institute of Architects,Hong Kong,,,,Exhibitor,Eco Expo Asia 2025,6-E15,Air Quality,,1,,,-; Others,-; Others,https://www.hktdc.com/event/ecoexpoasia/en/exhibitor/1S005TNKP,0,
The Hong Kong Institute of Landscape Architects,The Hong Kong Institute of Landscape Architects,Hong Kong,https://www.hkila.com/about-us/,https://www.hkila.com/about-us/,,Exhibitor,Eco Expo Asia 2025,6-D18,Green Building Technology and Services,,1,,,,,https://www.hktdc.com/event/ecoexpoasia/en/exhibitor/1S005U2Y4,0,
The Nature Conservancy Hong Kong Foundation Ltd.,The Nature Conservancy Hong Kong Foundation Ltd.,Hong Kong,,,,Exhibitor,Eco Expo Asia 2025,,Green Mart,,1,,,"The Nature Conservancy works to protect the lands and waters on which all life depends. Visit our booth to learn how we use science, partnerships, and community action to tackle climate change and biodiversity loss for a sustainable future.","The Nature Conservancy works to protect the lands and waters on which all life depends. Visit our booth to learn how we use science, partnerships, and community action to tackle climate change and biodiversity loss for a sustainable future.",https://www.hktdc.com/event/ecoexpoasia/en/exhibitor/1S005TXC3,0,
Biomass Resource Industries Association of CERU,Biomass Resource Industries Association of CERU,Chinese Mainland,"Organic Waste Treatment, Biological Treatment Equipment","Organic Waste Treatment, Biological Treatment Equipment",,Exhibitor,Eco Expo Asia 2025,6-F05,Greater Bay Area Zone,Greater Bay Area Zone,1,,,"Organic Waste Treatment, Biological Treatment Equipment; 广东省循环经济和资源综合利用协会生物质资源化产业专业委员会搭建产、学、研、用的平台;集成创新和推广应用生物质资源化在 各领域的处理技术;促进项目合作;完善我省生物质产业链;构建政府支持、规划引领、资源共享的运行机制;促进我省生物质产业的健康发展,增强我省生物质产业的竞争力。; Others","Organic Waste Treatment, Biological Treatment Equipment; 广东省循环经济和资源综合利用协会生物质资源化产业专业委员会搭建产、学、研、用的平台;集成创新和推广应用生物质资源化在 各领域的处理技术;促进项目合作;完善我省生物质产业链;构建政府支持、规划引领、资源共享的运行机制;促进我省生物质产业的健康发展,增强我省生物质产业的竞争力。; Others",https://www.hktdc.com/event/ecoexpoasia/en/exhibitor/1S005UAQK,0,
China Hydrogen Development and Innovation Alliance for Urban Gas,China Hydrogen Development and Innovation Alliance for Urban Gas,Chinese Mainland,"The Foshan Institute of Environment and Energy Technology is committed to promoting ecological civilization construction, energy transformation and industrial upgrading in Foshan City, it has achieved the domestic first-class level status in the fields of environmental and energy issues research, as well as the development and application of environmental protection and energy technologies.","The Foshan Institute of Environment and Energy Technology is committed to promoting ecological civilization construction, energy transformation and industrial upgrading in Foshan City, it has achieved the domestic first-class level status in the fields of environmental and energy issues research, as well as the development and application of environmental protection and energy technologies.",,Exhibitor,Eco Expo Asia 2025,6-F01,Greater Bay Area Zone,Greater Bay Area Zone,1,,,"Hydrogen technology; Build a supply chain platform for clean energy technologies and equipment. Hydrogen Tech Pathway Evaluation, Feasible Study, Solution matching& Resource Integration, EPC Process Support.; Others, ODM, OBM","Hydrogen technology; Build a supply chain platform for clean energy technologies and equipment. Hydrogen Tech Pathway Evaluation, Feasible Study, Solution matching& Resource Integration, EPC Process Support.; Others, ODM, OBM",https://www.hktdc.com/event/ecoexpoasia/en/exhibitor/1S005TNPA,0,
Distech Controls Inc,Distech Controls Inc,Canada,Building Performance & BIM,Building Performance & BIM,,Exhibitor,Eco Expo Asia 2025,6-C23,Canada Pavilion,Canada Pavilion,1,,,"Building Performance & BIM; Distech Controls, connecting people with intelligent building solutions for better health, better spaces, better efficiencies; Others","Building Performance & BIM; Distech Controls, connecting people with intelligent building solutions for better health, better spaces, better efficiencies; Others",https://www.hktdc.com/event/ecoexpoasia/en/exhibitor/1S005U5K7,0,
Foshan Environmental Protection Industry Association,Foshan Environmental Protection Industry Association,Chinese Mainland,"Foshan Environmental Protection Industry Association was established in January 2013 and is located in the ?National Environmental Service Industry South China Aggregation Zone, Hantian Technology City, Nanhai District, Foshan. The association operates under the supervision of Foshan Civil Affairs Bureau and receives business guidance from relevant departments such as Foshan Ecology and Environment Bureau. Currently, the association has over 100 members and was awarded ""5A-level Social Organization in Foshan"" in 2020. As a non-profit industry association and key platform, it serves as a bridge between government, research institutions, and enterprises, effectively connecting these stakeholders. The association implements national and local environmental protection industry policies, safeguards the legitimate rights and interests of its members, promotes technological innovation and application in the industry, and drives high-quality development of the sector.","Foshan Environmental Protection Industry Association was established in January 2013 and is located in the ?National Environmental Service Industry South China Aggregation Zone, Hantian Technology City, Nanhai District, Foshan. The association operates under the supervision of Foshan Civil Affairs Bureau and receives business guidance from relevant departments such as Foshan Ecology and Environment Bureau. Currently, the association has over 100 members and was awarded ""5A-level Social Organization in Foshan"" in 2020. As a non-profit industry association and key platform, it serves as a bridge between government, research institutions, and enterprises, effectively connecting these stakeholders. The association implements national and local environmental protection industry policies, safeguards the legitimate rights and interests of its members, promotes technological innovation and application in the industry, and drives high-quality development of the sector.",,Exhibitor,Eco Expo Asia 2025,6-E06,Greater Bay Area Zone,,1,,,"Water Distribution Device & Product, Water Business & Solution; 1.Serve as a bridge for government-enterprise services and promote high-quality industrial development
2.Drive industry self-regulation and service standards
3.Promote industrial internet applications in the environmental protection sector; Others","Water Distribution Device & Product, Water Business & Solution; 1.Serve as a bridge for government-enterprise services and promote high-quality industrial development
2.Drive industry self-regulation and service standards
3.Promote industrial internet applications in the environmental protection sector; Others",https://www.hktdc.com/event/ecoexpoasia/en/exhibitor/1S005U30X,0,
Huizhou Association of Environmental Protection Industry,Huizhou Association of Environmental Protection Industry,Chinese Mainland,,,,Exhibitor,Eco Expo Asia 2025,6-F03,Greater Bay Area Zone,,1,,,"The business scope of the association is to promote relevant policies and regulations; Assist the government in formulating environmental protection industry plans and standard specifications, and develop environmentally friendly products.","The business scope of the association is to promote relevant policies and regulations; Assist the government in formulating environmental protection industry plans and standard specifications, and develop environmentally friendly products.",https://www.hktdc.com/event/ecoexpoasia/en/exhibitor/1S005U2Z1,0,
Kryton Canada Corporation,Kryton Canada Corporation,Canada,"Kryton is a manufacturer of concrete waterproofing and hardening products based in Vancouver Canada. Kryton International Inc. is the inventor of the crystalline waterproofing admixture and has been waterproofing concrete structures with its proprietary Krystol technology since 1973. Kryton was a pioneer of the crystalline waterproofing and leads the industry today through its active involvement with the American Concrete Institute, International Concrete Repair Institute, American Shotcrete Association and many other thought-leading organizations. Kryton manufactures and exports its products to more than 50 countries globally. Chevalier (Building Supplies & Engineering) LTD to be the Hong Kong and Macau sole distributor of Kryton products since 2015. With the help of Kryton innovative crystalline technology, we are confident to offer some integral waterproofing and durability solutions for our clients in these years.","Kryton is a manufacturer of concrete waterproofing and hardening products based in Vancouver Canada. Kryton International Inc. is the inventor of the crystalline waterproofing admixture and has been waterproofing concrete structures with its proprietary Krystol technology since 1973. Kryton was a pioneer of the crystalline waterproofing and leads the industry today through its active involvement with the American Concrete Institute, International Concrete Repair Institute, American Shotcrete Association and many other thought-leading organizations. Kryton manufactures and exports its products to more than 50 countries globally. Chevalier (Building Supplies & Engineering) LTD to be the Hong Kong and Macau sole distributor of Kryton products since 2015. With the help of Kryton innovative crystalline technology, we are confident to offer some integral waterproofing and durability solutions for our clients in these years.",,Exhibitor,Eco Expo Asia 2025,6-C23,Canada Pavilion,Canada Pavilion,1,,,"Eco-friendly Material for Construction & Fitting; Krystol Internal Membrane: Advanced waterproofing solution for durable, reliable concrete protection; Others","Eco-friendly Material for Construction & Fitting; Krystol Internal Membrane: Advanced waterproofing solution for durable, reliable concrete protection; Others",https://www.hktdc.com/event/ecoexpoasia/en/exhibitor/1S005U5L4,0,
Liricco Technologies Limited,Liricco Technologies Limited,Canada,"Liricco Tech has over 14 years in the development of green IoT technologies. Our intelligent lighting solutions have been implemented in commercial and industrial sites across Hong Kong, Macau, mainland China, and Singapore. All our products are engineered for seamless integration into existing infrastructure or new developments. Liricco is committed to providing cost-effective, scalable, and sustainable lighting solutions that help clients cut energy costs and boost ESG performance.","Liricco Tech has over 14 years in the development of green IoT technologies. Our intelligent lighting solutions have been implemented in commercial and industrial sites across Hong Kong, Macau, mainland China, and Singapore. All our products are engineered for seamless integration into existing infrastructure or new developments. Liricco is committed to providing cost-effective, scalable, and sustainable lighting solutions that help clients cut energy costs and boost ESG performance.",,Exhibitor,Eco Expo Asia 2025,6-C23,Canada Pavilion,Canada Pavilion,1,,,Energy Efficient Device & Products; Energy Saving IoT Lighting Solution; Others,Energy Efficient Device & Products; Energy Saving IoT Lighting Solution; Others,https://www.hktdc.com/event/ecoexpoasia/en/exhibitor/1S005U5M1,0,
Macau Energy Saving Association,Macau Energy Saving Association,Macao,"Environmental Electronic Surveillance, Quality Inspection & Testing Service, Environmental Research & Consultation, Digital Approach Technology to ESG","Environmental Electronic Surveillance, Quality Inspection & Testing Service, Environmental Research & Consultation, Digital Approach Technology to ESG",,Exhibitor,Eco Expo Asia 2025,6-E02,Greater Bay Area Zone,Greater Bay Area Zone,1,,,"Environmental Electronic Surveillance, Quality Inspection & Testing Service, Environmental Research & Consultation, Digital Approach Technology to ESG; Others","Environmental Electronic Surveillance, Quality Inspection & Testing Service, Environmental Research & Consultation, Digital Approach Technology to ESG; Others",https://www.hktdc.com/event/ecoexpoasia/en/exhibitor/1S005TNNG,0,
RESILIOCS Intelligence,RESILIOCS Intelligence,Canada,"RESILIOCS Intelligence is a Canadian cleantech startup specializing in AI-powered, engineering-grade climate risk analytics. Our platform enables asset owners, institutional investors, and insurers to predict, quantify, and mitigate losses from extreme weather events such as floods, heatwaves, and wildfires, etc. Using a proprietary Digital Twin and AI modeling frameworks, RESILIOCS provides asset-level insights that simulate the physical and financial impacts of climate events. The platform identifies the most effective adaptation measures and quantifies their Return on Investment (ROI) allowing organizations to make informed, cost-effective decisions to protect portfolios and critical infrastructure. RESILIOCS is differentiated by its engineering-grade modeling, systemic risk assessment across interdependent assets, and quantified adaptation ROI that helps prioritize investments for maximum climate resilience. With a footprint across North America and the Middle East.","RESILIOCS Intelligence is a Canadian cleantech startup specializing in AI-powered, engineering-grade climate risk analytics. Our platform enables asset owners, institutional investors, and insurers to predict, quantify, and mitigate losses from extreme weather events such as floods, heatwaves, and wildfires, etc. Using a proprietary Digital Twin and AI modeling frameworks, RESILIOCS provides asset-level insights that simulate the physical and financial impacts of climate events. The platform identifies the most effective adaptation measures and quantifies their Return on Investment (ROI) allowing organizations to make informed, cost-effective decisions to protect portfolios and critical infrastructure. RESILIOCS is differentiated by its engineering-grade modeling, systemic risk assessment across interdependent assets, and quantified adaptation ROI that helps prioritize investments for maximum climate resilience. With a footprint across North America and the Middle East.",,Exhibitor,Eco Expo Asia 2025,6-C23,Canada Pavilion,Canada Pavilion,1,,,"Digital Approach Technology to ESG, Eco-friendly Landscape Design; AI-Powered Climate Risk Intelligence for Asset Owners, Investors, and Insurers; Others","Digital Approach Technology to ESG, Eco-friendly Landscape Design; AI-Powered Climate Risk Intelligence for Asset Owners, Investors, and Insurers; Others",https://www.hktdc.com/event/ecoexpoasia/en/exhibitor/1S005U5NY,0,
Shanghai Association of Environmental Protection Industry,Shanghai Association of Environmental Protection Industry,Chinese Mainland,,,,Exhibitor,Eco Expo Asia 2025,6-C02,Shanghai Pavilion,Shanghai Pavilion,1,,,"Shanghai Environmental Protection Industry Association was established in 1984. The business scope mainly includes: conducting industrial investigation and statistics, organizing training, formulating standards, cooperating with certification.; OBM, ODM, OEM","Shanghai Environmental Protection Industry Association was established in 1984. The business scope mainly includes: conducting industrial investigation and statistics, organizing training, formulating standards, cooperating with certification.; OBM, ODM, OEM",https://www.hktdc.com/event/ecoexpoasia/en/exhibitor/1S005SNQ7,0,
SkyAcres AgroTechnologies Inc,SkyAcres AgroTechnologies Inc,Canada,"SkyAcres is a stealth AgriTech firm building a network of massively scalable, turnkey, small vertical farming operations through franchise-like partnerships. Our mission is to decentralize food production and alleviate the negative effects that the globalization of fresh produce production has on the climate, local economies, and our health.","SkyAcres is a stealth AgriTech firm building a network of massively scalable, turnkey, small vertical farming operations through franchise-like partnerships. Our mission is to decentralize food production and alleviate the negative effects that the globalization of fresh produce production has on the climate, local economies, and our health.",,Exhibitor,Eco Expo Asia 2025,6-C23,Canada Pavilion,Canada Pavilion,1,,,"Urban Agriculture; Building a Network of Massively Scalable, Turnkey, Small Vertical Farming; Others","Urban Agriculture; Building a Network of Massively Scalable, Turnkey, Small Vertical Farming; Others",https://www.hktdc.com/event/ecoexpoasia/en/exhibitor/1S005U5TG,0,
V-ZAP Hong Kong Ltd,V-ZAP Hong Kong Ltd,Canada,"Oil Recycling Technology & Equipment, Sludge Treatment","Oil Recycling Technology & Equipment, Sludge Treatment",,Exhibitor,Eco Expo Asia 2025,6-C23,Canada Pavilion,Canada Pavilion,1,,,"Oil Recycling Technology & Equipment, Sludge Treatment; Sustainable Facility Management through
Bioengineering: Decomposing organic waste, preventing pipe clogs, and controlling odors in wastewater drains, manholes, and tanks; Others","Oil Recycling Technology & Equipment, Sludge Treatment; Sustainable Facility Management through
Bioengineering: Decomposing organic waste, preventing pipe clogs, and controlling odors in wastewater drains, manholes, and tanks; Others",https://www.hktdc.com/event/ecoexpoasia/en/exhibitor/1S005U5QP,0,
Volta Technique,Volta Technique,Canada,"Volta Technique is a Canadian clean technology company developing the next generation of energy storage and management systems built on its patented Small Modular Compressed Air Energy Storage (SMCAES) technology. Designed with a small footprint and modular architecture, the system efficiently stores surplus electricity as compressed air in engineered boreholes and releases it on demand to deliver electrical, thermal, and cooling energy from a single compact unit. This chemical-free, recyclable, and long-duration solution provides a sustainable and cost-effective alternative to battery-based systems.","Volta Technique is a Canadian clean technology company developing the next generation of energy storage and management systems built on its patented Small Modular Compressed Air Energy Storage (SMCAES) technology. Designed with a small footprint and modular architecture, the system efficiently stores surplus electricity as compressed air in engineered boreholes and releases it on demand to deliver electrical, thermal, and cooling energy from a single compact unit. This chemical-free, recyclable, and long-duration solution provides a sustainable and cost-effective alternative to battery-based systems.",,Exhibitor,Eco Expo Asia 2025,6-C23,Canada Pavilion,Canada Pavilion,1,,,"Energy Storage Technology; Clean, compact, and intelligent compressed air-based energy storage solution for urban and industrial energy efficiency and management applications; Others","Energy Storage Technology; Clean, compact, and intelligent compressed air-based energy storage solution for urban and industrial energy efficiency and management applications; Others",https://www.hktdc.com/event/ecoexpoasia/en/exhibitor/1S005U5PS,0,
WoodPlus Coatings Group Limited,WoodPlus Coatings Group Limited,Canada,"WoodPlusTM Coatings Group is a Canadian manufacturer of coatings which have industry leading low levels of VOC products, sustainable and environmental friendly, Low- Carbon innovative and high performance solutions. We have been selling globally through our loyal channels of distribution and application (distributors, dealers, and factory pre-stain) We supply green building products for including woods, stones and concrete and masonry products, for outdoors and indoors uses.","WoodPlusTM Coatings Group is a Canadian manufacturer of coatings which have industry leading low levels of VOC products, sustainable and environmental friendly, Low- Carbon innovative and high performance solutions. We have been selling globally through our loyal channels of distribution and application (distributors, dealers, and factory pre-stain) We supply green building products for including woods, stones and concrete and masonry products, for outdoors and indoors uses.",,Exhibitor,Eco Expo Asia 2025,6-C23,Canada Pavilion,Canada Pavilion,1,,,Eco-friendly Material for Construction & Fitting; Near zero VOC Acrylic Nano-resin Coating Water Based; Others,Eco-friendly Material for Construction & Fitting; Near zero VOC Acrylic Nano-resin Coating Water Based; Others,https://www.hktdc.com/event/ecoexpoasia/en/exhibitor/1S005U5RM,0,
Xsim Ai Canada Inc,Xsim Ai Canada Inc,Canada,"XSIM AI Canada Inc. is an Ontario-based technology company transforming continuous industrial process automation through real-time, AI-driven optimization. Powered by cutting-edge Mixture-of-Experts architecture, our AI-in-the-loop Copilot helps wastewater and industrial facilities reduce downtime, lower operational costs and cut carbon emissions by up to 30%. By accelerating complex decision-making from hours to seconds, we enable frontline teams to focus on innovation over firefighting. With industry-proven results and a typical payback period of under two years, XSIM AI delivers smart OCM, greater efficiency, and more sustainable future. Beyond our technology platform, we deliver end-to-end services including system integration, consulting, and ongoing performance support, creating measurable environmental and economic impact.","XSIM AI Canada Inc. is an Ontario-based technology company transforming continuous industrial process automation through real-time, AI-driven optimization. Powered by cutting-edge Mixture-of-Experts architecture, our AI-in-the-loop Copilot helps wastewater and industrial facilities reduce downtime, lower operational costs and cut carbon emissions by up to 30%. By accelerating complex decision-making from hours to seconds, we enable frontline teams to focus on innovation over firefighting. With industry-proven results and a typical payback period of under two years, XSIM AI delivers smart OCM, greater efficiency, and more sustainable future. Beyond our technology platform, we deliver end-to-end services including system integration, consulting, and ongoing performance support, creating measurable environmental and economic impact.",,Exhibitor,Eco Expo Asia 2025,6-C23,Canada Pavilion,Canada Pavilion,1,,,"Digital Approach Technology to ESG; Transforming Industrial Operations into Intelligent Future-ready Ecosystems, Together; Others","Digital Approach Technology to ESG; Transforming Industrial Operations into Intelligent Future-ready Ecosystems, Together; Others",https://www.hktdc.com/event/ecoexpoasia/en/exhibitor/1S005U5SJ,0,
Zhongshan Environmental Science Society,Zhongshan Environmental Science Society,Chinese Mainland,Environment-related Education & Training,Environment-related Education & Training,,Exhibitor,Eco Expo Asia 2025,6-F05,Greater Bay Area Zone,Greater Bay Area Zone,1,,,Environment-related Education & Training; Carry out academic exchanges and visits; popularize environmental protection knowledge; edit and publish environmental books and academic materials; organize relevant exhibitions and technical exchanges; provide decision-making consultation.; Others,Environment-related Education & Training; Carry out academic exchanges and visits; popularize environmental protection knowledge; edit and publish environmental books and academic materials; organize relevant exhibitions and technical exchanges; provide decision-making consultation.; Others,https://www.hktdc.com/event/ecoexpoasia/en/exhibitor/1S005TZN4,0,
