NAME_KR,NAME_EN,COUNTRY,INTRO_KR,INTRO_EN,WEBSITE,PARTICIPATION_TYPE,EXHIBITION_NAME_EN,BOOTH_NAME,HALL_NAME,PAVILION_NAME,FLOOR,X_COORD,Y_COORD,INDUSTRY_NAME_KR,INDUSTRY_NAME_EN,DETAIL_URL,PRODUCT_COUNT,PRODUCT_LIST
Ningbo Energylux Optoelectronics Technology Co Ltd,Ningbo Energylux Optoelectronics Technology Co Ltd,Chinese Mainland,infrared motion sensor mircowave sensor photocell sensor light,infrared motion sensor mircowave sensor photocell sensor light,,Exhibitor,Smart Lighting Expo 2026,1A-C02,Smart Lighting Products & Solutions,,1,,,"Sensor Light,Indoor Lighting; infrared motion sensor mircowave sensor photocell,sensor light; ODM, OBM, OEM","Sensor Light,Indoor Lighting; infrared motion sensor mircowave sensor photocell,sensor light; ODM, OBM, OEM",https://www.hktdc.com/event/smartlightingexpo/en/exhibitor/1S005JFU3,2,https://www.hktdc.com/event/smartlightingexpo/en/product/1Z03MZ0UI; https://www.hktdc.com/event/smartlightingexpo/en/product/1Z03MZ0UI
"UP-Shine Lighting Co.,Limited","UP-Shine Lighting Co.,Limited",Chinese Mainland,"Founded in 2010, as a leading LED indoor lighting manufacturer, UPSHINE has built a goodreputation at home and aboard with top quality product, advanced lighting solution and cheerfulafter-sales services. UPSHINE devotes itself in researching, developing and manufacturing a fullrange of lighting products with most cost-effective solution. We've committed to improvingourselves paying more attention to customer demand, focusing on making people's life more safeand comfortable, enabling them to enjoy new technology and efficient use of resources. Covers anarea of 11000 square meters,UPSHINE is growing very fast as a medium sized enterprise. Withclear marketing orientation, sustained technical innovation and internationally-updatedmanagement philosophy, UPSHINE must be a great choice as your reliable long-term partner, youcan count on us to provide all possible lighting service.","Founded in 2010, as a leading LED indoor lighting manufacturer, UPSHINE has built a goodreputation at home and aboard with top quality product, advanced lighting solution and cheerfulafter-sales services. UPSHINE devotes itself in researching, developing and manufacturing a fullrange of lighting products with most cost-effective solution. We've committed to improvingourselves paying more attention to customer demand, focusing on making people's life more safeand comfortable, enabling them to enjoy new technology and efficient use of resources. Covers anarea of 11000 square meters,UPSHINE is growing very fast as a medium sized enterprise. Withclear marketing orientation, sustained technical innovation and internationally-updatedmanagement philosophy, UPSHINE must be a great choice as your reliable long-term partner, youcan count on us to provide all possible lighting service.",,Exhibitor,Smart Lighting Expo 2026,1B-E24,Smart Lighting Products & Solutions,,1,,,"Indoor Lighting,Home Automation System,Building Exterior Lighting System; 1, ODM & OEM service
2, Best Possible Price
3, Technical Support
4, Marketing Documentary Support
5, Great financial support
6, Fast delivery
7, Free-tooling & Design support
8, Cheerful after-sale service; ODM, OEM","Indoor Lighting,Home Automation System,Building Exterior Lighting System; 1, ODM & OEM service
2, Best Possible Price
3, Technical Support
4, Marketing Documentary Support
5, Great financial support
6, Fast delivery
7, Free-tooling & Design support
8, Cheerful after-sale service; ODM, OEM",https://www.hktdc.com/event/smartlightingexpo/en/exhibitor/1S005J8MY,40,https://www.hktdc.com/event/smartlightingexpo/en/product/1Z03EM50V; https://www.hktdc.com/event/smartlightingexpo/en/product/1Z03EM50V; https://www.hktdc.com/event/smartlightingexpo/en/product/1Z03ELHNM; https://www.hktdc.com/event/smartlightingexpo/en/product/1Z03ELHNM; https://www.hktdc.com/event/smartlightingexpo/en/product/1Z03EM9J6; https://www.hktdc.com/event/smartlightingexpo/en/product/1Z03EM9J6; https://www.hktdc.com/event/smartlightingexpo/en/product/1Z03EM3FO; https://www.hktdc.com/event/smartlightingexpo/en/product/1Z03EM3FO; https://www.hktdc.com/event/smartlightingexpo/en/product/1Z03G88HD; https://www.hktdc.com/event/smartlightingexpo/en/product/1Z03G88HD; https://www.hktdc.com/event/smartlightingexpo/en/product/1X26KATD; https://www.hktdc.com/event/smartlightingexpo/en/product/1X26KATD; https://www.hktdc.com/event/smartlightingexpo/en/product/1X26K80C; https://www.hktdc.com/event/smartlightingexpo/en/product/1X26K80C; https://www.hktdc.com/event/smartlightingexpo/en/product/1X26K70F; https://www.hktdc.com/event/smartlightingexpo/en/product/1X26K70F; https://www.hktdc.com/event/smartlightingexpo/en/product/1X26K18P; https://www.hktdc.com/event/smartlightingexpo/en/product/1X26K18P; https://www.hktdc.com/event/smartlightingexpo/en/product/1X26JWDZ; https://www.hktdc.com/event/smartlightingexpo/en/product/1X26JWDZ; https://www.hktdc.com/event/smartlightingexpo/en/product/1X26JUQS; https://www.hktdc.com/event/smartlightingexpo/en/product/1X26JUQS; https://www.hktdc.com/event/smartlightingexpo/en/product/1X26JPT4; https://www.hktdc.com/event/smartlightingexpo/en/product/1X26JPT4; https://www.hktdc.com/event/smartlightingexpo/en/product/1X26JNY5; https://www.hktdc.com/event/smartlightingexpo/en/product/1X26JNY5; https://www.hktdc.com/event/smartlightingexpo/en/product/1X26JBX6; https://www.hktdc.com/event/smartlightingexpo/en/product/1X26JBX6; https://www.hktdc.com/event/smartlightingexpo/en/product/1X26J6KY; https://www.hktdc.com/event/smartlightingexpo/en/product/1X26J6KY; https://www.hktdc.com/event/smartlightingexpo/en/product/1X26J5PW; https://www.hktdc.com/event/smartlightingexpo/en/product/1X26J5PW; https://www.hktdc.com/event/smartlightingexpo/en/product/1X26INJK; https://www.hktdc.com/event/smartlightingexpo/en/product/1X26INJK; https://www.hktdc.com/event/smartlightingexpo/en/product/1X26IN12; https://www.hktdc.com/event/smartlightingexpo/en/product/1X26IN12; https://www.hktdc.com/event/smartlightingexpo/en/product/1X26I20U; https://www.hktdc.com/event/smartlightingexpo/en/product/1X26I20U; https://www.hktdc.com/event/smartlightingexpo/en/product/1X26I1BM; https://www.hktdc.com/event/smartlightingexpo/en/product/1X26I1BM
"Guangdong OML Technology Co., Ltd.","Guangdong OML Technology Co., Ltd.",Chinese Mainland,OML Technology co.Ltd was founded in 2004 in Guangdong province and became one of the most formidable manufacturers in LED strip production. Professional and technical skills assisted by rich experience to produce a wide variety of high voltage and low voltage LED strip lighting.,OML Technology co.Ltd was founded in 2004 in Guangdong province and became one of the most formidable manufacturers in LED strip production. Professional and technical skills assisted by rich experience to produce a wide variety of high voltage and low voltage LED strip lighting.,,Exhibitor,Smart Lighting Expo 2026,1B-F02,Smart Lighting Products & Solutions,Zhongshan,1,,,"Lighting Accessories & Lamp Parts,Architectural Lighting,Indoor Lighting,Lighting Distribution System,Building Exterior Lighting System; Professional and technical skills assisted by rich experience to produce a wide variety of high voltage and low voltage LED strip lighting.; Others, ODM","Lighting Accessories & Lamp Parts,Architectural Lighting,Indoor Lighting,Lighting Distribution System,Building Exterior Lighting System; Professional and technical skills assisted by rich experience to produce a wide variety of high voltage and low voltage LED strip lighting.; Others, ODM",https://www.hktdc.com/event/smartlightingexpo/en/exhibitor/1S005K34L,20,https://www.hktdc.com/event/smartlightingexpo/en/product/1X217HL0; https://www.hktdc.com/event/smartlightingexpo/en/product/1X217HL0; https://www.hktdc.com/event/smartlightingexpo/en/product/1X1HUM33; https://www.hktdc.com/event/smartlightingexpo/en/product/1X1HUM33; https://www.hktdc.com/event/smartlightingexpo/en/product/1X1HUM24; https://www.hktdc.com/event/smartlightingexpo/en/product/1X1HUM24; https://www.hktdc.com/event/smartlightingexpo/en/product/1X1HUM15; https://www.hktdc.com/event/smartlightingexpo/en/product/1X1HUM15; https://www.hktdc.com/event/smartlightingexpo/en/product/1X1BGBW7; https://www.hktdc.com/event/smartlightingexpo/en/product/1X1BGBW7; https://www.hktdc.com/event/smartlightingexpo/en/product/1X1BGBV8; https://www.hktdc.com/event/smartlightingexpo/en/product/1X1BGBV8; https://www.hktdc.com/event/smartlightingexpo/en/product/1X1BFMVB; https://www.hktdc.com/event/smartlightingexpo/en/product/1X1BFMVB; https://www.hktdc.com/event/smartlightingexpo/en/product/1X1BFMKM; https://www.hktdc.com/event/smartlightingexpo/en/product/1X1BFMKM; https://www.hktdc.com/event/smartlightingexpo/en/product/1X1BFLMN; https://www.hktdc.com/event/smartlightingexpo/en/product/1X1BFLMN; https://www.hktdc.com/event/smartlightingexpo/en/product/1X1BFLBY; https://www.hktdc.com/event/smartlightingexpo/en/product/1X1BFLBY
"Hangzhou Sky-Lighting Co., Ltd.","Hangzhou Sky-Lighting Co., Ltd.",Chinese Mainland,"Products are exported to Europe, America, southeast Asia, the Middle East and more than 40 countries and regions such as Hong Kong, Macao and Taiwan.Our Annual sales reach 100 million US dollars. We have nine light source products and varieties of lighting system, can fully meet the various requirements in various fields of work and life. We are the crown member of TUYA since 2018.","Products are exported to Europe, America, southeast Asia, the Middle East and more than 40 countries and regions such as Hong Kong, Macao and Taiwan.Our Annual sales reach 100 million US dollars. We have nine light source products and varieties of lighting system, can fully meet the various requirements in various fields of work and life. We are the crown member of TUYA since 2018.",,Exhibitor,Smart Lighting Expo 2026,1B-D02,Smart Lighting Products & Solutions,,1,,,"Sensor Light,Edison Bulb,CFL Bulb,LED Bulb,Indoor Lighting,Entertainment Lighting,Home Automation System,Lighting Design & Engineering,Wireless Lighting Management System; smart light; Others","Sensor Light,Edison Bulb,CFL Bulb,LED Bulb,Indoor Lighting,Entertainment Lighting,Home Automation System,Lighting Design & Engineering,Wireless Lighting Management System; smart light; Others",https://www.hktdc.com/event/smartlightingexpo/en/exhibitor/1S005ILXO,8,https://www.hktdc.com/event/smartlightingexpo/en/product/1X26DTK1; https://www.hktdc.com/event/smartlightingexpo/en/product/1X26DTK1; https://www.hktdc.com/event/smartlightingexpo/en/product/1X26DQU0; https://www.hktdc.com/event/smartlightingexpo/en/product/1X26DQU0; https://www.hktdc.com/event/smartlightingexpo/en/product/1X26DQL9; https://www.hktdc.com/event/smartlightingexpo/en/product/1X26DQL9; https://www.hktdc.com/event/smartlightingexpo/en/product/1X26DQDH; https://www.hktdc.com/event/smartlightingexpo/en/product/1X26DQDH
"Foshan Nanhai Mercanvee Lighting Co., Ltd.","Foshan Nanhai Mercanvee Lighting Co., Ltd.",Chinese Mainland,"Established in 1996, our factory is located in Danzao Town, Foshan City of Guangdong province, where is one of the main production center of commercial lighting across China. We have been providing OEM service to numerous industry-leading brands all over the world since 1996 and we always try our best to keep the spirit of constantly striving for excellence and technological innovation. In order to meet the development needs of the LED lighting market, our own brand ""MERCANVEE"" was established in 2011. Bearing the company philosophy of ""Optical, Technology, Charming"" in mind, MERCANVEE have become a modern enterprise integrating research, development, production and sales of high-end LED lighting products. Dedicated to technological innovation, MERCANVEE always try to fuse elements like energy-saving, chromatology, optics, aesthetics, architecture, history, humanities, commerce, environment, physics, psychology, physiology, life, etc. into the lighting science. And by doing so, we are able to provide more professional and more responsible lighting products and optical solutions for our customers. MERCANVEE, your professional lighting provider for all architectures.","Established in 1996, our factory is located in Danzao Town, Foshan City of Guangdong province, where is one of the main production center of commercial lighting across China. We have been providing OEM service to numerous industry-leading brands all over the world since 1996 and we always try our best to keep the spirit of constantly striving for excellence and technological innovation. In order to meet the development needs of the LED lighting market, our own brand ""MERCANVEE"" was established in 2011. Bearing the company philosophy of ""Optical, Technology, Charming"" in mind, MERCANVEE have become a modern enterprise integrating research, development, production and sales of high-end LED lighting products. Dedicated to technological innovation, MERCANVEE always try to fuse elements like energy-saving, chromatology, optics, aesthetics, architecture, history, humanities, commerce, environment, physics, psychology, physiology, life, etc. into the lighting science. And by doing so, we are able to provide more professional and more responsible lighting products and optical solutions for our customers. MERCANVEE, your professional lighting provider for all architectures.",,Exhibitor,Smart Lighting Expo 2026,1A-E02,Smart Lighting Products & Solutions,Cantonese Business Go Global,1,,,"Decorative Lamp,Indoor Lighting,Entertainment Lighting,Retail Lighting,Home Automation System,Lighting Design & Engineering; Mercanvee provides a wide range of indoor professional LED products with intelligent control options including downlights, spotlights and track lights. Suitable for various projects such as hotels, commercial spaces, museums, offices and mansions.; OEM, ODM","Decorative Lamp,Indoor Lighting,Entertainment Lighting,Retail Lighting,Home Automation System,Lighting Design & Engineering; Mercanvee provides a wide range of indoor professional LED products with intelligent control options including downlights, spotlights and track lights. Suitable for various projects such as hotels, commercial spaces, museums, offices and mansions.; OEM, ODM",https://www.hktdc.com/event/smartlightingexpo/en/exhibitor/1S005KZZ4,40,https://www.hktdc.com/event/smartlightingexpo/en/product/1Z03NQKKS; https://www.hktdc.com/event/smartlightingexpo/en/product/1Z03NQKKS; https://www.hktdc.com/event/smartlightingexpo/en/product/1Z03NQJUZ; https://www.hktdc.com/event/smartlightingexpo/en/product/1Z03NQJUZ; https://www.hktdc.com/event/smartlightingexpo/en/product/1Z03NQJQB; https://www.hktdc.com/event/smartlightingexpo/en/product/1Z03NQJQB; https://www.hktdc.com/event/smartlightingexpo/en/product/1Z03NQJMN; https://www.hktdc.com/event/smartlightingexpo/en/product/1Z03NQJMN; https://www.hktdc.com/event/smartlightingexpo/en/product/1Z03NQJLQ; https://www.hktdc.com/event/smartlightingexpo/en/product/1Z03NQJLQ; https://www.hktdc.com/event/smartlightingexpo/en/product/1Z03NQJG5; https://www.hktdc.com/event/smartlightingexpo/en/product/1Z03NQJG5; https://www.hktdc.com/event/smartlightingexpo/en/product/1Z03NQJEB; https://www.hktdc.com/event/smartlightingexpo/en/product/1Z03NQJEB; https://www.hktdc.com/event/smartlightingexpo/en/product/1Z03NQJBK; https://www.hktdc.com/event/smartlightingexpo/en/product/1Z03NQJBK; https://www.hktdc.com/event/smartlightingexpo/en/product/1Z03NQJ45; https://www.hktdc.com/event/smartlightingexpo/en/product/1Z03NQJ45; https://www.hktdc.com/event/smartlightingexpo/en/product/1Z03NQJ2B; https://www.hktdc.com/event/smartlightingexpo/en/product/1Z03NQJ2B; https://www.hktdc.com/event/smartlightingexpo/en/product/1Z03NQIZL; https://www.hktdc.com/event/smartlightingexpo/en/product/1Z03NQIZL; https://www.hktdc.com/event/smartlightingexpo/en/product/1Z03NQIWU; https://www.hktdc.com/event/smartlightingexpo/en/product/1Z03NQIWU; https://www.hktdc.com/event/smartlightingexpo/en/product/1Z03NQIF9; https://www.hktdc.com/event/smartlightingexpo/en/product/1Z03NQIF9; https://www.hktdc.com/event/smartlightingexpo/en/product/1Z03NQPNE; https://www.hktdc.com/event/smartlightingexpo/en/product/1Z03NQPNE; https://www.hktdc.com/event/smartlightingexpo/en/product/1Z03NQPUT; https://www.hktdc.com/event/smartlightingexpo/en/product/1Z03NQPUT; https://www.hktdc.com/event/smartlightingexpo/en/product/1Z03NQPTW; https://www.hktdc.com/event/smartlightingexpo/en/product/1Z03NQPTW; https://www.hktdc.com/event/smartlightingexpo/en/product/1Z03NQPCB; https://www.hktdc.com/event/smartlightingexpo/en/product/1Z03NQPCB; https://www.hktdc.com/event/smartlightingexpo/en/product/1Z03NQPIT; https://www.hktdc.com/event/smartlightingexpo/en/product/1Z03NQPIT; https://www.hktdc.com/event/smartlightingexpo/en/product/1Z03NQPP8; https://www.hktdc.com/event/smartlightingexpo/en/product/1Z03NQPP8; https://www.hktdc.com/event/smartlightingexpo/en/product/1Z03MT3CX; https://www.hktdc.com/event/smartlightingexpo/en/product/1Z03MT3CX
"Zhongshan Wanju Lighting Technology Co., Ltd","Zhongshan Wanju Lighting Technology Co., Ltd",Chinese Mainland,Indoor Lighting,Indoor Lighting,,Exhibitor,Smart Lighting Expo 2026,1B-E02,Smart Lighting Products & Solutions,Zhongshan,1,,,"Indoor Lighting; Commercial lighting incl low voltage system, track light; Residential lighting incl ceiling light, light bar etc; ceiling fans.; ODM, OEM","Indoor Lighting; Commercial lighting incl low voltage system, track light; Residential lighting incl ceiling light, light bar etc; ceiling fans.; ODM, OEM",https://www.hktdc.com/event/smartlightingexpo/en/exhibitor/1S005KY1Z,40,https://www.hktdc.com/event/smartlightingexpo/en/product/1Z03HFPAH; https://www.hktdc.com/event/smartlightingexpo/en/product/1Z03HFPAH; https://www.hktdc.com/event/smartlightingexpo/en/product/1Z03HICZR; https://www.hktdc.com/event/smartlightingexpo/en/product/1Z03HICZR; https://www.hktdc.com/event/smartlightingexpo/en/product/1Z03HEOHX; https://www.hktdc.com/event/smartlightingexpo/en/product/1Z03HEOHX; https://www.hktdc.com/event/smartlightingexpo/en/product/1Z03HCPE5; https://www.hktdc.com/event/smartlightingexpo/en/product/1Z03HCPE5; https://www.hktdc.com/event/smartlightingexpo/en/product/1Z03HCP6T; https://www.hktdc.com/event/smartlightingexpo/en/product/1Z03HCP6T; https://www.hktdc.com/event/smartlightingexpo/en/product/1Z03HFP6T; https://www.hktdc.com/event/smartlightingexpo/en/product/1Z03HFP6T; https://www.hktdc.com/event/smartlightingexpo/en/product/1Z03HFMUW; https://www.hktdc.com/event/smartlightingexpo/en/product/1Z03HFMUW; https://www.hktdc.com/event/smartlightingexpo/en/product/1Z03H84RN; https://www.hktdc.com/event/smartlightingexpo/en/product/1Z03H84RN; https://www.hktdc.com/event/smartlightingexpo/en/product/1Z03HEOUU; https://www.hktdc.com/event/smartlightingexpo/en/product/1Z03HEOUU; https://www.hktdc.com/event/smartlightingexpo/en/product/1Z03HICW0; https://www.hktdc.com/event/smartlightingexpo/en/product/1Z03HICW0; https://www.hktdc.com/event/smartlightingexpo/en/product/1Z03H84PT; https://www.hktdc.com/event/smartlightingexpo/en/product/1Z03H84PT; https://www.hktdc.com/event/smartlightingexpo/en/product/1X20E0GK; https://www.hktdc.com/event/smartlightingexpo/en/product/1X20E0GK; https://www.hktdc.com/event/smartlightingexpo/en/product/1X20E0CO; https://www.hktdc.com/event/smartlightingexpo/en/product/1X20E0CO; https://www.hktdc.com/event/smartlightingexpo/en/product/1X20E0AQ; https://www.hktdc.com/event/smartlightingexpo/en/product/1X20E0AQ; https://www.hktdc.com/event/smartlightingexpo/en/product/1X20E08S; https://www.hktdc.com/event/smartlightingexpo/en/product/1X20E08S; https://www.hktdc.com/event/smartlightingexpo/en/product/1X20DM42; https://www.hktdc.com/event/smartlightingexpo/en/product/1X20DM42; https://www.hktdc.com/event/smartlightingexpo/en/product/1X20DM33; https://www.hktdc.com/event/smartlightingexpo/en/product/1X20DM33; https://www.hktdc.com/event/smartlightingexpo/en/product/1X20DM06; https://www.hktdc.com/event/smartlightingexpo/en/product/1X20DM06; https://www.hktdc.com/event/smartlightingexpo/en/product/1X20DLZA; https://www.hktdc.com/event/smartlightingexpo/en/product/1X20DLZA; https://www.hktdc.com/event/smartlightingexpo/en/product/1X20DLYB; https://www.hktdc.com/event/smartlightingexpo/en/product/1X20DLYB
"Mynice Optoelectronics Co., Ltd","Mynice Optoelectronics Co., Ltd",Chinese Mainland,"Mynice optoelectronics co., LTD is a high-tech enterprise, which is committed to the developmentproduction, sales and service of LED advertisement signage light box lighting, LED light stripslinear lighting and LED prop display lighting. It is the leader of China LED advertisement signagelight box lighting and LED strips with linear lighting, The company established at 2006 currentlyowns Shenzhen Mynice headquarters factory, Dongguan Mynice branch factory, and Myniceoverseas factory in Yangon, Myanmar. A total of 32,000 square meters of standardized workshopand more than 800 skiled production staff. At present, the company has two brands including""Mynice"" LED signage light box lighting, LED prop display lighting and ""Younice"" LED strip linearlighting. Products mainly cover the business scope: LED signage light box lighting, LED lights withlinear lighting, LED props display lighting, LED power supply and other fields. Nowadays, it is oneof the largest and most professional companies in China.","Mynice optoelectronics co., LTD is a high-tech enterprise, which is committed to the developmentproduction, sales and service of LED advertisement signage light box lighting, LED light stripslinear lighting and LED prop display lighting. It is the leader of China LED advertisement signagelight box lighting and LED strips with linear lighting, The company established at 2006 currentlyowns Shenzhen Mynice headquarters factory, Dongguan Mynice branch factory, and Myniceoverseas factory in Yangon, Myanmar. A total of 32,000 square meters of standardized workshopand more than 800 skiled production staff. At present, the company has two brands including""Mynice"" LED signage light box lighting, LED prop display lighting and ""Younice"" LED strip linearlighting. Products mainly cover the business scope: LED signage light box lighting, LED lights withlinear lighting, LED props display lighting, LED power supply and other fields. Nowadays, it is oneof the largest and most professional companies in China.",,Exhibitor,Smart Lighting Expo 2026,1B-B02,Smart Lighting Products & Solutions,Shenzhen-SZSA Smart Lighting Pavilion,1,,,"Decorative Lamp,Architectural Lighting,LED Bulb,Indoor Lighting,Retail Lighting; LED strip lighting, LED module, LED linear lighting, LED neon flex, professional lighting, OEM/ODM services; ODM, OEM","Decorative Lamp,Architectural Lighting,LED Bulb,Indoor Lighting,Retail Lighting; LED strip lighting, LED module, LED linear lighting, LED neon flex, professional lighting, OEM/ODM services; ODM, OEM",https://www.hktdc.com/event/smartlightingexpo/en/exhibitor/1S005IP6T,30,https://www.hktdc.com/event/smartlightingexpo/en/product/1Z03LTKOG; https://www.hktdc.com/event/smartlightingexpo/en/product/1Z03LTKOG; https://www.hktdc.com/event/smartlightingexpo/en/product/1X2436B7; https://www.hktdc.com/event/smartlightingexpo/en/product/1X2436B7; https://www.hktdc.com/event/smartlightingexpo/en/product/1X21B000; https://www.hktdc.com/event/smartlightingexpo/en/product/1X21B000; https://www.hktdc.com/event/smartlightingexpo/en/product/1X21AZY5; https://www.hktdc.com/event/smartlightingexpo/en/product/1X21AZY5; https://www.hktdc.com/event/smartlightingexpo/en/product/1X1Y01V2; https://www.hktdc.com/event/smartlightingexpo/en/product/1X1Y01V2; https://www.hktdc.com/event/smartlightingexpo/en/product/1X1Y01U3; https://www.hktdc.com/event/smartlightingexpo/en/product/1X1Y01U3; https://www.hktdc.com/event/smartlightingexpo/en/product/1X1Y01S5; https://www.hktdc.com/event/smartlightingexpo/en/product/1X1Y01S5; https://www.hktdc.com/event/smartlightingexpo/en/product/1X1Y01R6; https://www.hktdc.com/event/smartlightingexpo/en/product/1X1Y01R6; https://www.hktdc.com/event/smartlightingexpo/en/product/1X1PL5ZM; https://www.hktdc.com/event/smartlightingexpo/en/product/1X1PL5ZM; https://www.hktdc.com/event/smartlightingexpo/en/product/1X1MRVMT; https://www.hktdc.com/event/smartlightingexpo/en/product/1X1MRVMT; https://www.hktdc.com/event/smartlightingexpo/en/product/1X1MRVKV; https://www.hktdc.com/event/smartlightingexpo/en/product/1X1MRVKV; https://www.hktdc.com/event/smartlightingexpo/en/product/1X1MRVIX; https://www.hktdc.com/event/smartlightingexpo/en/product/1X1MRVIX; https://www.hktdc.com/event/smartlightingexpo/en/product/1Z03LTGBN; https://www.hktdc.com/event/smartlightingexpo/en/product/1Z03LTGBN; https://www.hktdc.com/event/smartlightingexpo/en/product/1Z03LUFWX; https://www.hktdc.com/event/smartlightingexpo/en/product/1Z03LUFWX; https://www.hktdc.com/event/smartlightingexpo/en/product/1Z03LV6W6; https://www.hktdc.com/event/smartlightingexpo/en/product/1Z03LV6W6
Shenzhen HuaDian Lighting co.. Ltd,Shenzhen HuaDian Lighting co.. Ltd,Chinese Mainland,"Sensor Light,Edison Bulb,Light Dimmer,LED Bulb,Indoor Lighting,Emergency & Professional Lighting,Solar Lights,Home Automation System","Sensor Light,Edison Bulb,Light Dimmer,LED Bulb,Indoor Lighting,Emergency & Professional Lighting,Solar Lights,Home Automation System",,Exhibitor,Smart Lighting Expo 2026,1A-B02,Smart Lighting Products & Solutions,Smart Ecosystem and IoT Supply Chain Area,1,,,"Sensor Light,Edison Bulb,Light Dimmer,LED Bulb,Indoor Lighting,Emergency & Professional Lighting,Solar Lights,Home Automation System; led lighting; OEM","Sensor Light,Edison Bulb,Light Dimmer,LED Bulb,Indoor Lighting,Emergency & Professional Lighting,Solar Lights,Home Automation System; led lighting; OEM",https://www.hktdc.com/event/smartlightingexpo/en/exhibitor/1S005KUP3,40,https://www.hktdc.com/event/smartlightingexpo/en/product/1X26FANJ; https://www.hktdc.com/event/smartlightingexpo/en/product/1X26FANJ; https://www.hktdc.com/event/smartlightingexpo/en/product/1X26EZZ4; https://www.hktdc.com/event/smartlightingexpo/en/product/1X26EZZ4; https://www.hktdc.com/event/smartlightingexpo/en/product/1X26EXUF; https://www.hktdc.com/event/smartlightingexpo/en/product/1X26EXUF; https://www.hktdc.com/event/smartlightingexpo/en/product/1X26EKJT; https://www.hktdc.com/event/smartlightingexpo/en/product/1X26EKJT; https://www.hktdc.com/event/smartlightingexpo/en/product/1X26EIE4; https://www.hktdc.com/event/smartlightingexpo/en/product/1X26EIE4; https://www.hktdc.com/event/smartlightingexpo/en/product/1X26E2BJ; https://www.hktdc.com/event/smartlightingexpo/en/product/1X26E2BJ; https://www.hktdc.com/event/smartlightingexpo/en/product/1X26DV3C; https://www.hktdc.com/event/smartlightingexpo/en/product/1X26DV3C; https://www.hktdc.com/event/smartlightingexpo/en/product/1X26DO8S; https://www.hktdc.com/event/smartlightingexpo/en/product/1X26DO8S; https://www.hktdc.com/event/smartlightingexpo/en/product/1X26DO2Y; https://www.hktdc.com/event/smartlightingexpo/en/product/1X26DO2Y; https://www.hktdc.com/event/smartlightingexpo/en/product/1X26DNTA; https://www.hktdc.com/event/smartlightingexpo/en/product/1X26DNTA; https://www.hktdc.com/event/smartlightingexpo/en/product/1X26DMES; https://www.hktdc.com/event/smartlightingexpo/en/product/1X26DMES; https://www.hktdc.com/event/smartlightingexpo/en/product/1X26DM51; https://www.hktdc.com/event/smartlightingexpo/en/product/1X26DM51; https://www.hktdc.com/event/smartlightingexpo/en/product/1X26CZBS; https://www.hktdc.com/event/smartlightingexpo/en/product/1X26CZBS; https://www.hktdc.com/event/smartlightingexpo/en/product/1X26CYWA; https://www.hktdc.com/event/smartlightingexpo/en/product/1X26CYWA; https://www.hktdc.com/event/smartlightingexpo/en/product/1X26CY9X; https://www.hktdc.com/event/smartlightingexpo/en/product/1X26CY9X; https://www.hktdc.com/event/smartlightingexpo/en/product/1X26CTD8; https://www.hktdc.com/event/smartlightingexpo/en/product/1X26CTD8; https://www.hktdc.com/event/smartlightingexpo/en/product/1X26CQS2; https://www.hktdc.com/event/smartlightingexpo/en/product/1X26CQS2; https://www.hktdc.com/event/smartlightingexpo/en/product/1X26CB21; https://www.hktdc.com/event/smartlightingexpo/en/product/1X26CB21; https://www.hktdc.com/event/smartlightingexpo/en/product/1X26BVE1; https://www.hktdc.com/event/smartlightingexpo/en/product/1X26BVE1; https://www.hktdc.com/event/smartlightingexpo/en/product/1X26BUJZ; https://www.hktdc.com/event/smartlightingexpo/en/product/1X26BUJZ
"Zhongshan Zhongqian Intelligent Electrical Technology CO., Ltd","Zhongshan Zhongqian Intelligent Electrical Technology CO., Ltd",Chinese Mainland,Solar Lights,Solar Lights,,Exhibitor,Smart Lighting Expo 2026,1B-C02,Smart Lighting Products & Solutions,Cantonese Business Go Global,1,,,"Solar Lights; solar flood light, solar street light, solar strip light, solar garden light, solar post light; OEM","Solar Lights; solar flood light, solar street light, solar strip light, solar garden light, solar post light; OEM",https://www.hktdc.com/event/smartlightingexpo/en/exhibitor/1S005JINL,2,https://www.hktdc.com/event/smartlightingexpo/en/product/1Z03NQ60U; https://www.hktdc.com/event/smartlightingexpo/en/product/1Z03NQ60U
"Creatrol Intelligence Co.,Ltd","Creatrol Intelligence Co.,Ltd",Chinese Mainland,"Creatrol Sensor focuses on the research and innovation of millimeter-wave radar technology for human-centered perception systems. With the development of smart buildings, intelligent lighting, and smart home sectors, the application of sensors has become extensive and profound. Leveraging years of rich experience in automotive radar sensor development and the smart building industry, we specialize in human sensor detection technologies. We have developed a diverse range of millimeter-wave radar sensing products for detecting presence, falls, posture, direction, etc. Our goal is to provide non-intrusive, privacy-protecting, proactive intelligent sensing solutions that meet the diverse applications of smart cities, enabling functional systems to proactively perform actions and provide services. This transforms light and intelligence into a seamless experience.","Creatrol Sensor focuses on the research and innovation of millimeter-wave radar technology for human-centered perception systems. With the development of smart buildings, intelligent lighting, and smart home sectors, the application of sensors has become extensive and profound. Leveraging years of rich experience in automotive radar sensor development and the smart building industry, we specialize in human sensor detection technologies. We have developed a diverse range of millimeter-wave radar sensing products for detecting presence, falls, posture, direction, etc. Our goal is to provide non-intrusive, privacy-protecting, proactive intelligent sensing solutions that meet the diverse applications of smart cities, enabling functional systems to proactively perform actions and provide services. This transforms light and intelligence into a seamless experience.",,Exhibitor,Smart Lighting Expo 2026,1A-C07,Smart Lighting Products & Solutions,Smart Ecosystem and IoT Supply Chain Area,1,,,"Sensor & Detector,Electrical Equipment,Internet of Things; The product line includes various sensors: 24GHz, 60GHz radar sensors and PIR infrared sensors for detecting human presence, movement and posture; high altitude sensor for large area detection, TOF distance sensor t for occupancy etc.; OEM, OBM, ODM","Sensor & Detector,Electrical Equipment,Internet of Things; The product line includes various sensors: 24GHz, 60GHz radar sensors and PIR infrared sensors for detecting human presence, movement and posture; high altitude sensor for large area detection, TOF distance sensor t for occupancy etc.; OEM, OBM, ODM",https://www.hktdc.com/event/smartlightingexpo/en/exhibitor/1S005J969,0,
"Shenzhen Tongyifang Optoelectronic Technology Co., Ltd.","Shenzhen Tongyifang Optoelectronic Technology Co., Ltd.",Chinese Mainland,"Shenzhen Tongyifang Optoelectronic Technology Co., Ltd. was established in 2009 and headquartered in the LED industry base of Shenzhen, China. It is a national-level specialized, precise, distinctive, and novel ""Little Giant"" enterprise dedicated to scientific LED packaging and product application in LED general lighting and LED special lighting. TYF has been leading new LED packaging technology, providing excellent performance and stable quality LED products and services, and providing more leading, professional, and comprehensive lighting environment solutions for global LED lighting design and applications. TYF has won the honors and qualifications such as national-level specialized, precise, distinctive, and novel ""Little Giant"" enterprise, CNAS laboratory(L11199) of the National Accreditation Commission , Guangdong Provincial Plant Light Intelligent Control Multi-spectral Module Engineering Technology Research Center, and Shenzhen well-known brand. The company has passed ISO9001, ISO14001, IATF16949 and other system certifications, and its entire series of products have passed LM-80, CE, ROHS, EN62471 and other certifications. Currently, it has 105 patents (including 23 invention patents).","Shenzhen Tongyifang Optoelectronic Technology Co., Ltd. was established in 2009 and headquartered in the LED industry base of Shenzhen, China. It is a national-level specialized, precise, distinctive, and novel ""Little Giant"" enterprise dedicated to scientific LED packaging and product application in LED general lighting and LED special lighting. TYF has been leading new LED packaging technology, providing excellent performance and stable quality LED products and services, and providing more leading, professional, and comprehensive lighting environment solutions for global LED lighting design and applications. TYF has won the honors and qualifications such as national-level specialized, precise, distinctive, and novel ""Little Giant"" enterprise, CNAS laboratory(L11199) of the National Accreditation Commission , Guangdong Provincial Plant Light Intelligent Control Multi-spectral Module Engineering Technology Research Center, and Shenzhen well-known brand. The company has passed ISO9001, ISO14001, IATF16949 and other system certifications, and its entire series of products have passed LM-80, CE, ROHS, EN62471 and other certifications. Currently, it has 105 patents (including 23 invention patents).",,Exhibitor,Smart Lighting Expo 2026,1A-C19,Smart Lighting Products & Solutions,Smart Ecosystem and IoT Supply Chain Area,1,,,"Lighting Accessories & Lamp Parts; 1 core: high-power LED packaging. 4 major product platforms: COB, SMD, CPD, MOD. N application scenarios: intelligent lighting, health lighting, Horticultural lighting, commercial lighting, outdoor lighting, entertainment lighting, etc.; OBM","Lighting Accessories & Lamp Parts; 1 core: high-power LED packaging. 4 major product platforms: COB, SMD, CPD, MOD. N application scenarios: intelligent lighting, health lighting, Horticultural lighting, commercial lighting, outdoor lighting, entertainment lighting, etc.; OBM",https://www.hktdc.com/event/smartlightingexpo/en/exhibitor/1S005K5RM,10,https://www.hktdc.com/event/smartlightingexpo/en/product/1X1S7E2S; https://www.hktdc.com/event/smartlightingexpo/en/product/1X1S7E2S; https://www.hktdc.com/event/smartlightingexpo/en/product/1X1RZ7SN; https://www.hktdc.com/event/smartlightingexpo/en/product/1X1RZ7SN; https://www.hktdc.com/event/smartlightingexpo/en/product/1X1RZ58D; https://www.hktdc.com/event/smartlightingexpo/en/product/1X1RZ58D; https://www.hktdc.com/event/smartlightingexpo/en/product/1X1R8UNV; https://www.hktdc.com/event/smartlightingexpo/en/product/1X1R8UNV; https://www.hktdc.com/event/smartlightingexpo/en/product/1X1R8UKY; https://www.hktdc.com/event/smartlightingexpo/en/product/1X1R8UKY
"Earda Technologies Co., Ltd.","Earda Technologies Co., Ltd.",Chinese Mainland,"Sensor Light,Architectural Lighting,Indoor Lighting,Home Automation System","Sensor Light,Architectural Lighting,Indoor Lighting,Home Automation System",,Exhibitor,Smart Lighting Expo 2026,1A-B14,Connected Lighting Technologies,Smart Ecosystem and IoT Supply Chain Area,1,,,"Sensor Light,Architectural Lighting,Indoor Lighting,Home Automation System; IoT Module/5.8G/24G/60G Radar Module & Solution/Car Park Lighting Turnkey Solution; OEM, ODM","Sensor Light,Architectural Lighting,Indoor Lighting,Home Automation System; IoT Module/5.8G/24G/60G Radar Module & Solution/Car Park Lighting Turnkey Solution; OEM, ODM",https://www.hktdc.com/event/smartlightingexpo/en/exhibitor/1S005K5L4,0,
"Guangdong Aidimming electronics co.,ltd","Guangdong Aidimming electronics co.,ltd",Chinese Mainland,"AIDimming is a high-tech enterprise specializing in R&D and production of intelligent dimmable drivers and smart panel control systems. Committed to providing one-stop, integrated intelligent lighting solutions for global star hotels,subway projects, museums, high-end residences, commercial offices, catering clubs,store exhibitions,etc., focusing on bringing out natural light,the intelligent lighting control system provides healthy, comfortable and energy-saving natural light for human beings.","AIDimming is a high-tech enterprise specializing in R&D and production of intelligent dimmable drivers and smart panel control systems. Committed to providing one-stop, integrated intelligent lighting solutions for global star hotels,subway projects, museums, high-end residences, commercial offices, catering clubs,store exhibitions,etc., focusing on bringing out natural light,the intelligent lighting control system provides healthy, comfortable and energy-saving natural light for human beings.",,Exhibitor,Smart Lighting Expo 2026,1A-C17,Smart Lighting Products & Solutions,Smart Ecosystem and IoT Supply Chain Area,1,,,"Light Dimmer,Light Switch; LED lighting LED driver LED dimmer LED panel; OEM","Light Dimmer,Light Switch; LED lighting LED driver LED dimmer LED panel; OEM",https://www.hktdc.com/event/smartlightingexpo/en/exhibitor/1S005K5QP,34,https://www.hktdc.com/event/smartlightingexpo/en/product/1Z03NWMDB; https://www.hktdc.com/event/smartlightingexpo/en/product/1Z03NWMDB; https://www.hktdc.com/event/smartlightingexpo/en/product/1Z03NWL50; https://www.hktdc.com/event/smartlightingexpo/en/product/1Z03NWL50; https://www.hktdc.com/event/smartlightingexpo/en/product/1Z03NWQKM; https://www.hktdc.com/event/smartlightingexpo/en/product/1Z03NWQKM; https://www.hktdc.com/event/smartlightingexpo/en/product/1Z03NWMKQ; https://www.hktdc.com/event/smartlightingexpo/en/product/1Z03NWMKQ; https://www.hktdc.com/event/smartlightingexpo/en/product/1Z03NWQ5V; https://www.hktdc.com/event/smartlightingexpo/en/product/1Z03NWQ5V; https://www.hktdc.com/event/smartlightingexpo/en/product/1Z03NWQTV; https://www.hktdc.com/event/smartlightingexpo/en/product/1Z03NWQTV; https://www.hktdc.com/event/smartlightingexpo/en/product/1Z03NWQXJ; https://www.hktdc.com/event/smartlightingexpo/en/product/1Z03NWQXJ; https://www.hktdc.com/event/smartlightingexpo/en/product/1Z03NWSFZ; https://www.hktdc.com/event/smartlightingexpo/en/product/1Z03NWSFZ; https://www.hktdc.com/event/smartlightingexpo/en/product/1Z03NWN0D; https://www.hktdc.com/event/smartlightingexpo/en/product/1Z03NWN0D; https://www.hktdc.com/event/smartlightingexpo/en/product/1Z03NVUE0; https://www.hktdc.com/event/smartlightingexpo/en/product/1Z03NVUE0; https://www.hktdc.com/event/smartlightingexpo/en/product/1Z03NWE1J; https://www.hktdc.com/event/smartlightingexpo/en/product/1Z03NWE1J; https://www.hktdc.com/event/smartlightingexpo/en/product/1Z03NWL6X; https://www.hktdc.com/event/smartlightingexpo/en/product/1Z03NWL6X; https://www.hktdc.com/event/smartlightingexpo/en/product/1Z03NWDPK; https://www.hktdc.com/event/smartlightingexpo/en/product/1Z03NWDPK; https://www.hktdc.com/event/smartlightingexpo/en/product/1Z03NWFOL; https://www.hktdc.com/event/smartlightingexpo/en/product/1Z03NWFOL; https://www.hktdc.com/event/smartlightingexpo/en/product/1Z03NWFYR; https://www.hktdc.com/event/smartlightingexpo/en/product/1Z03NWFYR; https://www.hktdc.com/event/smartlightingexpo/en/product/1Z03NWGI2; https://www.hktdc.com/event/smartlightingexpo/en/product/1Z03NWGI2; https://www.hktdc.com/event/smartlightingexpo/en/product/1Z03NVJ52; https://www.hktdc.com/event/smartlightingexpo/en/product/1Z03NVJ52
"Shenzhen Bright Lighting Technology Co.,Ltd","Shenzhen Bright Lighting Technology Co.,Ltd",Chinese Mainland,"Shenzhen Bright Lighting Technology Co.,Ltd. was founded in 2009 and is a national high-tech enterprise specializing in LED linear lighting. Adhering to the concept of "" Professional customized, high quality, competitive price, and fast delivery"", we adopts professional and digital management methods and advanced research and production equipment, and is committed to providing customers with high-quality LED cabinet lighting accessories. We has an over 16,000m2 of standard production workshops. It currently has more than 200 employees, including 20 technical person. and has more than 120 sets of advanced production equipment, including 12 sets of fully automatic production lines, and has established a standard optoelectronic laboratory and various testing equipment to ensure the quality and quantity of products delivered to customers. we has passed the ""ISO9001 international quality system certification"" and ""ISO14000 environmental management system"" certification, and some products have also passed CCC, UL, CE and other certifications according to customer requirements. The people of Bright Lighting firmly believe that without quality and credibility, there is no future, and they wholehearte dly provide first-class products and services to customers with ""custom","Shenzhen Bright Lighting Technology Co.,Ltd. was founded in 2009 and is a national high-tech enterprise specializing in LED linear lighting. Adhering to the concept of "" Professional customized, high quality, competitive price, and fast delivery"", we adopts professional and digital management methods and advanced research and production equipment, and is committed to providing customers with high-quality LED cabinet lighting accessories. We has an over 16,000m2 of standard production workshops. It currently has more than 200 employees, including 20 technical person. and has more than 120 sets of advanced production equipment, including 12 sets of fully automatic production lines, and has established a standard optoelectronic laboratory and various testing equipment to ensure the quality and quantity of products delivered to customers. we has passed the ""ISO9001 international quality system certification"" and ""ISO14000 environmental management system"" certification, and some products have also passed CCC, UL, CE and other certifications according to customer requirements. The people of Bright Lighting firmly believe that without quality and credibility, there is no future, and they wholehearte dly provide first-class products and services to customers with ""custom",,Exhibitor,Smart Lighting Expo 2026,1A-B22,Smart Lighting Products & Solutions,Smart Ecosystem and IoT Supply Chain Area,1,,,"Electrical Equipment; 霓虹灯带、低压线性产品、高压灯带、OEM/ODM; ODM, OEM","Electrical Equipment; 霓虹灯带、低压线性产品、高压灯带、OEM/ODM; ODM, OEM",https://www.hktdc.com/event/smartlightingexpo/en/exhibitor/1S005K5OV,40,https://www.hktdc.com/event/smartlightingexpo/en/product/1Z03IV877; https://www.hktdc.com/event/smartlightingexpo/en/product/1Z03IV877; https://www.hktdc.com/event/smartlightingexpo/en/product/1Z03KSBMV; https://www.hktdc.com/event/smartlightingexpo/en/product/1Z03KSBMV; https://www.hktdc.com/event/smartlightingexpo/en/product/1Z03IUEWY; https://www.hktdc.com/event/smartlightingexpo/en/product/1Z03IUEWY; https://www.hktdc.com/event/smartlightingexpo/en/product/1Z03KS5OV; https://www.hktdc.com/event/smartlightingexpo/en/product/1Z03KS5OV; https://www.hktdc.com/event/smartlightingexpo/en/product/1Z03IVOLL; https://www.hktdc.com/event/smartlightingexpo/en/product/1Z03IVOLL; https://www.hktdc.com/event/smartlightingexpo/en/product/1Z03KSK8S; https://www.hktdc.com/event/smartlightingexpo/en/product/1Z03KSK8S; https://www.hktdc.com/event/smartlightingexpo/en/product/1Z03IUUSU; https://www.hktdc.com/event/smartlightingexpo/en/product/1Z03IUUSU; https://www.hktdc.com/event/smartlightingexpo/en/product/1Z03KS41T; https://www.hktdc.com/event/smartlightingexpo/en/product/1Z03KS41T; https://www.hktdc.com/event/smartlightingexpo/en/product/1Z03KS6K6; https://www.hktdc.com/event/smartlightingexpo/en/product/1Z03KS6K6; https://www.hktdc.com/event/smartlightingexpo/en/product/1Z03KRZFS; https://www.hktdc.com/event/smartlightingexpo/en/product/1Z03KRZFS; https://www.hktdc.com/event/smartlightingexpo/en/product/1Z03IVCPL; https://www.hktdc.com/event/smartlightingexpo/en/product/1Z03IVCPL; https://www.hktdc.com/event/smartlightingexpo/en/product/1Z03IVFKX; https://www.hktdc.com/event/smartlightingexpo/en/product/1Z03IVFKX; https://www.hktdc.com/event/smartlightingexpo/en/product/1Z03KSJMN; https://www.hktdc.com/event/smartlightingexpo/en/product/1Z03KSJMN; https://www.hktdc.com/event/smartlightingexpo/en/product/1Z03KSILR; https://www.hktdc.com/event/smartlightingexpo/en/product/1Z03KSILR; https://www.hktdc.com/event/smartlightingexpo/en/product/1Z03IVGT5; https://www.hktdc.com/event/smartlightingexpo/en/product/1Z03IVGT5; https://www.hktdc.com/event/smartlightingexpo/en/product/1Z03KSJYN; https://www.hktdc.com/event/smartlightingexpo/en/product/1Z03KSJYN; https://www.hktdc.com/event/smartlightingexpo/en/product/1Z03KS6SI; https://www.hktdc.com/event/smartlightingexpo/en/product/1Z03KS6SI; https://www.hktdc.com/event/smartlightingexpo/en/product/1X1X7Z30; https://www.hktdc.com/event/smartlightingexpo/en/product/1X1X7Z30; https://www.hktdc.com/event/smartlightingexpo/en/product/1Z03IVP9K; https://www.hktdc.com/event/smartlightingexpo/en/product/1Z03IVP9K; https://www.hktdc.com/event/smartlightingexpo/en/product/1Z03KSBPM; https://www.hktdc.com/event/smartlightingexpo/en/product/1Z03KSBPM
Jiangsu Shenghui Optoelectronic Co Ltd,Jiangsu Shenghui Optoelectronic Co Ltd,Chinese Mainland,"Sensor Light,Street Light,Indoor Lighting,Industrial Lighting","Sensor Light,Street Light,Indoor Lighting,Industrial Lighting",,Exhibitor,Smart Lighting Expo 2026,1A-D02,Smart Lighting Products & Solutions,,1,,,"Sensor Light,Street Light,Indoor Lighting,Industrial Lighting; 投光灯、面板灯、三防灯、路灯、高棚灯; ODM, OEM, OBM","Sensor Light,Street Light,Indoor Lighting,Industrial Lighting; 投光灯、面板灯、三防灯、路灯、高棚灯; ODM, OEM, OBM",https://www.hktdc.com/event/smartlightingexpo/en/exhibitor/1S005JFV0,22,https://www.hktdc.com/event/smartlightingexpo/en/product/1Z03NOLIX; https://www.hktdc.com/event/smartlightingexpo/en/product/1Z03NOLIX; https://www.hktdc.com/event/smartlightingexpo/en/product/1Z03NOLF6; https://www.hktdc.com/event/smartlightingexpo/en/product/1Z03NOLF6; https://www.hktdc.com/event/smartlightingexpo/en/product/1Z03NOLS3; https://www.hktdc.com/event/smartlightingexpo/en/product/1Z03NOLS3; https://www.hktdc.com/event/smartlightingexpo/en/product/1Z03NOLNI; https://www.hktdc.com/event/smartlightingexpo/en/product/1Z03NOLNI; https://www.hktdc.com/event/smartlightingexpo/en/product/1Z03NON0D; https://www.hktdc.com/event/smartlightingexpo/en/product/1Z03NON0D; https://www.hktdc.com/event/smartlightingexpo/en/product/1Z03NON6V; https://www.hktdc.com/event/smartlightingexpo/en/product/1Z03NON6V; https://www.hktdc.com/event/smartlightingexpo/en/product/1Z03NOLWR; https://www.hktdc.com/event/smartlightingexpo/en/product/1Z03NOLWR; https://www.hktdc.com/event/smartlightingexpo/en/product/1Z03NOMNH; https://www.hktdc.com/event/smartlightingexpo/en/product/1Z03NOMNH; https://www.hktdc.com/event/smartlightingexpo/en/product/1Z03NOOE6; https://www.hktdc.com/event/smartlightingexpo/en/product/1Z03NOOE6; https://www.hktdc.com/event/smartlightingexpo/en/product/1Z03NOK44; https://www.hktdc.com/event/smartlightingexpo/en/product/1Z03NOK44; https://www.hktdc.com/event/smartlightingexpo/en/product/1Z03NOKG4; https://www.hktdc.com/event/smartlightingexpo/en/product/1Z03NOKG4
"Shenzhen Goldenlux Co., Ltd","Shenzhen Goldenlux Co., Ltd",Chinese Mainland,"Lighting Accessories & Lamp Parts,LED Bulb,Home Automation System,Power Management System","Lighting Accessories & Lamp Parts,LED Bulb,Home Automation System,Power Management System",,Exhibitor,Smart Lighting Expo 2026,1B-A02,Smart Lighting Products & Solutions,Shenzhen,1,,,"Lighting Accessories & Lamp Parts,LED Bulb,Home Automation System,Power Management System; LED lighting and accessories, LED power supply, LED solar energy lighting, smart home; OEM, OBM","Lighting Accessories & Lamp Parts,LED Bulb,Home Automation System,Power Management System; LED lighting and accessories, LED power supply, LED solar energy lighting, smart home; OEM, OBM",https://www.hktdc.com/event/smartlightingexpo/en/exhibitor/1S005JFZO,6,https://www.hktdc.com/event/smartlightingexpo/en/product/1X247B8V; https://www.hktdc.com/event/smartlightingexpo/en/product/1X247B8V; https://www.hktdc.com/event/smartlightingexpo/en/product/1X247B7W; https://www.hktdc.com/event/smartlightingexpo/en/product/1X247B7W; https://www.hktdc.com/event/smartlightingexpo/en/product/1X21GLZA; https://www.hktdc.com/event/smartlightingexpo/en/product/1X21GLZA
"Xuyu Optoelectronics (Shenzhen) Co., Ltd.","Xuyu Optoelectronics (Shenzhen) Co., Ltd.",Chinese Mainland,"Founded in 2011, XUYU Optoelectronics is mainly engaged in the R&D, production and sales business of semiconductor light-emitting functional devices and integrated circuits, and is committed to the design and realization of high-performance spectra for innovative applications. Focusing on innovative applications, XUYU Photoelectric is continuously expanding into the fields of plant illumination, UV curing, UV disinfection and sterilization, infrared security and detection, industrial detection and calibration of optical sensors, visible light communication, integrated circuits, and medical and health care.","Founded in 2011, XUYU Optoelectronics is mainly engaged in the R&D, production and sales business of semiconductor light-emitting functional devices and integrated circuits, and is committed to the design and realization of high-performance spectra for innovative applications. Focusing on innovative applications, XUYU Photoelectric is continuously expanding into the fields of plant illumination, UV curing, UV disinfection and sterilization, infrared security and detection, industrial detection and calibration of optical sensors, visible light communication, integrated circuits, and medical and health care.",,Exhibitor,Smart Lighting Expo 2026,1B-A20,Smart Lighting Products & Solutions,Shenzhen,1,,,"Indoor Lighting,Hospital Lighting,Industrial Lighting; XUYU health full-spectrum device products, product performance both high luminous efficacy, high index, low blue light, high color saturation and fidelity, good spectral continuity and rhythmic effect and other advantages.; OBM","Indoor Lighting,Hospital Lighting,Industrial Lighting; XUYU health full-spectrum device products, product performance both high luminous efficacy, high index, low blue light, high color saturation and fidelity, good spectral continuity and rhythmic effect and other advantages.; OBM",https://www.hktdc.com/event/smartlightingexpo/en/exhibitor/1S005JFXU,0,
"LEDiFUTURE CO., LTD","LEDiFUTURE CO., LTD",Chinese Mainland,"Sensor Light,Architectural Lighting,Emergency & Professional Lighting,Hospital Lighting,Industrial Lighting,Solutions for Senior and Disability","Sensor Light,Architectural Lighting,Emergency & Professional Lighting,Hospital Lighting,Industrial Lighting,Solutions for Senior and Disability",,Exhibitor,Smart Lighting Expo 2026,1A-B08,Smart Lighting Products & Solutions,Smart Ecosystem and IoT Supply Chain Area,1,,,"Sensor Light,Architectural Lighting,Emergency & Professional Lighting,Hospital Lighting,Industrial Lighting,Solutions for Senior and Disability; LED troffer and surface-mounted luminaires with AC slots for school, hospital, office, and other professional applications.; ODM, OEM","Sensor Light,Architectural Lighting,Emergency & Professional Lighting,Hospital Lighting,Industrial Lighting,Solutions for Senior and Disability; LED troffer and surface-mounted luminaires with AC slots for school, hospital, office, and other professional applications.; ODM, OEM",https://www.hktdc.com/event/smartlightingexpo/en/exhibitor/1S005J976,0,
"Bweetech Electronics Technology (Shanghai) Co., Ltd.","Bweetech Electronics Technology (Shanghai) Co., Ltd.",Chinese Mainland,"we have independently developed smart lighting products and solutions that integrate Zigbee & BLE comb and Matter over Thread or Wifi wireless communication technologies to create a comfortable, fun, inspiring and ambient smart lighting space for users.","we have independently developed smart lighting products and solutions that integrate Zigbee & BLE comb and Matter over Thread or Wifi wireless communication technologies to create a comfortable, fun, inspiring and ambient smart lighting space for users.",,Exhibitor,Smart Lighting Expo 2026,1A-B20,Smart Lighting Products & Solutions,Smart Ecosystem and IoT Supply Chain Area,1,,,"Decorative Lamp,LED Bulb,Indoor Lighting,Entertainment Lighting,Home Automation System; we have independently developed smart lighting products and solutions that integrate Zigbee & BLE comb and Matter over Thread or Wifi wireless communication technologies to create a comfortable, fun, inspiring and ambient smart lighting space for use; OBM, OEM, ODM","Decorative Lamp,LED Bulb,Indoor Lighting,Entertainment Lighting,Home Automation System; we have independently developed smart lighting products and solutions that integrate Zigbee & BLE comb and Matter over Thread or Wifi wireless communication technologies to create a comfortable, fun, inspiring and ambient smart lighting space for use; OBM, OEM, ODM",https://www.hktdc.com/event/smartlightingexpo/en/exhibitor/1S005K5NY,0,
"Darkoo Optics(Zhongshan) Co., Ltd","Darkoo Optics(Zhongshan) Co., Ltd",Chinese Mainland,"Darkoo Optics Co., Ltd was established in 2009. We are one of the top LED lighting component manufacturer in the world. We focus on optical design, mould design, high-precision injection and Nano vacuum coating. We could provide quick response and service to customer. Our product are compatible with the global leader of LED manufacturer. We could provide secondary optics solution for the latest LED. We have more than 3,200 standardized products and over 60,000 square meters production base. production base whcih can provide 5 million production capacity per month. We have provided our product and service for more than 60 countries.","Darkoo Optics Co., Ltd was established in 2009. We are one of the top LED lighting component manufacturer in the world. We focus on optical design, mould design, high-precision injection and Nano vacuum coating. We could provide quick response and service to customer. Our product are compatible with the global leader of LED manufacturer. We could provide secondary optics solution for the latest LED. We have more than 3,200 standardized products and over 60,000 square meters production base. production base whcih can provide 5 million production capacity per month. We have provided our product and service for more than 60 countries.",,Exhibitor,Smart Lighting Expo 2026,1A-B18,Smart Lighting Products & Solutions,Smart Ecosystem and IoT Supply Chain Area,1,,,"Street Light,Indoor Lighting,Entertainment Lighting,Hospital Lighting,Industrial Lighting,Retail Lighting,Solar Lights; LED透镜，LED反光杯，光学模具；进口材料，光学设计，模具设计，制作，注塑生产，电镀，性能检测为一体的服务企业; OEM, ODM","Street Light,Indoor Lighting,Entertainment Lighting,Hospital Lighting,Industrial Lighting,Retail Lighting,Solar Lights; LED透镜，LED反光杯，光学模具；进口材料，光学设计，模具设计，制作，注塑生产，电镀，性能检测为一体的服务企业; OEM, ODM",https://www.hktdc.com/event/smartlightingexpo/en/exhibitor/1S005L03R,0,
"Shanghai Shuncom Aiot Co., Ltd.","Shanghai Shuncom Aiot Co., Ltd.",Chinese Mainland,"SHUNCOM was funded in 2004,located in Shanghai Zhangjiang High-tech business Park Shanda World. SHUNCOM has been focusing on the field of wireless communications with Zigbee as the core, and has also expanded other communication technologies such as Wi-Fi, GPRS, 4G, LoRa, NB-IoT, etc. Our solution include modules, IoT devices, gateways, sensors and cloud platform. SHUNCOM is a member or a council member of the following professional organization: Ali ICA Alliance, Zigbee Alliance, LoRaWAN Alliance, China Smart Home Alliance, Edge Computing Industry Alliance, Alliance of Industrial Internet, China Association of Lighting Industry etc. SHUNCOM AIoT build a fully connected intelligent world.","SHUNCOM was funded in 2004,located in Shanghai Zhangjiang High-tech business Park Shanda World. SHUNCOM has been focusing on the field of wireless communications with Zigbee as the core, and has also expanded other communication technologies such as Wi-Fi, GPRS, 4G, LoRa, NB-IoT, etc. Our solution include modules, IoT devices, gateways, sensors and cloud platform. SHUNCOM is a member or a council member of the following professional organization: Ali ICA Alliance, Zigbee Alliance, LoRaWAN Alliance, China Smart Home Alliance, Edge Computing Industry Alliance, Alliance of Industrial Internet, China Association of Lighting Industry etc. SHUNCOM AIoT build a fully connected intelligent world.",,Exhibitor,Smart Lighting Expo 2026,1A-C13,Smart Lighting Products & Solutions,Smart Ecosystem and IoT Supply Chain Area,1,,,"Building Exterior Lighting System,Energy Efficiency Equipment, Product and Solution; Smart lighting control system; OEM, ODM, OBM","Building Exterior Lighting System,Energy Efficiency Equipment, Product and Solution; Smart lighting control system; OEM, ODM, OBM",https://www.hktdc.com/event/smartlightingexpo/en/exhibitor/1S005J983,14,https://www.hktdc.com/event/smartlightingexpo/en/product/1Z03NQFXU; https://www.hktdc.com/event/smartlightingexpo/en/product/1Z03NQFXU; https://www.hktdc.com/event/smartlightingexpo/en/product/1X22JR4N; https://www.hktdc.com/event/smartlightingexpo/en/product/1X22JR4N; https://www.hktdc.com/event/smartlightingexpo/en/product/1X22JR2P; https://www.hktdc.com/event/smartlightingexpo/en/product/1X22JR2P; https://www.hktdc.com/event/smartlightingexpo/en/product/1X22JQZV; https://www.hktdc.com/event/smartlightingexpo/en/product/1X22JQZV; https://www.hktdc.com/event/smartlightingexpo/en/product/1X21DJ2D; https://www.hktdc.com/event/smartlightingexpo/en/product/1X21DJ2D; https://www.hktdc.com/event/smartlightingexpo/en/product/1X21DJ1E; https://www.hktdc.com/event/smartlightingexpo/en/product/1X21DJ1E; https://www.hktdc.com/event/smartlightingexpo/en/product/1X21DJ0F; https://www.hktdc.com/event/smartlightingexpo/en/product/1X21DJ0F
"Shenzhen Jisim Technology Co.,Ltd.","Shenzhen Jisim Technology Co.,Ltd.",Chinese Mainland,"JiSlM, Focus on R&D, manufacturing and sales of intelligent lighting drivers .Established since 2013, JlSlM has served hundreds of lighting customers around the world with highly reliable smart driver products. JSlM constantly pursuit to develop the most up-to-date intelligent drivers to meet with the customer requirements from the lighting industry. Products include smart drivers with various dimming interfaces or communication protocols. such as Triac,0/1-10V.DALl.ZigBee.BLE Mesh. Products are designed, developed and manufactured by our team. Products have passed international certifications, such as ENEC, CE, CB, TUV, UL, FCC, CCC, C-tick. The manufacturing and R&D base is located in Bao'an, Shenzhen. We have a senior R&D team, advanced automated factories and sophisticated inspection equipment, which provide are liable guarantee for product quality.","JiSlM, Focus on R&D, manufacturing and sales of intelligent lighting drivers .Established since 2013, JlSlM has served hundreds of lighting customers around the world with highly reliable smart driver products. JSlM constantly pursuit to develop the most up-to-date intelligent drivers to meet with the customer requirements from the lighting industry. Products include smart drivers with various dimming interfaces or communication protocols. such as Triac,0/1-10V.DALl.ZigBee.BLE Mesh. Products are designed, developed and manufactured by our team. Products have passed international certifications, such as ENEC, CE, CB, TUV, UL, FCC, CCC, C-tick. The manufacturing and R&D base is located in Bao'an, Shenzhen. We have a senior R&D team, advanced automated factories and sophisticated inspection equipment, which provide are liable guarantee for product quality.",,Exhibitor,Smart Lighting Expo 2026,1A-C11,Connected Lighting Technologies,Smart Ecosystem and IoT Supply Chain Area,1,,,LED Driver; 公司拥有全系列LED调光驱动电源产品和服务;公司一直专注于认证调光电源和智能灯光控制系统，获得澳洲SAA、欧盟CE、中国CCC等权威标准认证。公司主营可控硅调光电源、0-10V调光电源、DALI调光电源和2.4G RF调光调色温电源、智能控制系统(JISIM智能照明系统，应用于智能家居别墅照明、酒店灯光工程照明、办公楼宇照明等相关场所。; Others,LED Driver; 公司拥有全系列LED调光驱动电源产品和服务;公司一直专注于认证调光电源和智能灯光控制系统，获得澳洲SAA、欧盟CE、中国CCC等权威标准认证。公司主营可控硅调光电源、0-10V调光电源、DALI调光电源和2.4G RF调光调色温电源、智能控制系统(JISIM智能照明系统，应用于智能家居别墅照明、酒店灯光工程照明、办公楼宇照明等相关场所。; Others,https://www.hktdc.com/event/smartlightingexpo/en/exhibitor/1S005K5PS,40,https://www.hktdc.com/event/smartlightingexpo/en/product/1Z03N10X9; https://www.hktdc.com/event/smartlightingexpo/en/product/1Z03N10X9; https://www.hktdc.com/event/smartlightingexpo/en/product/1Z03LXACQ; https://www.hktdc.com/event/smartlightingexpo/en/product/1Z03LXACQ; https://www.hktdc.com/event/smartlightingexpo/en/product/1Z03MZII0; https://www.hktdc.com/event/smartlightingexpo/en/product/1Z03MZII0; https://www.hktdc.com/event/smartlightingexpo/en/product/1Z03LVUJL; https://www.hktdc.com/event/smartlightingexpo/en/product/1Z03LVUJL; https://www.hktdc.com/event/smartlightingexpo/en/product/1Z03N10EU; https://www.hktdc.com/event/smartlightingexpo/en/product/1Z03N10EU; https://www.hktdc.com/event/smartlightingexpo/en/product/1Z03N1FI3; https://www.hktdc.com/event/smartlightingexpo/en/product/1Z03N1FI3; https://www.hktdc.com/event/smartlightingexpo/en/product/1Z03N10L9; https://www.hktdc.com/event/smartlightingexpo/en/product/1Z03N10L9; https://www.hktdc.com/event/smartlightingexpo/en/product/1Z03MY9QL; https://www.hktdc.com/event/smartlightingexpo/en/product/1Z03MY9QL; https://www.hktdc.com/event/smartlightingexpo/en/product/1Z03N10Y6; https://www.hktdc.com/event/smartlightingexpo/en/product/1Z03N10Y6; https://www.hktdc.com/event/smartlightingexpo/en/product/1Z03N1SSW; https://www.hktdc.com/event/smartlightingexpo/en/product/1Z03N1SSW; https://www.hktdc.com/event/smartlightingexpo/en/product/1Z03N10QU; https://www.hktdc.com/event/smartlightingexpo/en/product/1Z03N10QU; https://www.hktdc.com/event/smartlightingexpo/en/product/1Z03LWSP5; https://www.hktdc.com/event/smartlightingexpo/en/product/1Z03LWSP5; https://www.hktdc.com/event/smartlightingexpo/en/product/1Z03LWT7M; https://www.hktdc.com/event/smartlightingexpo/en/product/1Z03LWT7M; https://www.hktdc.com/event/smartlightingexpo/en/product/1Z03N1HH4; https://www.hktdc.com/event/smartlightingexpo/en/product/1Z03N1HH4; https://www.hktdc.com/event/smartlightingexpo/en/product/1Z03LVUQ0; https://www.hktdc.com/event/smartlightingexpo/en/product/1Z03LVUQ0; https://www.hktdc.com/event/smartlightingexpo/en/product/1Z03N0ZJG; https://www.hktdc.com/event/smartlightingexpo/en/product/1Z03N0ZJG; https://www.hktdc.com/event/smartlightingexpo/en/product/1Z03LX8W4; https://www.hktdc.com/event/smartlightingexpo/en/product/1Z03LX8W4; https://www.hktdc.com/event/smartlightingexpo/en/product/1Z03N0ZY7; https://www.hktdc.com/event/smartlightingexpo/en/product/1Z03N0ZY7; https://www.hktdc.com/event/smartlightingexpo/en/product/1Z03N10O0; https://www.hktdc.com/event/smartlightingexpo/en/product/1Z03N10O0; https://www.hktdc.com/event/smartlightingexpo/en/product/1Z03N1T07; https://www.hktdc.com/event/smartlightingexpo/en/product/1Z03N1T07
"Shenzhen Novbo Technology Co., Ltd.","Shenzhen Novbo Technology Co., Ltd.",Chinese Mainland,"Decorative Lamp,Lighting Accessories & Lamp Parts,Architectural Lighting,Indoor Lighting,Industrial Lighting,Power Management System,Wireless Lighting Management System","Decorative Lamp,Lighting Accessories & Lamp Parts,Architectural Lighting,Indoor Lighting,Industrial Lighting,Power Management System,Wireless Lighting Management System",,Exhibitor,Smart Lighting Expo 2026,1A-B16,Smart Lighting Products & Solutions,Smart Ecosystem and IoT Supply Chain Area,1,,,"Decorative Lamp,Lighting Accessories & Lamp Parts,Architectural Lighting,Indoor Lighting,Industrial Lighting,Power Management System,Wireless Lighting Management System; LED intelligent power supply; ODM, OBM, OEM","Decorative Lamp,Lighting Accessories & Lamp Parts,Architectural Lighting,Indoor Lighting,Industrial Lighting,Power Management System,Wireless Lighting Management System; LED intelligent power supply; ODM, OBM, OEM",https://www.hktdc.com/event/smartlightingexpo/en/exhibitor/1S005K5M1,0,
Zhaga Consortium,Zhaga Consortium,Chinese Mainland,"We are a global lighting-industry organization that aims to standardize interfaces of components for LED luminaires, including LED light engines, LED modules, LED arrays, holders, electronic control gear (LED drivers), connectors and sensing/communication modules.","We are a global lighting-industry organization that aims to standardize interfaces of components for LED luminaires, including LED light engines, LED modules, LED arrays, holders, electronic control gear (LED drivers), connectors and sensing/communication modules.",,Exhibitor,Smart Lighting Expo 2026,1A-C05,Smart Lighting Products & Solutions,Smart Ecosystem and IoT Supply Chain Area,1,,,"Indoor Lighting,Home Automation System; Zhaga standards, Zhaga optical components , connectors; Others","Indoor Lighting,Home Automation System; Zhaga standards, Zhaga optical components , connectors; Others",https://www.hktdc.com/event/smartlightingexpo/en/exhibitor/1S005L6EO,0,
"Quanzhou Smarts Electronic & Technology Co., Ltd.","Quanzhou Smarts Electronic & Technology Co., Ltd.",Chinese Mainland,"Lighting Accessories & Lamp Parts,Light Dimmer,Light Switch,LED Converter,LED Driver,Electrical Wire & Cable","Lighting Accessories & Lamp Parts,Light Dimmer,Light Switch,LED Converter,LED Driver,Electrical Wire & Cable",,Exhibitor,Smart Lighting Expo 2026,1B-A21,Smart Lighting Products & Solutions,,1,,,"Lighting Accessories & Lamp Parts,Light Dimmer,Light Switch,LED Converter,LED Driver,Electrical Wire & Cable; Power supply","Lighting Accessories & Lamp Parts,Light Dimmer,Light Switch,LED Converter,LED Driver,Electrical Wire & Cable; Power supply",https://www.hktdc.com/event/smartlightingexpo/en/exhibitor/1S005K3PU,40,https://www.hktdc.com/event/smartlightingexpo/en/product/1Z03OGKZJ; https://www.hktdc.com/event/smartlightingexpo/en/product/1Z03OGKZJ; https://www.hktdc.com/event/smartlightingexpo/en/product/1Z03OGKXP; https://www.hktdc.com/event/smartlightingexpo/en/product/1Z03OGKXP; https://www.hktdc.com/event/smartlightingexpo/en/product/1Z03OGKJV; https://www.hktdc.com/event/smartlightingexpo/en/product/1Z03OGKJV; https://www.hktdc.com/event/smartlightingexpo/en/product/1Z03OGK1D; https://www.hktdc.com/event/smartlightingexpo/en/product/1Z03OGK1D; https://www.hktdc.com/event/smartlightingexpo/en/product/1Z03OGJ2B; https://www.hktdc.com/event/smartlightingexpo/en/product/1Z03OGJ2B; https://www.hktdc.com/event/smartlightingexpo/en/product/1Z03OGIVX; https://www.hktdc.com/event/smartlightingexpo/en/product/1Z03OGIVX; https://www.hktdc.com/event/smartlightingexpo/en/product/1Z03OGHLS; https://www.hktdc.com/event/smartlightingexpo/en/product/1Z03OGHLS; https://www.hktdc.com/event/smartlightingexpo/en/product/1Z03O3TZA; https://www.hktdc.com/event/smartlightingexpo/en/product/1Z03O3TZA; https://www.hktdc.com/event/smartlightingexpo/en/product/1Z03O37EN; https://www.hktdc.com/event/smartlightingexpo/en/product/1Z03O37EN; https://www.hktdc.com/event/smartlightingexpo/en/product/1Z03O3VKH; https://www.hktdc.com/event/smartlightingexpo/en/product/1Z03O3VKH; https://www.hktdc.com/event/smartlightingexpo/en/product/1Z03O38YY; https://www.hktdc.com/event/smartlightingexpo/en/product/1Z03O38YY; https://www.hktdc.com/event/smartlightingexpo/en/product/1Z03O302U; https://www.hktdc.com/event/smartlightingexpo/en/product/1Z03O302U; https://www.hktdc.com/event/smartlightingexpo/en/product/1Z03O391O; https://www.hktdc.com/event/smartlightingexpo/en/product/1Z03O391O; https://www.hktdc.com/event/smartlightingexpo/en/product/1Z03O38HD; https://www.hktdc.com/event/smartlightingexpo/en/product/1Z03O38HD; https://www.hktdc.com/event/smartlightingexpo/en/product/1Z03O39RI; https://www.hktdc.com/event/smartlightingexpo/en/product/1Z03O39RI; https://www.hktdc.com/event/smartlightingexpo/en/product/1Z03O38J7; https://www.hktdc.com/event/smartlightingexpo/en/product/1Z03O38J7; https://www.hktdc.com/event/smartlightingexpo/en/product/1Z03O38V7; https://www.hktdc.com/event/smartlightingexpo/en/product/1Z03O38V7; https://www.hktdc.com/event/smartlightingexpo/en/product/1Z03O37W5; https://www.hktdc.com/event/smartlightingexpo/en/product/1Z03O37W5; https://www.hktdc.com/event/smartlightingexpo/en/product/1Z03O39EL; https://www.hktdc.com/event/smartlightingexpo/en/product/1Z03O39EL; https://www.hktdc.com/event/smartlightingexpo/en/product/1Z03O38RJ; https://www.hktdc.com/event/smartlightingexpo/en/product/1Z03O38RJ
"Bright Sky Electronics Co., Ltd.","Bright Sky Electronics Co., Ltd.",Chinese Mainland,"Bright Sky Electronics co., LTD, established in 2007, is a professional manufacturer engaged in the research, development, production, sale and service of outdoor led light,mood led light and slilicone led light. We are located in Dongguan with convenient transportation access. Dedicated to strict quality control and thoughtful customer service, our experienced staff members are always available to discuss your requirements and ensure full customer satisfaction. In recent years, our company has introduced a series of advanced equipment for high quality needs. In addition, we have obtained SGS/CE/RoHS/FCC/ EMC/LVD/UL/PSE certificates. Selling well in all cities and provinces around China, our products are also exported to clients in such countries and regions as Europe and North America. We also welcome OEM and ODM orders. Whether selecting a current product from our catalog or seeking engineering assistance for your application, you can talk to our customer service center about your sourcing requirements","Bright Sky Electronics co., LTD, established in 2007, is a professional manufacturer engaged in the research, development, production, sale and service of outdoor led light,mood led light and slilicone led light. We are located in Dongguan with convenient transportation access. Dedicated to strict quality control and thoughtful customer service, our experienced staff members are always available to discuss your requirements and ensure full customer satisfaction. In recent years, our company has introduced a series of advanced equipment for high quality needs. In addition, we have obtained SGS/CE/RoHS/FCC/ EMC/LVD/UL/PSE certificates. Selling well in all cities and provinces around China, our products are also exported to clients in such countries and regions as Europe and North America. We also welcome OEM and ODM orders. Whether selecting a current product from our catalog or seeking engineering assistance for your application, you can talk to our customer service center about your sourcing requirements",,Exhibitor,Smart Lighting Expo 2026,1B-G07,Smart Lighting Products & Solutions,Cantonese Business Go Global,1,,,"Decorative Lamp,Sensor Light,PAR Bulb,Light Switch,LED Bulb,Indoor Lighting,Entertainment Lighting,Home Automation System,Power Management System,Lighting Distribution System; LED Night Light, LED Desk Lamp, LED Solar Light, Projection Lamp,LED Table Lamp,LED Candle Lights,LED Lantern,LED Smart Lamp,LED Christamas Light,LED Gifts,LED Deco Lamp; ODM, Others, OBM, OEM","Decorative Lamp,Sensor Light,PAR Bulb,Light Switch,LED Bulb,Indoor Lighting,Entertainment Lighting,Home Automation System,Power Management System,Lighting Distribution System; LED Night Light, LED Desk Lamp, LED Solar Light, Projection Lamp,LED Table Lamp,LED Candle Lights,LED Lantern,LED Smart Lamp,LED Christamas Light,LED Gifts,LED Deco Lamp; ODM, Others, OBM, OEM",https://www.hktdc.com/event/smartlightingexpo/en/exhibitor/1S005KB9Y,40,https://www.hktdc.com/event/smartlightingexpo/en/product/1Z03OFH61; https://www.hktdc.com/event/smartlightingexpo/en/product/1Z03OFH61; https://www.hktdc.com/event/smartlightingexpo/en/product/1Z03OFF3C; https://www.hktdc.com/event/smartlightingexpo/en/product/1Z03OFF3C; https://www.hktdc.com/event/smartlightingexpo/en/product/1Z03ODWD1; https://www.hktdc.com/event/smartlightingexpo/en/product/1Z03ODWD1; https://www.hktdc.com/event/smartlightingexpo/en/product/1Z03ODVWH; https://www.hktdc.com/event/smartlightingexpo/en/product/1Z03ODVWH; https://www.hktdc.com/event/smartlightingexpo/en/product/1Z03ODU3X; https://www.hktdc.com/event/smartlightingexpo/en/product/1Z03ODU3X; https://www.hktdc.com/event/smartlightingexpo/en/product/1Z03ODT7M; https://www.hktdc.com/event/smartlightingexpo/en/product/1Z03ODT7M; https://www.hktdc.com/event/smartlightingexpo/en/product/1Z03ODT5S; https://www.hktdc.com/event/smartlightingexpo/en/product/1Z03ODT5S; https://www.hktdc.com/event/smartlightingexpo/en/product/1Z03ODRP6; https://www.hktdc.com/event/smartlightingexpo/en/product/1Z03ODRP6; https://www.hktdc.com/event/smartlightingexpo/en/product/1Z03ODRE3; https://www.hktdc.com/event/smartlightingexpo/en/product/1Z03ODRE3; https://www.hktdc.com/event/smartlightingexpo/en/product/1Z03OB7IB; https://www.hktdc.com/event/smartlightingexpo/en/product/1Z03OB7IB; https://www.hktdc.com/event/smartlightingexpo/en/product/1Z03OBV12; https://www.hktdc.com/event/smartlightingexpo/en/product/1Z03OBV12; https://www.hktdc.com/event/smartlightingexpo/en/product/1Z03OB7J8; https://www.hktdc.com/event/smartlightingexpo/en/product/1Z03OB7J8; https://www.hktdc.com/event/smartlightingexpo/en/product/1Z03O8UFX; https://www.hktdc.com/event/smartlightingexpo/en/product/1Z03O8UFX; https://www.hktdc.com/event/smartlightingexpo/en/product/1Z03O8U20; https://www.hktdc.com/event/smartlightingexpo/en/product/1Z03O8U20; https://www.hktdc.com/event/smartlightingexpo/en/product/1Z03O8TYD; https://www.hktdc.com/event/smartlightingexpo/en/product/1Z03O8TYD; https://www.hktdc.com/event/smartlightingexpo/en/product/1Z03O7IVX; https://www.hktdc.com/event/smartlightingexpo/en/product/1Z03O7IVX; https://www.hktdc.com/event/smartlightingexpo/en/product/1Z03O7IKU; https://www.hktdc.com/event/smartlightingexpo/en/product/1Z03O7IKU; https://www.hktdc.com/event/smartlightingexpo/en/product/1Z03O64VB; https://www.hktdc.com/event/smartlightingexpo/en/product/1Z03O64VB; https://www.hktdc.com/event/smartlightingexpo/en/product/1Z03O62KA; https://www.hktdc.com/event/smartlightingexpo/en/product/1Z03O62KA; https://www.hktdc.com/event/smartlightingexpo/en/product/1Z03O5HXS; https://www.hktdc.com/event/smartlightingexpo/en/product/1Z03O5HXS
"Jiangmen Krealux Electrical Appliances Co., Ltd.","Jiangmen Krealux Electrical Appliances Co., Ltd.",Chinese Mainland,"History:30+ years Employees:300+ Construction Area:60,000+ m2 Patents:100+(30+ from America & Germany) Brand:BELEKS Certificates:ISO9001, VDE,UL,CE,CQC,ENEC,KEMA... First in Asia to get VDE approval for terminal strips Advantages: Highly autonomous production capability,the whole(automatic production)process completed in-house. UL & DEKRA certified witness lab,CNAS accredited lab. Smart warehouse, Industry 4.0 production.","History:30+ years Employees:300+ Construction Area:60,000+ m2 Patents:100+(30+ from America & Germany) Brand:BELEKS Certificates:ISO9001, VDE,UL,CE,CQC,ENEC,KEMA... First in Asia to get VDE approval for terminal strips Advantages: Highly autonomous production capability,the whole(automatic production)process completed in-house. UL & DEKRA certified witness lab,CNAS accredited lab. Smart warehouse, Industry 4.0 production.",,Exhibitor,Smart Lighting Expo 2026,1B-C10,Smart Lighting Products & Solutions,Cantonese Business Go Global,1,,,"Lighting Accessories & Lamp Parts; terminal blocks, wire connectors,junction boxes,cord line switches with high quality and competitive prices; OEM, OBM, ODM","Lighting Accessories & Lamp Parts; terminal blocks, wire connectors,junction boxes,cord line switches with high quality and competitive prices; OEM, OBM, ODM",https://www.hktdc.com/event/smartlightingexpo/en/exhibitor/1S005ILVU,26,https://www.hktdc.com/event/smartlightingexpo/en/product/1Z03NLTFY; https://www.hktdc.com/event/smartlightingexpo/en/product/1Z03NLTFY; https://www.hktdc.com/event/smartlightingexpo/en/product/1Z03NLV3W; https://www.hktdc.com/event/smartlightingexpo/en/product/1Z03NLV3W; https://www.hktdc.com/event/smartlightingexpo/en/product/1Z03NKDMT; https://www.hktdc.com/event/smartlightingexpo/en/product/1Z03NKDMT; https://www.hktdc.com/event/smartlightingexpo/en/product/1Z03NKGFB; https://www.hktdc.com/event/smartlightingexpo/en/product/1Z03NKGFB; https://www.hktdc.com/event/smartlightingexpo/en/product/1Z03NKGOK; https://www.hktdc.com/event/smartlightingexpo/en/product/1Z03NKGOK; https://www.hktdc.com/event/smartlightingexpo/en/product/1Z03NKD1K; https://www.hktdc.com/event/smartlightingexpo/en/product/1Z03NKD1K; https://www.hktdc.com/event/smartlightingexpo/en/product/1Z03NKBBS; https://www.hktdc.com/event/smartlightingexpo/en/product/1Z03NKBBS; https://www.hktdc.com/event/smartlightingexpo/en/product/1Z03JZ60U; https://www.hktdc.com/event/smartlightingexpo/en/product/1Z03JZ60U; https://www.hktdc.com/event/smartlightingexpo/en/product/1Z03JZ5ID; https://www.hktdc.com/event/smartlightingexpo/en/product/1Z03JZ5ID; https://www.hktdc.com/event/smartlightingexpo/en/product/1Z03JZ54J; https://www.hktdc.com/event/smartlightingexpo/en/product/1Z03JZ54J; https://www.hktdc.com/event/smartlightingexpo/en/product/1Z03JMZLA; https://www.hktdc.com/event/smartlightingexpo/en/product/1Z03JMZLA; https://www.hktdc.com/event/smartlightingexpo/en/product/1Z03JMXP0; https://www.hktdc.com/event/smartlightingexpo/en/product/1Z03JMXP0; https://www.hktdc.com/event/smartlightingexpo/en/product/1Z03JZ4W8; https://www.hktdc.com/event/smartlightingexpo/en/product/1Z03JZ4W8
"Ningbo Dongxing Electric Co., Ltd.","Ningbo Dongxing Electric Co., Ltd.",Chinese Mainland,"Decorative Lamp,Sensor Light,LED Bulb,Street Light,Indoor Lighting,Emergency & Professional Lighting,Industrial Lighting,Retail Lighting,Home Automation System,Building Exterior Lighting System","Decorative Lamp,Sensor Light,LED Bulb,Street Light,Indoor Lighting,Emergency & Professional Lighting,Industrial Lighting,Retail Lighting,Home Automation System,Building Exterior Lighting System",,Exhibitor,Smart Lighting Expo 2026,1B-G23,Smart Lighting Products & Solutions,,1,,,"Decorative Lamp,Sensor Light,LED Bulb,Street Light,Indoor Lighting,Emergency & Professional Lighting,Industrial Lighting,Retail Lighting,Home Automation System,Building Exterior Lighting System; LED downlight, LED panel light, LED ceiling light; ODM","Decorative Lamp,Sensor Light,LED Bulb,Street Light,Indoor Lighting,Emergency & Professional Lighting,Industrial Lighting,Retail Lighting,Home Automation System,Building Exterior Lighting System; LED downlight, LED panel light, LED ceiling light; ODM",https://www.hktdc.com/event/smartlightingexpo/en/exhibitor/1S005KUN9,40,https://www.hktdc.com/event/smartlightingexpo/en/product/1Z03H86GI; https://www.hktdc.com/event/smartlightingexpo/en/product/1Z03H86GI; https://www.hktdc.com/event/smartlightingexpo/en/product/1Z03EKFDI; https://www.hktdc.com/event/smartlightingexpo/en/product/1Z03EKFDI; https://www.hktdc.com/event/smartlightingexpo/en/product/1X217K1B; https://www.hktdc.com/event/smartlightingexpo/en/product/1X217K1B; https://www.hktdc.com/event/smartlightingexpo/en/product/1X217JZG; https://www.hktdc.com/event/smartlightingexpo/en/product/1X217JZG; https://www.hktdc.com/event/smartlightingexpo/en/product/1X217JYH; https://www.hktdc.com/event/smartlightingexpo/en/product/1X217JYH; https://www.hktdc.com/event/smartlightingexpo/en/product/1Z03H86M0; https://www.hktdc.com/event/smartlightingexpo/en/product/1Z03H86M0; https://www.hktdc.com/event/smartlightingexpo/en/product/1X1XXA15; https://www.hktdc.com/event/smartlightingexpo/en/product/1X1XXA15; https://www.hktdc.com/event/smartlightingexpo/en/product/1X1U0BV8; https://www.hktdc.com/event/smartlightingexpo/en/product/1X1U0BV8; https://www.hktdc.com/event/smartlightingexpo/en/product/1X1U0BU9; https://www.hktdc.com/event/smartlightingexpo/en/product/1X1U0BU9; https://www.hktdc.com/event/smartlightingexpo/en/product/1X1U0BTA; https://www.hktdc.com/event/smartlightingexpo/en/product/1X1U0BTA; https://www.hktdc.com/event/smartlightingexpo/en/product/1X1U0BSB; https://www.hktdc.com/event/smartlightingexpo/en/product/1X1U0BSB; https://www.hktdc.com/event/smartlightingexpo/en/product/1X1U0BRC; https://www.hktdc.com/event/smartlightingexpo/en/product/1X1U0BRC; https://www.hktdc.com/event/smartlightingexpo/en/product/1X1RGJD2; https://www.hktdc.com/event/smartlightingexpo/en/product/1X1RGJD2; https://www.hktdc.com/event/smartlightingexpo/en/product/1X1PE5BA; https://www.hktdc.com/event/smartlightingexpo/en/product/1X1PE5BA; https://www.hktdc.com/event/smartlightingexpo/en/product/1X1LTC5V; https://www.hktdc.com/event/smartlightingexpo/en/product/1X1LTC5V; https://www.hktdc.com/event/smartlightingexpo/en/product/1X1IZWJT; https://www.hktdc.com/event/smartlightingexpo/en/product/1X1IZWJT; https://www.hktdc.com/event/smartlightingexpo/en/product/1X1EX8VH; https://www.hktdc.com/event/smartlightingexpo/en/product/1X1EX8VH; https://www.hktdc.com/event/smartlightingexpo/en/product/1X19D2GE; https://www.hktdc.com/event/smartlightingexpo/en/product/1X19D2GE; https://www.hktdc.com/event/smartlightingexpo/en/product/1X17MX36; https://www.hktdc.com/event/smartlightingexpo/en/product/1X17MX36; https://www.hktdc.com/event/smartlightingexpo/en/product/1Z03EKF63; https://www.hktdc.com/event/smartlightingexpo/en/product/1Z03EKF63
"Beauty (GD) Manufacturing Co., Limited.","Beauty (GD) Manufacturing Co., Limited.",Chinese Mainland,"Decorative Lamp,Indoor Lighting,Emergency & Professional Lighting","Decorative Lamp,Indoor Lighting,Emergency & Professional Lighting",,Exhibitor,Smart Lighting Expo 2026,1B-D17,Smart Lighting Products & Solutions,Cantonese Business Go Global,1,,,"Decorative Lamp,Indoor Lighting,Emergency & Professional Lighting; LED panel light, LED bulb, LED strip, LED floodlight; OEM, ODM, OBM","Decorative Lamp,Indoor Lighting,Emergency & Professional Lighting; LED panel light, LED bulb, LED strip, LED floodlight; OEM, ODM, OBM",https://www.hktdc.com/event/smartlightingexpo/en/exhibitor/1S005KAXZ,40,https://www.hktdc.com/event/smartlightingexpo/en/product/1X1V1ASE; https://www.hktdc.com/event/smartlightingexpo/en/product/1X1V1ASE; https://www.hktdc.com/event/smartlightingexpo/en/product/1X1V1B12; https://www.hktdc.com/event/smartlightingexpo/en/product/1X1V1B12; https://www.hktdc.com/event/smartlightingexpo/en/product/1X1V1AX9; https://www.hktdc.com/event/smartlightingexpo/en/product/1X1V1AX9; https://www.hktdc.com/event/smartlightingexpo/en/product/1X1V1A8Y; https://www.hktdc.com/event/smartlightingexpo/en/product/1X1V1A8Y; https://www.hktdc.com/event/smartlightingexpo/en/product/1X1V1AFR; https://www.hktdc.com/event/smartlightingexpo/en/product/1X1V1AFR; https://www.hktdc.com/event/smartlightingexpo/en/product/1X1V1EL9; https://www.hktdc.com/event/smartlightingexpo/en/product/1X1V1EL9; https://www.hktdc.com/event/smartlightingexpo/en/product/1X1V1BAT; https://www.hktdc.com/event/smartlightingexpo/en/product/1X1V1BAT; https://www.hktdc.com/event/smartlightingexpo/en/product/1X1V1J1E; https://www.hktdc.com/event/smartlightingexpo/en/product/1X1V1J1E; https://www.hktdc.com/event/smartlightingexpo/en/product/1X1V1H1K; https://www.hktdc.com/event/smartlightingexpo/en/product/1X1V1H1K; https://www.hktdc.com/event/smartlightingexpo/en/product/1X1V1HJ2; https://www.hktdc.com/event/smartlightingexpo/en/product/1X1V1HJ2; https://www.hktdc.com/event/smartlightingexpo/en/product/1X1V1HNY; https://www.hktdc.com/event/smartlightingexpo/en/product/1X1V1HNY; https://www.hktdc.com/event/smartlightingexpo/en/product/1X1V1I99; https://www.hktdc.com/event/smartlightingexpo/en/product/1X1V1I99; https://www.hktdc.com/event/smartlightingexpo/en/product/1X1V1GWS; https://www.hktdc.com/event/smartlightingexpo/en/product/1X1V1GWS; https://www.hktdc.com/event/smartlightingexpo/en/product/1X1V1HF6; https://www.hktdc.com/event/smartlightingexpo/en/product/1X1V1HF6; https://www.hktdc.com/event/smartlightingexpo/en/product/1X1V1IOU; https://www.hktdc.com/event/smartlightingexpo/en/product/1X1V1IOU; https://www.hktdc.com/event/smartlightingexpo/en/product/1X1V1BBS; https://www.hktdc.com/event/smartlightingexpo/en/product/1X1V1BBS; https://www.hktdc.com/event/smartlightingexpo/en/product/1X1V1HAB; https://www.hktdc.com/event/smartlightingexpo/en/product/1X1V1HAB; https://www.hktdc.com/event/smartlightingexpo/en/product/1X1V1EO6; https://www.hktdc.com/event/smartlightingexpo/en/product/1X1V1EO6; https://www.hktdc.com/event/smartlightingexpo/en/product/1X1V1BEP; https://www.hktdc.com/event/smartlightingexpo/en/product/1X1V1BEP; https://www.hktdc.com/event/smartlightingexpo/en/product/1X1V1HWP; https://www.hktdc.com/event/smartlightingexpo/en/product/1X1V1HWP
"DDK Tech Elecfacility Yangzhou Co., Ltd.","DDK Tech Elecfacility Yangzhou Co., Ltd.",Chinese Mainland,"Decorative Lamp,Sensor Light,Architectural Lighting,LED Bulb,Street Light,Emergency & Professional Lighting,Industrial Lighting,Retail Lighting,Solar Lights,Lighting Distribution System,Lighting Design Software,Building Exterior Lighting System","Decorative Lamp,Sensor Light,Architectural Lighting,LED Bulb,Street Light,Emergency & Professional Lighting,Industrial Lighting,Retail Lighting,Solar Lights,Lighting Distribution System,Lighting Design Software,Building Exterior Lighting System",,Exhibitor,Smart Lighting Expo 2026,1B-E27,Smart Lighting Products & Solutions,,1,,,"Decorative Lamp,Sensor Light,Architectural Lighting,LED Bulb,Street Light,Emergency & Professional Lighting,Industrial Lighting,Retail Lighting,Solar Lights,Lighting Distribution System,Lighting Design Software,Building Exterior Lighting System; Our company mainly engaged in electrical equipment, indoor and outdoor lighting, outdoor lighting steel poles, aluminum poles, high pole lights, traffic lights, communication poles, power poles, business scope monitoring poles,etc.; OEM","Decorative Lamp,Sensor Light,Architectural Lighting,LED Bulb,Street Light,Emergency & Professional Lighting,Industrial Lighting,Retail Lighting,Solar Lights,Lighting Distribution System,Lighting Design Software,Building Exterior Lighting System; Our company mainly engaged in electrical equipment, indoor and outdoor lighting, outdoor lighting steel poles, aluminum poles, high pole lights, traffic lights, communication poles, power poles, business scope monitoring poles,etc.; OEM",https://www.hktdc.com/event/smartlightingexpo/en/exhibitor/1S005IP5W,22,https://www.hktdc.com/event/smartlightingexpo/en/product/1Z03OQ76B; https://www.hktdc.com/event/smartlightingexpo/en/product/1Z03OQ76B; https://www.hktdc.com/event/smartlightingexpo/en/product/1Z03OQ1M5; https://www.hktdc.com/event/smartlightingexpo/en/product/1Z03OQ1M5; https://www.hktdc.com/event/smartlightingexpo/en/product/1Z03OQ7BW; https://www.hktdc.com/event/smartlightingexpo/en/product/1Z03OQ7BW; https://www.hktdc.com/event/smartlightingexpo/en/product/1Z03OQ62O; https://www.hktdc.com/event/smartlightingexpo/en/product/1Z03OQ62O; https://www.hktdc.com/event/smartlightingexpo/en/product/1Z03OQ6ZX; https://www.hktdc.com/event/smartlightingexpo/en/product/1Z03OQ6ZX; https://www.hktdc.com/event/smartlightingexpo/en/product/1Z03OQ3W9; https://www.hktdc.com/event/smartlightingexpo/en/product/1Z03OQ3W9; https://www.hktdc.com/event/smartlightingexpo/en/product/1Z03OQ3PU; https://www.hktdc.com/event/smartlightingexpo/en/product/1Z03OQ3PU; https://www.hktdc.com/event/smartlightingexpo/en/product/1Z03OQ4VB; https://www.hktdc.com/event/smartlightingexpo/en/product/1Z03OQ4VB; https://www.hktdc.com/event/smartlightingexpo/en/product/1Z03OQ01X; https://www.hktdc.com/event/smartlightingexpo/en/product/1Z03OQ01X; https://www.hktdc.com/event/smartlightingexpo/en/product/1Z03OQ5RM; https://www.hktdc.com/event/smartlightingexpo/en/product/1Z03OQ5RM; https://www.hktdc.com/event/smartlightingexpo/en/product/1Z03OPZVG; https://www.hktdc.com/event/smartlightingexpo/en/product/1Z03OPZVG
"ILamp Technology Co., Ltd","ILamp Technology Co., Ltd",Chinese Mainland,LED Bulb,LED Bulb,,Exhibitor,Smart Lighting Expo 2026,1B-B30,Smart Lighting Products & Solutions,,1,,,LED Bulb; led; OEM,LED Bulb; led; OEM,https://www.hktdc.com/event/smartlightingexpo/en/exhibitor/1S005JO26,40,https://www.hktdc.com/event/smartlightingexpo/en/product/1X24GKDZ; https://www.hktdc.com/event/smartlightingexpo/en/product/1X24GKDZ; https://www.hktdc.com/event/smartlightingexpo/en/product/1X21A7QP; https://www.hktdc.com/event/smartlightingexpo/en/product/1X21A7QP; https://www.hktdc.com/event/smartlightingexpo/en/product/1X21A7PQ; https://www.hktdc.com/event/smartlightingexpo/en/product/1X21A7PQ; https://www.hktdc.com/event/smartlightingexpo/en/product/1X21A7OR; https://www.hktdc.com/event/smartlightingexpo/en/product/1X21A7OR; https://www.hktdc.com/event/smartlightingexpo/en/product/1X1ZOU7B; https://www.hktdc.com/event/smartlightingexpo/en/product/1X1ZOU7B; https://www.hktdc.com/event/smartlightingexpo/en/product/1X1ZOU6C; https://www.hktdc.com/event/smartlightingexpo/en/product/1X1ZOU6C; https://www.hktdc.com/event/smartlightingexpo/en/product/1X1ZOU5D; https://www.hktdc.com/event/smartlightingexpo/en/product/1X1ZOU5D; https://www.hktdc.com/event/smartlightingexpo/en/product/1X1Y4B30; https://www.hktdc.com/event/smartlightingexpo/en/product/1X1Y4B30; https://www.hktdc.com/event/smartlightingexpo/en/product/1X1Y17C3; https://www.hktdc.com/event/smartlightingexpo/en/product/1X1Y17C3; https://www.hktdc.com/event/smartlightingexpo/en/product/1X1W880C; https://www.hktdc.com/event/smartlightingexpo/en/product/1X1W880C; https://www.hktdc.com/event/smartlightingexpo/en/product/1X1W3BY5; https://www.hktdc.com/event/smartlightingexpo/en/product/1X1W3BY5; https://www.hktdc.com/event/smartlightingexpo/en/product/1X1W3BX6; https://www.hktdc.com/event/smartlightingexpo/en/product/1X1W3BX6; https://www.hktdc.com/event/smartlightingexpo/en/product/1X1W3BW7; https://www.hktdc.com/event/smartlightingexpo/en/product/1X1W3BW7; https://www.hktdc.com/event/smartlightingexpo/en/product/1X1U1OHJ; https://www.hktdc.com/event/smartlightingexpo/en/product/1X1U1OHJ; https://www.hktdc.com/event/smartlightingexpo/en/product/1X1TW787; https://www.hktdc.com/event/smartlightingexpo/en/product/1X1TW787; https://www.hktdc.com/event/smartlightingexpo/en/product/1X1T8QFF; https://www.hktdc.com/event/smartlightingexpo/en/product/1X1T8QFF; https://www.hktdc.com/event/smartlightingexpo/en/product/1X1T8QAK; https://www.hktdc.com/event/smartlightingexpo/en/product/1X1T8QAK; https://www.hktdc.com/event/smartlightingexpo/en/product/1X1T8Q8M; https://www.hktdc.com/event/smartlightingexpo/en/product/1X1T8Q8M; https://www.hktdc.com/event/smartlightingexpo/en/product/1X1PPOKG; https://www.hktdc.com/event/smartlightingexpo/en/product/1X1PPOKG; https://www.hktdc.com/event/smartlightingexpo/en/product/1X1PPOJH; https://www.hktdc.com/event/smartlightingexpo/en/product/1X1PPOJH
"Jiangmen JJJ Battery Co., Ltd.","Jiangmen JJJ Battery Co., Ltd.",Chinese Mainland,"Lighting Accessories & Lamp Parts,Emergency & Professional Lighting","Lighting Accessories & Lamp Parts,Emergency & Professional Lighting",,Exhibitor,Smart Lighting Expo 2026,1B-B12,Smart Lighting Products & Solutions,Shenzhen-SZSA Smart Lighting Pavilion,1,,,"Lighting Accessories & Lamp Parts,Emergency & Professional Lighting; Li-ion ,LiFePO4,NiCd,NiMh Rechargeable Battery; OEM, ODM, OBM","Lighting Accessories & Lamp Parts,Emergency & Professional Lighting; Li-ion ,LiFePO4,NiCd,NiMh Rechargeable Battery; OEM, ODM, OBM",https://www.hktdc.com/event/smartlightingexpo/en/exhibitor/1S005J8SG,4,https://www.hktdc.com/event/smartlightingexpo/en/product/1Z03OKP25; https://www.hktdc.com/event/smartlightingexpo/en/product/1Z03OKP25; https://www.hktdc.com/event/smartlightingexpo/en/product/1Z03OK6M0; https://www.hktdc.com/event/smartlightingexpo/en/product/1Z03OK6M0
"Jiangmen MagicPower Electrical Appliances Co., Ltd.","Jiangmen MagicPower Electrical Appliances Co., Ltd.",Chinese Mainland,"Architectural Lighting,LED Bulb,Indoor Lighting,Retail Lighting","Architectural Lighting,LED Bulb,Indoor Lighting,Retail Lighting",,Exhibitor,Smart Lighting Expo 2026,1B-C31,Smart Lighting Products & Solutions,Cantonese Business Go Global,1,,,"Architectural Lighting,LED Bulb,Indoor Lighting,Retail Lighting; Located in Coastal City Jiangmen, Magicpower is one of the leading manufacturers of ceiling fans in Guangdong Province. An R&D team full of innovation and creativity led by our senior engineer in chief from Taiwan energizes us to help our customers; Others","Architectural Lighting,LED Bulb,Indoor Lighting,Retail Lighting; Located in Coastal City Jiangmen, Magicpower is one of the leading manufacturers of ceiling fans in Guangdong Province. An R&D team full of innovation and creativity led by our senior engineer in chief from Taiwan energizes us to help our customers; Others",https://www.hktdc.com/event/smartlightingexpo/en/exhibitor/1S005K3FO,20,https://www.hktdc.com/event/smartlightingexpo/en/product/1Z03ON2HJ; https://www.hktdc.com/event/smartlightingexpo/en/product/1Z03ON2HJ; https://www.hktdc.com/event/smartlightingexpo/en/product/1Z03ON2PV; https://www.hktdc.com/event/smartlightingexpo/en/product/1Z03ON2PV; https://www.hktdc.com/event/smartlightingexpo/en/product/1Z03ONAFH; https://www.hktdc.com/event/smartlightingexpo/en/product/1Z03ONAFH; https://www.hktdc.com/event/smartlightingexpo/en/product/1Z03OOBFG; https://www.hktdc.com/event/smartlightingexpo/en/product/1Z03OOBFG; https://www.hktdc.com/event/smartlightingexpo/en/product/1Z03ONNUV; https://www.hktdc.com/event/smartlightingexpo/en/product/1Z03ONNUV; https://www.hktdc.com/event/smartlightingexpo/en/product/1Z03JKD3E; https://www.hktdc.com/event/smartlightingexpo/en/product/1Z03JKD3E; https://www.hktdc.com/event/smartlightingexpo/en/product/1Z03JKCJ3; https://www.hktdc.com/event/smartlightingexpo/en/product/1Z03JKCJ3; https://www.hktdc.com/event/smartlightingexpo/en/product/1Z03JJY5N; https://www.hktdc.com/event/smartlightingexpo/en/product/1Z03JJY5N; https://www.hktdc.com/event/smartlightingexpo/en/product/1Z03JKCYU; https://www.hktdc.com/event/smartlightingexpo/en/product/1Z03JKCYU; https://www.hktdc.com/event/smartlightingexpo/en/product/1Z03JKCXX; https://www.hktdc.com/event/smartlightingexpo/en/product/1Z03JKCXX
K&C Lighting Technology Limited,K&C Lighting Technology Limited,Chinese Mainland,"Decorative Lamp,Indoor Lighting","Decorative Lamp,Indoor Lighting",,Exhibitor,Smart Lighting Expo 2026,1B-E17,Smart Lighting Products & Solutions,,1,,,"Decorative Lamp,Indoor Lighting; LED Aluminum Profile                                                                  
Casambi Dimming Driver; OEM, ODM","Decorative Lamp,Indoor Lighting; LED Aluminum Profile                                                                  
Casambi Dimming Driver; OEM, ODM",https://www.hktdc.com/event/smartlightingexpo/en/exhibitor/1S005JO0C,40,https://www.hktdc.com/event/smartlightingexpo/en/product/1Z03LVNYJ; https://www.hktdc.com/event/smartlightingexpo/en/product/1Z03LVNYJ; https://www.hktdc.com/event/smartlightingexpo/en/product/1Z03LQ3HI; https://www.hktdc.com/event/smartlightingexpo/en/product/1Z03LQ3HI; https://www.hktdc.com/event/smartlightingexpo/en/product/1Z03MDCK0; https://www.hktdc.com/event/smartlightingexpo/en/product/1Z03MDCK0; https://www.hktdc.com/event/smartlightingexpo/en/product/1Z03LYYDZ; https://www.hktdc.com/event/smartlightingexpo/en/product/1Z03LYYDZ; https://www.hktdc.com/event/smartlightingexpo/en/product/1Z03LQ4QQ; https://www.hktdc.com/event/smartlightingexpo/en/product/1Z03LQ4QQ; https://www.hktdc.com/event/smartlightingexpo/en/product/1Z03LO686; https://www.hktdc.com/event/smartlightingexpo/en/product/1Z03LO686; https://www.hktdc.com/event/smartlightingexpo/en/product/1Z03MGBCP; https://www.hktdc.com/event/smartlightingexpo/en/product/1Z03MGBCP; https://www.hktdc.com/event/smartlightingexpo/en/product/1Z03LOQ24; https://www.hktdc.com/event/smartlightingexpo/en/product/1Z03LOQ24; https://www.hktdc.com/event/smartlightingexpo/en/product/1Z03LSQCA; https://www.hktdc.com/event/smartlightingexpo/en/product/1Z03LSQCA; https://www.hktdc.com/event/smartlightingexpo/en/product/1Z03LOV6N; https://www.hktdc.com/event/smartlightingexpo/en/product/1Z03LOV6N; https://www.hktdc.com/event/smartlightingexpo/en/product/1Z03LQSFZ; https://www.hktdc.com/event/smartlightingexpo/en/product/1Z03LQSFZ; https://www.hktdc.com/event/smartlightingexpo/en/product/1Z03MGAZT; https://www.hktdc.com/event/smartlightingexpo/en/product/1Z03MGAZT; https://www.hktdc.com/event/smartlightingexpo/en/product/1Z03LQ3GL; https://www.hktdc.com/event/smartlightingexpo/en/product/1Z03LQ3GL; https://www.hktdc.com/event/smartlightingexpo/en/product/1Z03LWE4A; https://www.hktdc.com/event/smartlightingexpo/en/product/1Z03LWE4A; https://www.hktdc.com/event/smartlightingexpo/en/product/1Z03MGAGE; https://www.hktdc.com/event/smartlightingexpo/en/product/1Z03MGAGE; https://www.hktdc.com/event/smartlightingexpo/en/product/1Z03MGAJ5; https://www.hktdc.com/event/smartlightingexpo/en/product/1Z03MGAJ5; https://www.hktdc.com/event/smartlightingexpo/en/product/1Z03MGAHB; https://www.hktdc.com/event/smartlightingexpo/en/product/1Z03MGAHB; https://www.hktdc.com/event/smartlightingexpo/en/product/1Z03MDJG5; https://www.hktdc.com/event/smartlightingexpo/en/product/1Z03MDJG5; https://www.hktdc.com/event/smartlightingexpo/en/product/1Z03LSQ8M; https://www.hktdc.com/event/smartlightingexpo/en/product/1Z03LSQ8M; https://www.hktdc.com/event/smartlightingexpo/en/product/1Z03LPM28; https://www.hktdc.com/event/smartlightingexpo/en/product/1Z03LPM28
"Kinglumi Co., Ltd.","Kinglumi Co., Ltd.",Chinese Mainland,"The first company to combine Al technology to LED lighting products, supply with a variety of AI smart lighting fixtures, LD track light, downlight and drivers, enable the fixtures' has its own rain and eyes, make sure all the demonstration are constantly with a prefect performance, suit different objectives with different light spectrum by the fixture automatically.","The first company to combine Al technology to LED lighting products, supply with a variety of AI smart lighting fixtures, LD track light, downlight and drivers, enable the fixtures' has its own rain and eyes, make sure all the demonstration are constantly with a prefect performance, suit different objectives with different light spectrum by the fixture automatically.",,Exhibitor,Smart Lighting Expo 2026,1B-A10,Smart Lighting Products & Solutions,Shenzhen,1,,,"Sensor Light,Light Dimmer,Architectural Lighting,LED Bulb,Indoor Lighting,Retail Lighting,Home Automation System,Lighting Design & Engineering,Wireless Lighting Management System,Energy Efficiency Equipment, Product and Solution; Commercial Lighting, Office Lighting, Residential Lighting, including LED track light, LED downlight system,  and electronic control gear, Al smart lighting, and business boost system for stores and supermarket.; OEM, OBM, ODM","Sensor Light,Light Dimmer,Architectural Lighting,LED Bulb,Indoor Lighting,Retail Lighting,Home Automation System,Lighting Design & Engineering,Wireless Lighting Management System,Energy Efficiency Equipment, Product and Solution; Commercial Lighting, Office Lighting, Residential Lighting, including LED track light, LED downlight system,  and electronic control gear, Al smart lighting, and business boost system for stores and supermarket.; OEM, OBM, ODM",https://www.hktdc.com/event/smartlightingexpo/en/exhibitor/1S005JFWX,40,https://www.hktdc.com/event/smartlightingexpo/en/product/1Z03EJOF3; https://www.hktdc.com/event/smartlightingexpo/en/product/1Z03EJOF3; https://www.hktdc.com/event/smartlightingexpo/en/product/1Z03H84IE; https://www.hktdc.com/event/smartlightingexpo/en/product/1Z03H84IE; https://www.hktdc.com/event/smartlightingexpo/en/product/1Z03HDCPL; https://www.hktdc.com/event/smartlightingexpo/en/product/1Z03HDCPL; https://www.hktdc.com/event/smartlightingexpo/en/product/1Z03IYBOP; https://www.hktdc.com/event/smartlightingexpo/en/product/1Z03IYBOP; https://www.hktdc.com/event/smartlightingexpo/en/product/1Z03HDNCD; https://www.hktdc.com/event/smartlightingexpo/en/product/1Z03HDNCD; https://www.hktdc.com/event/smartlightingexpo/en/product/1Z03HDO40; https://www.hktdc.com/event/smartlightingexpo/en/product/1Z03HDO40; https://www.hktdc.com/event/smartlightingexpo/en/product/1Z03EJLOF; https://www.hktdc.com/event/smartlightingexpo/en/product/1Z03EJLOF; https://www.hktdc.com/event/smartlightingexpo/en/product/1Z03HDVYB; https://www.hktdc.com/event/smartlightingexpo/en/product/1Z03HDVYB; https://www.hktdc.com/event/smartlightingexpo/en/product/1X27CWNP; https://www.hktdc.com/event/smartlightingexpo/en/product/1X27CWNP; https://www.hktdc.com/event/smartlightingexpo/en/product/1X27CW57; https://www.hktdc.com/event/smartlightingexpo/en/product/1X27CW57; https://www.hktdc.com/event/smartlightingexpo/en/product/1X27CVVK; https://www.hktdc.com/event/smartlightingexpo/en/product/1X27CVVK; https://www.hktdc.com/event/smartlightingexpo/en/product/1Z03H8488; https://www.hktdc.com/event/smartlightingexpo/en/product/1Z03H8488; https://www.hktdc.com/event/smartlightingexpo/en/product/1Z03HDKEA; https://www.hktdc.com/event/smartlightingexpo/en/product/1Z03HDKEA; https://www.hktdc.com/event/smartlightingexpo/en/product/1X242JA5; https://www.hktdc.com/event/smartlightingexpo/en/product/1X242JA5; https://www.hktdc.com/event/smartlightingexpo/en/product/1X242J87; https://www.hktdc.com/event/smartlightingexpo/en/product/1X242J87; https://www.hktdc.com/event/smartlightingexpo/en/product/1X218FED; https://www.hktdc.com/event/smartlightingexpo/en/product/1X218FED; https://www.hktdc.com/event/smartlightingexpo/en/product/1X279E8M; https://www.hktdc.com/event/smartlightingexpo/en/product/1X279E8M; https://www.hktdc.com/event/smartlightingexpo/en/product/1X2791ZY; https://www.hktdc.com/event/smartlightingexpo/en/product/1X2791ZY; https://www.hktdc.com/event/smartlightingexpo/en/product/1X2790FL; https://www.hktdc.com/event/smartlightingexpo/en/product/1X2790FL; https://www.hktdc.com/event/smartlightingexpo/en/product/1X278VJW; https://www.hktdc.com/event/smartlightingexpo/en/product/1X278VJW
"Shenzhen Kwor Lighting Technology Co., Ltd.","Shenzhen Kwor Lighting Technology Co., Ltd.",Chinese Mainland,"Decorative Lamp,Indoor Lighting,Retail Lighting","Decorative Lamp,Indoor Lighting,Retail Lighting",,Exhibitor,Smart Lighting Expo 2026,1B-B10,Smart Lighting Products & Solutions,Shenzhen-SZSA Smart Lighting Pavilion,1,,,"Decorative Lamp,Indoor Lighting,Retail Lighting; Wall lamp/Reading light/table light/Floor light/Felt pendant light; OEM, ODM, OBM","Decorative Lamp,Indoor Lighting,Retail Lighting; Wall lamp/Reading light/table light/Floor light/Felt pendant light; OEM, ODM, OBM",https://www.hktdc.com/event/smartlightingexpo/en/exhibitor/1S005IP9K,40,https://www.hktdc.com/event/smartlightingexpo/en/product/1Z03O38QM; https://www.hktdc.com/event/smartlightingexpo/en/product/1Z03O38QM; https://www.hktdc.com/event/smartlightingexpo/en/product/1Z03O39W3; https://www.hktdc.com/event/smartlightingexpo/en/product/1Z03O39W3; https://www.hktdc.com/event/smartlightingexpo/en/product/1Z03O39U9; https://www.hktdc.com/event/smartlightingexpo/en/product/1Z03O39U9; https://www.hktdc.com/event/smartlightingexpo/en/product/1Z03O39TC; https://www.hktdc.com/event/smartlightingexpo/en/product/1Z03O39TC; https://www.hktdc.com/event/smartlightingexpo/en/product/1Z03O39SF; https://www.hktdc.com/event/smartlightingexpo/en/product/1Z03O39SF; https://www.hktdc.com/event/smartlightingexpo/en/product/1Z03O39PO; https://www.hktdc.com/event/smartlightingexpo/en/product/1Z03O39PO; https://www.hktdc.com/event/smartlightingexpo/en/product/1Z03O39L0; https://www.hktdc.com/event/smartlightingexpo/en/product/1Z03O39L0; https://www.hktdc.com/event/smartlightingexpo/en/product/1Z03O39I9; https://www.hktdc.com/event/smartlightingexpo/en/product/1Z03O39I9; https://www.hktdc.com/event/smartlightingexpo/en/product/1Z03O392L; https://www.hktdc.com/event/smartlightingexpo/en/product/1Z03O392L; https://www.hktdc.com/event/smartlightingexpo/en/product/1Z03O390R; https://www.hktdc.com/event/smartlightingexpo/en/product/1Z03O390R; https://www.hktdc.com/event/smartlightingexpo/en/product/1Z03O38SG; https://www.hktdc.com/event/smartlightingexpo/en/product/1Z03O38SG; https://www.hktdc.com/event/smartlightingexpo/en/product/1Z03O38NV; https://www.hktdc.com/event/smartlightingexpo/en/product/1Z03O38NV; https://www.hktdc.com/event/smartlightingexpo/en/product/1Z03O38MY; https://www.hktdc.com/event/smartlightingexpo/en/product/1Z03O38MY; https://www.hktdc.com/event/smartlightingexpo/en/product/1Z03O38K4; https://www.hktdc.com/event/smartlightingexpo/en/product/1Z03O38K4; https://www.hktdc.com/event/smartlightingexpo/en/product/1Z03O38IA; https://www.hktdc.com/event/smartlightingexpo/en/product/1Z03O38IA; https://www.hktdc.com/event/smartlightingexpo/en/product/1Z03O38GG; https://www.hktdc.com/event/smartlightingexpo/en/product/1Z03O38GG; https://www.hktdc.com/event/smartlightingexpo/en/product/1Z03O38DP; https://www.hktdc.com/event/smartlightingexpo/en/product/1Z03O38DP; https://www.hktdc.com/event/smartlightingexpo/en/product/1Z03O37TE; https://www.hktdc.com/event/smartlightingexpo/en/product/1Z03O37TE; https://www.hktdc.com/event/smartlightingexpo/en/product/1Z03O37QN; https://www.hktdc.com/event/smartlightingexpo/en/product/1Z03O37QN; https://www.hktdc.com/event/smartlightingexpo/en/product/1Z03O37IB; https://www.hktdc.com/event/smartlightingexpo/en/product/1Z03O37IB
"Shenzhen Woqinfeng Electronics Co., Ltd.","Shenzhen Woqinfeng Electronics Co., Ltd.",Chinese Mainland,"SHENZHEN WOQINFENG ELECTRONICS CO., LTD. was founded in 2009, is a professional manufacturer that engaged in R & D, production, sales and service of Solar Garden Lights, Solar Wall Lamps, Solar Emergency Camping Lights, L E D Night Lights, U V Sterilization Lamps. Covering an area of 4,000 square meters, we have 6 production lines and 4 aging test lines with monthly capacity of 300,000pcs. We are dedicated to strict quality control and thoughtful customer service; our sales team are always available to discuss your detailed requirements and offer good service. We have obtained C E, RoHS, F C C, P S E, U K C A certificates for the products. We are I S O, B S C I certificated factory with 50 patents. Our products are mainly exported to Europe like France, Spain, Germany, etc. North America like United States, Canada. We offer O E M and O D M service, so please just feel free to contact our sales to discuss your detailed needs, our experienced R & D team could help you work out a good solution. We are always dedicated to manufacturing innovative and unique lighting products for people to make their daily life better. We are on the way to practice our brand faith and commitment to reach a win-win with all customers in the world.","SHENZHEN WOQINFENG ELECTRONICS CO., LTD. was founded in 2009, is a professional manufacturer that engaged in R & D, production, sales and service of Solar Garden Lights, Solar Wall Lamps, Solar Emergency Camping Lights, L E D Night Lights, U V Sterilization Lamps. Covering an area of 4,000 square meters, we have 6 production lines and 4 aging test lines with monthly capacity of 300,000pcs. We are dedicated to strict quality control and thoughtful customer service; our sales team are always available to discuss your detailed requirements and offer good service. We have obtained C E, RoHS, F C C, P S E, U K C A certificates for the products. We are I S O, B S C I certificated factory with 50 patents. Our products are mainly exported to Europe like France, Spain, Germany, etc. North America like United States, Canada. We offer O E M and O D M service, so please just feel free to contact our sales to discuss your detailed needs, our experienced R & D team could help you work out a good solution. We are always dedicated to manufacturing innovative and unique lighting products for people to make their daily life better. We are on the way to practice our brand faith and commitment to reach a win-win with all customers in the world.",,Exhibitor,Smart Lighting Expo 2026,1B-G09,Smart Lighting Products & Solutions,,1,,,"Decorative Lamp,Sensor Light,Indoor Lighting,Emergency & Professional Lighting,Retail Lighting,Solar Lights; We are a professional manufacturer that engaged in R & D, production, sales and service of Solar Garden Lights, Solar Lawn Lights, Solar Wall Lamps, L E D Night Lights, Portable Fan with Lights. We support customization, OEM&ODM.; OEM, ODM","Decorative Lamp,Sensor Light,Indoor Lighting,Emergency & Professional Lighting,Retail Lighting,Solar Lights; We are a professional manufacturer that engaged in R & D, production, sales and service of Solar Garden Lights, Solar Lawn Lights, Solar Wall Lamps, L E D Night Lights, Portable Fan with Lights. We support customization, OEM&ODM.; OEM, ODM",https://www.hktdc.com/event/smartlightingexpo/en/exhibitor/1S005LL50,20,https://www.hktdc.com/event/smartlightingexpo/en/product/1X246XHS; https://www.hktdc.com/event/smartlightingexpo/en/product/1X246XHS; https://www.hktdc.com/event/smartlightingexpo/en/product/1X246XGT; https://www.hktdc.com/event/smartlightingexpo/en/product/1X246XGT; https://www.hktdc.com/event/smartlightingexpo/en/product/1X246XFU; https://www.hktdc.com/event/smartlightingexpo/en/product/1X246XFU; https://www.hktdc.com/event/smartlightingexpo/en/product/1X246XDW; https://www.hktdc.com/event/smartlightingexpo/en/product/1X246XDW; https://www.hktdc.com/event/smartlightingexpo/en/product/1X246XCX; https://www.hktdc.com/event/smartlightingexpo/en/product/1X246XCX; https://www.hktdc.com/event/smartlightingexpo/en/product/1X246XBY; https://www.hktdc.com/event/smartlightingexpo/en/product/1X246XBY; https://www.hktdc.com/event/smartlightingexpo/en/product/1X246XAZ; https://www.hktdc.com/event/smartlightingexpo/en/product/1X246XAZ; https://www.hktdc.com/event/smartlightingexpo/en/product/1X246X90; https://www.hktdc.com/event/smartlightingexpo/en/product/1X246X90; https://www.hktdc.com/event/smartlightingexpo/en/product/1X1UBRVW; https://www.hktdc.com/event/smartlightingexpo/en/product/1X1UBRVW; https://www.hktdc.com/event/smartlightingexpo/en/product/1X1U59SH; https://www.hktdc.com/event/smartlightingexpo/en/product/1X1U59SH
"Xiamen Ecoled Lighting Co., Ltd.","Xiamen Ecoled Lighting Co., Ltd.",Chinese Mainland,Indoor Lighting,Indoor Lighting,,Exhibitor,Smart Lighting Expo 2026,1A-D14,Connected Lighting Technologies,,1,,,"Indoor Lighting; LED Batten Light, LED Waterproof Light; ODM, OEM","Indoor Lighting; LED Batten Light, LED Waterproof Light; ODM, OEM",https://www.hktdc.com/event/smartlightingexpo/en/exhibitor/1S005L04O,40,https://www.hktdc.com/event/smartlightingexpo/en/product/1Z03OHNQ7; https://www.hktdc.com/event/smartlightingexpo/en/product/1Z03OHNQ7; https://www.hktdc.com/event/smartlightingexpo/en/product/1Z03OGO7R; https://www.hktdc.com/event/smartlightingexpo/en/product/1Z03OGO7R; https://www.hktdc.com/event/smartlightingexpo/en/product/1X249AWA; https://www.hktdc.com/event/smartlightingexpo/en/product/1X249AWA; https://www.hktdc.com/event/smartlightingexpo/en/product/1Z03H8V6N; https://www.hktdc.com/event/smartlightingexpo/en/product/1Z03H8V6N; https://www.hktdc.com/event/smartlightingexpo/en/product/1Z03I2Z2V; https://www.hktdc.com/event/smartlightingexpo/en/product/1Z03I2Z2V; https://www.hktdc.com/event/smartlightingexpo/en/product/1Z03H8USU; https://www.hktdc.com/event/smartlightingexpo/en/product/1Z03H8USU; https://www.hktdc.com/event/smartlightingexpo/en/product/1Z03EIIDF; https://www.hktdc.com/event/smartlightingexpo/en/product/1Z03EIIDF; https://www.hktdc.com/event/smartlightingexpo/en/product/1X249AVB; https://www.hktdc.com/event/smartlightingexpo/en/product/1X249AVB; https://www.hktdc.com/event/smartlightingexpo/en/product/1X249AUC; https://www.hktdc.com/event/smartlightingexpo/en/product/1X249AUC; https://www.hktdc.com/event/smartlightingexpo/en/product/1X22VHNY; https://www.hktdc.com/event/smartlightingexpo/en/product/1X22VHNY; https://www.hktdc.com/event/smartlightingexpo/en/product/1X22VHMZ; https://www.hktdc.com/event/smartlightingexpo/en/product/1X22VHMZ; https://www.hktdc.com/event/smartlightingexpo/en/product/1X22VHL0; https://www.hktdc.com/event/smartlightingexpo/en/product/1X22VHL0; https://www.hktdc.com/event/smartlightingexpo/en/product/1X1ZOK1B; https://www.hktdc.com/event/smartlightingexpo/en/product/1X1ZOK1B; https://www.hktdc.com/event/smartlightingexpo/en/product/1X1ZOK0C; https://www.hktdc.com/event/smartlightingexpo/en/product/1X1ZOK0C; https://www.hktdc.com/event/smartlightingexpo/en/product/1X1ZOJZG; https://www.hktdc.com/event/smartlightingexpo/en/product/1X1ZOJZG; https://www.hktdc.com/event/smartlightingexpo/en/product/1X1ZOJYH; https://www.hktdc.com/event/smartlightingexpo/en/product/1X1ZOJYH; https://www.hktdc.com/event/smartlightingexpo/en/product/1X1WVPYZ; https://www.hktdc.com/event/smartlightingexpo/en/product/1X1WVPYZ; https://www.hktdc.com/event/smartlightingexpo/en/product/1X1WVPX0; https://www.hktdc.com/event/smartlightingexpo/en/product/1X1WVPX0; https://www.hktdc.com/event/smartlightingexpo/en/product/1X1VTWMQ; https://www.hktdc.com/event/smartlightingexpo/en/product/1X1VTWMQ; https://www.hktdc.com/event/smartlightingexpo/en/product/1X1VTWLR; https://www.hktdc.com/event/smartlightingexpo/en/product/1X1VTWLR
"Xiamen Tongzhou Electric & Lighting Co., Ltd.","Xiamen Tongzhou Electric & Lighting Co., Ltd.",Chinese Mainland,"- Established in 2003, we are a professional LED lighting factory that accepts custom orders based on provided samples and designs,and can accommodate small orders.","- Established in 2003, we are a professional LED lighting factory that accepts custom orders based on provided samples and designs,and can accommodate small orders.",,Exhibitor,Smart Lighting Expo 2026,1A-E08,Connected Lighting Technologies,,1,,,"Decorative Lamp,Lighting Accessories & Lamp Parts,Indoor Lighting,Home Automation System; - Established in 2003, we are a professional LED lighting factory that accepts custom orders based on provided samples and designs,and can accommodate small orders.Our product range including Ceiling light, Track light and Downlight.; ODM, OEM","Decorative Lamp,Lighting Accessories & Lamp Parts,Indoor Lighting,Home Automation System; - Established in 2003, we are a professional LED lighting factory that accepts custom orders based on provided samples and designs,and can accommodate small orders.Our product range including Ceiling light, Track light and Downlight.; ODM, OEM",https://www.hktdc.com/event/smartlightingexpo/en/exhibitor/1S005IPF2,16,https://www.hktdc.com/event/smartlightingexpo/en/product/1Z03NR8X1; https://www.hktdc.com/event/smartlightingexpo/en/product/1Z03NR8X1; https://www.hktdc.com/event/smartlightingexpo/en/product/1Z03KVJWT; https://www.hktdc.com/event/smartlightingexpo/en/product/1Z03KVJWT; https://www.hktdc.com/event/smartlightingexpo/en/product/1Z03KVONF; https://www.hktdc.com/event/smartlightingexpo/en/product/1Z03KVONF; https://www.hktdc.com/event/smartlightingexpo/en/product/1Z03KWB0P; https://www.hktdc.com/event/smartlightingexpo/en/product/1Z03KWB0P; https://www.hktdc.com/event/smartlightingexpo/en/product/1Z03LXGXT; https://www.hktdc.com/event/smartlightingexpo/en/product/1Z03LXGXT; https://www.hktdc.com/event/smartlightingexpo/en/product/1Z03MZRUR; https://www.hktdc.com/event/smartlightingexpo/en/product/1Z03MZRUR; https://www.hktdc.com/event/smartlightingexpo/en/product/1Z03JUR4X; https://www.hktdc.com/event/smartlightingexpo/en/product/1Z03JUR4X; https://www.hktdc.com/event/smartlightingexpo/en/product/1Z03JV1RQ; https://www.hktdc.com/event/smartlightingexpo/en/product/1Z03JV1RQ
Zhuhai Super Bright New Energy Ltd,Zhuhai Super Bright New Energy Ltd,Chinese Mainland,"LED Bulb,Solar Lights","LED Bulb,Solar Lights",,Exhibitor,Smart Lighting Expo 2026,1A-B09,Smart Lighting Products & Solutions,Cantonese Business Go Global,1,,,"LED Bulb,Solar Lights; Solar Gaden Light/ Solar outdoor light; OEM, ODM","LED Bulb,Solar Lights; Solar Gaden Light/ Solar outdoor light; OEM, ODM",https://www.hktdc.com/event/smartlightingexpo/en/exhibitor/1S005LGMQ,40,https://www.hktdc.com/event/smartlightingexpo/en/product/1Z03I02JD; https://www.hktdc.com/event/smartlightingexpo/en/product/1Z03I02JD; https://www.hktdc.com/event/smartlightingexpo/en/product/1Z03HRBSD; https://www.hktdc.com/event/smartlightingexpo/en/product/1Z03HRBSD; https://www.hktdc.com/event/smartlightingexpo/en/product/1Z03HRBXY; https://www.hktdc.com/event/smartlightingexpo/en/product/1Z03HRBXY; https://www.hktdc.com/event/smartlightingexpo/en/product/1Z03HRBGD; https://www.hktdc.com/event/smartlightingexpo/en/product/1Z03HRBGD; https://www.hktdc.com/event/smartlightingexpo/en/product/1Z03HPRTU; https://www.hktdc.com/event/smartlightingexpo/en/product/1Z03HPRTU; https://www.hktdc.com/event/smartlightingexpo/en/product/1Z03I02OY; https://www.hktdc.com/event/smartlightingexpo/en/product/1Z03I02OY; https://www.hktdc.com/event/smartlightingexpo/en/product/1X1W1BU9; https://www.hktdc.com/event/smartlightingexpo/en/product/1X1W1BU9; https://www.hktdc.com/event/smartlightingexpo/en/product/1X1TVRHA; https://www.hktdc.com/event/smartlightingexpo/en/product/1X1TVRHA; https://www.hktdc.com/event/smartlightingexpo/en/product/1X1PXZJK; https://www.hktdc.com/event/smartlightingexpo/en/product/1X1PXZJK; https://www.hktdc.com/event/smartlightingexpo/en/product/1X1PXZIL; https://www.hktdc.com/event/smartlightingexpo/en/product/1X1PXZIL; https://www.hktdc.com/event/smartlightingexpo/en/product/1X1PXZHM; https://www.hktdc.com/event/smartlightingexpo/en/product/1X1PXZHM; https://www.hktdc.com/event/smartlightingexpo/en/product/1X1PXZGN; https://www.hktdc.com/event/smartlightingexpo/en/product/1X1PXZGN; https://www.hktdc.com/event/smartlightingexpo/en/product/1X1PXZFO; https://www.hktdc.com/event/smartlightingexpo/en/product/1X1PXZFO; https://www.hktdc.com/event/smartlightingexpo/en/product/1X1PXZEP; https://www.hktdc.com/event/smartlightingexpo/en/product/1X1PXZEP; https://www.hktdc.com/event/smartlightingexpo/en/product/1X1PXZDQ; https://www.hktdc.com/event/smartlightingexpo/en/product/1X1PXZDQ; https://www.hktdc.com/event/smartlightingexpo/en/product/1X1PXZCR; https://www.hktdc.com/event/smartlightingexpo/en/product/1X1PXZCR; https://www.hktdc.com/event/smartlightingexpo/en/product/1X1PXZBS; https://www.hktdc.com/event/smartlightingexpo/en/product/1X1PXZBS; https://www.hktdc.com/event/smartlightingexpo/en/product/1X1PMZEP; https://www.hktdc.com/event/smartlightingexpo/en/product/1X1PMZEP; https://www.hktdc.com/event/smartlightingexpo/en/product/1X1PMZ7W; https://www.hktdc.com/event/smartlightingexpo/en/product/1X1PMZ7W; https://www.hktdc.com/event/smartlightingexpo/en/product/1X1PMY60; https://www.hktdc.com/event/smartlightingexpo/en/product/1X1PMY60
Hongkong Jwd Trading Company Limited,Hongkong Jwd Trading Company Limited,Hong Kong,"Indoor Lighting,Home Automation System","Indoor Lighting,Home Automation System",,Exhibitor,Smart Lighting Expo 2026,1A-D11,Smart Lighting Products & Solutions,,1,,,"Indoor Lighting,Home Automation System; Smart Home; OBM, ODM","Indoor Lighting,Home Automation System; Smart Home; OBM, ODM",https://www.hktdc.com/event/smartlightingexpo/en/exhibitor/1S005J8IA,2,https://www.hktdc.com/event/smartlightingexpo/en/product/1Z03NO6RL; https://www.hktdc.com/event/smartlightingexpo/en/product/1Z03NO6RL
Luminoscape Lighting Limited,Luminoscape Lighting Limited,Hong Kong,"Luminoscape is a Hong Kong-based manufacturer specializing in high-end linear lighting solutions for architectural applications. With a state-of-the-art production plant in China, we serve as a trusted ODM and OEM partner for global brands. Our expertise lies in architectural linear lighting, including inground, wall-washing, facade, and flexible linear systems, along with pixel bars and projectors. Dedicated to precision engineering and innovation, we design durable, high-performance lighting solutions that enhance architectural spaces with seamless illumination and visual impact.","Luminoscape is a Hong Kong-based manufacturer specializing in high-end linear lighting solutions for architectural applications. With a state-of-the-art production plant in China, we serve as a trusted ODM and OEM partner for global brands. Our expertise lies in architectural linear lighting, including inground, wall-washing, facade, and flexible linear systems, along with pixel bars and projectors. Dedicated to precision engineering and innovation, we design durable, high-performance lighting solutions that enhance architectural spaces with seamless illumination and visual impact.",,Exhibitor,Smart Lighting Expo 2026,1A-B19,Smart Lighting Products & Solutions,,1,,,"Lighting Design & Engineering,Building Exterior Lighting System; Products: Linear wallwashers, pixel bars, spot projectors,  inground luminaires.
Services:  Professional R&D Service, Testing and QC Services, Custom Datasheet and Brading Supports; OEM, ODM, OBM","Lighting Design & Engineering,Building Exterior Lighting System; Products: Linear wallwashers, pixel bars, spot projectors,  inground luminaires.
Services:  Professional R&D Service, Testing and QC Services, Custom Datasheet and Brading Supports; OEM, ODM, OBM",https://www.hktdc.com/event/smartlightingexpo/en/exhibitor/1S005LB2J,20,https://www.hktdc.com/event/smartlightingexpo/en/product/1Z03OKD8Z; https://www.hktdc.com/event/smartlightingexpo/en/product/1Z03OKD8Z; https://www.hktdc.com/event/smartlightingexpo/en/product/1Z03OKD65; https://www.hktdc.com/event/smartlightingexpo/en/product/1Z03OKD65; https://www.hktdc.com/event/smartlightingexpo/en/product/1Z03NLRC9; https://www.hktdc.com/event/smartlightingexpo/en/product/1Z03NLRC9; https://www.hktdc.com/event/smartlightingexpo/en/product/1Z03OKD4B; https://www.hktdc.com/event/smartlightingexpo/en/product/1Z03OKD4B; https://www.hktdc.com/event/smartlightingexpo/en/product/1Z03NPHS7; https://www.hktdc.com/event/smartlightingexpo/en/product/1Z03NPHS7; https://www.hktdc.com/event/smartlightingexpo/en/product/1Z03NPC1L; https://www.hktdc.com/event/smartlightingexpo/en/product/1Z03NPC1L; https://www.hktdc.com/event/smartlightingexpo/en/product/1Z03NPK6Y; https://www.hktdc.com/event/smartlightingexpo/en/product/1Z03NPK6Y; https://www.hktdc.com/event/smartlightingexpo/en/product/1Z03NPIH3; https://www.hktdc.com/event/smartlightingexpo/en/product/1Z03NPIH3; https://www.hktdc.com/event/smartlightingexpo/en/product/1Z03NP93I; https://www.hktdc.com/event/smartlightingexpo/en/product/1Z03NP93I; https://www.hktdc.com/event/smartlightingexpo/en/product/1Z03NPJ2B; https://www.hktdc.com/event/smartlightingexpo/en/product/1Z03NPJ2B
"A-One LED Lighting Co., Ltd.","A-One LED Lighting Co., Ltd.",Chinese Mainland,LED spot light; Downlight; Track light; Panel light,LED spot light; Downlight; Track light; Panel light,,Exhibitor,Smart Lighting Expo 2026,1B-D23,Smart Lighting Products & Solutions,Cantonese Business Go Global,1,,,"Architectural Lighting,LED Bulb,Indoor Lighting,Retail Lighting,Lighting Distribution System; LED spot light; Downlight; Track light; Panel light; Others","Architectural Lighting,LED Bulb,Indoor Lighting,Retail Lighting,Lighting Distribution System; LED spot light; Downlight; Track light; Panel light; Others",https://www.hktdc.com/event/smartlightingexpo/en/exhibitor/1S005K3IF,40,https://www.hktdc.com/event/smartlightingexpo/en/product/1Z03ORQBD; https://www.hktdc.com/event/smartlightingexpo/en/product/1Z03ORQBD; https://www.hktdc.com/event/smartlightingexpo/en/product/1Z03ORQ7P; https://www.hktdc.com/event/smartlightingexpo/en/product/1Z03ORQ7P; https://www.hktdc.com/event/smartlightingexpo/en/product/1Z03ORQCA; https://www.hktdc.com/event/smartlightingexpo/en/product/1Z03ORQCA; https://www.hktdc.com/event/smartlightingexpo/en/product/1Z03O6XIL; https://www.hktdc.com/event/smartlightingexpo/en/product/1Z03O6XIL; https://www.hktdc.com/event/smartlightingexpo/en/product/1Z03O6YC2; https://www.hktdc.com/event/smartlightingexpo/en/product/1Z03O6YC2; https://www.hktdc.com/event/smartlightingexpo/en/product/1Z03O6XJI; https://www.hktdc.com/event/smartlightingexpo/en/product/1Z03O6XJI; https://www.hktdc.com/event/smartlightingexpo/en/product/1Z03O6YB5; https://www.hktdc.com/event/smartlightingexpo/en/product/1Z03O6YB5; https://www.hktdc.com/event/smartlightingexpo/en/product/1Z03O9WXD; https://www.hktdc.com/event/smartlightingexpo/en/product/1Z03O9WXD; https://www.hktdc.com/event/smartlightingexpo/en/product/1Z03O6XN6; https://www.hktdc.com/event/smartlightingexpo/en/product/1Z03O6XN6; https://www.hktdc.com/event/smartlightingexpo/en/product/1Z03O6XKF; https://www.hktdc.com/event/smartlightingexpo/en/product/1Z03O6XKF; https://www.hktdc.com/event/smartlightingexpo/en/product/1Z03O6Y6K; https://www.hktdc.com/event/smartlightingexpo/en/product/1Z03O6Y6K; https://www.hktdc.com/event/smartlightingexpo/en/product/1Z03O6Y3T; https://www.hktdc.com/event/smartlightingexpo/en/product/1Z03O6Y3T; https://www.hktdc.com/event/smartlightingexpo/en/product/1Z03O9WSS; https://www.hktdc.com/event/smartlightingexpo/en/product/1Z03O9WSS; https://www.hktdc.com/event/smartlightingexpo/en/product/1Z03O9WVJ; https://www.hktdc.com/event/smartlightingexpo/en/product/1Z03O9WVJ; https://www.hktdc.com/event/smartlightingexpo/en/product/1Z03O9WUM; https://www.hktdc.com/event/smartlightingexpo/en/product/1Z03O9WUM; https://www.hktdc.com/event/smartlightingexpo/en/product/1Z03O9WZ7; https://www.hktdc.com/event/smartlightingexpo/en/product/1Z03O9WZ7; https://www.hktdc.com/event/smartlightingexpo/en/product/1Z03O9WQY; https://www.hktdc.com/event/smartlightingexpo/en/product/1Z03O9WQY; https://www.hktdc.com/event/smartlightingexpo/en/product/1Z03O9WYA; https://www.hktdc.com/event/smartlightingexpo/en/product/1Z03O9WYA; https://www.hktdc.com/event/smartlightingexpo/en/product/1Z03OH3DU; https://www.hktdc.com/event/smartlightingexpo/en/product/1Z03OH3DU; https://www.hktdc.com/event/smartlightingexpo/en/product/1Z03OH3CX; https://www.hktdc.com/event/smartlightingexpo/en/product/1Z03OH3CX
"BaoRun Lighting Group Co., Ltd.","BaoRun Lighting Group Co., Ltd.",Chinese Mainland,"Baorun Lighting Group Co., Ltd. is one of the most professional & large-scale solar street light manufacturers & suppliers in China, which has been committed to the production, R & D and sales of outdoor LED street lights over 15 years, including various kinds of street light poles, solar panels, traffic lights, LED street lights, high mast lights, solar street lights, solar pump systems and distributed roof or ground mounting off-grid or grid-connected solar power systems, solar batteries, controllers & inverters, etc. In recent years, we have passed ISO9001,CE,ROHS,TUV,IEC,CCC and other international certifications. In addition to a large share of the domestic market, our products have been exported to more than 160 countries or regions such as Southeast Asia, Middle East, Eastern Europe, Africa, Latin America, etc.","Baorun Lighting Group Co., Ltd. is one of the most professional & large-scale solar street light manufacturers & suppliers in China, which has been committed to the production, R & D and sales of outdoor LED street lights over 15 years, including various kinds of street light poles, solar panels, traffic lights, LED street lights, high mast lights, solar street lights, solar pump systems and distributed roof or ground mounting off-grid or grid-connected solar power systems, solar batteries, controllers & inverters, etc. In recent years, we have passed ISO9001,CE,ROHS,TUV,IEC,CCC and other international certifications. In addition to a large share of the domestic market, our products have been exported to more than 160 countries or regions such as Southeast Asia, Middle East, Eastern Europe, Africa, Latin America, etc.",,Exhibitor,Smart Lighting Expo 2026,1B-E23,Smart Lighting Products & Solutions,,1,,,"Street Light,Solar Lights,Building Exterior Lighting System; Solar Street Lights, LED street lights, Traffic Lights, High Mast lights, Street Light Poles and Smart Street Lights; ODM, OEM","Street Light,Solar Lights,Building Exterior Lighting System; Solar Street Lights, LED street lights, Traffic Lights, High Mast lights, Street Light Poles and Smart Street Lights; ODM, OEM",https://www.hktdc.com/event/smartlightingexpo/en/exhibitor/1S005IP4Z,0,
"Guang Dong Ho So Lighting Co., Ltd","Guang Dong Ho So Lighting Co., Ltd",Chinese Mainland,Indoor Lighting,Indoor Lighting,,Exhibitor,Smart Lighting Expo 2026,1A-F19,Connected Lighting Technologies,Cantonese Business Go Global,1,,,"Indoor Lighting; we are a professional panel light factory which established more than 10 years. W have a  variety of panel lights such as:ETL slim panel light,framless panel light,plastic panel light. Wit ETL CE CB FCC certificates etc.the products are good quality; OEM, ODM","Indoor Lighting; we are a professional panel light factory which established more than 10 years. W have a  variety of panel lights such as:ETL slim panel light,framless panel light,plastic panel light. Wit ETL CE CB FCC certificates etc.the products are good quality; OEM, ODM",https://www.hktdc.com/event/smartlightingexpo/en/exhibitor/1S005K3B0,2,https://www.hktdc.com/event/smartlightingexpo/en/product/1X24B04W; https://www.hktdc.com/event/smartlightingexpo/en/product/1X24B04W
"MOONS' Electric (Taicang) Co., Ltd","MOONS' Electric (Taicang) Co., Ltd",Chinese Mainland,"Architectural Lighting,Street Light,Indoor Lighting,Emergency & Professional Lighting,Entertainment Lighting,Hospital Lighting,Industrial Lighting,Retail Lighting,Home Automation System,Electrical Wire & Cable,Business Management & Consultancy Services,Building Exterior Lighting System","Architectural Lighting,Street Light,Indoor Lighting,Emergency & Professional Lighting,Entertainment Lighting,Hospital Lighting,Industrial Lighting,Retail Lighting,Home Automation System,Electrical Wire & Cable,Business Management & Consultancy Services,Building Exterior Lighting System",,Exhibitor,Smart Lighting Expo 2026,1A-F24,Smart Lighting Products & Solutions,,1,,,"Architectural Lighting,Street Light,Indoor Lighting,Emergency & Professional Lighting,Entertainment Lighting,Hospital Lighting,Industrial Lighting,Retail Lighting,Home Automation System,Electrical Wire & Cable,Business Management & Consultancy Services,Building Exterior Lighting System; Intelligent LED Driver, Explosion-proof LED Driver, Emergency LED Driver, High Power LED Driver, Intelligent Lighting Control Solutions: Road & Street, Tunnel, Industry, Sports Applications. Motorized Lighting Solutions.; ODM, OBM","Architectural Lighting,Street Light,Indoor Lighting,Emergency & Professional Lighting,Entertainment Lighting,Hospital Lighting,Industrial Lighting,Retail Lighting,Home Automation System,Electrical Wire & Cable,Business Management & Consultancy Services,Building Exterior Lighting System; Intelligent LED Driver, Explosion-proof LED Driver, Emergency LED Driver, High Power LED Driver, Intelligent Lighting Control Solutions: Road & Street, Tunnel, Industry, Sports Applications. Motorized Lighting Solutions.; ODM, OBM",https://www.hktdc.com/event/smartlightingexpo/en/exhibitor/1S005KB5A,0,
Mexcel Ltd.,Mexcel Ltd.,Chinese Mainland,"Established in 2006, Mexcel is a leading manufacturer of emergency lighting in China. Located in Torch Development Zone of the industrial city Zhongshan, Mexcel is only minutes away from Zhongshan port and Zhongshan passenger port. It takes 1,5h by boat from Kowloon, 1h from Hong Kong International Airport. Since our establishment we have being focusing on western European markets such as Germany, Austria, Switzerland and UK. Our know-how, service and attention to detail have earned us trust from our partners in these markets. Mexcel aims to provide the highest possible quality to make our life safer.","Established in 2006, Mexcel is a leading manufacturer of emergency lighting in China. Located in Torch Development Zone of the industrial city Zhongshan, Mexcel is only minutes away from Zhongshan port and Zhongshan passenger port. It takes 1,5h by boat from Kowloon, 1h from Hong Kong International Airport. Since our establishment we have being focusing on western European markets such as Germany, Austria, Switzerland and UK. Our know-how, service and attention to detail have earned us trust from our partners in these markets. Mexcel aims to provide the highest possible quality to make our life safer.",,Exhibitor,Smart Lighting Expo 2026,1A-F23,Connected Lighting Technologies,Cantonese Business Go Global,1,,,"Indoor Lighting,Emergency & Professional Lighting; Emergency luminaire, emergency exit sign, emergency conversion kit.; OEM","Indoor Lighting,Emergency & Professional Lighting; Emergency luminaire, emergency exit sign, emergency conversion kit.; OEM",https://www.hktdc.com/event/smartlightingexpo/en/exhibitor/1S005JILR,16,https://www.hktdc.com/event/smartlightingexpo/en/product/1X2448QM; https://www.hktdc.com/event/smartlightingexpo/en/product/1X2448QM; https://www.hktdc.com/event/smartlightingexpo/en/product/1X21F38J; https://www.hktdc.com/event/smartlightingexpo/en/product/1X21F38J; https://www.hktdc.com/event/smartlightingexpo/en/product/1X21F37K; https://www.hktdc.com/event/smartlightingexpo/en/product/1X21F37K; https://www.hktdc.com/event/smartlightingexpo/en/product/1X21F36L; https://www.hktdc.com/event/smartlightingexpo/en/product/1X21F36L; https://www.hktdc.com/event/smartlightingexpo/en/product/1X21F35M; https://www.hktdc.com/event/smartlightingexpo/en/product/1X21F35M; https://www.hktdc.com/event/smartlightingexpo/en/product/1X21F34N; https://www.hktdc.com/event/smartlightingexpo/en/product/1X21F34N; https://www.hktdc.com/event/smartlightingexpo/en/product/1X21F33O; https://www.hktdc.com/event/smartlightingexpo/en/product/1X21F33O; https://www.hktdc.com/event/smartlightingexpo/en/product/1X21F32P; https://www.hktdc.com/event/smartlightingexpo/en/product/1X21F32P
"Ningbo L-Star Lighting Co., Ltd.","Ningbo L-Star Lighting Co., Ltd.",Chinese Mainland,"Ningbo L-STAR Lighting Science & Technology Co., Ltd. is a integrated enterprise which specializes in developing, producing and selling LED lighting products and providing professional solutions for tender. Our products include street lights, garden lights, tunnel lights, floodlights, High bay lights and so on. L-STAR has passed the ISO9001, 14001, 45001 and 50001 management system certification and have been appraised as a national high-tech enterprise, Ningbo engineering (technology) center, cooperation base of Zhejiang University Photoelectric College. From the beginning of its establishment, we keeps a dedicated, professional and excellence working attitude, producing the high quality LED lighting products as the developing direction . The company sets up a professional engineering team which includes appearance design, structural design, optical design, electronic design, strict and pragmatic quality control team, and well-trained production team. From products development, mould design, die casting, hardware, spraying, PCB to the whole lamp assembly, the complete development and production chain is the basis to ensure the high capacity, high efficiency and high quality of L-STAR lighting products. L-STAR has first-class laboratories such as Spectral analysis","Ningbo L-STAR Lighting Science & Technology Co., Ltd. is a integrated enterprise which specializes in developing, producing and selling LED lighting products and providing professional solutions for tender. Our products include street lights, garden lights, tunnel lights, floodlights, High bay lights and so on. L-STAR has passed the ISO9001, 14001, 45001 and 50001 management system certification and have been appraised as a national high-tech enterprise, Ningbo engineering (technology) center, cooperation base of Zhejiang University Photoelectric College. From the beginning of its establishment, we keeps a dedicated, professional and excellence working attitude, producing the high quality LED lighting products as the developing direction . The company sets up a professional engineering team which includes appearance design, structural design, optical design, electronic design, strict and pragmatic quality control team, and well-trained production team. From products development, mould design, die casting, hardware, spraying, PCB to the whole lamp assembly, the complete development and production chain is the basis to ensure the high capacity, high efficiency and high quality of L-STAR lighting products. L-STAR has first-class laboratories such as Spectral analysis",,Exhibitor,Smart Lighting Expo 2026,1B-B24,Smart Lighting Products & Solutions,,1,,,"Architectural Lighting,Street Light,Retail Lighting,Solar Lights,Building Exterior Lighting System; product series are street light, garden light, highbay light, flood light and solar light. All the products with CE, RoHS certificates, 5 years warranty, no MOQ. especially street light has CB, ENEC,EENEC+ certificates and ISO system; OEM, ODM","Architectural Lighting,Street Light,Retail Lighting,Solar Lights,Building Exterior Lighting System; product series are street light, garden light, highbay light, flood light and solar light. All the products with CE, RoHS certificates, 5 years warranty, no MOQ. especially street light has CB, ENEC,EENEC+ certificates and ISO system; OEM, ODM",https://www.hktdc.com/event/smartlightingexpo/en/exhibitor/1S005ILYL,40,https://www.hktdc.com/event/smartlightingexpo/en/product/1Z03NR785; https://www.hktdc.com/event/smartlightingexpo/en/product/1Z03NR785; https://www.hktdc.com/event/smartlightingexpo/en/product/1Z03NR93I; https://www.hktdc.com/event/smartlightingexpo/en/product/1Z03NR93I; https://www.hktdc.com/event/smartlightingexpo/en/product/1Z03NRBK1; https://www.hktdc.com/event/smartlightingexpo/en/product/1Z03NRBK1; https://www.hktdc.com/event/smartlightingexpo/en/product/1Z03NR6TF; https://www.hktdc.com/event/smartlightingexpo/en/product/1Z03NR6TF; https://www.hktdc.com/event/smartlightingexpo/en/product/1Z03NRBXY; https://www.hktdc.com/event/smartlightingexpo/en/product/1Z03NRBXY; https://www.hktdc.com/event/smartlightingexpo/en/product/1Z03NR7FK; https://www.hktdc.com/event/smartlightingexpo/en/product/1Z03NR7FK; https://www.hktdc.com/event/smartlightingexpo/en/product/1Z03NRD65; https://www.hktdc.com/event/smartlightingexpo/en/product/1Z03NRD65; https://www.hktdc.com/event/smartlightingexpo/en/product/1Z03NRDAT; https://www.hktdc.com/event/smartlightingexpo/en/product/1Z03NRDAT; https://www.hktdc.com/event/smartlightingexpo/en/product/1Z03NR8OS; https://www.hktdc.com/event/smartlightingexpo/en/product/1Z03NR8OS; https://www.hktdc.com/event/smartlightingexpo/en/product/1Z03NR7NW; https://www.hktdc.com/event/smartlightingexpo/en/product/1Z03NR7NW; https://www.hktdc.com/event/smartlightingexpo/en/product/1Z03NRC1L; https://www.hktdc.com/event/smartlightingexpo/en/product/1Z03NRC1L; https://www.hktdc.com/event/smartlightingexpo/en/product/1Z03NR7EN; https://www.hktdc.com/event/smartlightingexpo/en/product/1Z03NR7EN; https://www.hktdc.com/event/smartlightingexpo/en/product/1Z03NRBGD; https://www.hktdc.com/event/smartlightingexpo/en/product/1Z03NRBGD; https://www.hktdc.com/event/smartlightingexpo/en/product/1Z03NRCPL; https://www.hktdc.com/event/smartlightingexpo/en/product/1Z03NRCPL; https://www.hktdc.com/event/smartlightingexpo/en/product/1Z03NRCYU; https://www.hktdc.com/event/smartlightingexpo/en/product/1Z03NRCYU; https://www.hktdc.com/event/smartlightingexpo/en/product/1Z03NRBYV; https://www.hktdc.com/event/smartlightingexpo/en/product/1Z03NRBYV; https://www.hktdc.com/event/smartlightingexpo/en/product/1Z03NR8QM; https://www.hktdc.com/event/smartlightingexpo/en/product/1Z03NR8QM; https://www.hktdc.com/event/smartlightingexpo/en/product/1Z03NR7PQ; https://www.hktdc.com/event/smartlightingexpo/en/product/1Z03NR7PQ; https://www.hktdc.com/event/smartlightingexpo/en/product/1Z03NRBW1; https://www.hktdc.com/event/smartlightingexpo/en/product/1Z03NRBW1; https://www.hktdc.com/event/smartlightingexpo/en/product/1Z03NR94F; https://www.hktdc.com/event/smartlightingexpo/en/product/1Z03NR94F
"ROSTON PHOTOELECTRIC TECHNOLOGY CO., LTD.","ROSTON PHOTOELECTRIC TECHNOLOGY CO., LTD.",Chinese Mainland,"Roston Photoelectric Technology Co., Ltd is an ODM& OEM manufacturer that specializes in LED lighting products such as ceiling lights, ceiling fan. It was originally founded in Zhongshan 2012, and relocated to Jiangmen in 2016 due to scaling up monthly production of over 1 million pcs ceiling lamps. In 2022, despite the challenging market conditions, Roston started to build its new smart LED factory zone, covering an area of 79,000 sqm, and achieved a yearly revenue of over 22 million USD. Over the years, serving brands such as LEDVANCE, TCL, YEELIGHT, OPPLE, NVC, CHINT, DELIXI, MICOE, Roston has been focusing on researching and developing, optimizing supply chain as well as quality management system. Roston is striving to offer the best quality yet cost-friendly LED lighting products that exceed clients' expectations. Up to now, Roston has obtained around 70 patents, ISO 9001 certification and also a series of both domestic and international certifications, including CCC, CQC, CB, CE & RoHS.","Roston Photoelectric Technology Co., Ltd is an ODM& OEM manufacturer that specializes in LED lighting products such as ceiling lights, ceiling fan. It was originally founded in Zhongshan 2012, and relocated to Jiangmen in 2016 due to scaling up monthly production of over 1 million pcs ceiling lamps. In 2022, despite the challenging market conditions, Roston started to build its new smart LED factory zone, covering an area of 79,000 sqm, and achieved a yearly revenue of over 22 million USD. Over the years, serving brands such as LEDVANCE, TCL, YEELIGHT, OPPLE, NVC, CHINT, DELIXI, MICOE, Roston has been focusing on researching and developing, optimizing supply chain as well as quality management system. Roston is striving to offer the best quality yet cost-friendly LED lighting products that exceed clients' expectations. Up to now, Roston has obtained around 70 patents, ISO 9001 certification and also a series of both domestic and international certifications, including CCC, CQC, CB, CE & RoHS.",,Exhibitor,Smart Lighting Expo 2026,1B-C23,Smart Lighting Products & Solutions,Cantonese Business Go Global,1,,,"Indoor Lighting; ceiling light, ceiling fan, ceiling lamp, bedroom lamp, tri-proof light, tri-proof lamp; OEM, ODM","Indoor Lighting; ceiling light, ceiling fan, ceiling lamp, bedroom lamp, tri-proof light, tri-proof lamp; OEM, ODM",https://www.hktdc.com/event/smartlightingexpo/en/exhibitor/1S005J93I,0,
Shenzhen GK Lighting Company Limited,Shenzhen GK Lighting Company Limited,Chinese Mainland,"Founded in 2010,Shenzhen GK Lighting CO.,LTD.Is a National High-tech enterprise specializes in the design and manufacturing of innovative LED decorative lighting,LED sign cabinet lighting.Over years,by offering OEM,ODM,customization solutions,we have helped our customers from more than 60 countries make great success with their projects.We appreciate customers' overwhelming positive recognition.","Founded in 2010,Shenzhen GK Lighting CO.,LTD.Is a National High-tech enterprise specializes in the design and manufacturing of innovative LED decorative lighting,LED sign cabinet lighting.Over years,by offering OEM,ODM,customization solutions,we have helped our customers from more than 60 countries make great success with their projects.We appreciate customers' overwhelming positive recognition.",,Exhibitor,Smart Lighting Expo 2026,1B-C24,Smart Lighting Products & Solutions,,1,,,"Decorative Lamp,Indoor Lighting,Emergency & Professional Lighting,Entertainment Lighting,Industrial Lighting,Home Automation System,Building Exterior Lighting System; LED strips,LED LIGHTBAR,LED MODULES,LED SMART BAR OEM/ODM; Others, OEM, OBM, ODM","Decorative Lamp,Indoor Lighting,Emergency & Professional Lighting,Entertainment Lighting,Industrial Lighting,Home Automation System,Building Exterior Lighting System; LED strips,LED LIGHTBAR,LED MODULES,LED SMART BAR OEM/ODM; Others, OEM, OBM, ODM",https://www.hktdc.com/event/smartlightingexpo/en/exhibitor/1S005L4EQ,34,https://www.hktdc.com/event/smartlightingexpo/en/product/1Z03ENYUK; https://www.hktdc.com/event/smartlightingexpo/en/product/1Z03ENYUK; https://www.hktdc.com/event/smartlightingexpo/en/product/1Z03NO2PV; https://www.hktdc.com/event/smartlightingexpo/en/product/1Z03NO2PV; https://www.hktdc.com/event/smartlightingexpo/en/product/1Z03NO5EP; https://www.hktdc.com/event/smartlightingexpo/en/product/1Z03NO5EP; https://www.hktdc.com/event/smartlightingexpo/en/product/1Z03NO1GN; https://www.hktdc.com/event/smartlightingexpo/en/product/1Z03NO1GN; https://www.hktdc.com/event/smartlightingexpo/en/product/1Z03NO3A3; https://www.hktdc.com/event/smartlightingexpo/en/product/1Z03NO3A3; https://www.hktdc.com/event/smartlightingexpo/en/product/1Z03NO3ER; https://www.hktdc.com/event/smartlightingexpo/en/product/1Z03NO3ER; https://www.hktdc.com/event/smartlightingexpo/en/product/1Z03NNZLA; https://www.hktdc.com/event/smartlightingexpo/en/product/1Z03NNZLA; https://www.hktdc.com/event/smartlightingexpo/en/product/1Z03NO1PW; https://www.hktdc.com/event/smartlightingexpo/en/product/1Z03NO1PW; https://www.hktdc.com/event/smartlightingexpo/en/product/1Z03NO1X8; https://www.hktdc.com/event/smartlightingexpo/en/product/1Z03NO1X8; https://www.hktdc.com/event/smartlightingexpo/en/product/1Z03H8UO6; https://www.hktdc.com/event/smartlightingexpo/en/product/1Z03H8UO6; https://www.hktdc.com/event/smartlightingexpo/en/product/1Z03ENZ2V; https://www.hktdc.com/event/smartlightingexpo/en/product/1Z03ENZ2V; https://www.hktdc.com/event/smartlightingexpo/en/product/1Z03ENYWE; https://www.hktdc.com/event/smartlightingexpo/en/product/1Z03ENYWE; https://www.hktdc.com/event/smartlightingexpo/en/product/1Z03H8UC6; https://www.hktdc.com/event/smartlightingexpo/en/product/1Z03H8UC6; https://www.hktdc.com/event/smartlightingexpo/en/product/1Z03H8UFX; https://www.hktdc.com/event/smartlightingexpo/en/product/1Z03H8UFX; https://www.hktdc.com/event/smartlightingexpo/en/product/1Z03H8U5R; https://www.hktdc.com/event/smartlightingexpo/en/product/1Z03H8U5R; https://www.hktdc.com/event/smartlightingexpo/en/product/1Z03H8UQ0; https://www.hktdc.com/event/smartlightingexpo/en/product/1Z03H8UQ0; https://www.hktdc.com/event/smartlightingexpo/en/product/1Z03ENYQW; https://www.hktdc.com/event/smartlightingexpo/en/product/1Z03ENYQW
Shenzhen Snoowel Technology Co Ltd,Shenzhen Snoowel Technology Co Ltd,Chinese Mainland,"Architectural Lighting,Street Light,Industrial Lighting","Architectural Lighting,Street Light,Industrial Lighting",,Exhibitor,Smart Lighting Expo 2026,1B-C19,Smart Lighting Products & Solutions,Shenzhen-SZSA Smart Lighting Pavilion,1,,,"Architectural Lighting,Street Light,Industrial Lighting; 商业照明 专业照明; OEM, ODM","Architectural Lighting,Street Light,Industrial Lighting; 商业照明 专业照明; OEM, ODM",https://www.hktdc.com/event/smartlightingexpo/en/exhibitor/1S005IPCB,2,https://www.hktdc.com/event/smartlightingexpo/en/product/1X22E31Q; https://www.hktdc.com/event/smartlightingexpo/en/product/1X22E31Q
"Zhongshan Boshun Lighting Appliance Co., Ltd.","Zhongshan Boshun Lighting Appliance Co., Ltd.",Chinese Mainland,"BOSUN? Lighting, the leading brand of LED street lamp manufacture in China, The founder & CEO Mr. Dave, has rich experience in long-life-span solar-powered streetlights, LED street lights, and smart pole products for 20 years. Innovation is our core culture, BOSUN? lighting has established a professional laboratory, such as IES photometric distribution test system, life testing system of LED, EMC testing system, Integrating sphere, Lightning surge generator, LED power driver tester, drop, and vibration test stand. These devices provide assurance for our R&D and production quality. BOSUN? Lighting products have gained many international certifications, such as ISO9001/CE/RoHs/CB/SAA/FCC/BIS/IP66/LM-79/EN62471/IK10, and so on. BOSUN? Lighting provide worldwide with OEM & ODM. Free DIALux lighting design solutions for your project and help you win more government projects. Please contact BOSUN? Lighting's support team to provide assistance and timely resolution now.","BOSUN? Lighting, the leading brand of LED street lamp manufacture in China, The founder & CEO Mr. Dave, has rich experience in long-life-span solar-powered streetlights, LED street lights, and smart pole products for 20 years. Innovation is our core culture, BOSUN? lighting has established a professional laboratory, such as IES photometric distribution test system, life testing system of LED, EMC testing system, Integrating sphere, Lightning surge generator, LED power driver tester, drop, and vibration test stand. These devices provide assurance for our R&D and production quality. BOSUN? Lighting products have gained many international certifications, such as ISO9001/CE/RoHs/CB/SAA/FCC/BIS/IP66/LM-79/EN62471/IK10, and so on. BOSUN? Lighting provide worldwide with OEM & ODM. Free DIALux lighting design solutions for your project and help you win more government projects. Please contact BOSUN? Lighting's support team to provide assistance and timely resolution now.",,Exhibitor,Smart Lighting Expo 2026,1A-C20,Smart Lighting Products & Solutions,Cantonese Business Go Global,1,,,"Solar Lights; Smart Pole
Smart Street Light
Solar Street Light
Solar Garden Light
Solar Flood Light; OBM, ODM, OEM","Solar Lights; Smart Pole
Smart Street Light
Solar Street Light
Solar Garden Light
Solar Flood Light; OBM, ODM, OEM",https://www.hktdc.com/event/smartlightingexpo/en/exhibitor/1S005K37C,40,https://www.hktdc.com/event/smartlightingexpo/en/product/1Z03NQWN7; https://www.hktdc.com/event/smartlightingexpo/en/product/1Z03NQWN7; https://www.hktdc.com/event/smartlightingexpo/en/product/1Z03NR1Z2; https://www.hktdc.com/event/smartlightingexpo/en/product/1Z03NR1Z2; https://www.hktdc.com/event/smartlightingexpo/en/product/1Z03NR5OV; https://www.hktdc.com/event/smartlightingexpo/en/product/1Z03NR5OV; https://www.hktdc.com/event/smartlightingexpo/en/product/1Z03NR2X7; https://www.hktdc.com/event/smartlightingexpo/en/product/1Z03NR2X7; https://www.hktdc.com/event/smartlightingexpo/en/product/1Z03N1PTW; https://www.hktdc.com/event/smartlightingexpo/en/product/1Z03N1PTW; https://www.hktdc.com/event/smartlightingexpo/en/product/1X15AQ0U; https://www.hktdc.com/event/smartlightingexpo/en/product/1X15AQ0U; https://www.hktdc.com/event/smartlightingexpo/en/product/1X15APZY; https://www.hktdc.com/event/smartlightingexpo/en/product/1X15APZY; https://www.hktdc.com/event/smartlightingexpo/en/product/1Z03NQZ8D; https://www.hktdc.com/event/smartlightingexpo/en/product/1Z03NQZ8D; https://www.hktdc.com/event/smartlightingexpo/en/product/1Z03N1QBD; https://www.hktdc.com/event/smartlightingexpo/en/product/1Z03N1QBD; https://www.hktdc.com/event/smartlightingexpo/en/product/1Z03N1P32; https://www.hktdc.com/event/smartlightingexpo/en/product/1Z03N1P32; https://www.hktdc.com/event/smartlightingexpo/en/product/1Z03N1Y9B; https://www.hktdc.com/event/smartlightingexpo/en/product/1Z03N1Y9B; https://www.hktdc.com/event/smartlightingexpo/en/product/1Z03NR42Q; https://www.hktdc.com/event/smartlightingexpo/en/product/1Z03NR42Q; https://www.hktdc.com/event/smartlightingexpo/en/product/1Z03NR5EP; https://www.hktdc.com/event/smartlightingexpo/en/product/1Z03NR5EP; https://www.hktdc.com/event/smartlightingexpo/en/product/1Z03NQVKH; https://www.hktdc.com/event/smartlightingexpo/en/product/1Z03NQVKH; https://www.hktdc.com/event/smartlightingexpo/en/product/1Z03NQX4R; https://www.hktdc.com/event/smartlightingexpo/en/product/1Z03NQX4R; https://www.hktdc.com/event/smartlightingexpo/en/product/1Z03NR2PV; https://www.hktdc.com/event/smartlightingexpo/en/product/1Z03NR2PV; https://www.hktdc.com/event/smartlightingexpo/en/product/1Z03NQUAC; https://www.hktdc.com/event/smartlightingexpo/en/product/1Z03NQUAC; https://www.hktdc.com/event/smartlightingexpo/en/product/1Z03NQVYB; https://www.hktdc.com/event/smartlightingexpo/en/product/1Z03NQVYB; https://www.hktdc.com/event/smartlightingexpo/en/product/1Z03NR4RN; https://www.hktdc.com/event/smartlightingexpo/en/product/1Z03NR4RN; https://www.hktdc.com/event/smartlightingexpo/en/product/1Z03N1PZE; https://www.hktdc.com/event/smartlightingexpo/en/product/1Z03N1PZE
"Asia Unique LED Lighting Co.,Ltd.","Asia Unique LED Lighting Co.,Ltd.",Chinese Mainland,Indoor Lighting,Indoor Lighting,,Exhibitor,Smart Lighting Expo 2026,1B-A18,Smart Lighting Products & Solutions,Shenzhen,1,,,"Indoor Lighting; LED Downlight, LED Batten, LED Tri-proof light, LED High Bay; OEM","Indoor Lighting; LED Downlight, LED Batten, LED Tri-proof light, LED High Bay; OEM",https://www.hktdc.com/event/smartlightingexpo/en/exhibitor/1S005JYO2,24,https://www.hktdc.com/event/smartlightingexpo/en/product/1X249TWP; https://www.hktdc.com/event/smartlightingexpo/en/product/1X249TWP; https://www.hktdc.com/event/smartlightingexpo/en/product/1X249TVQ; https://www.hktdc.com/event/smartlightingexpo/en/product/1X249TVQ; https://www.hktdc.com/event/smartlightingexpo/en/product/1X1JT8WG; https://www.hktdc.com/event/smartlightingexpo/en/product/1X1JT8WG; https://www.hktdc.com/event/smartlightingexpo/en/product/1X1CEHE7; https://www.hktdc.com/event/smartlightingexpo/en/product/1X1CEHE7; https://www.hktdc.com/event/smartlightingexpo/en/product/1X1CEHD8; https://www.hktdc.com/event/smartlightingexpo/en/product/1X1CEHD8; https://www.hktdc.com/event/smartlightingexpo/en/product/1X188HI3; https://www.hktdc.com/event/smartlightingexpo/en/product/1X188HI3; https://www.hktdc.com/event/smartlightingexpo/en/product/1X16E1AN; https://www.hktdc.com/event/smartlightingexpo/en/product/1X16E1AN; https://www.hktdc.com/event/smartlightingexpo/en/product/1X16E19O; https://www.hktdc.com/event/smartlightingexpo/en/product/1X16E19O; https://www.hktdc.com/event/smartlightingexpo/en/product/1X16E18P; https://www.hktdc.com/event/smartlightingexpo/en/product/1X16E18P; https://www.hktdc.com/event/smartlightingexpo/en/product/1X154BBS; https://www.hktdc.com/event/smartlightingexpo/en/product/1X154BBS; https://www.hktdc.com/event/smartlightingexpo/en/product/1X154BAT; https://www.hktdc.com/event/smartlightingexpo/en/product/1X154BAT; https://www.hktdc.com/event/smartlightingexpo/en/product/1X10IM8Y; https://www.hktdc.com/event/smartlightingexpo/en/product/1X10IM8Y
"BESTCO Technology Co., LTD Guangdong","BESTCO Technology Co., LTD Guangdong",Chinese Mainland,"Sensor Light,Lighting Accessories & Lamp Parts,Architectural Lighting,Indoor Lighting,Retail Lighting,Home Automation System,Lighting Design Software,Building Exterior Lighting System","Sensor Light,Lighting Accessories & Lamp Parts,Architectural Lighting,Indoor Lighting,Retail Lighting,Home Automation System,Lighting Design Software,Building Exterior Lighting System",,Exhibitor,Smart Lighting Expo 2026,1A-E14,Connected Lighting Technologies,Cantonese Business Go Global,1,,,"Sensor Light,Lighting Accessories & Lamp Parts,Architectural Lighting,Indoor Lighting,Retail Lighting,Home Automation System,Lighting Design Software,Building Exterior Lighting System; 天花灯，筒灯，吊灯，射灯; ODM, OBM, OEM","Sensor Light,Lighting Accessories & Lamp Parts,Architectural Lighting,Indoor Lighting,Retail Lighting,Home Automation System,Lighting Design Software,Building Exterior Lighting System; 天花灯，筒灯，吊灯，射灯; ODM, OBM, OEM",https://www.hktdc.com/event/smartlightingexpo/en/exhibitor/1S005J8NV,40,https://www.hktdc.com/event/smartlightingexpo/en/product/1Z03ONXKF; https://www.hktdc.com/event/smartlightingexpo/en/product/1Z03ONXKF; https://www.hktdc.com/event/smartlightingexpo/en/product/1Z03ONXA9; https://www.hktdc.com/event/smartlightingexpo/en/product/1Z03ONXA9; https://www.hktdc.com/event/smartlightingexpo/en/product/1Z03ON47B; https://www.hktdc.com/event/smartlightingexpo/en/product/1Z03ON47B; https://www.hktdc.com/event/smartlightingexpo/en/product/1Z03ON40W; https://www.hktdc.com/event/smartlightingexpo/en/product/1Z03ON40W; https://www.hktdc.com/event/smartlightingexpo/en/product/1Z03OMZUJ; https://www.hktdc.com/event/smartlightingexpo/en/product/1Z03OMZUJ; https://www.hktdc.com/event/smartlightingexpo/en/product/1Z03OMZHM; https://www.hktdc.com/event/smartlightingexpo/en/product/1Z03OMZHM; https://www.hktdc.com/event/smartlightingexpo/en/product/1Z03OMWEY; https://www.hktdc.com/event/smartlightingexpo/en/product/1Z03OMWEY; https://www.hktdc.com/event/smartlightingexpo/en/product/1Z03OMWKG; https://www.hktdc.com/event/smartlightingexpo/en/product/1Z03OMWKG; https://www.hktdc.com/event/smartlightingexpo/en/product/1Z03OMW7J; https://www.hktdc.com/event/smartlightingexpo/en/product/1Z03OMW7J; https://www.hktdc.com/event/smartlightingexpo/en/product/1Z03NOJWT; https://www.hktdc.com/event/smartlightingexpo/en/product/1Z03NOJWT; https://www.hktdc.com/event/smartlightingexpo/en/product/1Z03NN3N0; https://www.hktdc.com/event/smartlightingexpo/en/product/1Z03NN3N0; https://www.hktdc.com/event/smartlightingexpo/en/product/1Z03NLOLL; https://www.hktdc.com/event/smartlightingexpo/en/product/1Z03NLOLL; https://www.hktdc.com/event/smartlightingexpo/en/product/1Z03NNU5R; https://www.hktdc.com/event/smartlightingexpo/en/product/1Z03NNU5R; https://www.hktdc.com/event/smartlightingexpo/en/product/1Z03NNTP4; https://www.hktdc.com/event/smartlightingexpo/en/product/1Z03NNTP4; https://www.hktdc.com/event/smartlightingexpo/en/product/1Z03OM1SN; https://www.hktdc.com/event/smartlightingexpo/en/product/1Z03OM1SN; https://www.hktdc.com/event/smartlightingexpo/en/product/1Z03OM22S; https://www.hktdc.com/event/smartlightingexpo/en/product/1Z03OM22S; https://www.hktdc.com/event/smartlightingexpo/en/product/1Z03NOW7J; https://www.hktdc.com/event/smartlightingexpo/en/product/1Z03NOW7J; https://www.hktdc.com/event/smartlightingexpo/en/product/1Z03NNU3X; https://www.hktdc.com/event/smartlightingexpo/en/product/1Z03NNU3X; https://www.hktdc.com/event/smartlightingexpo/en/product/1Z03NOWMA; https://www.hktdc.com/event/smartlightingexpo/en/product/1Z03NOWMA; https://www.hktdc.com/event/smartlightingexpo/en/product/1Z03NOWC4; https://www.hktdc.com/event/smartlightingexpo/en/product/1Z03NOWC4
DongGuang DFM Electronics Limited Company,DongGuang DFM Electronics Limited Company,Chinese Mainland,"Lighting Accessories & Lamp Parts,Light Switch,Indoor Lighting,Lighting Distribution System","Lighting Accessories & Lamp Parts,Light Switch,Indoor Lighting,Lighting Distribution System",,Exhibitor,Smart Lighting Expo 2026,1B-E29,Smart Lighting Products & Solutions,Cantonese Business Go Global,1,,,"Lighting Accessories & Lamp Parts,Light Switch,Indoor Lighting,Lighting Distribution System; Including R & D, production, sales: electronic products, smart home devices, IoT devices, computer hardware and software products, lighting appliances, electrical switches, household switches, smart switches, smart sockets, remote control devices,; OEM","Lighting Accessories & Lamp Parts,Light Switch,Indoor Lighting,Lighting Distribution System; Including R & D, production, sales: electronic products, smart home devices, IoT devices, computer hardware and software products, lighting appliances, electrical switches, household switches, smart switches, smart sockets, remote control devices,; OEM",https://www.hktdc.com/event/smartlightingexpo/en/exhibitor/1S005JKMM,0,
"Dongguan Venus Optoelectronic Technology Co., Ltd.","Dongguan Venus Optoelectronic Technology Co., Ltd.",Chinese Mainland,"Venusop company was established in 2013, located in Qiaotou Town, Dongguan City, Guangdong Province, plant area of about 8000 square meters, and set up a distribution factory in Vietnam about 20000 square meters. Our company is one of the earliest manufacturers of LED products. Our factory has passed BSCI factory inspection. Our products mainly include LED filament lights, LED decorative lights, Christmas decorative lights, outdoor light strings and so on. Most of the products through UL ETL FCC CE ROHS certification, product quality is very reliable.","Venusop company was established in 2013, located in Qiaotou Town, Dongguan City, Guangdong Province, plant area of about 8000 square meters, and set up a distribution factory in Vietnam about 20000 square meters. Our company is one of the earliest manufacturers of LED products. Our factory has passed BSCI factory inspection. Our products mainly include LED filament lights, LED decorative lights, Christmas decorative lights, outdoor light strings and so on. Most of the products through UL ETL FCC CE ROHS certification, product quality is very reliable.",,Exhibitor,Smart Lighting Expo 2026,1B-D27,Smart Lighting Products & Solutions,Cantonese Business Go Global,1,,,"Decorative Lamp,Edison Bulb,LED Bulb,Street Light,Indoor Lighting,Industrial Lighting,Retail Lighting,Solar Lights,Home Automation System,Electrical Wire & Cable; led filament bulb ,led decorative light bulb, holiday led light bulb,solar led light, outdoor led string lights,christmas decorative string lights, solar street light; OEM, ODM, Others","Decorative Lamp,Edison Bulb,LED Bulb,Street Light,Indoor Lighting,Industrial Lighting,Retail Lighting,Solar Lights,Home Automation System,Electrical Wire & Cable; led filament bulb ,led decorative light bulb, holiday led light bulb,solar led light, outdoor led string lights,christmas decorative string lights, solar street light; OEM, ODM, Others",https://www.hktdc.com/event/smartlightingexpo/en/exhibitor/1S005KURX,8,https://www.hktdc.com/event/smartlightingexpo/en/product/1X246WFX; https://www.hktdc.com/event/smartlightingexpo/en/product/1X246WFX; https://www.hktdc.com/event/smartlightingexpo/en/product/1X246WEY; https://www.hktdc.com/event/smartlightingexpo/en/product/1X246WEY; https://www.hktdc.com/event/smartlightingexpo/en/product/1X246WDZ; https://www.hktdc.com/event/smartlightingexpo/en/product/1X246WDZ; https://www.hktdc.com/event/smartlightingexpo/en/product/1X246WC0; https://www.hktdc.com/event/smartlightingexpo/en/product/1X246WC0
"Dongguan Wake Up Lighting Co., Ltd.","Dongguan Wake Up Lighting Co., Ltd.",Chinese Mainland,"Why choose us? a. More than 10-year Lighting manufacturer providing OEMand ODM. b. Products Certification includes UL/CE/SAA/ ROHS/CB/FCA. c.BSCl/SEDEX factory audit report and lSO9001management system certification. Quality inspection before delivery. d. Design team more than 10people, around 100 new designs per month. e.Provide CUSTOM lighting design according to the customer's request. f. Efficient production, specialized trade department to provide you with thoughtful service. Our sale steam will follow up the goods from your inquiry to shipment. g. Your satisfaction is our persistent pursuit. We will try our best to cooperate with you.","Why choose us? a. More than 10-year Lighting manufacturer providing OEMand ODM. b. Products Certification includes UL/CE/SAA/ ROHS/CB/FCA. c.BSCl/SEDEX factory audit report and lSO9001management system certification. Quality inspection before delivery. d. Design team more than 10people, around 100 new designs per month. e.Provide CUSTOM lighting design according to the customer's request. f. Efficient production, specialized trade department to provide you with thoughtful service. Our sale steam will follow up the goods from your inquiry to shipment. g. Your satisfaction is our persistent pursuit. We will try our best to cooperate with you.",,Exhibitor,Smart Lighting Expo 2026,1B-A05,Connected Lighting Technologies,Cantonese Business Go Global,1,,,"1. We are full range home decor lighting factory, being TOP1 suppliers for 5 chain stores in different countries over 10 years.
2. Covering an area of 12500 square meters.
3. Have UL, CUL, CE, BSCI, SEDEX, ISO9001 certifications.; OEM, ODM","1. We are full range home decor lighting factory, being TOP1 suppliers for 5 chain stores in different countries over 10 years.
2. Covering an area of 12500 square meters.
3. Have UL, CUL, CE, BSCI, SEDEX, ISO9001 certifications.; OEM, ODM",https://www.hktdc.com/event/smartlightingexpo/en/exhibitor/1S005K33O,40,https://www.hktdc.com/event/smartlightingexpo/en/product/1Z03KGRBC; https://www.hktdc.com/event/smartlightingexpo/en/product/1Z03KGRBC; https://www.hktdc.com/event/smartlightingexpo/en/product/1Z03KGQSY; https://www.hktdc.com/event/smartlightingexpo/en/product/1Z03KGQSY; https://www.hktdc.com/event/smartlightingexpo/en/product/1Z03KGV8H; https://www.hktdc.com/event/smartlightingexpo/en/product/1Z03KGV8H; https://www.hktdc.com/event/smartlightingexpo/en/product/1Z03KGQ17; https://www.hktdc.com/event/smartlightingexpo/en/product/1Z03KGQ17; https://www.hktdc.com/event/smartlightingexpo/en/product/1Z03KGX4R; https://www.hktdc.com/event/smartlightingexpo/en/product/1Z03KGX4R; https://www.hktdc.com/event/smartlightingexpo/en/product/1Z03KGWZ7; https://www.hktdc.com/event/smartlightingexpo/en/product/1Z03KGWZ7; https://www.hktdc.com/event/smartlightingexpo/en/product/1Z03KG3CX; https://www.hktdc.com/event/smartlightingexpo/en/product/1Z03KG3CX; https://www.hktdc.com/event/smartlightingexpo/en/product/1Z03KGXEX; https://www.hktdc.com/event/smartlightingexpo/en/product/1Z03KGXEX; https://www.hktdc.com/event/smartlightingexpo/en/product/1Z03KF6X3; https://www.hktdc.com/event/smartlightingexpo/en/product/1Z03KF6X3; https://www.hktdc.com/event/smartlightingexpo/en/product/1Z03KGTTS; https://www.hktdc.com/event/smartlightingexpo/en/product/1Z03KGTTS; https://www.hktdc.com/event/smartlightingexpo/en/product/1Z03KGL1C; https://www.hktdc.com/event/smartlightingexpo/en/product/1Z03KGL1C; https://www.hktdc.com/event/smartlightingexpo/en/product/1Z03KFTSV; https://www.hktdc.com/event/smartlightingexpo/en/product/1Z03KFTSV; https://www.hktdc.com/event/smartlightingexpo/en/product/1Z03KGZ7G; https://www.hktdc.com/event/smartlightingexpo/en/product/1Z03KGZ7G; https://www.hktdc.com/event/smartlightingexpo/en/product/1Z03KFYLB; https://www.hktdc.com/event/smartlightingexpo/en/product/1Z03KFYLB; https://www.hktdc.com/event/smartlightingexpo/en/product/1Z03KGTE1; https://www.hktdc.com/event/smartlightingexpo/en/product/1Z03KGTE1; https://www.hktdc.com/event/smartlightingexpo/en/product/1Z03KGVEZ; https://www.hktdc.com/event/smartlightingexpo/en/product/1Z03KGVEZ; https://www.hktdc.com/event/smartlightingexpo/en/product/1Z03KGP4Z; https://www.hktdc.com/event/smartlightingexpo/en/product/1Z03KGP4Z; https://www.hktdc.com/event/smartlightingexpo/en/product/1Z03KGR5U; https://www.hktdc.com/event/smartlightingexpo/en/product/1Z03KGR5U; https://www.hktdc.com/event/smartlightingexpo/en/product/1Z03KGOG0; https://www.hktdc.com/event/smartlightingexpo/en/product/1Z03KGOG0; https://www.hktdc.com/event/smartlightingexpo/en/product/1Z03KH0EU; https://www.hktdc.com/event/smartlightingexpo/en/product/1Z03KH0EU
"Etenlux Lighting Tech Co., Ltd.","Etenlux Lighting Tech Co., Ltd.",Chinese Mainland,"Etenlux Lighting Tech Co.,Ltd. is a professional company of R&D, Manufacturing, Marketing and Services in LED commercial lighting products, located in Nanhai, Foshan, Guangdong ,China. Focusing on research and development of The high-end LED commercial lighting, Retail lighting products, our main products are include: Led Track Light, Led Grille light, Led down light, Led Linear light and Led Pendant light etc. Widely used in brand clothing stores, luxury stores, museums, supermarket chains, auto 4S shops, high-end office space, etc. Etenlux Team has nearly 10 years design experience of commercial lighting, adhering to the design concept is ""Keep innovating base on market-oriented "", focusing on R&D of high-end Retail lighting products, After few years' development, we have set up and improved our design system on product structure design,heat dissipation research,Optical applications, and intelligent applications ,has developed a number of well-liked Retail lighting products, our products has the following characteristics: Novel appearance, high luminous efficiency, high color rendering, and cost-effective features, all of our Products have passed CE,Rohs ,Tuv Certificate, and own several patents","Etenlux Lighting Tech Co.,Ltd. is a professional company of R&D, Manufacturing, Marketing and Services in LED commercial lighting products, located in Nanhai, Foshan, Guangdong ,China. Focusing on research and development of The high-end LED commercial lighting, Retail lighting products, our main products are include: Led Track Light, Led Grille light, Led down light, Led Linear light and Led Pendant light etc. Widely used in brand clothing stores, luxury stores, museums, supermarket chains, auto 4S shops, high-end office space, etc. Etenlux Team has nearly 10 years design experience of commercial lighting, adhering to the design concept is ""Keep innovating base on market-oriented "", focusing on R&D of high-end Retail lighting products, After few years' development, we have set up and improved our design system on product structure design,heat dissipation research,Optical applications, and intelligent applications ,has developed a number of well-liked Retail lighting products, our products has the following characteristics: Novel appearance, high luminous efficiency, high color rendering, and cost-effective features, all of our Products have passed CE,Rohs ,Tuv Certificate, and own several patents",,Exhibitor,Smart Lighting Expo 2026,1B-A09,Connected Lighting Technologies,Cantonese Business Go Global,1,,,"Indoor Lighting,Retail Lighting; commercial lighting, Retail lighting products, our main products are include: Led Track Light, Led Grille light, Led down light, Led Linear light and Led Pendant light etc.; ODM, OEM","Indoor Lighting,Retail Lighting; commercial lighting, Retail lighting products, our main products are include: Led Track Light, Led Grille light, Led down light, Led Linear light and Led Pendant light etc.; ODM, OEM",https://www.hktdc.com/event/smartlightingexpo/en/exhibitor/1S005J8ZV,14,https://www.hktdc.com/event/smartlightingexpo/en/product/1Z03OE6BX; https://www.hktdc.com/event/smartlightingexpo/en/product/1Z03OE6BX; https://www.hktdc.com/event/smartlightingexpo/en/product/1Z03LVGH5; https://www.hktdc.com/event/smartlightingexpo/en/product/1Z03LVGH5; https://www.hktdc.com/event/smartlightingexpo/en/product/1Z03LVK37; https://www.hktdc.com/event/smartlightingexpo/en/product/1Z03LVK37; https://www.hktdc.com/event/smartlightingexpo/en/product/1Z03LVHPG; https://www.hktdc.com/event/smartlightingexpo/en/product/1Z03LVHPG; https://www.hktdc.com/event/smartlightingexpo/en/product/1Z03LVK9P; https://www.hktdc.com/event/smartlightingexpo/en/product/1Z03LVK9P; https://www.hktdc.com/event/smartlightingexpo/en/product/1Z03LVI39; https://www.hktdc.com/event/smartlightingexpo/en/product/1Z03LVI39; https://www.hktdc.com/event/smartlightingexpo/en/product/1Z03LVJR8; https://www.hktdc.com/event/smartlightingexpo/en/product/1Z03LVJR8
"Foshan Nanhai Renying Lamp Accessories Co., Ltd.","Foshan Nanhai Renying Lamp Accessories Co., Ltd.",Chinese Mainland,"Established in 1991, one of the most historical and professional manufacturers of lighting tracks and accessories in Guangdong.","Established in 1991, one of the most historical and professional manufacturers of lighting tracks and accessories in Guangdong.",,Exhibitor,Smart Lighting Expo 2026,1B-A15,Smart Lighting Products & Solutions,Cantonese Business Go Global,1,,,"LED Driver; LIGHTING TRACKS AND ACCESSORIES; OBM, OEM","LED Driver; LIGHTING TRACKS AND ACCESSORIES; OBM, OEM",https://www.hktdc.com/event/smartlightingexpo/en/exhibitor/1S005JYQW,34,https://www.hktdc.com/event/smartlightingexpo/en/product/1Z03EIURX; https://www.hktdc.com/event/smartlightingexpo/en/product/1Z03EIURX; https://www.hktdc.com/event/smartlightingexpo/en/product/1Z03EIUTR; https://www.hktdc.com/event/smartlightingexpo/en/product/1Z03EIUTR; https://www.hktdc.com/event/smartlightingexpo/en/product/1X22WEM8; https://www.hktdc.com/event/smartlightingexpo/en/product/1X22WEM8; https://www.hktdc.com/event/smartlightingexpo/en/product/1X21CWNP; https://www.hktdc.com/event/smartlightingexpo/en/product/1X21CWNP; https://www.hktdc.com/event/smartlightingexpo/en/product/1X21CWMQ; https://www.hktdc.com/event/smartlightingexpo/en/product/1X21CWMQ; https://www.hktdc.com/event/smartlightingexpo/en/product/1X21CWLR; https://www.hktdc.com/event/smartlightingexpo/en/product/1X21CWLR; https://www.hktdc.com/event/smartlightingexpo/en/product/1X1RGYFR; https://www.hktdc.com/event/smartlightingexpo/en/product/1X1RGYFR; https://www.hktdc.com/event/smartlightingexpo/en/product/1X1RGYDT; https://www.hktdc.com/event/smartlightingexpo/en/product/1X1RGYDT; https://www.hktdc.com/event/smartlightingexpo/en/product/1X1LXRUX; https://www.hktdc.com/event/smartlightingexpo/en/product/1X1LXRUX; https://www.hktdc.com/event/smartlightingexpo/en/product/1X1LXRSZ; https://www.hktdc.com/event/smartlightingexpo/en/product/1X1LXRSZ; https://www.hktdc.com/event/smartlightingexpo/en/product/1X1LXRR0; https://www.hktdc.com/event/smartlightingexpo/en/product/1X1LXRR0; https://www.hktdc.com/event/smartlightingexpo/en/product/1X1FP16R; https://www.hktdc.com/event/smartlightingexpo/en/product/1X1FP16R; https://www.hktdc.com/event/smartlightingexpo/en/product/1X1FP15S; https://www.hktdc.com/event/smartlightingexpo/en/product/1X1FP15S; https://www.hktdc.com/event/smartlightingexpo/en/product/1X1CEHJ2; https://www.hktdc.com/event/smartlightingexpo/en/product/1X1CEHJ2; https://www.hktdc.com/event/smartlightingexpo/en/product/1Z03EIUQ0; https://www.hktdc.com/event/smartlightingexpo/en/product/1Z03EIUQ0; https://www.hktdc.com/event/smartlightingexpo/en/product/1Z03EIUGU; https://www.hktdc.com/event/smartlightingexpo/en/product/1Z03EIUGU; https://www.hktdc.com/event/smartlightingexpo/en/product/1Z03EIUMC; https://www.hktdc.com/event/smartlightingexpo/en/product/1Z03EIUMC
"Foshan Shuaiqi Kaer Technology Lighting Co.,Ltd","Foshan Shuaiqi Kaer Technology Lighting Co.,Ltd",Chinese Mainland,led lighting,led lighting,,Exhibitor,Smart Lighting Expo 2026,1B-E31,Smart Lighting Products & Solutions,Cantonese Business Go Global,1,,,"Sensor Light,LED Bulb; led lighting; ODM, Others, OEM, OBM","Sensor Light,LED Bulb; led lighting; ODM, Others, OEM, OBM",https://www.hktdc.com/event/smartlightingexpo/en/exhibitor/1S005JO19,28,https://www.hktdc.com/event/smartlightingexpo/en/product/1Z03MXUVL; https://www.hktdc.com/event/smartlightingexpo/en/product/1Z03MXUVL; https://www.hktdc.com/event/smartlightingexpo/en/product/1Z03MXV05; https://www.hktdc.com/event/smartlightingexpo/en/product/1Z03MXV05; https://www.hktdc.com/event/smartlightingexpo/en/product/1Z03MXUXF; https://www.hktdc.com/event/smartlightingexpo/en/product/1Z03MXUXF; https://www.hktdc.com/event/smartlightingexpo/en/product/1Z03MXV12; https://www.hktdc.com/event/smartlightingexpo/en/product/1Z03MXV12; https://www.hktdc.com/event/smartlightingexpo/en/product/1Z03MXUZ9; https://www.hktdc.com/event/smartlightingexpo/en/product/1Z03MXUZ9; https://www.hktdc.com/event/smartlightingexpo/en/product/1Z03MXV2Z; https://www.hktdc.com/event/smartlightingexpo/en/product/1Z03MXV2Z; https://www.hktdc.com/event/smartlightingexpo/en/product/1X1YGZZ4; https://www.hktdc.com/event/smartlightingexpo/en/product/1X1YGZZ4; https://www.hktdc.com/event/smartlightingexpo/en/product/1X1YGZ7W; https://www.hktdc.com/event/smartlightingexpo/en/product/1X1YGZ7W; https://www.hktdc.com/event/smartlightingexpo/en/product/1X1YGXZA; https://www.hktdc.com/event/smartlightingexpo/en/product/1X1YGXZA; https://www.hktdc.com/event/smartlightingexpo/en/product/1X1YGXHS; https://www.hktdc.com/event/smartlightingexpo/en/product/1X1YGXHS; https://www.hktdc.com/event/smartlightingexpo/en/product/1X1Y07UL; https://www.hktdc.com/event/smartlightingexpo/en/product/1X1Y07UL; https://www.hktdc.com/event/smartlightingexpo/en/product/1X1XTE9L; https://www.hktdc.com/event/smartlightingexpo/en/product/1X1XTE9L; https://www.hktdc.com/event/smartlightingexpo/en/product/1X1XTE8M; https://www.hktdc.com/event/smartlightingexpo/en/product/1X1XTE8M; https://www.hktdc.com/event/smartlightingexpo/en/product/1X1XTE7N; https://www.hktdc.com/event/smartlightingexpo/en/product/1X1XTE7N
Foshan Shunde Advante Electron Ltd.,Foshan Shunde Advante Electron Ltd.,Chinese Mainland,"Light Dimmer,Light Switch,Indoor Lighting,Home Automation System","Light Dimmer,Light Switch,Indoor Lighting,Home Automation System",,Exhibitor,Smart Lighting Expo 2026,1A-D15,Smart Lighting Products & Solutions,Cantonese Business Go Global,1,,,"Light Dimmer,Light Switch,Indoor Lighting,Home Automation System; We Advante Electron Ltd,was found in 1994,which is a professional manufacture for lighting control system, doorbell, and nightlight. We have strong team with 350 workers. So far we have expanded our markets to Europe,US,South Africa,South America etc; ODM, OEM","Light Dimmer,Light Switch,Indoor Lighting,Home Automation System; We Advante Electron Ltd,was found in 1994,which is a professional manufacture for lighting control system, doorbell, and nightlight. We have strong team with 350 workers. So far we have expanded our markets to Europe,US,South Africa,South America etc; ODM, OEM",https://www.hktdc.com/event/smartlightingexpo/en/exhibitor/1S005JII0,10,https://www.hktdc.com/event/smartlightingexpo/en/product/1Z03NQLE9; https://www.hktdc.com/event/smartlightingexpo/en/product/1Z03NQLE9; https://www.hktdc.com/event/smartlightingexpo/en/product/1Z03NQBSD; https://www.hktdc.com/event/smartlightingexpo/en/product/1Z03NQBSD; https://www.hktdc.com/event/smartlightingexpo/en/product/1Z03NQBLY; https://www.hktdc.com/event/smartlightingexpo/en/product/1Z03NQBLY; https://www.hktdc.com/event/smartlightingexpo/en/product/1Z03NQGDH; https://www.hktdc.com/event/smartlightingexpo/en/product/1Z03NQGDH; https://www.hktdc.com/event/smartlightingexpo/en/product/1Z03NQKXP; https://www.hktdc.com/event/smartlightingexpo/en/product/1Z03NQKXP
"Gongyi New Materials (Anhui) Co., Ltd.","Gongyi New Materials (Anhui) Co., Ltd.",Chinese Mainland,Lighting Design & Engineering,Lighting Design & Engineering,,Exhibitor,Smart Lighting Expo 2026,1A-E21,Connected Lighting Technologies,,1,,,"Lighting Design & Engineering; Optical electronics; Others, OEM","Lighting Design & Engineering; Optical electronics; Others, OEM",https://www.hktdc.com/event/smartlightingexpo/en/exhibitor/1S005L6CU,10,https://www.hktdc.com/event/smartlightingexpo/en/product/1Z03MX2VD; https://www.hktdc.com/event/smartlightingexpo/en/product/1Z03MX2VD; https://www.hktdc.com/event/smartlightingexpo/en/product/1Z03MY9W3; https://www.hktdc.com/event/smartlightingexpo/en/product/1Z03MY9W3; https://www.hktdc.com/event/smartlightingexpo/en/product/1Z03MXSLH; https://www.hktdc.com/event/smartlightingexpo/en/product/1Z03MXSLH; https://www.hktdc.com/event/smartlightingexpo/en/product/1Z03MWZ9A; https://www.hktdc.com/event/smartlightingexpo/en/product/1Z03MWZ9A; https://www.hktdc.com/event/smartlightingexpo/en/product/1Z03MXSXH; https://www.hktdc.com/event/smartlightingexpo/en/product/1Z03MXSXH
"Guangdong Anan Lighting Co., Ltd.","Guangdong Anan Lighting Co., Ltd.",Chinese Mainland,"Since establishment in 2011, Guangdong Anan Lighting Co., Ltd has experienced more than 10 years of steady development, and now become a modern high-tech enterprise with a modern workshop of 6,000 square meters, and a management and production team of nearly 100 people. We has passed the ISO9001 quality management system certification, and the products have been passed CCC, CQC, CE and other related certifications. In the meanwhile, we obtained a number of invention patents and utility model patents. Our company is equipped with a technology R&D center, a standard testing laboratory, a lighting animation design department, a CNC machining workshop, an SMT patch processing workshop, a low-power lamp assembly workshop, and a high-power lamp assembly workshop.","Since establishment in 2011, Guangdong Anan Lighting Co., Ltd has experienced more than 10 years of steady development, and now become a modern high-tech enterprise with a modern workshop of 6,000 square meters, and a management and production team of nearly 100 people. We has passed the ISO9001 quality management system certification, and the products have been passed CCC, CQC, CE and other related certifications. In the meanwhile, we obtained a number of invention patents and utility model patents. Our company is equipped with a technology R&D center, a standard testing laboratory, a lighting animation design department, a CNC machining workshop, an SMT patch processing workshop, a low-power lamp assembly workshop, and a high-power lamp assembly workshop.",,Exhibitor,Smart Lighting Expo 2026,1B-C20,Smart Lighting Products & Solutions,Cantonese Business Go Global,1,,,"Indoor Lighting; LED Neon Light, LED Linear Light; OEM, OBM, ODM","Indoor Lighting; LED Neon Light, LED Linear Light; OEM, OBM, ODM",https://www.hktdc.com/event/smartlightingexpo/en/exhibitor/1S005K3ER,40,https://www.hktdc.com/event/smartlightingexpo/en/product/1Z03EHNLM; https://www.hktdc.com/event/smartlightingexpo/en/product/1Z03EHNLM; https://www.hktdc.com/event/smartlightingexpo/en/product/1Z03EHHU1; https://www.hktdc.com/event/smartlightingexpo/en/product/1Z03EHHU1; https://www.hktdc.com/event/smartlightingexpo/en/product/1Z03HA0JF; https://www.hktdc.com/event/smartlightingexpo/en/product/1Z03HA0JF; https://www.hktdc.com/event/smartlightingexpo/en/product/1Z03IFHOJ; https://www.hktdc.com/event/smartlightingexpo/en/product/1Z03IFHOJ; https://www.hktdc.com/event/smartlightingexpo/en/product/1Z03IEA9Z; https://www.hktdc.com/event/smartlightingexpo/en/product/1Z03IEA9Z; https://www.hktdc.com/event/smartlightingexpo/en/product/1Z03IEHDG; https://www.hktdc.com/event/smartlightingexpo/en/product/1Z03IEHDG; https://www.hktdc.com/event/smartlightingexpo/en/product/1Z03IFHMP; https://www.hktdc.com/event/smartlightingexpo/en/product/1Z03IFHMP; https://www.hktdc.com/event/smartlightingexpo/en/product/1Z03IE9FI; https://www.hktdc.com/event/smartlightingexpo/en/product/1Z03IE9FI; https://www.hktdc.com/event/smartlightingexpo/en/product/1Z03F3XKF; https://www.hktdc.com/event/smartlightingexpo/en/product/1Z03F3XKF; https://www.hktdc.com/event/smartlightingexpo/en/product/1Z03EHIT3; https://www.hktdc.com/event/smartlightingexpo/en/product/1Z03EHIT3; https://www.hktdc.com/event/smartlightingexpo/en/product/1Z03IFHED; https://www.hktdc.com/event/smartlightingexpo/en/product/1Z03IFHED; https://www.hktdc.com/event/smartlightingexpo/en/product/1Z03IGFI3; https://www.hktdc.com/event/smartlightingexpo/en/product/1Z03IGFI3; https://www.hktdc.com/event/smartlightingexpo/en/product/1Z03IEHXS; https://www.hktdc.com/event/smartlightingexpo/en/product/1Z03IEHXS; https://www.hktdc.com/event/smartlightingexpo/en/product/1Z03IGGG8; https://www.hktdc.com/event/smartlightingexpo/en/product/1Z03IGGG8; https://www.hktdc.com/event/smartlightingexpo/en/product/1Z03IF2PV; https://www.hktdc.com/event/smartlightingexpo/en/product/1Z03IF2PV; https://www.hktdc.com/event/smartlightingexpo/en/product/1Z03IJL1C; https://www.hktdc.com/event/smartlightingexpo/en/product/1Z03IJL1C; https://www.hktdc.com/event/smartlightingexpo/en/product/1Z03IINJS; https://www.hktdc.com/event/smartlightingexpo/en/product/1Z03IINJS; https://www.hktdc.com/event/smartlightingexpo/en/product/1Z03IGJ7W; https://www.hktdc.com/event/smartlightingexpo/en/product/1Z03IGJ7W; https://www.hktdc.com/event/smartlightingexpo/en/product/1Z03IEONF; https://www.hktdc.com/event/smartlightingexpo/en/product/1Z03IEONF; https://www.hktdc.com/event/smartlightingexpo/en/product/1Z03IGZY7; https://www.hktdc.com/event/smartlightingexpo/en/product/1Z03IGZY7
"Guangdong Hello Lighting Technology Co., Ltd.","Guangdong Hello Lighting Technology Co., Ltd.",Chinese Mainland,"Guangdong HELLO Lighting Technology Co., LTD., founded in 2016, is a professional manufacturer and exporter of LED panel lights, LED wall lights, LED stand lights, LED floodlights and LED street lights. The company is located in Zhongshan City, Guangdong Province, currently covers an area of 6,000 square meters, the existing employees 100-150 people, annual sales of more than 10 million US dollars, 95% of the current products are exported to the world.","Guangdong HELLO Lighting Technology Co., LTD., founded in 2016, is a professional manufacturer and exporter of LED panel lights, LED wall lights, LED stand lights, LED floodlights and LED street lights. The company is located in Zhongshan City, Guangdong Province, currently covers an area of 6,000 square meters, the existing employees 100-150 people, annual sales of more than 10 million US dollars, 95% of the current products are exported to the world.",,Exhibitor,Smart Lighting Expo 2026,1B-E12,Smart Lighting Products & Solutions,Zhongshan,1,,,"Decorative Lamp,Street Light,Indoor Lighting; LED panel lights, LED wall lights, LED stand lights, LED floodlights, LED street lights; OEM","Decorative Lamp,Street Light,Indoor Lighting; LED panel lights, LED wall lights, LED stand lights, LED floodlights, LED street lights; OEM",https://www.hktdc.com/event/smartlightingexpo/en/exhibitor/1S005JIQC,6,https://www.hktdc.com/event/smartlightingexpo/en/product/1X21F5F6; https://www.hktdc.com/event/smartlightingexpo/en/product/1X21F5F6; https://www.hktdc.com/event/smartlightingexpo/en/product/1X21F5G5; https://www.hktdc.com/event/smartlightingexpo/en/product/1X21F5G5; https://www.hktdc.com/event/smartlightingexpo/en/product/1X21F5H4; https://www.hktdc.com/event/smartlightingexpo/en/product/1X21F5H4
"Guangdong Suncom Power Technology Co., Ltd.","Guangdong Suncom Power Technology Co., Ltd.",Chinese Mainland,"Founded in 2009, Guangdong Suncom Power is a professional outdoor light LED driver manufacturer in Zhongshan.With more than 30,000 meters of standard industrial park, over 300 employees","Founded in 2009, Guangdong Suncom Power is a professional outdoor light LED driver manufacturer in Zhongshan.With more than 30,000 meters of standard industrial park, over 300 employees",,Exhibitor,Smart Lighting Expo 2026,1B-E13,Smart Lighting Products & Solutions,Cantonese Business Go Global,1,,,"Street Light,Power Management System,Electrical Wire & Cable; LED drivers/We produce isolated, non-isolated, flicker free, waterproof, constant current LED drivers. The LED drivers are used in industrial lights, street lights, plant lights and other outdoor lighting.; ODM, OBM","Street Light,Power Management System,Electrical Wire & Cable; LED drivers/We produce isolated, non-isolated, flicker free, waterproof, constant current LED drivers. The LED drivers are used in industrial lights, street lights, plant lights and other outdoor lighting.; ODM, OBM",https://www.hktdc.com/event/smartlightingexpo/en/exhibitor/1S005JKJV,22,https://www.hktdc.com/event/smartlightingexpo/en/product/1Z03K6NKP; https://www.hktdc.com/event/smartlightingexpo/en/product/1Z03K6NKP; https://www.hktdc.com/event/smartlightingexpo/en/product/1Z03K6NG1; https://www.hktdc.com/event/smartlightingexpo/en/product/1Z03K6NG1; https://www.hktdc.com/event/smartlightingexpo/en/product/1Z03K73K9; https://www.hktdc.com/event/smartlightingexpo/en/product/1Z03K73K9; https://www.hktdc.com/event/smartlightingexpo/en/product/1Z03N2N41; https://www.hktdc.com/event/smartlightingexpo/en/product/1Z03N2N41; https://www.hktdc.com/event/smartlightingexpo/en/product/1Z03K6N8P; https://www.hktdc.com/event/smartlightingexpo/en/product/1Z03K6N8P; https://www.hktdc.com/event/smartlightingexpo/en/product/1Z03K6NPA; https://www.hktdc.com/event/smartlightingexpo/en/product/1Z03K6NPA; https://www.hktdc.com/event/smartlightingexpo/en/product/1Z03K6QTV; https://www.hktdc.com/event/smartlightingexpo/en/product/1Z03K6QTV; https://www.hktdc.com/event/smartlightingexpo/en/product/1Z03N2OD9; https://www.hktdc.com/event/smartlightingexpo/en/product/1Z03N2OD9; https://www.hktdc.com/event/smartlightingexpo/en/product/1Z03KUXWF; https://www.hktdc.com/event/smartlightingexpo/en/product/1Z03KUXWF; https://www.hktdc.com/event/smartlightingexpo/en/product/1Z03KUVTQ; https://www.hktdc.com/event/smartlightingexpo/en/product/1Z03KUVTQ; https://www.hktdc.com/event/smartlightingexpo/en/product/1Z03K71M5; https://www.hktdc.com/event/smartlightingexpo/en/product/1Z03K71M5
"Huizhou Suyang Technology Co., Ltd","Huizhou Suyang Technology Co., Ltd",Chinese Mainland,Lighting Accessories & Lamp Parts,Lighting Accessories & Lamp Parts,,Exhibitor,Smart Lighting Expo 2026,1B-G24,Smart Lighting Products & Solutions,Cantonese Business Go Global,1,,,Lighting Accessories & Lamp Parts; Plastic Vent Plug/Air vent valves of metal/Improve the reliability and durability of the equipment; OBM,Lighting Accessories & Lamp Parts; Plastic Vent Plug/Air vent valves of metal/Improve the reliability and durability of the equipment; OBM,https://www.hktdc.com/event/smartlightingexpo/en/exhibitor/1S005J91O,40,https://www.hktdc.com/event/smartlightingexpo/en/product/1Z03N1WVJ; https://www.hktdc.com/event/smartlightingexpo/en/product/1Z03N1WVJ; https://www.hktdc.com/event/smartlightingexpo/en/product/1Z03N1SFZ; https://www.hktdc.com/event/smartlightingexpo/en/product/1Z03N1SFZ; https://www.hktdc.com/event/smartlightingexpo/en/product/1Z03N20X9; https://www.hktdc.com/event/smartlightingexpo/en/product/1Z03N20X9; https://www.hktdc.com/event/smartlightingexpo/en/product/1Z03N20HL; https://www.hktdc.com/event/smartlightingexpo/en/product/1Z03N20HL; https://www.hktdc.com/event/smartlightingexpo/en/product/1Z03N221V; https://www.hktdc.com/event/smartlightingexpo/en/product/1Z03N221V; https://www.hktdc.com/event/smartlightingexpo/en/product/1Z03N1UIO; https://www.hktdc.com/event/smartlightingexpo/en/product/1Z03N1UIO; https://www.hktdc.com/event/smartlightingexpo/en/product/1Z03N212T; https://www.hktdc.com/event/smartlightingexpo/en/product/1Z03N212T; https://www.hktdc.com/event/smartlightingexpo/en/product/1Z03N1UD3; https://www.hktdc.com/event/smartlightingexpo/en/product/1Z03N1UD3; https://www.hktdc.com/event/smartlightingexpo/en/product/1Z03N1YKE; https://www.hktdc.com/event/smartlightingexpo/en/product/1Z03N1YKE; https://www.hktdc.com/event/smartlightingexpo/en/product/1Z03N1PQ5; https://www.hktdc.com/event/smartlightingexpo/en/product/1Z03N1PQ5; https://www.hktdc.com/event/smartlightingexpo/en/product/1Z03N1RZC; https://www.hktdc.com/event/smartlightingexpo/en/product/1Z03N1RZC; https://www.hktdc.com/event/smartlightingexpo/en/product/1Z03N1UMC; https://www.hktdc.com/event/smartlightingexpo/en/product/1Z03N1UMC; https://www.hktdc.com/event/smartlightingexpo/en/product/1Z03N20UI; https://www.hktdc.com/event/smartlightingexpo/en/product/1Z03N20UI; https://www.hktdc.com/event/smartlightingexpo/en/product/1Z03N1RF0; https://www.hktdc.com/event/smartlightingexpo/en/product/1Z03N1RF0; https://www.hktdc.com/event/smartlightingexpo/en/product/1Z03N21UH; https://www.hktdc.com/event/smartlightingexpo/en/product/1Z03N21UH; https://www.hktdc.com/event/smartlightingexpo/en/product/1Z03N1YN5; https://www.hktdc.com/event/smartlightingexpo/en/product/1Z03N1YN5; https://www.hktdc.com/event/smartlightingexpo/en/product/1Z03N1YSQ; https://www.hktdc.com/event/smartlightingexpo/en/product/1Z03N1YSQ; https://www.hktdc.com/event/smartlightingexpo/en/product/1Z03N1SLH; https://www.hktdc.com/event/smartlightingexpo/en/product/1Z03N1SLH; https://www.hktdc.com/event/smartlightingexpo/en/product/1Z03N1V2Z; https://www.hktdc.com/event/smartlightingexpo/en/product/1Z03N1V2Z; https://www.hktdc.com/event/smartlightingexpo/en/product/1Z03N1W9D; https://www.hktdc.com/event/smartlightingexpo/en/product/1Z03N1W9D
ITHROM LIGHTING LTD,ITHROM LIGHTING LTD,Chinese Mainland,"Sensor Light,Indoor Lighting","Sensor Light,Indoor Lighting",,Exhibitor,Smart Lighting Expo 2026,1B-C27,Smart Lighting Products & Solutions,Cantonese Business Go Global,1,,,"Sensor Light,Indoor Lighting; connie@ithrom.com; ODM, Others, OEM, OBM","Sensor Light,Indoor Lighting; connie@ithrom.com; ODM, Others, OEM, OBM",https://www.hktdc.com/event/smartlightingexpo/en/exhibitor/1S005JYLB,8,https://www.hktdc.com/event/smartlightingexpo/en/product/1Z03NQQTV; https://www.hktdc.com/event/smartlightingexpo/en/product/1Z03NQQTV; https://www.hktdc.com/event/smartlightingexpo/en/product/1Z03NM4NZ; https://www.hktdc.com/event/smartlightingexpo/en/product/1Z03NM4NZ; https://www.hktdc.com/event/smartlightingexpo/en/product/1Z03NQQWM; https://www.hktdc.com/event/smartlightingexpo/en/product/1Z03NQQWM; https://www.hktdc.com/event/smartlightingexpo/en/product/1Z03NQQGY; https://www.hktdc.com/event/smartlightingexpo/en/product/1Z03NQQGY
"Jiangmen HEREKR Photoelectric Technology Co., Ltd.","Jiangmen HEREKR Photoelectric Technology Co., Ltd.",Chinese Mainland,"HEREKR is a low profile professional LED Strip Light manufacturer owning over 50 patents in Non-wire LED Strip, FPCB, LED Driver, strip accessories and it has been one of the tech pioneers in the LED Strip industry. HEREKR is headquartered in Jiangmen, Guangdong as a 95% automated LED Strip factory with the complete processes in house, from Auto FPCB Production Lines, Auto High Speed SMT lines, Auto FPCB Dividing Lines, Auto PVC Extrusion Lines to GEL Coating Lines and etc. In this 8,000 square meters HEREKR factory, 100,000 meters LED STRIP can be produced per day with yet only 15 employees. HEREKR has made a breakthrough in LED strip technology and it is still pursuing.","HEREKR is a low profile professional LED Strip Light manufacturer owning over 50 patents in Non-wire LED Strip, FPCB, LED Driver, strip accessories and it has been one of the tech pioneers in the LED Strip industry. HEREKR is headquartered in Jiangmen, Guangdong as a 95% automated LED Strip factory with the complete processes in house, from Auto FPCB Production Lines, Auto High Speed SMT lines, Auto FPCB Dividing Lines, Auto PVC Extrusion Lines to GEL Coating Lines and etc. In this 8,000 square meters HEREKR factory, 100,000 meters LED STRIP can be produced per day with yet only 15 employees. HEREKR has made a breakthrough in LED strip technology and it is still pursuing.",,Exhibitor,Smart Lighting Expo 2026,1A-E10,Connected Lighting Technologies,Cantonese Business Go Global,1,,,"Indoor Lighting,Home Automation System; LED STRIP LIGHT, TAPE LIGHT, FLEX STRIP, COB STRIP, RGB STRIP, WALL WASHER STRIP; ODM, OEM","Indoor Lighting,Home Automation System; LED STRIP LIGHT, TAPE LIGHT, FLEX STRIP, COB STRIP, RGB STRIP, WALL WASHER STRIP; ODM, OEM",https://www.hktdc.com/event/smartlightingexpo/en/exhibitor/1S005KB4D,20,https://www.hktdc.com/event/smartlightingexpo/en/product/1X24HYKM; https://www.hktdc.com/event/smartlightingexpo/en/product/1X24HYKM; https://www.hktdc.com/event/smartlightingexpo/en/product/1X24HYJN; https://www.hktdc.com/event/smartlightingexpo/en/product/1X24HYJN; https://www.hktdc.com/event/smartlightingexpo/en/product/1X24HYIO; https://www.hktdc.com/event/smartlightingexpo/en/product/1X24HYIO; https://www.hktdc.com/event/smartlightingexpo/en/product/1X24HYHP; https://www.hktdc.com/event/smartlightingexpo/en/product/1X24HYHP; https://www.hktdc.com/event/smartlightingexpo/en/product/1X24HYGQ; https://www.hktdc.com/event/smartlightingexpo/en/product/1X24HYGQ; https://www.hktdc.com/event/smartlightingexpo/en/product/1X24HYFR; https://www.hktdc.com/event/smartlightingexpo/en/product/1X24HYFR; https://www.hktdc.com/event/smartlightingexpo/en/product/1X24HYDT; https://www.hktdc.com/event/smartlightingexpo/en/product/1X24HYDT; https://www.hktdc.com/event/smartlightingexpo/en/product/1X24HYCU; https://www.hktdc.com/event/smartlightingexpo/en/product/1X24HYCU; https://www.hktdc.com/event/smartlightingexpo/en/product/1X24HYBV; https://www.hktdc.com/event/smartlightingexpo/en/product/1X24HYBV; https://www.hktdc.com/event/smartlightingexpo/en/product/1X1Z8CW4; https://www.hktdc.com/event/smartlightingexpo/en/product/1X1Z8CW4
"Jiangmen Synno Lighting Co.,Ltd","Jiangmen Synno Lighting Co.,Ltd",Chinese Mainland,"Jiangmen Synno Lighting Co.,ltd is a high and new-tech enterprise. Our company specialized in LED green light source. And we are engaged in medium and high-end LED decorative lighting with a whole set of design and manufacture of lamps and lanterns, development of control system and engineering supporting service. Our company is devoted to provide customers with LED application products, which is energy-saving with high efficiency, stable of quality and innovative","Jiangmen Synno Lighting Co.,ltd is a high and new-tech enterprise. Our company specialized in LED green light source. And we are engaged in medium and high-end LED decorative lighting with a whole set of design and manufacture of lamps and lanterns, development of control system and engineering supporting service. Our company is devoted to provide customers with LED application products, which is energy-saving with high efficiency, stable of quality and innovative",,Exhibitor,Smart Lighting Expo 2026,1A-D07,Smart Lighting Products & Solutions,Cantonese Business Go Global,1,,,"Architectural Lighting,Indoor Lighting,Lighting Distribution System,Wireless Lighting Management System; LEDTrack Light 
LEDDownlight 
LEDGarden Light; OEM, OBM","Architectural Lighting,Indoor Lighting,Lighting Distribution System,Wireless Lighting Management System; LEDTrack Light 
LEDDownlight 
LEDGarden Light; OEM, OBM",https://www.hktdc.com/event/smartlightingexpo/en/exhibitor/1S005JYKE,0,
Jiangmen Zhenghang Lighting Company Limited,Jiangmen Zhenghang Lighting Company Limited,Chinese Mainland,Indoor Lighting,Indoor Lighting,,Exhibitor,Smart Lighting Expo 2026,1B-C18,Smart Lighting Products & Solutions,Cantonese Business Go Global,1,,,"Indoor Lighting; 江门市正航照明有限公司成立于2008年，拥有先进的生产及检测设备，专业的技术和企业管理人才，主要产品有LED大面板灯、小面板灯、筒灯、射灯等，主要销往中东、拉丁美洲、东南亚等地区。; OEM, ODM","Indoor Lighting; 江门市正航照明有限公司成立于2008年，拥有先进的生产及检测设备，专业的技术和企业管理人才，主要产品有LED大面板灯、小面板灯、筒灯、射灯等，主要销往中东、拉丁美洲、东南亚等地区。; OEM, ODM",https://www.hktdc.com/event/smartlightingexpo/en/exhibitor/1S005JIDF,20,https://www.hktdc.com/event/smartlightingexpo/en/product/1X1LU7YH; https://www.hktdc.com/event/smartlightingexpo/en/product/1X1LU7YH; https://www.hktdc.com/event/smartlightingexpo/en/product/1X1HMJYH; https://www.hktdc.com/event/smartlightingexpo/en/product/1X1HMJYH; https://www.hktdc.com/event/smartlightingexpo/en/product/1X1HMJXI; https://www.hktdc.com/event/smartlightingexpo/en/product/1X1HMJXI; https://www.hktdc.com/event/smartlightingexpo/en/product/1X1HMJWJ; https://www.hktdc.com/event/smartlightingexpo/en/product/1X1HMJWJ; https://www.hktdc.com/event/smartlightingexpo/en/product/1X1HMJVK; https://www.hktdc.com/event/smartlightingexpo/en/product/1X1HMJVK; https://www.hktdc.com/event/smartlightingexpo/en/product/1X19I945; https://www.hktdc.com/event/smartlightingexpo/en/product/1X19I945; https://www.hktdc.com/event/smartlightingexpo/en/product/1X19I936; https://www.hktdc.com/event/smartlightingexpo/en/product/1X19I936; https://www.hktdc.com/event/smartlightingexpo/en/product/1X19I927; https://www.hktdc.com/event/smartlightingexpo/en/product/1X19I927; https://www.hktdc.com/event/smartlightingexpo/en/product/1X12XW2A; https://www.hktdc.com/event/smartlightingexpo/en/product/1X12XW2A; https://www.hktdc.com/event/smartlightingexpo/en/product/1X12XW1B; https://www.hktdc.com/event/smartlightingexpo/en/product/1X12XW1B
"Jiangsu Dalen Electronic Co., Ltd.","Jiangsu Dalen Electronic Co., Ltd.",Chinese Mainland,"DALEN specialized in development ,manufacture and sales of smart home lighting products since year 2011,was partner of HUAWEI, PANASONIC ,LEDVANCE,EVERLIGHT, DOSHISHA, etc. DALEN products have international certificates such as PSE,CE,FCC, etc","DALEN specialized in development ,manufacture and sales of smart home lighting products since year 2011,was partner of HUAWEI, PANASONIC ,LEDVANCE,EVERLIGHT, DOSHISHA, etc. DALEN products have international certificates such as PSE,CE,FCC, etc",,Exhibitor,Smart Lighting Expo 2026,1B-G10,Smart Lighting Products & Solutions,,1,,,"Home Automation System,Lighting Design Software,Energy Efficiency Equipment, Product and Solution; smart lamp combined with projector and audio speaker, creative 3 in 1 home projection ,ranking  No.1 in domestic market; ODM","Home Automation System,Lighting Design Software,Energy Efficiency Equipment, Product and Solution; smart lamp combined with projector and audio speaker, creative 3 in 1 home projection ,ranking  No.1 in domestic market; ODM",https://www.hktdc.com/event/smartlightingexpo/en/exhibitor/1S005J8X1,10,https://www.hktdc.com/event/smartlightingexpo/en/product/1X1PK8WG; https://www.hktdc.com/event/smartlightingexpo/en/product/1X1PK8WG; https://www.hktdc.com/event/smartlightingexpo/en/product/1Z03NPXFU; https://www.hktdc.com/event/smartlightingexpo/en/product/1Z03NPXFU; https://www.hktdc.com/event/smartlightingexpo/en/product/1X19Z59C; https://www.hktdc.com/event/smartlightingexpo/en/product/1X19Z59C; https://www.hktdc.com/event/smartlightingexpo/en/product/1Z03NPXP0; https://www.hktdc.com/event/smartlightingexpo/en/product/1Z03NPXP0; https://www.hktdc.com/event/smartlightingexpo/en/product/1Z03NPXIL; https://www.hktdc.com/event/smartlightingexpo/en/product/1Z03NPXIL
"Karma lighting Co., Ltd. of Zhong Shan City","Karma lighting Co., Ltd. of Zhong Shan City",Chinese Mainland,"Decorative Lamp,Lighting Accessories & Lamp Parts,Indoor Lighting,Retail Lighting,Lighting Design Software","Decorative Lamp,Lighting Accessories & Lamp Parts,Indoor Lighting,Retail Lighting,Lighting Design Software",,Exhibitor,Smart Lighting Expo 2026,1B-G17,Smart Lighting Products & Solutions,Zhongshan,1,,,"Decorative Lamp,Lighting Accessories & Lamp Parts,Indoor Lighting,Retail Lighting,Lighting Design Software; Professional manufacturer for decorative lights; ODM, OEM, OBM","Decorative Lamp,Lighting Accessories & Lamp Parts,Indoor Lighting,Retail Lighting,Lighting Design Software; Professional manufacturer for decorative lights; ODM, OEM, OBM",https://www.hktdc.com/event/smartlightingexpo/en/exhibitor/1S005JIH3,18,https://www.hktdc.com/event/smartlightingexpo/en/product/1Z03GM16H; https://www.hktdc.com/event/smartlightingexpo/en/product/1Z03GM16H; https://www.hktdc.com/event/smartlightingexpo/en/product/1Z03GLWFV; https://www.hktdc.com/event/smartlightingexpo/en/product/1Z03GLWFV; https://www.hktdc.com/event/smartlightingexpo/en/product/1Z03GLY9B; https://www.hktdc.com/event/smartlightingexpo/en/product/1Z03GLY9B; https://www.hktdc.com/event/smartlightingexpo/en/product/1Z03GLXTO; https://www.hktdc.com/event/smartlightingexpo/en/product/1Z03GLXTO; https://www.hktdc.com/event/smartlightingexpo/en/product/1Z03GLX10; https://www.hktdc.com/event/smartlightingexpo/en/product/1Z03GLX10; https://www.hktdc.com/event/smartlightingexpo/en/product/1Z03L3JYN; https://www.hktdc.com/event/smartlightingexpo/en/product/1Z03L3JYN; https://www.hktdc.com/event/smartlightingexpo/en/product/1Z03GM1L8; https://www.hktdc.com/event/smartlightingexpo/en/product/1Z03GM1L8; https://www.hktdc.com/event/smartlightingexpo/en/product/1Z03GAZ6J; https://www.hktdc.com/event/smartlightingexpo/en/product/1Z03GAZ6J; https://www.hktdc.com/event/smartlightingexpo/en/product/1Z03GLXM9; https://www.hktdc.com/event/smartlightingexpo/en/product/1Z03GLXM9
"Kinghand Lighting Co.,Ltd","Kinghand Lighting Co.,Ltd",Chinese Mainland,"Decorative Lamp,Lighting Accessories & Lamp Parts,Building Exterior Lighting System","Decorative Lamp,Lighting Accessories & Lamp Parts,Building Exterior Lighting System",,Exhibitor,Smart Lighting Expo 2026,1A-D13,Smart Lighting Products & Solutions,Cantonese Business Go Global,1,,,"Decorative Lamp,Lighting Accessories & Lamp Parts,Building Exterior Lighting System; The professional manufacturer, specialized in produce solid brass & copper path lights, underwater lights, directional lights, in-ground lights.; OEM, ODM","Decorative Lamp,Lighting Accessories & Lamp Parts,Building Exterior Lighting System; The professional manufacturer, specialized in produce solid brass & copper path lights, underwater lights, directional lights, in-ground lights.; OEM, ODM",https://www.hktdc.com/event/smartlightingexpo/en/exhibitor/1S005JS08,32,https://www.hktdc.com/event/smartlightingexpo/en/product/1Z03NS0TL; https://www.hktdc.com/event/smartlightingexpo/en/product/1Z03NS0TL; https://www.hktdc.com/event/smartlightingexpo/en/product/1Z03NS0UI; https://www.hktdc.com/event/smartlightingexpo/en/product/1Z03NS0UI; https://www.hktdc.com/event/smartlightingexpo/en/product/1Z03NS0M6; https://www.hktdc.com/event/smartlightingexpo/en/product/1Z03NS0M6; https://www.hktdc.com/event/smartlightingexpo/en/product/1Z03MY099; https://www.hktdc.com/event/smartlightingexpo/en/product/1Z03MY099; https://www.hktdc.com/event/smartlightingexpo/en/product/1Z03MXXB6; https://www.hktdc.com/event/smartlightingexpo/en/product/1Z03MXXB6; https://www.hktdc.com/event/smartlightingexpo/en/product/1Z03MY12T; https://www.hktdc.com/event/smartlightingexpo/en/product/1Z03MY12T; https://www.hktdc.com/event/smartlightingexpo/en/product/1Z03MXXY9; https://www.hktdc.com/event/smartlightingexpo/en/product/1Z03MXXY9; https://www.hktdc.com/event/smartlightingexpo/en/product/1Z03MY0UI; https://www.hktdc.com/event/smartlightingexpo/en/product/1Z03MY0UI; https://www.hktdc.com/event/smartlightingexpo/en/product/1Z03MY0RR; https://www.hktdc.com/event/smartlightingexpo/en/product/1Z03MY0RR; https://www.hktdc.com/event/smartlightingexpo/en/product/1Z03MXVJK; https://www.hktdc.com/event/smartlightingexpo/en/product/1Z03MXVJK; https://www.hktdc.com/event/smartlightingexpo/en/product/1Z03MXY8E; https://www.hktdc.com/event/smartlightingexpo/en/product/1Z03MXY8E; https://www.hktdc.com/event/smartlightingexpo/en/product/1Z03MXWD1; https://www.hktdc.com/event/smartlightingexpo/en/product/1Z03MXWD1; https://www.hktdc.com/event/smartlightingexpo/en/product/1Z03MXYM8; https://www.hktdc.com/event/smartlightingexpo/en/product/1Z03MXYM8; https://www.hktdc.com/event/smartlightingexpo/en/product/1Z03MY1HK; https://www.hktdc.com/event/smartlightingexpo/en/product/1Z03MY1HK; https://www.hktdc.com/event/smartlightingexpo/en/product/1Z03MY1B2; https://www.hktdc.com/event/smartlightingexpo/en/product/1Z03MY1B2; https://www.hktdc.com/event/smartlightingexpo/en/product/1Z03MXPKN; https://www.hktdc.com/event/smartlightingexpo/en/product/1Z03MXPKN
"Liter Technology (Xiamen) Co., Ltd.","Liter Technology (Xiamen) Co., Ltd.",Chinese Mainland,Liter Technology (Xiamen) Co. Ltd is a lighting products manufacturer specialized in developing and producing LED light fixtures and related products.,Liter Technology (Xiamen) Co. Ltd is a lighting products manufacturer specialized in developing and producing LED light fixtures and related products.,,Exhibitor,Smart Lighting Expo 2026,1A-D12,Connected Lighting Technologies,,1,,,"Indoor Lighting,Home Automation System; Liter Technology (Xiamen) Co. Ltd is a lighting products manufacturer specialized in developing and producing LED light fixtures and related products.; ODM, OEM","Indoor Lighting,Home Automation System; Liter Technology (Xiamen) Co. Ltd is a lighting products manufacturer specialized in developing and producing LED light fixtures and related products.; ODM, OEM",https://www.hktdc.com/event/smartlightingexpo/en/exhibitor/1S005L01X,40,https://www.hktdc.com/event/smartlightingexpo/en/product/1Z03NQOKO; https://www.hktdc.com/event/smartlightingexpo/en/product/1Z03NQOKO; https://www.hktdc.com/event/smartlightingexpo/en/product/1Z03NQOVR; https://www.hktdc.com/event/smartlightingexpo/en/product/1Z03NQOVR; https://www.hktdc.com/event/smartlightingexpo/en/product/1Z03NQOXL; https://www.hktdc.com/event/smartlightingexpo/en/product/1Z03NQOXL; https://www.hktdc.com/event/smartlightingexpo/en/product/1Z03NQKQA; https://www.hktdc.com/event/smartlightingexpo/en/product/1Z03NQKQA; https://www.hktdc.com/event/smartlightingexpo/en/product/1Z03NQOTX; https://www.hktdc.com/event/smartlightingexpo/en/product/1Z03NQOTX; https://www.hktdc.com/event/smartlightingexpo/en/product/1Z03IW9NU; https://www.hktdc.com/event/smartlightingexpo/en/product/1Z03IW9NU; https://www.hktdc.com/event/smartlightingexpo/en/product/1Z03IXZUJ; https://www.hktdc.com/event/smartlightingexpo/en/product/1Z03IXZUJ; https://www.hktdc.com/event/smartlightingexpo/en/product/1Z03IY488; https://www.hktdc.com/event/smartlightingexpo/en/product/1Z03IY488; https://www.hktdc.com/event/smartlightingexpo/en/product/1Z03IXZ9A; https://www.hktdc.com/event/smartlightingexpo/en/product/1Z03IXZ9A; https://www.hktdc.com/event/smartlightingexpo/en/product/1Z03IYPZE; https://www.hktdc.com/event/smartlightingexpo/en/product/1Z03IYPZE; https://www.hktdc.com/event/smartlightingexpo/en/product/1Z03IYVAB; https://www.hktdc.com/event/smartlightingexpo/en/product/1Z03IYVAB; https://www.hktdc.com/event/smartlightingexpo/en/product/1Z03IVGWW; https://www.hktdc.com/event/smartlightingexpo/en/product/1Z03IVGWW; https://www.hktdc.com/event/smartlightingexpo/en/product/1Z03IYYO2; https://www.hktdc.com/event/smartlightingexpo/en/product/1Z03IYYO2; https://www.hktdc.com/event/smartlightingexpo/en/product/1Z03IY02U; https://www.hktdc.com/event/smartlightingexpo/en/product/1Z03IY02U; https://www.hktdc.com/event/smartlightingexpo/en/product/1Z03IYYKE; https://www.hktdc.com/event/smartlightingexpo/en/product/1Z03IYYKE; https://www.hktdc.com/event/smartlightingexpo/en/product/1Z03IY4DT; https://www.hktdc.com/event/smartlightingexpo/en/product/1Z03IY4DT; https://www.hktdc.com/event/smartlightingexpo/en/product/1Z03J022S; https://www.hktdc.com/event/smartlightingexpo/en/product/1Z03J022S; https://www.hktdc.com/event/smartlightingexpo/en/product/1Z03IY0M6; https://www.hktdc.com/event/smartlightingexpo/en/product/1Z03IY0M6; https://www.hktdc.com/event/smartlightingexpo/en/product/1Z03IXY9B; https://www.hktdc.com/event/smartlightingexpo/en/product/1Z03IXY9B; https://www.hktdc.com/event/smartlightingexpo/en/product/1Z03IYXQX; https://www.hktdc.com/event/smartlightingexpo/en/product/1Z03IYXQX
Lumartec Ltd.,Lumartec Ltd.,Chinese Mainland,LED Bulb,LED Bulb,,Exhibitor,Smart Lighting Expo 2026,1A-E23,Smart Lighting Products & Solutions,,1,,,LED Bulb; LED retrofit lamps; OEM,LED Bulb; LED retrofit lamps; OEM,https://www.hktdc.com/event/smartlightingexpo/en/exhibitor/1S005KUQ0,2,https://www.hktdc.com/event/smartlightingexpo/en/product/1X1XTKPN; https://www.hktdc.com/event/smartlightingexpo/en/product/1X1XTKPN
Nanhai Excelum Lighting & Electronics Factory,Nanhai Excelum Lighting & Electronics Factory,Chinese Mainland,Indoor Lighting,Indoor Lighting,,Exhibitor,Smart Lighting Expo 2026,1B-G05,Smart Lighting Products & Solutions,Cantonese Business Go Global,1,,,"Indoor Lighting; track light, down light, GU 10 Spot light, office lighting, magnetic light; Others, OEM","Indoor Lighting; track light, down light, GU 10 Spot light, office lighting, magnetic light; Others, OEM",https://www.hktdc.com/event/smartlightingexpo/en/exhibitor/1S005LL43,28,https://www.hktdc.com/event/smartlightingexpo/en/product/1Z03O2ARH; https://www.hktdc.com/event/smartlightingexpo/en/product/1Z03O2ARH; https://www.hktdc.com/event/smartlightingexpo/en/product/1Z03O2B2J; https://www.hktdc.com/event/smartlightingexpo/en/product/1Z03O2B2J; https://www.hktdc.com/event/smartlightingexpo/en/product/1Z03O12FP; https://www.hktdc.com/event/smartlightingexpo/en/product/1Z03O12FP; https://www.hktdc.com/event/smartlightingexpo/en/product/1Z03NZCDL; https://www.hktdc.com/event/smartlightingexpo/en/product/1Z03NZCDL; https://www.hktdc.com/event/smartlightingexpo/en/product/1X1EXJUL; https://www.hktdc.com/event/smartlightingexpo/en/product/1X1EXJUL; https://www.hktdc.com/event/smartlightingexpo/en/product/1X16ANRC; https://www.hktdc.com/event/smartlightingexpo/en/product/1X16ANRC; https://www.hktdc.com/event/smartlightingexpo/en/product/1X16ANQD; https://www.hktdc.com/event/smartlightingexpo/en/product/1X16ANQD; https://www.hktdc.com/event/smartlightingexpo/en/product/1X16ANPE; https://www.hktdc.com/event/smartlightingexpo/en/product/1X16ANPE; https://www.hktdc.com/event/smartlightingexpo/en/product/1X0ZJUWM; https://www.hktdc.com/event/smartlightingexpo/en/product/1X0ZJUWM; https://www.hktdc.com/event/smartlightingexpo/en/product/1X0ZJUVN; https://www.hktdc.com/event/smartlightingexpo/en/product/1X0ZJUVN; https://www.hktdc.com/event/smartlightingexpo/en/product/1X0ZJUUO; https://www.hktdc.com/event/smartlightingexpo/en/product/1X0ZJUUO; https://www.hktdc.com/event/smartlightingexpo/en/product/1X0OAH0L; https://www.hktdc.com/event/smartlightingexpo/en/product/1X0OAH0L; https://www.hktdc.com/event/smartlightingexpo/en/product/1X0OAGZP; https://www.hktdc.com/event/smartlightingexpo/en/product/1X0OAGZP; https://www.hktdc.com/event/smartlightingexpo/en/product/1X0OAGYQ; https://www.hktdc.com/event/smartlightingexpo/en/product/1X0OAGYQ
Newsen Electronics Limited,Newsen Electronics Limited,Chinese Mainland,,,,Exhibitor,Smart Lighting Expo 2026,1A-C24,Smart Lighting Products & Solutions,Cantonese Business Go Global,1,,,"Smart outdoors; OBM, Others, OEM, ODM","Smart outdoors; OBM, Others, OEM, ODM",https://www.hktdc.com/event/smartlightingexpo/en/exhibitor/1S005KY02,6,https://www.hktdc.com/event/smartlightingexpo/en/product/1X19JC5V; https://www.hktdc.com/event/smartlightingexpo/en/product/1X19JC5V; https://www.hktdc.com/event/smartlightingexpo/en/product/1X19JC6U; https://www.hktdc.com/event/smartlightingexpo/en/product/1X19JC6U; https://www.hktdc.com/event/smartlightingexpo/en/product/1X19JC4W; https://www.hktdc.com/event/smartlightingexpo/en/product/1X19JC4W
"Ningbo Hengboyi Lamp Co., Ltd.","Ningbo Hengboyi Lamp Co., Ltd.",Chinese Mainland,"Decorative Lamp,Sensor Light,Lighting Accessories & Lamp Parts,Architectural Lighting,LED Bulb,Street Light,Indoor Lighting,Entertainment Lighting,Industrial Lighting,Solar Lights,Electrical Wire & Cable","Decorative Lamp,Sensor Light,Lighting Accessories & Lamp Parts,Architectural Lighting,LED Bulb,Street Light,Indoor Lighting,Entertainment Lighting,Industrial Lighting,Solar Lights,Electrical Wire & Cable",,Exhibitor,Smart Lighting Expo 2026,1B-D11,Smart Lighting Products & Solutions,,1,,,"Decorative Lamp,Sensor Light,Lighting Accessories & Lamp Parts,Architectural Lighting,LED Bulb,Street Light,Indoor Lighting,Entertainment Lighting,Industrial Lighting,Solar Lights,Electrical Wire & Cable; The different kinds of lights,such as LED string lights, retro string lights, lawn lights, solar lights, etc.; OEM, ODM, Others","Decorative Lamp,Sensor Light,Lighting Accessories & Lamp Parts,Architectural Lighting,LED Bulb,Street Light,Indoor Lighting,Entertainment Lighting,Industrial Lighting,Solar Lights,Electrical Wire & Cable; The different kinds of lights,such as LED string lights, retro string lights, lawn lights, solar lights, etc.; OEM, ODM, Others",https://www.hktdc.com/event/smartlightingexpo/en/exhibitor/1S005JS4W,20,https://www.hktdc.com/event/smartlightingexpo/en/product/1Z03NR8CS; https://www.hktdc.com/event/smartlightingexpo/en/product/1Z03NR8CS; https://www.hktdc.com/event/smartlightingexpo/en/product/1Z03NQAK2; https://www.hktdc.com/event/smartlightingexpo/en/product/1Z03NQAK2; https://www.hktdc.com/event/smartlightingexpo/en/product/1Z03NR73K; https://www.hktdc.com/event/smartlightingexpo/en/product/1Z03NR73K; https://www.hktdc.com/event/smartlightingexpo/en/product/1Z03NR6QO; https://www.hktdc.com/event/smartlightingexpo/en/product/1Z03NR6QO; https://www.hktdc.com/event/smartlightingexpo/en/product/1Z03NPZPY; https://www.hktdc.com/event/smartlightingexpo/en/product/1Z03NPZPY; https://www.hktdc.com/event/smartlightingexpo/en/product/1Z03NLQCA; https://www.hktdc.com/event/smartlightingexpo/en/product/1Z03NLQCA; https://www.hktdc.com/event/smartlightingexpo/en/product/1Z03NPXTO; https://www.hktdc.com/event/smartlightingexpo/en/product/1Z03NPXTO; https://www.hktdc.com/event/smartlightingexpo/en/product/1Z03NLPMH; https://www.hktdc.com/event/smartlightingexpo/en/product/1Z03NLPMH; https://www.hktdc.com/event/smartlightingexpo/en/product/1Z03NLOE6; https://www.hktdc.com/event/smartlightingexpo/en/product/1Z03NLOE6; https://www.hktdc.com/event/smartlightingexpo/en/product/1Z03NLPF2; https://www.hktdc.com/event/smartlightingexpo/en/product/1Z03NLPF2
"Ningbo Warstar Optoelectronic Co., Ltd.","Ningbo Warstar Optoelectronic Co., Ltd.",Chinese Mainland,"Sensor Light,Emergency & Professional Lighting,Wireless Lighting Management System","Sensor Light,Emergency & Professional Lighting,Wireless Lighting Management System",,Exhibitor,Smart Lighting Expo 2026,1B-C12,Smart Lighting Products & Solutions,,1,,,"Sensor Light,Emergency & Professional Lighting,Wireless Lighting Management System; We are a factory and trading enterprise that specializes in collecting flashlights, voice controlled lights, and LED lights; OEM, OBM","Sensor Light,Emergency & Professional Lighting,Wireless Lighting Management System; We are a factory and trading enterprise that specializes in collecting flashlights, voice controlled lights, and LED lights; OEM, OBM",https://www.hktdc.com/event/smartlightingexpo/en/exhibitor/1S005JPYH,10,https://www.hktdc.com/event/smartlightingexpo/en/product/1Z03NLXHO; https://www.hktdc.com/event/smartlightingexpo/en/product/1Z03NLXHO; https://www.hktdc.com/event/smartlightingexpo/en/product/1Z03NLVZ8; https://www.hktdc.com/event/smartlightingexpo/en/product/1Z03NLVZ8; https://www.hktdc.com/event/smartlightingexpo/en/product/1Z03NLXRU; https://www.hktdc.com/event/smartlightingexpo/en/product/1Z03NLXRU; https://www.hktdc.com/event/smartlightingexpo/en/product/1Z03NLTYD; https://www.hktdc.com/event/smartlightingexpo/en/product/1Z03NLTYD; https://www.hktdc.com/event/smartlightingexpo/en/product/1Z03NLXY9; https://www.hktdc.com/event/smartlightingexpo/en/product/1Z03NLXY9
RTR LED Limited,RTR LED Limited,Chinese Mainland,"Sensor Light,Architectural Lighting,LED Bulb,Lighting Design & Engineering","Sensor Light,Architectural Lighting,LED Bulb,Lighting Design & Engineering",,Exhibitor,Smart Lighting Expo 2026,1A-E11,Connected Lighting Technologies,,1,,,"Sensor Light,Architectural Lighting,LED Bulb,Lighting Design & Engineering; LED STRIP ,SALT LIGHT; OBM, OEM, Others","Sensor Light,Architectural Lighting,LED Bulb,Lighting Design & Engineering; LED STRIP ,SALT LIGHT; OBM, OEM, Others",https://www.hktdc.com/event/smartlightingexpo/en/exhibitor/1S005JG2E,14,https://www.hktdc.com/event/smartlightingexpo/en/product/1Z03LKQR1; https://www.hktdc.com/event/smartlightingexpo/en/product/1Z03LKQR1; https://www.hktdc.com/event/smartlightingexpo/en/product/1Z03LKS3Z; https://www.hktdc.com/event/smartlightingexpo/en/product/1Z03LKS3Z; https://www.hktdc.com/event/smartlightingexpo/en/product/1Z03JS000; https://www.hktdc.com/event/smartlightingexpo/en/product/1Z03JS000; https://www.hktdc.com/event/smartlightingexpo/en/product/1Z03JQI39; https://www.hktdc.com/event/smartlightingexpo/en/product/1Z03JQI39; https://www.hktdc.com/event/smartlightingexpo/en/product/1Z03JQ2X7; https://www.hktdc.com/event/smartlightingexpo/en/product/1Z03JQ2X7; https://www.hktdc.com/event/smartlightingexpo/en/product/1Z03LKVGT; https://www.hktdc.com/event/smartlightingexpo/en/product/1Z03LKVGT; https://www.hktdc.com/event/smartlightingexpo/en/product/1Z03LKVVK; https://www.hktdc.com/event/smartlightingexpo/en/product/1Z03LKVVK
"Shanghai Costella Energy Saving Technology Co., Ltd.","Shanghai Costella Energy Saving Technology Co., Ltd.",Chinese Mainland,"Costella is a high-tech enterprise specializing in R&D, production and sales of LED lamps and solar products. Costella is a market-driven company specializing OEM production for market of Southeast Asia and Mideast countries, European, Africa and South American countries. With 15 years of rich experience in exporting, we have gained trust and long-term relationships from many top brands. And we have been working on smart lighting projects for long time, our mission is to save energy for our Earth through smart technologies for solar power and major power products.","Costella is a high-tech enterprise specializing in R&D, production and sales of LED lamps and solar products. Costella is a market-driven company specializing OEM production for market of Southeast Asia and Mideast countries, European, Africa and South American countries. With 15 years of rich experience in exporting, we have gained trust and long-term relationships from many top brands. And we have been working on smart lighting projects for long time, our mission is to save energy for our Earth through smart technologies for solar power and major power products.",,Exhibitor,Smart Lighting Expo 2026,1B-F32,Smart Lighting Products & Solutions,,1,,,"Sensor Light,PAR Bulb,Lighting Accessories & Lamp Parts,LED Bulb,Street Light,Indoor Lighting,Emergency & Professional Lighting,Solar Lights,Home Automation System; LED smart bulbs, LED residential lighting products, LED bulb, filament bulbs, spot light GU10& GU5.3, T8 tube, T5 tube, floodlight, Street light, track light, strip light, Emergency light. Solar floodlight, solar street light, solar fans.; OEM, ODM","Sensor Light,PAR Bulb,Lighting Accessories & Lamp Parts,LED Bulb,Street Light,Indoor Lighting,Emergency & Professional Lighting,Solar Lights,Home Automation System; LED smart bulbs, LED residential lighting products, LED bulb, filament bulbs, spot light GU10& GU5.3, T8 tube, T5 tube, floodlight, Street light, track light, strip light, Emergency light. Solar floodlight, solar street light, solar fans.; OEM, ODM",https://www.hktdc.com/event/smartlightingexpo/en/exhibitor/1S005J8W4,8,https://www.hktdc.com/event/smartlightingexpo/en/product/1Z03NKUKI; https://www.hktdc.com/event/smartlightingexpo/en/product/1Z03NKUKI; https://www.hktdc.com/event/smartlightingexpo/en/product/1Z03NKU9F; https://www.hktdc.com/event/smartlightingexpo/en/product/1Z03NKU9F; https://www.hktdc.com/event/smartlightingexpo/en/product/1Z03NKRXI; https://www.hktdc.com/event/smartlightingexpo/en/product/1Z03NKRXI; https://www.hktdc.com/event/smartlightingexpo/en/product/1Z03NKUJL; https://www.hktdc.com/event/smartlightingexpo/en/product/1Z03NKUJL
"Shaoxing Newbright Lighting Co.,Ltd","Shaoxing Newbright Lighting Co.,Ltd",Chinese Mainland,LED Bulb,LED Bulb,,Exhibitor,Smart Lighting Expo 2026,1B-F06,Smart Lighting Products & Solutions,,1,,,"LED Bulb; LED Light; ODM, OEM","LED Bulb; LED Light; ODM, OEM",https://www.hktdc.com/event/smartlightingexpo/en/exhibitor/1S005JYUK,20,https://www.hktdc.com/event/smartlightingexpo/en/product/1Z03HBI2C; https://www.hktdc.com/event/smartlightingexpo/en/product/1Z03HBI2C; https://www.hktdc.com/event/smartlightingexpo/en/product/1X1Y3R5M; https://www.hktdc.com/event/smartlightingexpo/en/product/1X1Y3R5M; https://www.hktdc.com/event/smartlightingexpo/en/product/1X1Y3R4N; https://www.hktdc.com/event/smartlightingexpo/en/product/1X1Y3R4N; https://www.hktdc.com/event/smartlightingexpo/en/product/1X1EQBAT; https://www.hktdc.com/event/smartlightingexpo/en/product/1X1EQBAT; https://www.hktdc.com/event/smartlightingexpo/en/product/1X1EQB9U; https://www.hktdc.com/event/smartlightingexpo/en/product/1X1EQB9U; https://www.hktdc.com/event/smartlightingexpo/en/product/1X1EQB8V; https://www.hktdc.com/event/smartlightingexpo/en/product/1X1EQB8V; https://www.hktdc.com/event/smartlightingexpo/en/product/1Z03HBHYP; https://www.hktdc.com/event/smartlightingexpo/en/product/1Z03HBHYP; https://www.hktdc.com/event/smartlightingexpo/en/product/1Z03HBI7X; https://www.hktdc.com/event/smartlightingexpo/en/product/1Z03HBI7X; https://www.hktdc.com/event/smartlightingexpo/en/product/1Z03HBI9R; https://www.hktdc.com/event/smartlightingexpo/en/product/1Z03HBI9R; https://www.hktdc.com/event/smartlightingexpo/en/product/1Z03HBI53; https://www.hktdc.com/event/smartlightingexpo/en/product/1Z03HBI53
"Shenzhen Chuangli Fiber Optical Materials Co., Ltd","Shenzhen Chuangli Fiber Optical Materials Co., Ltd",Chinese Mainland,Lighting Accessories & Lamp Parts,Lighting Accessories & Lamp Parts,,Exhibitor,Smart Lighting Expo 2026,1B-G26,Smart Lighting Products & Solutions,,1,,,"Lighting Accessories & Lamp Parts; Shenzhen Chuangli Fiber Optical Materials Co., Ltd. is vigorously expanding the application of low-loss plastic fiber in short-distance data transmission, and has core software technology to produce 24-port plastic fiber switching machines 12-port pl; ODM","Lighting Accessories & Lamp Parts; Shenzhen Chuangli Fiber Optical Materials Co., Ltd. is vigorously expanding the application of low-loss plastic fiber in short-distance data transmission, and has core software technology to produce 24-port plastic fiber switching machines 12-port pl; ODM",https://www.hktdc.com/event/smartlightingexpo/en/exhibitor/1S005KUTR,4,https://www.hktdc.com/event/smartlightingexpo/en/product/1Z03NM2DV; https://www.hktdc.com/event/smartlightingexpo/en/product/1Z03NM2DV; https://www.hktdc.com/event/smartlightingexpo/en/product/1Z03NMZPY; https://www.hktdc.com/event/smartlightingexpo/en/product/1Z03NMZPY
"Shenzhen Itian Technology Co., Ltd.","Shenzhen Itian Technology Co., Ltd.",Chinese Mainland,"LED Driver,Sensor & Detector","LED Driver,Sensor & Detector",,Exhibitor,Smart Lighting Expo 2026,1A-F20,Smart Lighting Products & Solutions,,1,,,"LED Driver,Sensor & Detector; 1. Sensors and detectors
2. LED lighting driver; OEM, ODM","LED Driver,Sensor & Detector; 1. Sensors and detectors
2. LED lighting driver; OEM, ODM",https://www.hktdc.com/event/smartlightingexpo/en/exhibitor/1S005JW04,2,https://www.hktdc.com/event/smartlightingexpo/en/product/1Z03NK0O0; https://www.hktdc.com/event/smartlightingexpo/en/product/1Z03NK0O0
"Shenzhen Lilutong Connector Corp., Ltd","Shenzhen Lilutong Connector Corp., Ltd",Chinese Mainland,"Lighting Accessories & Lamp Parts,Electrical Wire & Cable,Lighting Distribution System","Lighting Accessories & Lamp Parts,Electrical Wire & Cable,Lighting Distribution System",,Exhibitor,Smart Lighting Expo 2026,1B-D07,Smart Lighting Products & Solutions,,1,,,"Lighting Accessories & Lamp Parts,Electrical Wire & Cable,Lighting Distribution System; lamp fittings; ODM, OEM","Lighting Accessories & Lamp Parts,Electrical Wire & Cable,Lighting Distribution System; lamp fittings; ODM, OEM",https://www.hktdc.com/event/smartlightingexpo/en/exhibitor/1S005JNYJ,26,https://www.hktdc.com/event/smartlightingexpo/en/product/1Z03NMY8E; https://www.hktdc.com/event/smartlightingexpo/en/product/1Z03NMY8E; https://www.hktdc.com/event/smartlightingexpo/en/product/1Z03NMUQ0; https://www.hktdc.com/event/smartlightingexpo/en/product/1Z03NMUQ0; https://www.hktdc.com/event/smartlightingexpo/en/product/1Z03NMWKG; https://www.hktdc.com/event/smartlightingexpo/en/product/1Z03NMWKG; https://www.hktdc.com/event/smartlightingexpo/en/product/1Z03NMYIK; https://www.hktdc.com/event/smartlightingexpo/en/product/1Z03NMYIK; https://www.hktdc.com/event/smartlightingexpo/en/product/1Z03NM0B3; https://www.hktdc.com/event/smartlightingexpo/en/product/1Z03NM0B3; https://www.hktdc.com/event/smartlightingexpo/en/product/1Z03NLZC1; https://www.hktdc.com/event/smartlightingexpo/en/product/1Z03NLZC1; https://www.hktdc.com/event/smartlightingexpo/en/product/1Z03NMZ6J; https://www.hktdc.com/event/smartlightingexpo/en/product/1Z03NMZ6J; https://www.hktdc.com/event/smartlightingexpo/en/product/1Z03NMLIX; https://www.hktdc.com/event/smartlightingexpo/en/product/1Z03NMLIX; https://www.hktdc.com/event/smartlightingexpo/en/product/1Z03NMXZ6; https://www.hktdc.com/event/smartlightingexpo/en/product/1Z03NMXZ6; https://www.hktdc.com/event/smartlightingexpo/en/product/1Z03NMZGP; https://www.hktdc.com/event/smartlightingexpo/en/product/1Z03NMZGP; https://www.hktdc.com/event/smartlightingexpo/en/product/1Z03NMXC3; https://www.hktdc.com/event/smartlightingexpo/en/product/1Z03NMXC3; https://www.hktdc.com/event/smartlightingexpo/en/product/1Z03NM1PW; https://www.hktdc.com/event/smartlightingexpo/en/product/1Z03NM1PW; https://www.hktdc.com/event/smartlightingexpo/en/product/1Z03NMW4S; https://www.hktdc.com/event/smartlightingexpo/en/product/1Z03NMW4S
Shenzhen Lumiwell Lighting Co Ltd,Shenzhen Lumiwell Lighting Co Ltd,Chinese Mainland,"Indoor Lighting,Home Automation System","Indoor Lighting,Home Automation System",,Exhibitor,Smart Lighting Expo 2026,1B-B08,Smart Lighting Products & Solutions,Shenzhen-SZSA Smart Lighting Pavilion,1,,,"Indoor Lighting,Home Automation System; LED Track Light, LED Track Linear Light, LED Pendant Light, Track and Accessories; ODM","Indoor Lighting,Home Automation System; LED Track Light, LED Track Linear Light, LED Pendant Light, Track and Accessories; ODM",https://www.hktdc.com/event/smartlightingexpo/en/exhibitor/1S005IP8N,2,https://www.hktdc.com/event/smartlightingexpo/en/product/1Z03KPPR2; https://www.hktdc.com/event/smartlightingexpo/en/product/1Z03KPPR2
Shenzhen Mailiang Technology Company Limited,Shenzhen Mailiang Technology Company Limited,Chinese Mainland,"Sensor Light,PAR Bulb,LED Bulb,Indoor Lighting","Sensor Light,PAR Bulb,LED Bulb,Indoor Lighting",,Exhibitor,Smart Lighting Expo 2026,1B-A07,Connected Lighting Technologies,,1,,,"Sensor Light,PAR Bulb,LED Bulb,Indoor Lighting; LED BULBS     STRIP LIGHTS; OEM, ODM","Sensor Light,PAR Bulb,LED Bulb,Indoor Lighting; LED BULBS     STRIP LIGHTS; OEM, ODM",https://www.hktdc.com/event/smartlightingexpo/en/exhibitor/1S005K3QR,0,
"Shenzhen Morsen Lighting Technology Co., Ltd","Shenzhen Morsen Lighting Technology Co., Ltd",Chinese Mainland,"Street Light,Industrial Lighting,Solar Lights","Street Light,Industrial Lighting,Solar Lights",,Exhibitor,Smart Lighting Expo 2026,1B-C05,Smart Lighting Products & Solutions,Shenzhen-SZSA Smart Lighting Pavilion,1,,,"Street Light,Industrial Lighting,Solar Lights; solar street lights solar flood lights; OEM, OBM, ODM, Others","Street Light,Industrial Lighting,Solar Lights; solar street lights solar flood lights; OEM, OBM, ODM, Others",https://www.hktdc.com/event/smartlightingexpo/en/exhibitor/1S005IPAH,8,https://www.hktdc.com/event/smartlightingexpo/en/product/1Z03NNT9G; https://www.hktdc.com/event/smartlightingexpo/en/product/1Z03NNT9G; https://www.hktdc.com/event/smartlightingexpo/en/product/1Z03NKJ52; https://www.hktdc.com/event/smartlightingexpo/en/product/1Z03NKJ52; https://www.hktdc.com/event/smartlightingexpo/en/product/1Z03NKGT5; https://www.hktdc.com/event/smartlightingexpo/en/product/1Z03NKGT5; https://www.hktdc.com/event/smartlightingexpo/en/product/1Z03NKFPI; https://www.hktdc.com/event/smartlightingexpo/en/product/1Z03NKFPI
Shenzhen Mujica Technology Co.Ltd,Shenzhen Mujica Technology Co.Ltd,Chinese Mainland,"Decorative Lamp,Indoor Lighting,Home Automation System","Decorative Lamp,Indoor Lighting,Home Automation System",,Exhibitor,Smart Lighting Expo 2026,1A-D24,Smart Lighting Products & Solutions,,1,,,"Decorative Lamp,Indoor Lighting,Home Automation System; CEILING FANS LIGHT; ODM, OBM, OEM","Decorative Lamp,Indoor Lighting,Home Automation System; CEILING FANS LIGHT; ODM, OBM, OEM",https://www.hktdc.com/event/smartlightingexpo/en/exhibitor/1S005K3A3,20,https://www.hktdc.com/event/smartlightingexpo/en/product/1Z03NLE9V; https://www.hktdc.com/event/smartlightingexpo/en/product/1Z03NLE9V; https://www.hktdc.com/event/smartlightingexpo/en/product/1Z03NLE3D; https://www.hktdc.com/event/smartlightingexpo/en/product/1Z03NLE3D; https://www.hktdc.com/event/smartlightingexpo/en/product/1Z03NLC66; https://www.hktdc.com/event/smartlightingexpo/en/product/1Z03NLC66; https://www.hktdc.com/event/smartlightingexpo/en/product/1Z03NLDU5; https://www.hktdc.com/event/smartlightingexpo/en/product/1Z03NLDU5; https://www.hktdc.com/event/smartlightingexpo/en/product/1Z03NLCPL; https://www.hktdc.com/event/smartlightingexpo/en/product/1Z03NLCPL; https://www.hktdc.com/event/smartlightingexpo/en/product/1Z03NLCFF; https://www.hktdc.com/event/smartlightingexpo/en/product/1Z03NLCFF; https://www.hktdc.com/event/smartlightingexpo/en/product/1Z03NLDKZ; https://www.hktdc.com/event/smartlightingexpo/en/product/1Z03NLDKZ; https://www.hktdc.com/event/smartlightingexpo/en/product/1Z03NLC9X; https://www.hktdc.com/event/smartlightingexpo/en/product/1Z03NLC9X; https://www.hktdc.com/event/smartlightingexpo/en/product/1Z03NLCGC; https://www.hktdc.com/event/smartlightingexpo/en/product/1Z03NLCGC; https://www.hktdc.com/event/smartlightingexpo/en/product/1Z03NLDYT; https://www.hktdc.com/event/smartlightingexpo/en/product/1Z03NLDYT
"Shenzhen Ofly Technology Co., Limited","Shenzhen Ofly Technology Co., Limited",Chinese Mainland,,,,Exhibitor,Smart Lighting Expo 2026,1B-E34,Smart Lighting Products & Solutions,,1,,,,,https://www.hktdc.com/event/smartlightingexpo/en/exhibitor/1S005K3K9,36,https://www.hktdc.com/event/smartlightingexpo/en/product/1Z03KNONF; https://www.hktdc.com/event/smartlightingexpo/en/product/1Z03KNONF; https://www.hktdc.com/event/smartlightingexpo/en/product/1Z03KP9L0; https://www.hktdc.com/event/smartlightingexpo/en/product/1Z03KP9L0; https://www.hktdc.com/event/smartlightingexpo/en/product/1Z03KP9MX; https://www.hktdc.com/event/smartlightingexpo/en/product/1Z03KP9MX; https://www.hktdc.com/event/smartlightingexpo/en/product/1X22B2P5; https://www.hktdc.com/event/smartlightingexpo/en/product/1X22B2P5; https://www.hktdc.com/event/smartlightingexpo/en/product/1X1ZQ25P; https://www.hktdc.com/event/smartlightingexpo/en/product/1X1ZQ25P; https://www.hktdc.com/event/smartlightingexpo/en/product/1X1ZQ24Q; https://www.hktdc.com/event/smartlightingexpo/en/product/1X1ZQ24Q; https://www.hktdc.com/event/smartlightingexpo/en/product/1X1ZQ23R; https://www.hktdc.com/event/smartlightingexpo/en/product/1X1ZQ23R; https://www.hktdc.com/event/smartlightingexpo/en/product/1X1Y2GSW; https://www.hktdc.com/event/smartlightingexpo/en/product/1X1Y2GSW; https://www.hktdc.com/event/smartlightingexpo/en/product/1X1Y2GRX; https://www.hktdc.com/event/smartlightingexpo/en/product/1X1Y2GRX; https://www.hktdc.com/event/smartlightingexpo/en/product/1X1Y2GQY; https://www.hktdc.com/event/smartlightingexpo/en/product/1X1Y2GQY; https://www.hktdc.com/event/smartlightingexpo/en/product/1X1WKN7W; https://www.hktdc.com/event/smartlightingexpo/en/product/1X1WKN7W; https://www.hktdc.com/event/smartlightingexpo/en/product/1X1W7B12; https://www.hktdc.com/event/smartlightingexpo/en/product/1X1W7B12; https://www.hktdc.com/event/smartlightingexpo/en/product/1X1W464E; https://www.hktdc.com/event/smartlightingexpo/en/product/1X1W464E; https://www.hktdc.com/event/smartlightingexpo/en/product/1Z03KPM5Z; https://www.hktdc.com/event/smartlightingexpo/en/product/1Z03KPM5Z; https://www.hktdc.com/event/smartlightingexpo/en/product/1Z03KP9K3; https://www.hktdc.com/event/smartlightingexpo/en/product/1Z03KP9K3; https://www.hktdc.com/event/smartlightingexpo/en/product/1Z03KO1IH; https://www.hktdc.com/event/smartlightingexpo/en/product/1Z03KO1IH; https://www.hktdc.com/event/smartlightingexpo/en/product/1Z03KP9OR; https://www.hktdc.com/event/smartlightingexpo/en/product/1Z03KP9OR; https://www.hktdc.com/event/smartlightingexpo/en/product/1Z03KQTSV; https://www.hktdc.com/event/smartlightingexpo/en/product/1Z03KQTSV
Shenzhen Onlumi Technology Limited,Shenzhen Onlumi Technology Limited,Chinese Mainland,"Sensor Light,Lighting Accessories & Lamp Parts,Indoor Lighting,Retail Lighting,Home Automation System,Electrical Wire & Cable,Lighting Distribution System","Sensor Light,Lighting Accessories & Lamp Parts,Indoor Lighting,Retail Lighting,Home Automation System,Electrical Wire & Cable,Lighting Distribution System",,Exhibitor,Smart Lighting Expo 2026,1B-C15,Smart Lighting Products & Solutions,Shenzhen-SZSA Smart Lighting Pavilion,1,,,"Sensor Light,Lighting Accessories & Lamp Parts,Indoor Lighting,Retail Lighting,Home Automation System,Electrical Wire & Cable,Lighting Distribution System; LED Strip Lights and related connectors, Dimmers, Smart Controllers, Switches, Cables; OEM, ODM","Sensor Light,Lighting Accessories & Lamp Parts,Indoor Lighting,Retail Lighting,Home Automation System,Electrical Wire & Cable,Lighting Distribution System; LED Strip Lights and related connectors, Dimmers, Smart Controllers, Switches, Cables; OEM, ODM",https://www.hktdc.com/event/smartlightingexpo/en/exhibitor/1S005J8PP,20,https://www.hktdc.com/event/smartlightingexpo/en/product/1Z03LOZ1Y; https://www.hktdc.com/event/smartlightingexpo/en/product/1Z03LOZ1Y; https://www.hktdc.com/event/smartlightingexpo/en/product/1Z03LPABT; https://www.hktdc.com/event/smartlightingexpo/en/product/1Z03LPABT; https://www.hktdc.com/event/smartlightingexpo/en/product/1Z03LP679; https://www.hktdc.com/event/smartlightingexpo/en/product/1Z03LP679; https://www.hktdc.com/event/smartlightingexpo/en/product/1Z03LPBQJ; https://www.hktdc.com/event/smartlightingexpo/en/product/1Z03LPBQJ; https://www.hktdc.com/event/smartlightingexpo/en/product/1Z03LPEV1; https://www.hktdc.com/event/smartlightingexpo/en/product/1Z03LPEV1; https://www.hktdc.com/event/smartlightingexpo/en/product/1Z03N1GU2; https://www.hktdc.com/event/smartlightingexpo/en/product/1Z03N1GU2; https://www.hktdc.com/event/smartlightingexpo/en/product/1Z03LP2Z1; https://www.hktdc.com/event/smartlightingexpo/en/product/1Z03LP2Z1; https://www.hktdc.com/event/smartlightingexpo/en/product/1Z03NK9YX; https://www.hktdc.com/event/smartlightingexpo/en/product/1Z03NK9YX; https://www.hktdc.com/event/smartlightingexpo/en/product/1Z03NKB4D; https://www.hktdc.com/event/smartlightingexpo/en/product/1Z03NKB4D; https://www.hktdc.com/event/smartlightingexpo/en/product/1Z03NKEI4; https://www.hktdc.com/event/smartlightingexpo/en/product/1Z03NKEI4
"Shenzhen Standard Technology Co., Ltd.","Shenzhen Standard Technology Co., Ltd.",Chinese Mainland,"Shenzhen Standard Technology Co.,LTD (SE.Lighting) is a Chinese National Hi-Tech Enterprise specialized in LED Lighting products, a professional LED Lighting Manufacturer & Supplier since 2007. Our products include LED Wall Washer Light, LED Strip Light, COB Strip Light, RGB Flood Light, LED Stage Light, LED Tri-Proof Light, LED Linear Light, LED Neon Light, LED High Bay, LED Street Light, Aluminum Profile etc. All these products with good quality, perfect heat dissipation, long life span, low light decay and high lumen efficiency, which are widely used for indoor and outdoor lighting. Service: SE.Lighting started to do export since 2007, some of our colleague with more than 16 years lighting experience, which understand your need and concern well. Customer: 95% of our products exported to more than 100 countries, our valued customer included: Shell Oil, Chrysler Auto, Fiat Auto, Sheraton Hotel, McDonald's.","Shenzhen Standard Technology Co.,LTD (SE.Lighting) is a Chinese National Hi-Tech Enterprise specialized in LED Lighting products, a professional LED Lighting Manufacturer & Supplier since 2007. Our products include LED Wall Washer Light, LED Strip Light, COB Strip Light, RGB Flood Light, LED Stage Light, LED Tri-Proof Light, LED Linear Light, LED Neon Light, LED High Bay, LED Street Light, Aluminum Profile etc. All these products with good quality, perfect heat dissipation, long life span, low light decay and high lumen efficiency, which are widely used for indoor and outdoor lighting. Service: SE.Lighting started to do export since 2007, some of our colleague with more than 16 years lighting experience, which understand your need and concern well. Customer: 95% of our products exported to more than 100 countries, our valued customer included: Shell Oil, Chrysler Auto, Fiat Auto, Sheraton Hotel, McDonald's.",,Exhibitor,Smart Lighting Expo 2026,1B-F40,Smart Lighting Products & Solutions,,1,,,"Decorative Lamp,Entertainment Lighting,Industrial Lighting; Smart LED Strip Light, COB Strip Light, DMX RGB Flood Light, DMX Wall Washer Light, LED Stage Light, LED Tri-Proof Light, LED Linear Light, LED Neon Light; ODM, OBM, OEM, Others","Decorative Lamp,Entertainment Lighting,Industrial Lighting; Smart LED Strip Light, COB Strip Light, DMX RGB Flood Light, DMX Wall Washer Light, LED Stage Light, LED Tri-Proof Light, LED Linear Light, LED Neon Light; ODM, OBM, OEM, Others",https://www.hktdc.com/event/smartlightingexpo/en/exhibitor/1S005J8L1,40,https://www.hktdc.com/event/smartlightingexpo/en/product/1Z03JRS7N; https://www.hktdc.com/event/smartlightingexpo/en/product/1Z03JRS7N; https://www.hktdc.com/event/smartlightingexpo/en/product/1Z03JR40W; https://www.hktdc.com/event/smartlightingexpo/en/product/1Z03JR40W; https://www.hktdc.com/event/smartlightingexpo/en/product/1Z03JQMWQ; https://www.hktdc.com/event/smartlightingexpo/en/product/1Z03JQMWQ; https://www.hktdc.com/event/smartlightingexpo/en/product/1Z03JRTE1; https://www.hktdc.com/event/smartlightingexpo/en/product/1Z03JRTE1; https://www.hktdc.com/event/smartlightingexpo/en/product/1Z03JQEXV; https://www.hktdc.com/event/smartlightingexpo/en/product/1Z03JQEXV; https://www.hktdc.com/event/smartlightingexpo/en/product/1Z03JQ7GH; https://www.hktdc.com/event/smartlightingexpo/en/product/1Z03JQ7GH; https://www.hktdc.com/event/smartlightingexpo/en/product/1Z03JPI60; https://www.hktdc.com/event/smartlightingexpo/en/product/1Z03JPI60; https://www.hktdc.com/event/smartlightingexpo/en/product/1Z03JQM0E; https://www.hktdc.com/event/smartlightingexpo/en/product/1Z03JQM0E; https://www.hktdc.com/event/smartlightingexpo/en/product/1Z03JRJF8; https://www.hktdc.com/event/smartlightingexpo/en/product/1Z03JRJF8; https://www.hktdc.com/event/smartlightingexpo/en/product/1Z03JRRGX; https://www.hktdc.com/event/smartlightingexpo/en/product/1Z03JRRGX; https://www.hktdc.com/event/smartlightingexpo/en/product/1Z03JQ66C; https://www.hktdc.com/event/smartlightingexpo/en/product/1Z03JQ66C; https://www.hktdc.com/event/smartlightingexpo/en/product/1Z03JQ969; https://www.hktdc.com/event/smartlightingexpo/en/product/1Z03JQ969; https://www.hktdc.com/event/smartlightingexpo/en/product/1Z03JQG9T; https://www.hktdc.com/event/smartlightingexpo/en/product/1Z03JQG9T; https://www.hktdc.com/event/smartlightingexpo/en/product/1Z03JQFDI; https://www.hktdc.com/event/smartlightingexpo/en/product/1Z03JQFDI; https://www.hktdc.com/event/smartlightingexpo/en/product/1Z03JR6EO; https://www.hktdc.com/event/smartlightingexpo/en/product/1Z03JR6EO; https://www.hktdc.com/event/smartlightingexpo/en/product/1Z03JQAK2; https://www.hktdc.com/event/smartlightingexpo/en/product/1Z03JQAK2; https://www.hktdc.com/event/smartlightingexpo/en/product/1Z03JQXIL; https://www.hktdc.com/event/smartlightingexpo/en/product/1Z03JQXIL; https://www.hktdc.com/event/smartlightingexpo/en/product/1Z03JQUHR; https://www.hktdc.com/event/smartlightingexpo/en/product/1Z03JQUHR; https://www.hktdc.com/event/smartlightingexpo/en/product/1Z03JNWIM; https://www.hktdc.com/event/smartlightingexpo/en/product/1Z03JNWIM; https://www.hktdc.com/event/smartlightingexpo/en/product/1Z03JKGWW; https://www.hktdc.com/event/smartlightingexpo/en/product/1Z03JKGWW
Shenzhen WenJieXin Electronic Co Ltd,Shenzhen WenJieXin Electronic Co Ltd,Chinese Mainland,LED Driver,LED Driver,,Exhibitor,Smart Lighting Expo 2026,1B-B06,Connected Lighting Technologies,Shenzhen-SZSA Smart Lighting Pavilion,1,,,"LED Driver; LED; ODM, OEM","LED Driver; LED; ODM, OEM",https://www.hktdc.com/event/smartlightingexpo/en/exhibitor/1S005IP7Q,22,https://www.hktdc.com/event/smartlightingexpo/en/product/1X22WCHJ; https://www.hktdc.com/event/smartlightingexpo/en/product/1X22WCHJ; https://www.hktdc.com/event/smartlightingexpo/en/product/1X23F2O6; https://www.hktdc.com/event/smartlightingexpo/en/product/1X23F2O6; https://www.hktdc.com/event/smartlightingexpo/en/product/1Z03NLBXY; https://www.hktdc.com/event/smartlightingexpo/en/product/1Z03NLBXY; https://www.hktdc.com/event/smartlightingexpo/en/product/1X23F2N7; https://www.hktdc.com/event/smartlightingexpo/en/product/1X23F2N7; https://www.hktdc.com/event/smartlightingexpo/en/product/1Z03NM0Y6; https://www.hktdc.com/event/smartlightingexpo/en/product/1Z03NM0Y6; https://www.hktdc.com/event/smartlightingexpo/en/product/1Z03NLIVX; https://www.hktdc.com/event/smartlightingexpo/en/product/1Z03NLIVX; https://www.hktdc.com/event/smartlightingexpo/en/product/1X23F2P5; https://www.hktdc.com/event/smartlightingexpo/en/product/1X23F2P5; https://www.hktdc.com/event/smartlightingexpo/en/product/1Z03NLBW1; https://www.hktdc.com/event/smartlightingexpo/en/product/1Z03NLBW1; https://www.hktdc.com/event/smartlightingexpo/en/product/1X1UP4YQ; https://www.hktdc.com/event/smartlightingexpo/en/product/1X1UP4YQ; https://www.hktdc.com/event/smartlightingexpo/en/product/1X1UP4TV; https://www.hktdc.com/event/smartlightingexpo/en/product/1X1UP4TV; https://www.hktdc.com/event/smartlightingexpo/en/product/1X1UP4L3; https://www.hktdc.com/event/smartlightingexpo/en/product/1X1UP4L3
"Singsunled Co., Ltd","Singsunled Co., Ltd",Chinese Mainland,Building Exterior Lighting System,Building Exterior Lighting System,,Exhibitor,Smart Lighting Expo 2026,1B-B39,Smart Lighting Products & Solutions,Shenzhen,1,,,"Building Exterior Lighting System; led module,led stirp,led neon; ODM, OEM","Building Exterior Lighting System; led module,led stirp,led neon; ODM, OEM",https://www.hktdc.com/event/smartlightingexpo/en/exhibitor/1S005JYPZ,0,
"Xiamen Yaltan Lighting Co., Ltd.","Xiamen Yaltan Lighting Co., Ltd.",Chinese Mainland,"Decorative Lamp,Indoor Lighting,Industrial Lighting","Decorative Lamp,Indoor Lighting,Industrial Lighting",,Exhibitor,Smart Lighting Expo 2026,1B-B18,Smart Lighting Products & Solutions,Shenzhen-SZSA Smart Lighting Pavilion,1,,,"Decorative Lamp,Indoor Lighting,Industrial Lighting; Xiamen Yaltan Lighting Co., Ltd. is a high-tech enterprise dedicated to the application of LED lighting products, such as Panel lights/ ceiling lights/ downlights, integrating research and development, manufacture, sales, and after-sale service.; OEM, ODM","Decorative Lamp,Indoor Lighting,Industrial Lighting; Xiamen Yaltan Lighting Co., Ltd. is a high-tech enterprise dedicated to the application of LED lighting products, such as Panel lights/ ceiling lights/ downlights, integrating research and development, manufacture, sales, and after-sale service.; OEM, ODM",https://www.hktdc.com/event/smartlightingexpo/en/exhibitor/1S005J8K4,40,https://www.hktdc.com/event/smartlightingexpo/en/product/1Z03ITC59; https://www.hktdc.com/event/smartlightingexpo/en/product/1Z03ITC59; https://www.hktdc.com/event/smartlightingexpo/en/product/1Z03IVI7X; https://www.hktdc.com/event/smartlightingexpo/en/product/1Z03IVI7X; https://www.hktdc.com/event/smartlightingexpo/en/product/1Z03IVJ2B; https://www.hktdc.com/event/smartlightingexpo/en/product/1Z03IVJ2B; https://www.hktdc.com/event/smartlightingexpo/en/product/1Z03IUHKV; https://www.hktdc.com/event/smartlightingexpo/en/product/1Z03IUHKV; https://www.hktdc.com/event/smartlightingexpo/en/product/1Z03IV2X7; https://www.hktdc.com/event/smartlightingexpo/en/product/1Z03IV2X7; https://www.hktdc.com/event/smartlightingexpo/en/product/1Z03IVHZM; https://www.hktdc.com/event/smartlightingexpo/en/product/1Z03IVHZM; https://www.hktdc.com/event/smartlightingexpo/en/product/1Z03ITO5X; https://www.hktdc.com/event/smartlightingexpo/en/product/1Z03ITO5X; https://www.hktdc.com/event/smartlightingexpo/en/product/1Z03IUGWW; https://www.hktdc.com/event/smartlightingexpo/en/product/1Z03IUGWW; https://www.hktdc.com/event/smartlightingexpo/en/product/1X1UJUZJ; https://www.hktdc.com/event/smartlightingexpo/en/product/1X1UJUZJ; https://www.hktdc.com/event/smartlightingexpo/en/product/1X1UJUUO; https://www.hktdc.com/event/smartlightingexpo/en/product/1X1UJUUO; https://www.hktdc.com/event/smartlightingexpo/en/product/1X1UJUSQ; https://www.hktdc.com/event/smartlightingexpo/en/product/1X1UJUSQ; https://www.hktdc.com/event/smartlightingexpo/en/product/1X1UJUPT; https://www.hktdc.com/event/smartlightingexpo/en/product/1X1UJUPT; https://www.hktdc.com/event/smartlightingexpo/en/product/1X1UJUOU; https://www.hktdc.com/event/smartlightingexpo/en/product/1X1UJUOU; https://www.hktdc.com/event/smartlightingexpo/en/product/1X1UJUH1; https://www.hktdc.com/event/smartlightingexpo/en/product/1X1UJUH1; https://www.hktdc.com/event/smartlightingexpo/en/product/1X1UJUE4; https://www.hktdc.com/event/smartlightingexpo/en/product/1X1UJUE4; https://www.hktdc.com/event/smartlightingexpo/en/product/1X1UJUD5; https://www.hktdc.com/event/smartlightingexpo/en/product/1X1UJUD5; https://www.hktdc.com/event/smartlightingexpo/en/product/1Z03IUZ01; https://www.hktdc.com/event/smartlightingexpo/en/product/1Z03IUZ01; https://www.hktdc.com/event/smartlightingexpo/en/product/1Z03ITANT; https://www.hktdc.com/event/smartlightingexpo/en/product/1Z03ITANT; https://www.hktdc.com/event/smartlightingexpo/en/product/1Z03ITNVS; https://www.hktdc.com/event/smartlightingexpo/en/product/1Z03ITNVS; https://www.hktdc.com/event/smartlightingexpo/en/product/1Z03IWO5X; https://www.hktdc.com/event/smartlightingexpo/en/product/1Z03IWO5X
"Zhaoliang (Hangzhou) Technology Co., Ltd.","Zhaoliang (Hangzhou) Technology Co., Ltd.",Chinese Mainland,LED Bulb,LED Bulb,,Exhibitor,Smart Lighting Expo 2026,1B-D09,Smart Lighting Products & Solutions,,1,,,"LED Bulb; Energy Saving;
Super Bright;Safety and High Quality;Wide Application;long lifetime and high lumen maintenance,replace tradtional corn light; ODM, OEM","LED Bulb; Energy Saving;
Super Bright;Safety and High Quality;Wide Application;long lifetime and high lumen maintenance,replace tradtional corn light; ODM, OEM",https://www.hktdc.com/event/smartlightingexpo/en/exhibitor/1S005ILWR,40,https://www.hktdc.com/event/smartlightingexpo/en/product/1Z03OAWUM; https://www.hktdc.com/event/smartlightingexpo/en/product/1Z03OAWUM; https://www.hktdc.com/event/smartlightingexpo/en/product/1Z03OAWO4; https://www.hktdc.com/event/smartlightingexpo/en/product/1Z03OAWO4; https://www.hktdc.com/event/smartlightingexpo/en/product/1Z03OAWKG; https://www.hktdc.com/event/smartlightingexpo/en/product/1Z03OAWKG; https://www.hktdc.com/event/smartlightingexpo/en/product/1Z03OAWIM; https://www.hktdc.com/event/smartlightingexpo/en/product/1Z03OAWIM; https://www.hktdc.com/event/smartlightingexpo/en/product/1Z03OAWC4; https://www.hktdc.com/event/smartlightingexpo/en/product/1Z03OAWC4; https://www.hktdc.com/event/smartlightingexpo/en/product/1Z03OAW7J; https://www.hktdc.com/event/smartlightingexpo/en/product/1Z03OAW7J; https://www.hktdc.com/event/smartlightingexpo/en/product/1Z03OAVST; https://www.hktdc.com/event/smartlightingexpo/en/product/1Z03OAVST; https://www.hktdc.com/event/smartlightingexpo/en/product/1Z03NNI7X; https://www.hktdc.com/event/smartlightingexpo/en/product/1Z03NNI7X; https://www.hktdc.com/event/smartlightingexpo/en/product/1Z03NND72; https://www.hktdc.com/event/smartlightingexpo/en/product/1Z03NND72; https://www.hktdc.com/event/smartlightingexpo/en/product/1Z03NNIVX; https://www.hktdc.com/event/smartlightingexpo/en/product/1Z03NNIVX; https://www.hktdc.com/event/smartlightingexpo/en/product/1Z03NL93I; https://www.hktdc.com/event/smartlightingexpo/en/product/1Z03NL93I; https://www.hktdc.com/event/smartlightingexpo/en/product/1Z03NL679; https://www.hktdc.com/event/smartlightingexpo/en/product/1Z03NL679; https://www.hktdc.com/event/smartlightingexpo/en/product/1Z03NNJ45; https://www.hktdc.com/event/smartlightingexpo/en/product/1Z03NNJ45; https://www.hktdc.com/event/smartlightingexpo/en/product/1Z03NNHH4; https://www.hktdc.com/event/smartlightingexpo/en/product/1Z03NNHH4; https://www.hktdc.com/event/smartlightingexpo/en/product/1Z03NNH1G; https://www.hktdc.com/event/smartlightingexpo/en/product/1Z03NNH1G; https://www.hktdc.com/event/smartlightingexpo/en/product/1Z03NNG9T; https://www.hktdc.com/event/smartlightingexpo/en/product/1Z03NNG9T; https://www.hktdc.com/event/smartlightingexpo/en/product/1Z03NNFQF; https://www.hktdc.com/event/smartlightingexpo/en/product/1Z03NNFQF; https://www.hktdc.com/event/smartlightingexpo/en/product/1Z03NNF63; https://www.hktdc.com/event/smartlightingexpo/en/product/1Z03NNF63; https://www.hktdc.com/event/smartlightingexpo/en/product/1Z03NN2Z1; https://www.hktdc.com/event/smartlightingexpo/en/product/1Z03NN2Z1; https://www.hktdc.com/event/smartlightingexpo/en/product/1Z03NN0II; https://www.hktdc.com/event/smartlightingexpo/en/product/1Z03NN0II
"Zhejiang Setec Lighting Co., Ltd.","Zhejiang Setec Lighting Co., Ltd.",Chinese Mainland,"LED Converter,LED Driver,Sensor & Detector,Electrical Equipment","LED Converter,LED Driver,Sensor & Detector,Electrical Equipment",,Exhibitor,Smart Lighting Expo 2026,1A-F08,Connected Lighting Technologies,,1,,,"LED Converter,LED Driver,Sensor & Detector,Electrical Equipment; led; Others","LED Converter,LED Driver,Sensor & Detector,Electrical Equipment; led; Others",https://www.hktdc.com/event/smartlightingexpo/en/exhibitor/1S005KUHR,36,https://www.hktdc.com/event/smartlightingexpo/en/product/1Z03HBILR; https://www.hktdc.com/event/smartlightingexpo/en/product/1Z03HBILR; https://www.hktdc.com/event/smartlightingexpo/en/product/1Z03JSYXB; https://www.hktdc.com/event/smartlightingexpo/en/product/1Z03JSYXB; https://www.hktdc.com/event/smartlightingexpo/en/product/1Z03JSYZ5; https://www.hktdc.com/event/smartlightingexpo/en/product/1Z03JSYZ5; https://www.hktdc.com/event/smartlightingexpo/en/product/1X21L769; https://www.hktdc.com/event/smartlightingexpo/en/product/1X21L769; https://www.hktdc.com/event/smartlightingexpo/en/product/1X21L75A; https://www.hktdc.com/event/smartlightingexpo/en/product/1X21L75A; https://www.hktdc.com/event/smartlightingexpo/en/product/1X21L74B; https://www.hktdc.com/event/smartlightingexpo/en/product/1X21L74B; https://www.hktdc.com/event/smartlightingexpo/en/product/1X21L73C; https://www.hktdc.com/event/smartlightingexpo/en/product/1X21L73C; https://www.hktdc.com/event/smartlightingexpo/en/product/1X21L71E; https://www.hktdc.com/event/smartlightingexpo/en/product/1X21L71E; https://www.hktdc.com/event/smartlightingexpo/en/product/1X1ZQ2BJ; https://www.hktdc.com/event/smartlightingexpo/en/product/1X1ZQ2BJ; https://www.hktdc.com/event/smartlightingexpo/en/product/1X1500GK; https://www.hktdc.com/event/smartlightingexpo/en/product/1X1500GK; https://www.hktdc.com/event/smartlightingexpo/en/product/1X1500EM; https://www.hktdc.com/event/smartlightingexpo/en/product/1X1500EM; https://www.hktdc.com/event/smartlightingexpo/en/product/1X14RFQ1; https://www.hktdc.com/event/smartlightingexpo/en/product/1X14RFQ1; https://www.hktdc.com/event/smartlightingexpo/en/product/1X14RFP2; https://www.hktdc.com/event/smartlightingexpo/en/product/1X14RFP2; https://www.hktdc.com/event/smartlightingexpo/en/product/1Z03HBIJX; https://www.hktdc.com/event/smartlightingexpo/en/product/1Z03HBIJX; https://www.hktdc.com/event/smartlightingexpo/en/product/1Z03HBINL; https://www.hktdc.com/event/smartlightingexpo/en/product/1Z03HBINL; https://www.hktdc.com/event/smartlightingexpo/en/product/1Z03JSYY8; https://www.hktdc.com/event/smartlightingexpo/en/product/1Z03JSYY8; https://www.hktdc.com/event/smartlightingexpo/en/product/1Z03HBIKU; https://www.hktdc.com/event/smartlightingexpo/en/product/1Z03HBIKU; https://www.hktdc.com/event/smartlightingexpo/en/product/1Z03HBIPF; https://www.hktdc.com/event/smartlightingexpo/en/product/1Z03HBIPF
"Zhejiang Tormin Electrical Co., Ltd.","Zhejiang Tormin Electrical Co., Ltd.",Chinese Mainland,"Industrial Lighting,Solar Lights","Industrial Lighting,Solar Lights",,Exhibitor,Smart Lighting Expo 2026,1A-D20,Connected Lighting Technologies,,1,,,"Industrial Lighting,Solar Lights; LED LAMP; ODM, OEM, OBM","Industrial Lighting,Solar Lights; LED LAMP; ODM, OEM, OBM",https://www.hktdc.com/event/smartlightingexpo/en/exhibitor/1S005KB2J,12,https://www.hktdc.com/event/smartlightingexpo/en/product/1Z03LP5BY; https://www.hktdc.com/event/smartlightingexpo/en/product/1Z03LP5BY; https://www.hktdc.com/event/smartlightingexpo/en/product/1Z03LP4Y2; https://www.hktdc.com/event/smartlightingexpo/en/product/1Z03LP4Y2; https://www.hktdc.com/event/smartlightingexpo/en/product/1Z03LP52P; https://www.hktdc.com/event/smartlightingexpo/en/product/1Z03LP52P; https://www.hktdc.com/event/smartlightingexpo/en/product/1Z03LP5DS; https://www.hktdc.com/event/smartlightingexpo/en/product/1Z03LP5DS; https://www.hktdc.com/event/smartlightingexpo/en/product/1Z03LP5EP; https://www.hktdc.com/event/smartlightingexpo/en/product/1Z03LP5EP; https://www.hktdc.com/event/smartlightingexpo/en/product/1Z03LP4VB; https://www.hktdc.com/event/smartlightingexpo/en/product/1Z03LP4VB
Zhongshan AnRang Company Limited,Zhongshan AnRang Company Limited,Chinese Mainland,Internet of Things,Internet of Things,,Exhibitor,Smart Lighting Expo 2026,1A-E13,Connected Lighting Technologies,Cantonese Business Go Global,1,,,"Internet of Things; Zhongshan AnRang Trading Company Limited; ODM, OBM, Others, OEM","Internet of Things; Zhongshan AnRang Trading Company Limited; ODM, OBM, Others, OEM",https://www.hktdc.com/event/smartlightingexpo/en/exhibitor/1S005JRUR,20,https://www.hktdc.com/event/smartlightingexpo/en/product/1Z03NIDV2; https://www.hktdc.com/event/smartlightingexpo/en/product/1Z03NIDV2; https://www.hktdc.com/event/smartlightingexpo/en/product/1Z03NIE71; https://www.hktdc.com/event/smartlightingexpo/en/product/1Z03NIE71; https://www.hktdc.com/event/smartlightingexpo/en/product/1Z03NIE8Y; https://www.hktdc.com/event/smartlightingexpo/en/product/1Z03NIE8Y; https://www.hktdc.com/event/smartlightingexpo/en/product/1Z03NIEAS; https://www.hktdc.com/event/smartlightingexpo/en/product/1Z03NIEAS; https://www.hktdc.com/event/smartlightingexpo/en/product/1Z03NIEJ1; https://www.hktdc.com/event/smartlightingexpo/en/product/1Z03NIEJ1; https://www.hktdc.com/event/smartlightingexpo/en/product/1Z03NIESA; https://www.hktdc.com/event/smartlightingexpo/en/product/1Z03NIESA; https://www.hktdc.com/event/smartlightingexpo/en/product/1Z03NIEBP; https://www.hktdc.com/event/smartlightingexpo/en/product/1Z03NIEBP; https://www.hktdc.com/event/smartlightingexpo/en/product/1Z03NIE9V; https://www.hktdc.com/event/smartlightingexpo/en/product/1Z03NIE9V; https://www.hktdc.com/event/smartlightingexpo/en/product/1Z03NIEEG; https://www.hktdc.com/event/smartlightingexpo/en/product/1Z03NIEEG; https://www.hktdc.com/event/smartlightingexpo/en/product/1Z03NIEQG; https://www.hktdc.com/event/smartlightingexpo/en/product/1Z03NIEQG
"Zhongshan Canlux Lighting Co.,Limited","Zhongshan Canlux Lighting Co.,Limited",Chinese Mainland,"Indoor Lighting,Home Automation System","Indoor Lighting,Home Automation System",,Exhibitor,Smart Lighting Expo 2026,1B-E14,Smart Lighting Products & Solutions,Zhongshan,1,,,"Indoor Lighting,Home Automation System; led ceiling lamp,led wall lamp,led pendant lamp,led table lamp,led floor lamp; OEM, Others","Indoor Lighting,Home Automation System; led ceiling lamp,led wall lamp,led pendant lamp,led table lamp,led floor lamp; OEM, Others",https://www.hktdc.com/event/smartlightingexpo/en/exhibitor/1S005JIR9,12,https://www.hktdc.com/event/smartlightingexpo/en/product/1Z03MZ9GF; https://www.hktdc.com/event/smartlightingexpo/en/product/1Z03MZ9GF; https://www.hktdc.com/event/smartlightingexpo/en/product/1Z03L3JQB; https://www.hktdc.com/event/smartlightingexpo/en/product/1Z03L3JQB; https://www.hktdc.com/event/smartlightingexpo/en/product/1Z03KOXQX; https://www.hktdc.com/event/smartlightingexpo/en/product/1Z03KOXQX; https://www.hktdc.com/event/smartlightingexpo/en/product/1Z03NR65F; https://www.hktdc.com/event/smartlightingexpo/en/product/1Z03NR65F; https://www.hktdc.com/event/smartlightingexpo/en/product/1Z03MZCNR; https://www.hktdc.com/event/smartlightingexpo/en/product/1Z03MZCNR; https://www.hktdc.com/event/smartlightingexpo/en/product/1Z03KOXP0; https://www.hktdc.com/event/smartlightingexpo/en/product/1Z03KOXP0
Zhongshan Diwa Lighting Factory,Zhongshan Diwa Lighting Factory,Chinese Mainland,"Sensor Light,Indoor Lighting,Industrial Lighting","Sensor Light,Indoor Lighting,Industrial Lighting",,Exhibitor,Smart Lighting Expo 2026,1B-E18,Smart Lighting Products & Solutions,Zhongshan,1,,,"Sensor Light,Indoor Lighting,Industrial Lighting; LED LIGHT; ODM, OEM","Sensor Light,Indoor Lighting,Industrial Lighting; LED LIGHT; ODM, OEM",https://www.hktdc.com/event/smartlightingexpo/en/exhibitor/1S005JIT3,20,https://www.hktdc.com/event/smartlightingexpo/en/product/1X1VZ7JW; https://www.hktdc.com/event/smartlightingexpo/en/product/1X1VZ7JW; https://www.hktdc.com/event/smartlightingexpo/en/product/1X1S8BSB; https://www.hktdc.com/event/smartlightingexpo/en/product/1X1S8BSB; https://www.hktdc.com/event/smartlightingexpo/en/product/1X1S8BRC; https://www.hktdc.com/event/smartlightingexpo/en/product/1X1S8BRC; https://www.hktdc.com/event/smartlightingexpo/en/product/1X1S8BQD; https://www.hktdc.com/event/smartlightingexpo/en/product/1X1S8BQD; https://www.hktdc.com/event/smartlightingexpo/en/product/1X1S8BPE; https://www.hktdc.com/event/smartlightingexpo/en/product/1X1S8BPE; https://www.hktdc.com/event/smartlightingexpo/en/product/1X1S8BOF; https://www.hktdc.com/event/smartlightingexpo/en/product/1X1S8BOF; https://www.hktdc.com/event/smartlightingexpo/en/product/1X1S8BNG; https://www.hktdc.com/event/smartlightingexpo/en/product/1X1S8BNG; https://www.hktdc.com/event/smartlightingexpo/en/product/1X1S8BLI; https://www.hktdc.com/event/smartlightingexpo/en/product/1X1S8BLI; https://www.hktdc.com/event/smartlightingexpo/en/product/1X1S8BKJ; https://www.hktdc.com/event/smartlightingexpo/en/product/1X1S8BKJ; https://www.hktdc.com/event/smartlightingexpo/en/product/1X1RTNTA; https://www.hktdc.com/event/smartlightingexpo/en/product/1X1RTNTA
Zhongshan Fengmei Lighting & Electrical Ltd.,Zhongshan Fengmei Lighting & Electrical Ltd.,Chinese Mainland,"Decorative Lamp,Indoor Lighting,Home Automation System","Decorative Lamp,Indoor Lighting,Home Automation System",,Exhibitor,Smart Lighting Expo 2026,1B-F17,Smart Lighting Products & Solutions,Zhongshan,1,,,"Decorative Lamp,Indoor Lighting,Home Automation System; ceiling fan; OEM","Decorative Lamp,Indoor Lighting,Home Automation System; ceiling fan; OEM",https://www.hktdc.com/event/smartlightingexpo/en/exhibitor/1S005JIG6,40,https://www.hktdc.com/event/smartlightingexpo/en/product/1Z03IEMF5; https://www.hktdc.com/event/smartlightingexpo/en/product/1Z03IEMF5; https://www.hktdc.com/event/smartlightingexpo/en/product/1Z03IE83J; https://www.hktdc.com/event/smartlightingexpo/en/product/1Z03IE83J; https://www.hktdc.com/event/smartlightingexpo/en/product/1Z03FEA75; https://www.hktdc.com/event/smartlightingexpo/en/product/1Z03FEA75; https://www.hktdc.com/event/smartlightingexpo/en/product/1Z03FE7W5; https://www.hktdc.com/event/smartlightingexpo/en/product/1Z03FE7W5; https://www.hktdc.com/event/smartlightingexpo/en/product/1Z03IDRNC; https://www.hktdc.com/event/smartlightingexpo/en/product/1Z03IDRNC; https://www.hktdc.com/event/smartlightingexpo/en/product/1Z03IERTU; https://www.hktdc.com/event/smartlightingexpo/en/product/1Z03IERTU; https://www.hktdc.com/event/smartlightingexpo/en/product/1Z03IHL50; https://www.hktdc.com/event/smartlightingexpo/en/product/1Z03IHL50; https://www.hktdc.com/event/smartlightingexpo/en/product/1Z03FDVYB; https://www.hktdc.com/event/smartlightingexpo/en/product/1Z03FDVYB; https://www.hktdc.com/event/smartlightingexpo/en/product/1Z03IHKT1; https://www.hktdc.com/event/smartlightingexpo/en/product/1Z03IHKT1; https://www.hktdc.com/event/smartlightingexpo/en/product/1Z03IHLLO; https://www.hktdc.com/event/smartlightingexpo/en/product/1Z03IHLLO; https://www.hktdc.com/event/smartlightingexpo/en/product/1Z03IFFH6; https://www.hktdc.com/event/smartlightingexpo/en/product/1Z03IFFH6; https://www.hktdc.com/event/smartlightingexpo/en/product/1Z03IETQ1; https://www.hktdc.com/event/smartlightingexpo/en/product/1Z03IETQ1; https://www.hktdc.com/event/smartlightingexpo/en/product/1Z03F3C66; https://www.hktdc.com/event/smartlightingexpo/en/product/1Z03F3C66; https://www.hktdc.com/event/smartlightingexpo/en/product/1Z03IDN1A; https://www.hktdc.com/event/smartlightingexpo/en/product/1Z03IDN1A; https://www.hktdc.com/event/smartlightingexpo/en/product/1Z03F3MJT; https://www.hktdc.com/event/smartlightingexpo/en/product/1Z03F3MJT; https://www.hktdc.com/event/smartlightingexpo/en/product/1Z03IFDNQ; https://www.hktdc.com/event/smartlightingexpo/en/product/1Z03IFDNQ; https://www.hktdc.com/event/smartlightingexpo/en/product/1Z03F32DV; https://www.hktdc.com/event/smartlightingexpo/en/product/1Z03F32DV; https://www.hktdc.com/event/smartlightingexpo/en/product/1Z03IFDI5; https://www.hktdc.com/event/smartlightingexpo/en/product/1Z03IFDI5; https://www.hktdc.com/event/smartlightingexpo/en/product/1Z03IHL8R; https://www.hktdc.com/event/smartlightingexpo/en/product/1Z03IHL8R; https://www.hktdc.com/event/smartlightingexpo/en/product/1Z03IDMBH; https://www.hktdc.com/event/smartlightingexpo/en/product/1Z03IDMBH
"Zhongshan Guanglu Lighting Technology CO.,LTD","Zhongshan Guanglu Lighting Technology CO.,LTD",Chinese Mainland,"Our company is a manufacturer of LED lighting driver power supply integrating R&D, production, sales and service,pecializing in the production of high-quality indoor & outdoor LED drivers.","Our company is a manufacturer of LED lighting driver power supply integrating R&D, production, sales and service,pecializing in the production of high-quality indoor & outdoor LED drivers.",,Exhibitor,Smart Lighting Expo 2026,1B-F07,Smart Lighting Products & Solutions,Zhongshan,1,,,"Lighting Accessories & Lamp Parts,Architectural Lighting,Street Light,Indoor Lighting,Retail Lighting; LED Drivers; OBM","Lighting Accessories & Lamp Parts,Architectural Lighting,Street Light,Indoor Lighting,Retail Lighting; LED Drivers; OBM",https://www.hktdc.com/event/smartlightingexpo/en/exhibitor/1S005JIEC,10,https://www.hktdc.com/event/smartlightingexpo/en/product/1Z03NL9PO; https://www.hktdc.com/event/smartlightingexpo/en/product/1Z03NL9PO; https://www.hktdc.com/event/smartlightingexpo/en/product/1Z03NL877; https://www.hktdc.com/event/smartlightingexpo/en/product/1Z03NL877; https://www.hktdc.com/event/smartlightingexpo/en/product/1Z03NLR30; https://www.hktdc.com/event/smartlightingexpo/en/product/1Z03NLR30; https://www.hktdc.com/event/smartlightingexpo/en/product/1Z03NLBDM; https://www.hktdc.com/event/smartlightingexpo/en/product/1Z03NLBDM; https://www.hktdc.com/event/smartlightingexpo/en/product/1Z03NLM28; https://www.hktdc.com/event/smartlightingexpo/en/product/1Z03NLM28
"Zhongshan HUAHE LIGHTING CO.,LTD","Zhongshan HUAHE LIGHTING CO.,LTD",Chinese Mainland,"Decorative Lamp,Edison Bulb,PAR Bulb,CFL Bulb,Light Switch,LED Bulb,Indoor Lighting,Home Automation System","Decorative Lamp,Edison Bulb,PAR Bulb,CFL Bulb,Light Switch,LED Bulb,Indoor Lighting,Home Automation System",,Exhibitor,Smart Lighting Expo 2026,1A-D10,Connected Lighting Technologies,Cantonese Business Go Global,1,,,"Decorative Lamp,Edison Bulb,PAR Bulb,CFL Bulb,Light Switch,LED Bulb,Indoor Lighting,Home Automation System; led; OEM, ODM, Others","Decorative Lamp,Edison Bulb,PAR Bulb,CFL Bulb,Light Switch,LED Bulb,Indoor Lighting,Home Automation System; led; OEM, ODM, Others",https://www.hktdc.com/event/smartlightingexpo/en/exhibitor/1S005KUGU,10,https://www.hktdc.com/event/smartlightingexpo/en/product/1Z03NOZ9A; https://www.hktdc.com/event/smartlightingexpo/en/product/1Z03NOZ9A; https://www.hktdc.com/event/smartlightingexpo/en/product/1Z03NOZPY; https://www.hktdc.com/event/smartlightingexpo/en/product/1Z03NOZPY; https://www.hktdc.com/event/smartlightingexpo/en/product/1Z03NOZLA; https://www.hktdc.com/event/smartlightingexpo/en/product/1Z03NOZLA; https://www.hktdc.com/event/smartlightingexpo/en/product/1Z03NO03R; https://www.hktdc.com/event/smartlightingexpo/en/product/1Z03NO03R; https://www.hktdc.com/event/smartlightingexpo/en/product/1Z03NNY02; https://www.hktdc.com/event/smartlightingexpo/en/product/1Z03NNY02
"Zhongshan Hauni Lighting Co.,Ltd","Zhongshan Hauni Lighting Co.,Ltd",Chinese Mainland,"Decorative Lamp,Indoor Lighting","Decorative Lamp,Indoor Lighting",,Exhibitor,Smart Lighting Expo 2026,1B-B40,Smart Lighting Products & Solutions,Zhongshan,1,,,"Decorative Lamp,Indoor Lighting; HAUNI, the source manufacturer of IKEA style lamps that can be ordered in small
quantities. Since 2006, HAUNI has served a total of 220 customers, sold well in 65
countries, international furniture, supermarket and international e-commerce
company; ODM, OEM","Decorative Lamp,Indoor Lighting; HAUNI, the source manufacturer of IKEA style lamps that can be ordered in small
quantities. Since 2006, HAUNI has served a total of 220 customers, sold well in 65
countries, international furniture, supermarket and international e-commerce
company; ODM, OEM",https://www.hktdc.com/event/smartlightingexpo/en/exhibitor/1S005JIMO,40,https://www.hktdc.com/event/smartlightingexpo/en/product/1Z03IGGQE; https://www.hktdc.com/event/smartlightingexpo/en/product/1Z03IGGQE; https://www.hktdc.com/event/smartlightingexpo/en/product/1Z03IH95C; https://www.hktdc.com/event/smartlightingexpo/en/product/1Z03IH95C; https://www.hktdc.com/event/smartlightingexpo/en/product/1Z03IH9V6; https://www.hktdc.com/event/smartlightingexpo/en/product/1Z03IH9V6; https://www.hktdc.com/event/smartlightingexpo/en/product/1Z03IETXG; https://www.hktdc.com/event/smartlightingexpo/en/product/1Z03IETXG; https://www.hktdc.com/event/smartlightingexpo/en/product/1Z03IEF70; https://www.hktdc.com/event/smartlightingexpo/en/product/1Z03IEF70; https://www.hktdc.com/event/smartlightingexpo/en/product/1Z03I9NOD; https://www.hktdc.com/event/smartlightingexpo/en/product/1Z03I9NOD; https://www.hktdc.com/event/smartlightingexpo/en/product/1Z03IEBTA; https://www.hktdc.com/event/smartlightingexpo/en/product/1Z03IEBTA; https://www.hktdc.com/event/smartlightingexpo/en/product/1Z03IC74H; https://www.hktdc.com/event/smartlightingexpo/en/product/1Z03IC74H; https://www.hktdc.com/event/smartlightingexpo/en/product/1Z03I9Q0A; https://www.hktdc.com/event/smartlightingexpo/en/product/1Z03I9Q0A; https://www.hktdc.com/event/smartlightingexpo/en/product/1Z03IE2TJ; https://www.hktdc.com/event/smartlightingexpo/en/product/1Z03IE2TJ; https://www.hktdc.com/event/smartlightingexpo/en/product/1Z03IEDWZ; https://www.hktdc.com/event/smartlightingexpo/en/product/1Z03IEDWZ; https://www.hktdc.com/event/smartlightingexpo/en/product/1Z03IDD8Z; https://www.hktdc.com/event/smartlightingexpo/en/product/1Z03IDD8Z; https://www.hktdc.com/event/smartlightingexpo/en/product/1Z03IDU13; https://www.hktdc.com/event/smartlightingexpo/en/product/1Z03IDU13; https://www.hktdc.com/event/smartlightingexpo/en/product/1Z03IEEEG; https://www.hktdc.com/event/smartlightingexpo/en/product/1Z03IEEEG; https://www.hktdc.com/event/smartlightingexpo/en/product/1Z03IFFOL; https://www.hktdc.com/event/smartlightingexpo/en/product/1Z03IFFOL; https://www.hktdc.com/event/smartlightingexpo/en/product/1Z03IESWK; https://www.hktdc.com/event/smartlightingexpo/en/product/1Z03IESWK; https://www.hktdc.com/event/smartlightingexpo/en/product/1Z03IDS08; https://www.hktdc.com/event/smartlightingexpo/en/product/1Z03IDS08; https://www.hktdc.com/event/smartlightingexpo/en/product/1Z03IHBCP; https://www.hktdc.com/event/smartlightingexpo/en/product/1Z03IHBCP; https://www.hktdc.com/event/smartlightingexpo/en/product/1Z03IEDGB; https://www.hktdc.com/event/smartlightingexpo/en/product/1Z03IEDGB; https://www.hktdc.com/event/smartlightingexpo/en/product/1Z03IFELV; https://www.hktdc.com/event/smartlightingexpo/en/product/1Z03IFELV
Zhongshan Lulutong Imp & Exp Co Ltd,Zhongshan Lulutong Imp & Exp Co Ltd,Chinese Mainland,"Lighting Accessories & Lamp Parts,LED Bulb,Indoor Lighting,Industrial Lighting,Lighting Design & Engineering","Lighting Accessories & Lamp Parts,LED Bulb,Indoor Lighting,Industrial Lighting,Lighting Design & Engineering",,Exhibitor,Smart Lighting Expo 2026,1B-F16,Smart Lighting Products & Solutions,Zhongshan,1,,,"Lighting Accessories & Lamp Parts,LED Bulb,Indoor Lighting,Industrial Lighting,Lighting Design & Engineering; LED Downlight, LED Spot Light, LED Panel Light, LED Wall Light, LED Linear Light, LED Magnetic Light; ODM, Others, OBM, OEM","Lighting Accessories & Lamp Parts,LED Bulb,Indoor Lighting,Industrial Lighting,Lighting Design & Engineering; LED Downlight, LED Spot Light, LED Panel Light, LED Wall Light, LED Linear Light, LED Magnetic Light; ODM, Others, OBM, OEM",https://www.hktdc.com/event/smartlightingexpo/en/exhibitor/1S005JKDD,40,https://www.hktdc.com/event/smartlightingexpo/en/product/1Z03LWDEH; https://www.hktdc.com/event/smartlightingexpo/en/product/1Z03LWDEH; https://www.hktdc.com/event/smartlightingexpo/en/product/1Z03LWFU3; https://www.hktdc.com/event/smartlightingexpo/en/product/1Z03LWFU3; https://www.hktdc.com/event/smartlightingexpo/en/product/1Z03LVJYN; https://www.hktdc.com/event/smartlightingexpo/en/product/1Z03LVJYN; https://www.hktdc.com/event/smartlightingexpo/en/product/1Z03LVO6U; https://www.hktdc.com/event/smartlightingexpo/en/product/1Z03LVO6U; https://www.hktdc.com/event/smartlightingexpo/en/product/1Z03LVMMK; https://www.hktdc.com/event/smartlightingexpo/en/product/1Z03LVMMK; https://www.hktdc.com/event/smartlightingexpo/en/product/1Z03LW02U; https://www.hktdc.com/event/smartlightingexpo/en/product/1Z03LW02U; https://www.hktdc.com/event/smartlightingexpo/en/product/1Z03LWEOM; https://www.hktdc.com/event/smartlightingexpo/en/product/1Z03LWEOM; https://www.hktdc.com/event/smartlightingexpo/en/product/1Z03LWE1J; https://www.hktdc.com/event/smartlightingexpo/en/product/1Z03LWE1J; https://www.hktdc.com/event/smartlightingexpo/en/product/1X21EFDE; https://www.hktdc.com/event/smartlightingexpo/en/product/1X21EFDE; https://www.hktdc.com/event/smartlightingexpo/en/product/1X1TV4RX; https://www.hktdc.com/event/smartlightingexpo/en/product/1X1TV4RX; https://www.hktdc.com/event/smartlightingexpo/en/product/1X1TV4QY; https://www.hktdc.com/event/smartlightingexpo/en/product/1X1TV4QY; https://www.hktdc.com/event/smartlightingexpo/en/product/1X1RN3R0; https://www.hktdc.com/event/smartlightingexpo/en/product/1X1RN3R0; https://www.hktdc.com/event/smartlightingexpo/en/product/1X1RN3Q1; https://www.hktdc.com/event/smartlightingexpo/en/product/1X1RN3Q1; https://www.hktdc.com/event/smartlightingexpo/en/product/1X1RN3P2; https://www.hktdc.com/event/smartlightingexpo/en/product/1X1RN3P2; https://www.hktdc.com/event/smartlightingexpo/en/product/1X1PPMAW; https://www.hktdc.com/event/smartlightingexpo/en/product/1X1PPMAW; https://www.hktdc.com/event/smartlightingexpo/en/product/1X1PPM9X; https://www.hktdc.com/event/smartlightingexpo/en/product/1X1PPM9X; https://www.hktdc.com/event/smartlightingexpo/en/product/1X1PPM8Y; https://www.hktdc.com/event/smartlightingexpo/en/product/1X1PPM8Y; https://www.hktdc.com/event/smartlightingexpo/en/product/1X1M0Z5Y; https://www.hktdc.com/event/smartlightingexpo/en/product/1X1M0Z5Y; https://www.hktdc.com/event/smartlightingexpo/en/product/1Z03LWFDI; https://www.hktdc.com/event/smartlightingexpo/en/product/1Z03LWFDI; https://www.hktdc.com/event/smartlightingexpo/en/product/1Z03N0E4A; https://www.hktdc.com/event/smartlightingexpo/en/product/1Z03N0E4A
Zhongshan Miaowang Electrical Appliance Co.Ltd,Zhongshan Miaowang Electrical Appliance Co.Ltd,Chinese Mainland,"Lighting Accessories & Lamp Parts,Architectural Lighting,Indoor Lighting,Emergency & Professional Lighting,Industrial Lighting,Home Automation System,Business Management & Consultancy Services,Lighting Design & Engineering","Lighting Accessories & Lamp Parts,Architectural Lighting,Indoor Lighting,Emergency & Professional Lighting,Industrial Lighting,Home Automation System,Business Management & Consultancy Services,Lighting Design & Engineering",,Exhibitor,Smart Lighting Expo 2026,1B-E08,Smart Lighting Products & Solutions,Zhongshan,1,,,"Lighting Accessories & Lamp Parts,Architectural Lighting,Indoor Lighting,Emergency & Professional Lighting,Industrial Lighting,Home Automation System,Business Management & Consultancy Services,Lighting Design & Engineering; ceiling fan; ODM, OEM","Lighting Accessories & Lamp Parts,Architectural Lighting,Indoor Lighting,Emergency & Professional Lighting,Industrial Lighting,Home Automation System,Business Management & Consultancy Services,Lighting Design & Engineering; ceiling fan; ODM, OEM",https://www.hktdc.com/event/smartlightingexpo/en/exhibitor/1S005JIPF,40,https://www.hktdc.com/event/smartlightingexpo/en/product/1Z03IZIAO; https://www.hktdc.com/event/smartlightingexpo/en/product/1Z03IZIAO; https://www.hktdc.com/event/smartlightingexpo/en/product/1Z03IZDZQ; https://www.hktdc.com/event/smartlightingexpo/en/product/1Z03IZDZQ; https://www.hktdc.com/event/smartlightingexpo/en/product/1Z03IZBV4; https://www.hktdc.com/event/smartlightingexpo/en/product/1Z03IZBV4; https://www.hktdc.com/event/smartlightingexpo/en/product/1Z03IZIR9; https://www.hktdc.com/event/smartlightingexpo/en/product/1Z03IZIR9; https://www.hktdc.com/event/smartlightingexpo/en/product/1Z03IZ6J9; https://www.hktdc.com/event/smartlightingexpo/en/product/1Z03IZ6J9; https://www.hktdc.com/event/smartlightingexpo/en/product/1Z03IZHYP; https://www.hktdc.com/event/smartlightingexpo/en/product/1Z03IZHYP; https://www.hktdc.com/event/smartlightingexpo/en/product/1Z03IZ6SI; https://www.hktdc.com/event/smartlightingexpo/en/product/1Z03IZ6SI; https://www.hktdc.com/event/smartlightingexpo/en/product/1Z03MZP18; https://www.hktdc.com/event/smartlightingexpo/en/product/1Z03MZP18; https://www.hktdc.com/event/smartlightingexpo/en/product/1Z03MHOYI; https://www.hktdc.com/event/smartlightingexpo/en/product/1Z03MHOYI; https://www.hktdc.com/event/smartlightingexpo/en/product/1Z03IZHPG; https://www.hktdc.com/event/smartlightingexpo/en/product/1Z03IZHPG; https://www.hktdc.com/event/smartlightingexpo/en/product/1Z03N0C80; https://www.hktdc.com/event/smartlightingexpo/en/product/1Z03N0C80; https://www.hktdc.com/event/smartlightingexpo/en/product/1X234II0; https://www.hktdc.com/event/smartlightingexpo/en/product/1X234II0; https://www.hktdc.com/event/smartlightingexpo/en/product/1X22YCGK; https://www.hktdc.com/event/smartlightingexpo/en/product/1X22YCGK; https://www.hktdc.com/event/smartlightingexpo/en/product/1Z03IZF0L; https://www.hktdc.com/event/smartlightingexpo/en/product/1Z03IZF0L; https://www.hktdc.com/event/smartlightingexpo/en/product/1Z03IZCOO; https://www.hktdc.com/event/smartlightingexpo/en/product/1Z03IZCOO; https://www.hktdc.com/event/smartlightingexpo/en/product/1Z03IZG9T; https://www.hktdc.com/event/smartlightingexpo/en/product/1Z03IZG9T; https://www.hktdc.com/event/smartlightingexpo/en/product/1Z03IZEAS; https://www.hktdc.com/event/smartlightingexpo/en/product/1Z03IZEAS; https://www.hktdc.com/event/smartlightingexpo/en/product/1Z03IZG8W; https://www.hktdc.com/event/smartlightingexpo/en/product/1Z03IZG8W; https://www.hktdc.com/event/smartlightingexpo/en/product/1Z03IZ4X5; https://www.hktdc.com/event/smartlightingexpo/en/product/1Z03IZ4X5; https://www.hktdc.com/event/smartlightingexpo/en/product/1Z03IZGBN; https://www.hktdc.com/event/smartlightingexpo/en/product/1Z03IZGBN
"Zhongshan Nengsheng Solar Technology Co., Ltd.","Zhongshan Nengsheng Solar Technology Co., Ltd.",Chinese Mainland,"Lighting Accessories & Lamp Parts,Light Dimmer,Architectural Lighting,Lighting Measurement System","Lighting Accessories & Lamp Parts,Light Dimmer,Architectural Lighting,Lighting Measurement System",,Exhibitor,Smart Lighting Expo 2026,1B-G34,Smart Lighting Products & Solutions,Cantonese Business Go Global,1,,,"Lighting Accessories & Lamp Parts,Light Dimmer,Architectural Lighting,Lighting Measurement System; LED; OBM, OEM","Lighting Accessories & Lamp Parts,Light Dimmer,Architectural Lighting,Lighting Measurement System; LED; OBM, OEM",https://www.hktdc.com/event/smartlightingexpo/en/exhibitor/1S005LL6X,4,https://www.hktdc.com/event/smartlightingexpo/en/product/1Z03FIZ3S; https://www.hktdc.com/event/smartlightingexpo/en/product/1Z03FIZ3S; https://www.hktdc.com/event/smartlightingexpo/en/product/1Z03FIZB4; https://www.hktdc.com/event/smartlightingexpo/en/product/1Z03FIZB4
"Zhongshan Ruishang Lighting Co., Ltd.","Zhongshan Ruishang Lighting Co., Ltd.",Chinese Mainland,"Decorative Lamp,Sensor Light,Lighting Accessories & Lamp Parts,Indoor Lighting,Entertainment Lighting,Industrial Lighting,Retail Lighting,Home Automation System,Lighting Design & Engineering,Building Exterior Lighting System","Decorative Lamp,Sensor Light,Lighting Accessories & Lamp Parts,Indoor Lighting,Entertainment Lighting,Industrial Lighting,Retail Lighting,Home Automation System,Lighting Design & Engineering,Building Exterior Lighting System",,Exhibitor,Smart Lighting Expo 2026,1A-F18,Smart Lighting Products & Solutions,Cantonese Business Go Global,1,,,"Decorative Lamp,Sensor Light,Lighting Accessories & Lamp Parts,Indoor Lighting,Entertainment Lighting,Industrial Lighting,Retail Lighting,Home Automation System,Lighting Design & Engineering,Building Exterior Lighting System; We focus on the production and development of various LED strip light, linear lighting, power supplies, and LED strip accessories. Pursuing innovation and maintaining high-quality products and high-level services are our consistent purpose.; OEM, ODM","Decorative Lamp,Sensor Light,Lighting Accessories & Lamp Parts,Indoor Lighting,Entertainment Lighting,Industrial Lighting,Retail Lighting,Home Automation System,Lighting Design & Engineering,Building Exterior Lighting System; We focus on the production and development of various LED strip light, linear lighting, power supplies, and LED strip accessories. Pursuing innovation and maintaining high-quality products and high-level services are our consistent purpose.; OEM, ODM",https://www.hktdc.com/event/smartlightingexpo/en/exhibitor/1S005KUUO,18,https://www.hktdc.com/event/smartlightingexpo/en/product/1Z03NLR4X; https://www.hktdc.com/event/smartlightingexpo/en/product/1Z03NLR4X; https://www.hktdc.com/event/smartlightingexpo/en/product/1Z03NLQ9J; https://www.hktdc.com/event/smartlightingexpo/en/product/1Z03NLQ9J; https://www.hktdc.com/event/smartlightingexpo/en/product/1Z03NPX03; https://www.hktdc.com/event/smartlightingexpo/en/product/1Z03NPX03; https://www.hktdc.com/event/smartlightingexpo/en/product/1Z03NPS9H; https://www.hktdc.com/event/smartlightingexpo/en/product/1Z03NPS9H; https://www.hktdc.com/event/smartlightingexpo/en/product/1Z03NPRP6; https://www.hktdc.com/event/smartlightingexpo/en/product/1Z03NPRP6; https://www.hktdc.com/event/smartlightingexpo/en/product/1Z03NPRNC; https://www.hktdc.com/event/smartlightingexpo/en/product/1Z03NPRNC; https://www.hktdc.com/event/smartlightingexpo/en/product/1Z03NPRWL; https://www.hktdc.com/event/smartlightingexpo/en/product/1Z03NPRWL; https://www.hktdc.com/event/smartlightingexpo/en/product/1Z03NPWMA; https://www.hktdc.com/event/smartlightingexpo/en/product/1Z03NPWMA; https://www.hktdc.com/event/smartlightingexpo/en/product/1Z03NPUYC; https://www.hktdc.com/event/smartlightingexpo/en/product/1Z03NPUYC
"Zhongshan Ufan Electric Appliance Co., Ltd.","Zhongshan Ufan Electric Appliance Co., Ltd.",Chinese Mainland,Indoor Lighting,Indoor Lighting,,Exhibitor,Smart Lighting Expo 2026,1B-A30,Smart Lighting Products & Solutions,Cantonese Business Go Global,1,,,"Indoor Lighting; LED line light series is a high-end flexible decorative light, which is characterized by low power consumption, long life, high brightness, easy to bend, maintenance-free, etc.; OEM","Indoor Lighting; LED line light series is a high-end flexible decorative light, which is characterized by low power consumption, long life, high brightness, easy to bend, maintenance-free, etc.; OEM",https://www.hktdc.com/event/smartlightingexpo/en/exhibitor/1S005K389,40,https://www.hktdc.com/event/smartlightingexpo/en/product/1Z03H8UB9; https://www.hktdc.com/event/smartlightingexpo/en/product/1Z03H8UB9; https://www.hktdc.com/event/smartlightingexpo/en/product/1Z03HD983; https://www.hktdc.com/event/smartlightingexpo/en/product/1Z03HD983; https://www.hktdc.com/event/smartlightingexpo/en/product/1Z03H8ZPY; https://www.hktdc.com/event/smartlightingexpo/en/product/1Z03H8ZPY; https://www.hktdc.com/event/smartlightingexpo/en/product/1Z03HD976; https://www.hktdc.com/event/smartlightingexpo/en/product/1Z03HD976; https://www.hktdc.com/event/smartlightingexpo/en/product/1Z03H9B4D; https://www.hktdc.com/event/smartlightingexpo/en/product/1Z03H9B4D; https://www.hktdc.com/event/smartlightingexpo/en/product/1Z03H9PGZ; https://www.hktdc.com/event/smartlightingexpo/en/product/1Z03H9PGZ; https://www.hktdc.com/event/smartlightingexpo/en/product/1Z03H9R8L; https://www.hktdc.com/event/smartlightingexpo/en/product/1Z03H9R8L; https://www.hktdc.com/event/smartlightingexpo/en/product/1Z03H8UWI; https://www.hktdc.com/event/smartlightingexpo/en/product/1Z03H8UWI; https://www.hktdc.com/event/smartlightingexpo/en/product/1Z03H9AZT; https://www.hktdc.com/event/smartlightingexpo/en/product/1Z03H9AZT; https://www.hktdc.com/event/smartlightingexpo/en/product/1Z03H9UVL; https://www.hktdc.com/event/smartlightingexpo/en/product/1Z03H9UVL; https://www.hktdc.com/event/smartlightingexpo/en/product/1Z03H915K; https://www.hktdc.com/event/smartlightingexpo/en/product/1Z03H915K; https://www.hktdc.com/event/smartlightingexpo/en/product/1Z03H9PAH; https://www.hktdc.com/event/smartlightingexpo/en/product/1Z03H9PAH; https://www.hktdc.com/event/smartlightingexpo/en/product/1Z03H9SGW; https://www.hktdc.com/event/smartlightingexpo/en/product/1Z03H9SGW; https://www.hktdc.com/event/smartlightingexpo/en/product/1Z03H8W6M; https://www.hktdc.com/event/smartlightingexpo/en/product/1Z03H8W6M; https://www.hktdc.com/event/smartlightingexpo/en/product/1Z03H91WB; https://www.hktdc.com/event/smartlightingexpo/en/product/1Z03H91WB; https://www.hktdc.com/event/smartlightingexpo/en/product/1Z03H9QUS; https://www.hktdc.com/event/smartlightingexpo/en/product/1Z03H9QUS; https://www.hktdc.com/event/smartlightingexpo/en/product/1Z03H8YTN; https://www.hktdc.com/event/smartlightingexpo/en/product/1Z03H8YTN; https://www.hktdc.com/event/smartlightingexpo/en/product/1Z03H9PD8; https://www.hktdc.com/event/smartlightingexpo/en/product/1Z03H9PD8; https://www.hktdc.com/event/smartlightingexpo/en/product/1Z03H913Q; https://www.hktdc.com/event/smartlightingexpo/en/product/1Z03H913Q; https://www.hktdc.com/event/smartlightingexpo/en/product/1Z03H9T8J; https://www.hktdc.com/event/smartlightingexpo/en/product/1Z03H9T8J
"Zhongshan Uni Tech Lighting Co., Ltd.","Zhongshan Uni Tech Lighting Co., Ltd.",Chinese Mainland,,,,Exhibitor,Smart Lighting Expo 2026,1A-E09,Smart Lighting Products & Solutions,Cantonese Business Go Global,1,,,,,https://www.hktdc.com/event/smartlightingexpo/en/exhibitor/1S005K3OX,12,https://www.hktdc.com/event/smartlightingexpo/en/product/1X2478PN; https://www.hktdc.com/event/smartlightingexpo/en/product/1X2478PN; https://www.hktdc.com/event/smartlightingexpo/en/product/1X2478OO; https://www.hktdc.com/event/smartlightingexpo/en/product/1X2478OO; https://www.hktdc.com/event/smartlightingexpo/en/product/1X2478NP; https://www.hktdc.com/event/smartlightingexpo/en/product/1X2478NP; https://www.hktdc.com/event/smartlightingexpo/en/product/1X2478LR; https://www.hktdc.com/event/smartlightingexpo/en/product/1X2478LR; https://www.hktdc.com/event/smartlightingexpo/en/product/1X2478JT; https://www.hktdc.com/event/smartlightingexpo/en/product/1X2478JT; https://www.hktdc.com/event/smartlightingexpo/en/product/1X2478IU; https://www.hktdc.com/event/smartlightingexpo/en/product/1X2478IU
"Zhongshan Yadi Lighting Co., Ltd.","Zhongshan Yadi Lighting Co., Ltd.",Chinese Mainland,"The YADI Story ZHONGSHAN YADI Lighting, Born in 2005! Back then we were a small factory, produced single simple product- downlight. Today , we are privileged to connect with more than 2000 customers in 40 countries with millions of exceptional products including indoor pendant light ,ceiling light ,chandelier ,table light , floor light and outdoor lights. And create a one-stop lighting shopping platform for you.","The YADI Story ZHONGSHAN YADI Lighting, Born in 2005! Back then we were a small factory, produced single simple product- downlight. Today , we are privileged to connect with more than 2000 customers in 40 countries with millions of exceptional products including indoor pendant light ,ceiling light ,chandelier ,table light , floor light and outdoor lights. And create a one-stop lighting shopping platform for you.",,Exhibitor,Smart Lighting Expo 2026,1B-C22,Smart Lighting Products & Solutions,Cantonese Business Go Global,1,,,"Decorative Lamp,Indoor Lighting; we are privileged products including indoor pendant light ,ceiling light ,chandelier ,table light , floor light and outdoor lights.  And create a one-stop lighting shopping platform for you.; OEM","Decorative Lamp,Indoor Lighting; we are privileged products including indoor pendant light ,ceiling light ,chandelier ,table light , floor light and outdoor lights.  And create a one-stop lighting shopping platform for you.; OEM",https://www.hktdc.com/event/smartlightingexpo/en/exhibitor/1S005JIOI,40,https://www.hktdc.com/event/smartlightingexpo/en/product/1Z03IXPTW; https://www.hktdc.com/event/smartlightingexpo/en/product/1Z03IXPTW; https://www.hktdc.com/event/smartlightingexpo/en/product/1Z03I632R; https://www.hktdc.com/event/smartlightingexpo/en/product/1Z03I632R; https://www.hktdc.com/event/smartlightingexpo/en/product/1Z03E9LF6; https://www.hktdc.com/event/smartlightingexpo/en/product/1Z03E9LF6; https://www.hktdc.com/event/smartlightingexpo/en/product/1Z03IXQF1; https://www.hktdc.com/event/smartlightingexpo/en/product/1Z03IXQF1; https://www.hktdc.com/event/smartlightingexpo/en/product/1Z03GBU5R; https://www.hktdc.com/event/smartlightingexpo/en/product/1Z03GBU5R; https://www.hktdc.com/event/smartlightingexpo/en/product/1Z03GMKDD; https://www.hktdc.com/event/smartlightingexpo/en/product/1Z03GMKDD; https://www.hktdc.com/event/smartlightingexpo/en/product/1Z03IXNQ7; https://www.hktdc.com/event/smartlightingexpo/en/product/1Z03IXNQ7; https://www.hktdc.com/event/smartlightingexpo/en/product/1Z03IXPD8; https://www.hktdc.com/event/smartlightingexpo/en/product/1Z03IXPD8; https://www.hktdc.com/event/smartlightingexpo/en/product/1Z03GBU9F; https://www.hktdc.com/event/smartlightingexpo/en/product/1Z03GBU9F; https://www.hktdc.com/event/smartlightingexpo/en/product/1Z03EIW04; https://www.hktdc.com/event/smartlightingexpo/en/product/1Z03EIW04; https://www.hktdc.com/event/smartlightingexpo/en/product/1Z03IXNWP; https://www.hktdc.com/event/smartlightingexpo/en/product/1Z03IXNWP; https://www.hktdc.com/event/smartlightingexpo/en/product/1Z03IXNNG; https://www.hktdc.com/event/smartlightingexpo/en/product/1Z03IXNNG; https://www.hktdc.com/event/smartlightingexpo/en/product/1Z03H8297; https://www.hktdc.com/event/smartlightingexpo/en/product/1Z03H8297; https://www.hktdc.com/event/smartlightingexpo/en/product/1Z03IXIQC; https://www.hktdc.com/event/smartlightingexpo/en/product/1Z03IXIQC; https://www.hktdc.com/event/smartlightingexpo/en/product/1Z03IXKIY; https://www.hktdc.com/event/smartlightingexpo/en/product/1Z03IXKIY; https://www.hktdc.com/event/smartlightingexpo/en/product/1Z03I62QS; https://www.hktdc.com/event/smartlightingexpo/en/product/1Z03I62QS; https://www.hktdc.com/event/smartlightingexpo/en/product/1Z03HCTP4; https://www.hktdc.com/event/smartlightingexpo/en/product/1Z03HCTP4; https://www.hktdc.com/event/smartlightingexpo/en/product/1Z03GDYZ5; https://www.hktdc.com/event/smartlightingexpo/en/product/1Z03GDYZ5; https://www.hktdc.com/event/smartlightingexpo/en/product/1Z03I61B2; https://www.hktdc.com/event/smartlightingexpo/en/product/1Z03I61B2; https://www.hktdc.com/event/smartlightingexpo/en/product/1Z03GMJG5; https://www.hktdc.com/event/smartlightingexpo/en/product/1Z03GMJG5
"Zhongshan Yi Qin Electronic Technology Co., Ltd.","Zhongshan Yi Qin Electronic Technology Co., Ltd.",Chinese Mainland,Indoor Lighting,Indoor Lighting,,Exhibitor,Smart Lighting Expo 2026,1B-F15,Smart Lighting Products & Solutions,Zhongshan,1,,,"Indoor Lighting; The Company was found in 2006, located in Henglan, Zhongshan City , It is very close to Guzhen lighting capital. We specialized in indoor lighting , such as table lamps , floor lamps , wall lamps ,pendant lamps and so on . We are selling very well to; OEM","Indoor Lighting; The Company was found in 2006, located in Henglan, Zhongshan City , It is very close to Guzhen lighting capital. We specialized in indoor lighting , such as table lamps , floor lamps , wall lamps ,pendant lamps and so on . We are selling very well to; OEM",https://www.hktdc.com/event/smartlightingexpo/en/exhibitor/1S005JIF9,16,https://www.hktdc.com/event/smartlightingexpo/en/product/1Z03NR7X2; https://www.hktdc.com/event/smartlightingexpo/en/product/1Z03NR7X2; https://www.hktdc.com/event/smartlightingexpo/en/product/1Z03NR8SG; https://www.hktdc.com/event/smartlightingexpo/en/product/1Z03NR8SG; https://www.hktdc.com/event/smartlightingexpo/en/product/1Z03N0T9G; https://www.hktdc.com/event/smartlightingexpo/en/product/1Z03N0T9G; https://www.hktdc.com/event/smartlightingexpo/en/product/1X2448A2; https://www.hktdc.com/event/smartlightingexpo/en/product/1X2448A2; https://www.hktdc.com/event/smartlightingexpo/en/product/1X22WYHP; https://www.hktdc.com/event/smartlightingexpo/en/product/1X22WYHP; https://www.hktdc.com/event/smartlightingexpo/en/product/1X20DMKM; https://www.hktdc.com/event/smartlightingexpo/en/product/1X20DMKM; https://www.hktdc.com/event/smartlightingexpo/en/product/1Z03N0TSV; https://www.hktdc.com/event/smartlightingexpo/en/product/1Z03N0TSV; https://www.hktdc.com/event/smartlightingexpo/en/product/1Z03N0TP4; https://www.hktdc.com/event/smartlightingexpo/en/product/1Z03N0TP4
Zhongshan Zedong Lighting Co Ltd,Zhongshan Zedong Lighting Co Ltd,Chinese Mainland,"Zhongshan Zedong Lighting , for the LED home Indoor Smart Intelligent ceiling lights pendant light LED wall lights","Zhongshan Zedong Lighting , for the LED home Indoor Smart Intelligent ceiling lights pendant light LED wall lights",,Exhibitor,Smart Lighting Expo 2026,1B-E10,Smart Lighting Products & Solutions,Zhongshan,1,,,"Indoor Lighting,Industrial Lighting,Solar Lights,Home Automation System; Zhongshan Zedong Lighting , for the LED home Indoor Smart Intelligent ceiling iights pendant light LED wall  lights; OEM, ODM","Indoor Lighting,Industrial Lighting,Solar Lights,Home Automation System; Zhongshan Zedong Lighting , for the LED home Indoor Smart Intelligent ceiling iights pendant light LED wall  lights; OEM, ODM",https://www.hktdc.com/event/smartlightingexpo/en/exhibitor/1S005JRXI,4,https://www.hktdc.com/event/smartlightingexpo/en/product/1Z03MY14N; https://www.hktdc.com/event/smartlightingexpo/en/product/1Z03MY14N; https://www.hktdc.com/event/smartlightingexpo/en/product/1Z03MY1CZ; https://www.hktdc.com/event/smartlightingexpo/en/product/1Z03MY1CZ
"Zhuhai Hemlighting Co., Ltd.","Zhuhai Hemlighting Co., Ltd.",Chinese Mainland,"Zhuhai Hemlighting Co., Ltd. was founded in 2002 with a registered capital of 30 million yuan and located in Zhuhai, we has a self-built office and manufacturing plant more than 36,000 square meters and existing staff of nearly 300. Hem lighting is one of the first leading companies engaged in LED lighting in China, has now developed into an industry benchmark enterprise that provides integrated services of lighting planning and design, product development and manufacturing, and engineering construction and installation . Our main products include: LED landscape lighting series, LED street lighting series, customized lighting series, 5G smart lighting series, intelligent control system, etc. In terms of technology research and development, we have a highly efficient team, we insist on our own brand strategy and intellectual property strategy, we encourage invention and creation. In terms of product quality, we strictly implement the 7S management standards, and has successively passed domestic and foreign certifications include energy-saving, CCC, CE, EMC, UL, FCC, CQC and ISO9001 international quality management system.. Hemlighting has become one of the leading manufacturer with excellent product quality and innovative technology in the lighting industry.","Zhuhai Hemlighting Co., Ltd. was founded in 2002 with a registered capital of 30 million yuan and located in Zhuhai, we has a self-built office and manufacturing plant more than 36,000 square meters and existing staff of nearly 300. Hem lighting is one of the first leading companies engaged in LED lighting in China, has now developed into an industry benchmark enterprise that provides integrated services of lighting planning and design, product development and manufacturing, and engineering construction and installation . Our main products include: LED landscape lighting series, LED street lighting series, customized lighting series, 5G smart lighting series, intelligent control system, etc. In terms of technology research and development, we have a highly efficient team, we insist on our own brand strategy and intellectual property strategy, we encourage invention and creation. In terms of product quality, we strictly implement the 7S management standards, and has successively passed domestic and foreign certifications include energy-saving, CCC, CE, EMC, UL, FCC, CQC and ISO9001 international quality management system.. Hemlighting has become one of the leading manufacturer with excellent product quality and innovative technology in the lighting industry.",,Exhibitor,Smart Lighting Expo 2026,1B-B23,Smart Lighting Products & Solutions,Cantonese Business Go Global,1,,,"Street Light,Industrial Lighting,Building Exterior Lighting System; LED Street Light;LED Flood Light; LED Underground Light;LED Solar Light; LED High Bay Light; LED Landscape Light;; OBM, OEM, ODM","Street Light,Industrial Lighting,Building Exterior Lighting System; LED Street Light;LED Flood Light; LED Underground Light;LED Solar Light; LED High Bay Light; LED Landscape Light;; OBM, OEM, ODM",https://www.hktdc.com/event/smartlightingexpo/en/exhibitor/1S005JS22,20,https://www.hktdc.com/event/smartlightingexpo/en/product/1X1N0HJ2; https://www.hktdc.com/event/smartlightingexpo/en/product/1X1N0HJ2; https://www.hktdc.com/event/smartlightingexpo/en/product/1X1N0HI3; https://www.hktdc.com/event/smartlightingexpo/en/product/1X1N0HI3; https://www.hktdc.com/event/smartlightingexpo/en/product/1X1N0HK1; https://www.hktdc.com/event/smartlightingexpo/en/product/1X1N0HK1; https://www.hktdc.com/event/smartlightingexpo/en/product/1X1N0HRU; https://www.hktdc.com/event/smartlightingexpo/en/product/1X1N0HRU; https://www.hktdc.com/event/smartlightingexpo/en/product/1X1N0HQV; https://www.hktdc.com/event/smartlightingexpo/en/product/1X1N0HQV; https://www.hktdc.com/event/smartlightingexpo/en/product/1X1N0HPW; https://www.hktdc.com/event/smartlightingexpo/en/product/1X1N0HPW; https://www.hktdc.com/event/smartlightingexpo/en/product/1X1N0HOX; https://www.hktdc.com/event/smartlightingexpo/en/product/1X1N0HOX; https://www.hktdc.com/event/smartlightingexpo/en/product/1X1N0HNY; https://www.hktdc.com/event/smartlightingexpo/en/product/1X1N0HNY; https://www.hktdc.com/event/smartlightingexpo/en/product/1X1N0HMZ; https://www.hktdc.com/event/smartlightingexpo/en/product/1X1N0HMZ; https://www.hktdc.com/event/smartlightingexpo/en/product/1X1N0HL0; https://www.hktdc.com/event/smartlightingexpo/en/product/1X1N0HL0
"Hongkong E-Lover Technology Co., Limited","Hongkong E-Lover Technology Co., Limited",Hong Kong,"HONG KONG E-LOVER TECHNOLOGY CO.,LIMITED is a Hi-Tech Enterprise specialized in LED lighting products, a professional LED lighting manufacturer & supplier. Our products mainly include LED Street Lights, Solar Street Lights, LED High Bay, LED Flood Light, and other full-set lighting solutions for projects.","HONG KONG E-LOVER TECHNOLOGY CO.,LIMITED is a Hi-Tech Enterprise specialized in LED lighting products, a professional LED lighting manufacturer & supplier. Our products mainly include LED Street Lights, Solar Street Lights, LED High Bay, LED Flood Light, and other full-set lighting solutions for projects.",,Exhibitor,Smart Lighting Expo 2026,1A-D09,Smart Lighting Products & Solutions,,1,,,LED Bulb; LED DOWNLIGHTS; LED FLOOD LIGHTS;LED LIGHTING; OBM,LED Bulb; LED DOWNLIGHTS; LED FLOOD LIGHTS;LED LIGHTING; OBM,https://www.hktdc.com/event/smartlightingexpo/en/exhibitor/1S005IP32,0,
"Kinlight Technology (China) Co., Limited","Kinlight Technology (China) Co., Limited",Hong Kong,"Decorative Lamp,Sensor Light,PAR Bulb,Light Dimmer,Light Switch,Indoor Lighting,Hospital Lighting,Industrial Lighting,Lighting Distribution System","Decorative Lamp,Sensor Light,PAR Bulb,Light Dimmer,Light Switch,Indoor Lighting,Hospital Lighting,Industrial Lighting,Lighting Distribution System",,Exhibitor,Smart Lighting Expo 2026,1A-C08,Smart Lighting Products & Solutions,,1,,,"Decorative Lamp,Sensor Light,PAR Bulb,Light Dimmer,Light Switch,Indoor Lighting,Hospital Lighting,Industrial Lighting,Lighting Distribution System; strip light downlight; ODM, OBM","Decorative Lamp,Sensor Light,PAR Bulb,Light Dimmer,Light Switch,Indoor Lighting,Hospital Lighting,Industrial Lighting,Lighting Distribution System; strip light downlight; ODM, OBM",https://www.hktdc.com/event/smartlightingexpo/en/exhibitor/1S005J8J7,0,
Novel Intelligence HK Limited,Novel Intelligence HK Limited,Hong Kong,"Home Automation System,LED Display Board","Home Automation System,LED Display Board",,Exhibitor,Smart Lighting Expo 2026,1A-B24,Smart Commercial Display & Stage Audio-Visual Zone,,1,,,"Home Automation System,LED Display Board; LED TV, Smart Home lighting; OEM","Home Automation System,LED Display Board; LED TV, Smart Home lighting; OEM",https://www.hktdc.com/event/smartlightingexpo/en/exhibitor/1S005JFRC,0,
"Dongguan Wei Sheng Optronics Co., Ltd.","Dongguan Wei Sheng Optronics Co., Ltd.",Chinese Mainland,"Our company specializes in the production of LED light strips, and has independent design and development capabilities. The products are novel and cost-effective, which has won praise from customers","Our company specializes in the production of LED light strips, and has independent design and development capabilities. The products are novel and cost-effective, which has won praise from customers",,Exhibitor,Smart Lighting Expo 2026,1B-A01,Connected Lighting Technologies,Cantonese Business Go Global,1,,,"LED Bulb; LED strip light, LED controller, Power supply; OEM","LED Bulb; LED strip light, LED controller, Power supply; OEM",https://www.hktdc.com/event/smartlightingexpo/en/exhibitor/1S005JKG4,0,
"Flower (HangZhou) Illumination Co., Ltd.","Flower (HangZhou) Illumination Co., Ltd.",Chinese Mainland,"Decorative Lamp,Lighting Accessories & Lamp Parts,Architectural Lighting,Entertainment Lighting,Lighting Design & Engineering,Lighting Design Software,Building Exterior Lighting System","Decorative Lamp,Lighting Accessories & Lamp Parts,Architectural Lighting,Entertainment Lighting,Lighting Design & Engineering,Lighting Design Software,Building Exterior Lighting System",,Exhibitor,Smart Lighting Expo 2026,1A-C23,Smart Commercial Display & Stage Audio-Visual Zone,,1,,,"Decorative Lamp,Lighting Accessories & Lamp Parts,Architectural Lighting,Entertainment Lighting,Lighting Design & Engineering,Lighting Design Software,Building Exterior Lighting System; LED LIGHTS, SMART LIGHTS; Others","Decorative Lamp,Lighting Accessories & Lamp Parts,Architectural Lighting,Entertainment Lighting,Lighting Design & Engineering,Lighting Design Software,Building Exterior Lighting System; LED LIGHTS, SMART LIGHTS; Others",https://www.hktdc.com/event/smartlightingexpo/en/exhibitor/1S005IPE5,30,https://www.hktdc.com/event/smartlightingexpo/en/product/1X26XH3I; https://www.hktdc.com/event/smartlightingexpo/en/product/1X26XH3I; https://www.hktdc.com/event/smartlightingexpo/en/product/1X26XGXR; https://www.hktdc.com/event/smartlightingexpo/en/product/1X26XGXR; https://www.hktdc.com/event/smartlightingexpo/en/product/1Z03NLMMK; https://www.hktdc.com/event/smartlightingexpo/en/product/1Z03NLMMK; https://www.hktdc.com/event/smartlightingexpo/en/product/1Z03NLM42; https://www.hktdc.com/event/smartlightingexpo/en/product/1Z03NLM42; https://www.hktdc.com/event/smartlightingexpo/en/product/1Z03NLMQ8; https://www.hktdc.com/event/smartlightingexpo/en/product/1Z03NLMQ8; https://www.hktdc.com/event/smartlightingexpo/en/product/1Z03NLLPC; https://www.hktdc.com/event/smartlightingexpo/en/product/1Z03NLLPC; https://www.hktdc.com/event/smartlightingexpo/en/product/1X24FITP; https://www.hktdc.com/event/smartlightingexpo/en/product/1X24FITP; https://www.hktdc.com/event/smartlightingexpo/en/product/1Z03NLLH0; https://www.hktdc.com/event/smartlightingexpo/en/product/1Z03NLLH0; https://www.hktdc.com/event/smartlightingexpo/en/product/1Z03NLLWR; https://www.hktdc.com/event/smartlightingexpo/en/product/1Z03NLLWR; https://www.hktdc.com/event/smartlightingexpo/en/product/1Z03NLMKQ; https://www.hktdc.com/event/smartlightingexpo/en/product/1Z03NLMKQ; https://www.hktdc.com/event/smartlightingexpo/en/product/1Z03NLLML; https://www.hktdc.com/event/smartlightingexpo/en/product/1Z03NLLML; https://www.hktdc.com/event/smartlightingexpo/en/product/1Z03NLM6W; https://www.hktdc.com/event/smartlightingexpo/en/product/1Z03NLM6W; https://www.hktdc.com/event/smartlightingexpo/en/product/1Z03NLM0E; https://www.hktdc.com/event/smartlightingexpo/en/product/1Z03NLM0E; https://www.hktdc.com/event/smartlightingexpo/en/product/1Z03NLMTZ; https://www.hktdc.com/event/smartlightingexpo/en/product/1Z03NLMTZ; https://www.hktdc.com/event/smartlightingexpo/en/product/1Z03NLMG2; https://www.hktdc.com/event/smartlightingexpo/en/product/1Z03NLMG2
"Foshan Wisdom Light Co., Ltd.","Foshan Wisdom Light Co., Ltd.",Chinese Mainland,Wisdom light focus on LED linear light .,Wisdom light focus on LED linear light .,,Exhibitor,Smart Lighting Expo 2026,1B-D24,Smart Lighting Products & Solutions,Cantonese Business Go Global,1,,,"Architectural Lighting,Indoor Lighting; Archi led linear light , led high bay light , clean room troffer; OEM, ODM","Architectural Lighting,Indoor Lighting; Archi led linear light , led high bay light , clean room troffer; OEM, ODM",https://www.hktdc.com/event/smartlightingexpo/en/exhibitor/1S005IPD8,0,
"Guangdong Guangyang Electric Co., Ltd.","Guangdong Guangyang Electric Co., Ltd.",Chinese Mainland,"Guangdong Guangyang is a high-tech enterprise specializing in the research and development, production and sales of eye-care movable lamps and LED smart lamps for 22 years. The factory has a construction area of approximately 45,000 square meters. We total have about 500 employees so far and our annual production capacity can over 10 million units/sets.The company has advanced production equipment, testing instruments and a group of professional engineers and technicians, independent research and development capabilities and technical centers, and has carried out industry-university-research cooperation with many top universities and scientific research institutions. Guangyang participated in the formulation of several eye-care desk lamps related industry standards.GUANYA is our own brand, and its product line has convered such as eye-care lamps, educational lighting,smart light and non-visual lighting.We are committed to becoming the new benchmark for healthy lighting. Our product sales network covers major and medium-sized cities in China and exported to more than 50 countries and regions overseas.","Guangdong Guangyang is a high-tech enterprise specializing in the research and development, production and sales of eye-care movable lamps and LED smart lamps for 22 years. The factory has a construction area of approximately 45,000 square meters. We total have about 500 employees so far and our annual production capacity can over 10 million units/sets.The company has advanced production equipment, testing instruments and a group of professional engineers and technicians, independent research and development capabilities and technical centers, and has carried out industry-university-research cooperation with many top universities and scientific research institutions. Guangyang participated in the formulation of several eye-care desk lamps related industry standards.GUANYA is our own brand, and its product line has convered such as eye-care lamps, educational lighting,smart light and non-visual lighting.We are committed to becoming the new benchmark for healthy lighting. Our product sales network covers major and medium-sized cities in China and exported to more than 50 countries and regions overseas.",,Exhibitor,Smart Lighting Expo 2026,1B-F09,Smart Lighting Products & Solutions,Zhongshan,1,,,"Indoor Lighting; We major focus on eye-caring desk lamps, floor lamp, clip lamp, educational lighting, and home-love series such as anti-mosquito lamp, germicidal lamp and so on. In addition to sell our own brand GUANYA, we also accept ODM and OEM customization.; ODM, OEM","Indoor Lighting; We major focus on eye-caring desk lamps, floor lamp, clip lamp, educational lighting, and home-love series such as anti-mosquito lamp, germicidal lamp and so on. In addition to sell our own brand GUANYA, we also accept ODM and OEM customization.; ODM, OEM",https://www.hktdc.com/event/smartlightingexpo/en/exhibitor/1S005KAYW,20,https://www.hktdc.com/event/smartlightingexpo/en/product/1X1VZYY8; https://www.hktdc.com/event/smartlightingexpo/en/product/1X1VZYY8; https://www.hktdc.com/event/smartlightingexpo/en/product/1X1PPMVB; https://www.hktdc.com/event/smartlightingexpo/en/product/1X1PPMVB; https://www.hktdc.com/event/smartlightingexpo/en/product/1X1PPMUC; https://www.hktdc.com/event/smartlightingexpo/en/product/1X1PPMUC; https://www.hktdc.com/event/smartlightingexpo/en/product/1X1PPMTD; https://www.hktdc.com/event/smartlightingexpo/en/product/1X1PPMTD; https://www.hktdc.com/event/smartlightingexpo/en/product/1X1LTFGB; https://www.hktdc.com/event/smartlightingexpo/en/product/1X1LTFGB; https://www.hktdc.com/event/smartlightingexpo/en/product/1X1LTFFC; https://www.hktdc.com/event/smartlightingexpo/en/product/1X1LTFFC; https://www.hktdc.com/event/smartlightingexpo/en/product/1X1JWOLF; https://www.hktdc.com/event/smartlightingexpo/en/product/1X1JWOLF; https://www.hktdc.com/event/smartlightingexpo/en/product/1X1JWOKG; https://www.hktdc.com/event/smartlightingexpo/en/product/1X1JWOKG; https://www.hktdc.com/event/smartlightingexpo/en/product/1X1JWOJH; https://www.hktdc.com/event/smartlightingexpo/en/product/1X1JWOJH; https://www.hktdc.com/event/smartlightingexpo/en/product/1X1HD8XF; https://www.hktdc.com/event/smartlightingexpo/en/product/1X1HD8XF
"Guangdong IHome Lighting Technology Co.,Ltd","Guangdong IHome Lighting Technology Co.,Ltd",Chinese Mainland,"Founded in 2012,Our enterprise supplies worldwide premium quality linear LED lighting solution based on flexible or rigid printed circuit boards, super excellent LED package binning technology. our offer is a super cost effective, unique LED installation kits for interior or exterior linear lighting solutions with an ingress protection of up to IP68.in the past several years, our enterprise also have been building long-time business cooperation with worldwide big online or offline retailers and big professional importer or big local lighting brand. AIHOME is the professional LED Strip Light manufacturer in China 300 employees 46,000 square meter workshop 300,000 Meter Daily production capacity 35,000,000USD volume of business per year 13 Years experience focus on LED flexible strip light. SGS ISO quality control system.BIS,CB,GS,TUV,ETL,UL,CE,CCC, ROHS. All of these certificate help us enter our main market such as Asia, Europe , North/south America; AIHOME will pay more attention to focus on the pro","Founded in 2012,Our enterprise supplies worldwide premium quality linear LED lighting solution based on flexible or rigid printed circuit boards, super excellent LED package binning technology. our offer is a super cost effective, unique LED installation kits for interior or exterior linear lighting solutions with an ingress protection of up to IP68.in the past several years, our enterprise also have been building long-time business cooperation with worldwide big online or offline retailers and big professional importer or big local lighting brand. AIHOME is the professional LED Strip Light manufacturer in China 300 employees 46,000 square meter workshop 300,000 Meter Daily production capacity 35,000,000USD volume of business per year 13 Years experience focus on LED flexible strip light. SGS ISO quality control system.BIS,CB,GS,TUV,ETL,UL,CE,CCC, ROHS. All of these certificate help us enter our main market such as Asia, Europe , North/south America; AIHOME will pay more attention to focus on the pro",,Exhibitor,Smart Lighting Expo 2026,1B-F19,Smart Lighting Products & Solutions,Zhongshan,1,,,"Indoor Lighting,Industrial Lighting,Lighting Design & Engineering; Our main products is:
LED Strip Light , 
LED Neon Light
LED Rope Light
LED Profile Light 
LED Linear Light
LED Smart Light; OEM","Indoor Lighting,Industrial Lighting,Lighting Design & Engineering; Our main products is:
LED Strip Light , 
LED Neon Light
LED Rope Light
LED Profile Light 
LED Linear Light
LED Smart Light; OEM",https://www.hktdc.com/event/smartlightingexpo/en/exhibitor/1S005JRZC,0,
"Guangdong Ruidisong Technology Co., Ltd.","Guangdong Ruidisong Technology Co., Ltd.",Chinese Mainland,"Guangdong Ruidisong Technology Co., Ltd. is a professional smart PVC string lighting manufacturer. Its facilities cover 10,000 square meters, including workshop for PCB, LED lamp beads, photovoltaic panels, wire drawing, sting light, welding packaging,etc. Hence, each step of manufacturing is to be well completed under out strict QA & QC systems, also enable us deliver samples and production within well controlled lead time.","Guangdong Ruidisong Technology Co., Ltd. is a professional smart PVC string lighting manufacturer. Its facilities cover 10,000 square meters, including workshop for PCB, LED lamp beads, photovoltaic panels, wire drawing, sting light, welding packaging,etc. Hence, each step of manufacturing is to be well completed under out strict QA & QC systems, also enable us deliver samples and production within well controlled lead time.",,Exhibitor,Smart Lighting Expo 2026,1A-E24,Connected Lighting Technologies,Cantonese Business Go Global,1,,,"Decorative Lamp,Lighting Accessories & Lamp Parts,Indoor Lighting,Entertainment Lighting,Retail Lighting; Our product category includes mostly two lines, three lines, four lines, single color, double color, RGBW, dream color PVC string light. Products have passed CCC, CE, ROHS, EMC, FCC, UL, GS test and obtained certain certificates.; OEM","Decorative Lamp,Lighting Accessories & Lamp Parts,Indoor Lighting,Entertainment Lighting,Retail Lighting; Our product category includes mostly two lines, three lines, four lines, single color, double color, RGBW, dream color PVC string light. Products have passed CCC, CE, ROHS, EMC, FCC, UL, GS test and obtained certain certificates.; OEM",https://www.hktdc.com/event/smartlightingexpo/en/exhibitor/1S005JIKU,10,https://www.hktdc.com/event/smartlightingexpo/en/product/1Z03NKJ9Q; https://www.hktdc.com/event/smartlightingexpo/en/product/1Z03NKJ9Q; https://www.hktdc.com/event/smartlightingexpo/en/product/1Z03NKM9N; https://www.hktdc.com/event/smartlightingexpo/en/product/1Z03NKM9N; https://www.hktdc.com/event/smartlightingexpo/en/product/1Z03NKJJW; https://www.hktdc.com/event/smartlightingexpo/en/product/1Z03NKJJW; https://www.hktdc.com/event/smartlightingexpo/en/product/1Z03NKLWR; https://www.hktdc.com/event/smartlightingexpo/en/product/1Z03NKLWR; https://www.hktdc.com/event/smartlightingexpo/en/product/1Z03NKMBH; https://www.hktdc.com/event/smartlightingexpo/en/product/1Z03NKMBH
Homelan (Huizhou) Electrical Co Ltd,Homelan (Huizhou) Electrical Co Ltd,Chinese Mainland,"homelan electrical Co.. Ltd was established on February 10, 2010 The founder of the original company registered in 1994 , so far 30 years . Before and after the factory in Huizhou, Xingning,Chongqing, Southeast Asia planned to build factories, the total purchase area of nearly 200,000 m, the existing number of employees of about 2,000 people. homelan is a national high-tech enterprise integrating product research and development, production and sales in the fields of household wall switch socket, intelligent electronics, smart home, new energy charging pile and so on. homelan Business philosophy Lower Tier/uaranteed quality/Low price","homelan electrical Co.. Ltd was established on February 10, 2010 The founder of the original company registered in 1994 , so far 30 years . Before and after the factory in Huizhou, Xingning,Chongqing, Southeast Asia planned to build factories, the total purchase area of nearly 200,000 m, the existing number of employees of about 2,000 people. homelan is a national high-tech enterprise integrating product research and development, production and sales in the fields of household wall switch socket, intelligent electronics, smart home, new energy charging pile and so on. homelan Business philosophy Lower Tier/uaranteed quality/Low price",,Exhibitor,Smart Lighting Expo 2026,1B-A24,Smart Lighting Products & Solutions,Cantonese Business Go Global,1,,,"Lighting Accessories & Lamp Parts,Light Switch,Home Automation System; Basic : Economical and practical, ideal for ordinary households.
Premium : Luxurious design, suitable for high-end residences and commercial spaces.
Smart : Supports voice control and remote operation, compatible with mainstream smart home platform; OEM, ODM","Lighting Accessories & Lamp Parts,Light Switch,Home Automation System; Basic : Economical and practical, ideal for ordinary households.
Premium : Luxurious design, suitable for high-end residences and commercial spaces.
Smart : Supports voice control and remote operation, compatible with mainstream smart home platform; OEM, ODM",https://www.hktdc.com/event/smartlightingexpo/en/exhibitor/1S005K7V8,0,
"Huizhou King Star Technology Co., Ltd.","Huizhou King Star Technology Co., Ltd.",Chinese Mainland,"Decorative Lamp,Architectural Lighting,Street Light,Industrial Lighting,Building Exterior Lighting System","Decorative Lamp,Architectural Lighting,Street Light,Industrial Lighting,Building Exterior Lighting System",,Exhibitor,Smart Lighting Expo 2026,1A-F13,Connected Lighting Technologies,Cantonese Business Go Global,1,,,"Decorative Lamp,Architectural Lighting,Street Light,Industrial Lighting,Building Exterior Lighting System; LED Light, LED Floor Light, Mini Display Screen; ODM, OEM, OBM","Decorative Lamp,Architectural Lighting,Street Light,Industrial Lighting,Building Exterior Lighting System; LED Light, LED Floor Light, Mini Display Screen; ODM, OEM, OBM",https://www.hktdc.com/event/smartlightingexpo/en/exhibitor/1S005JG3B,0,
"Huizhou Modian Electronic Technology Co., Ltd.","Huizhou Modian Electronic Technology Co., Ltd.",Chinese Mainland,,,,Exhibitor,Smart Lighting Expo 2026,1B-E19,Smart Lighting Products & Solutions,Cantonese Business Go Global,1,,,"linting; ODM, OBM, OEM, Others","linting; ODM, OBM, OEM, Others",https://www.hktdc.com/event/smartlightingexpo/en/exhibitor/1S005JYN5,0,
"Jiangmen Inbright Lighting Co., Ltd.","Jiangmen Inbright Lighting Co., Ltd.",Chinese Mainland,LED Bulb,LED Bulb,,Exhibitor,Smart Lighting Expo 2026,1B-D20,Smart Lighting Products & Solutions,Cantonese Business Go Global,1,,,LED Bulb; led; OEM,LED Bulb; led; OEM,https://www.hktdc.com/event/smartlightingexpo/en/exhibitor/1S005JKIY,0,
"Jiangmen Mingcheng Lighting Co.,Ltd","Jiangmen Mingcheng Lighting Co.,Ltd",Chinese Mainland,"Company background Mingcheng lighting company dedicate to manufacture of Smart Low Voltage flowing light strip and single-color light strip,Our company have importde chip mounter,Silicone Extruder,sepcialized worker,high-qualityof production,customer first and intergity of transaction","Company background Mingcheng lighting company dedicate to manufacture of Smart Low Voltage flowing light strip and single-color light strip,Our company have importde chip mounter,Silicone Extruder,sepcialized worker,high-qualityof production,customer first and intergity of transaction",,Exhibitor,Smart Lighting Expo 2026,1A-F10,Connected Lighting Technologies,Cantonese Business Go Global,1,,,"Decorative Lamp,Lighting Accessories & Lamp Parts,Home Automation System,Lighting Design & Engineering; Company goods,MingChenglighting company not only dedicate to manufacture of kinds of smart production is used for indoor and outdoor,but also product diverse LED controller to controllightstrip tp control light strip to realize diverse model; OEM","Decorative Lamp,Lighting Accessories & Lamp Parts,Home Automation System,Lighting Design & Engineering; Company goods,MingChenglighting company not only dedicate to manufacture of kinds of smart production is used for indoor and outdoor,but also product diverse LED controller to controllightstrip tp control light strip to realize diverse model; OEM",https://www.hktdc.com/event/smartlightingexpo/en/exhibitor/1S005KUFX,0,
"Ningbo Lomlux Lighting Co., Ltd.","Ningbo Lomlux Lighting Co., Ltd.",Chinese Mainland,"Street Light,Solar Lights","Street Light,Solar Lights",,Exhibitor,Smart Lighting Expo 2026,1B-F24,Smart Lighting Products & Solutions,,1,,,"Street Light,Solar Lights; Lomlux; Others","Street Light,Solar Lights; Lomlux; Others",https://www.hktdc.com/event/smartlightingexpo/en/exhibitor/1S005JKLP,0,
"Shenzhen Goldsuno Optoelectronics Technology Co., Ltd","Shenzhen Goldsuno Optoelectronics Technology Co., Ltd",Chinese Mainland,"LED Bulb,Indoor Lighting,Home Automation System,Lighting Design Software","LED Bulb,Indoor Lighting,Home Automation System,Lighting Design Software",,Exhibitor,Smart Lighting Expo 2026,1A-F02,Connected Lighting Technologies,,1,,,"LED Bulb,Indoor Lighting,Home Automation System,Lighting Design Software; LED Lighting Product Technology Development And Sales; OEM","LED Bulb,Indoor Lighting,Home Automation System,Lighting Design Software; LED Lighting Product Technology Development And Sales; OEM",https://www.hktdc.com/event/smartlightingexpo/en/exhibitor/1S005JKEA,0,
"Shenzhen Kinglight Optoelectronics Co.,Ltd","Shenzhen Kinglight Optoelectronics Co.,Ltd",Chinese Mainland,Indoor Lighting,Indoor Lighting,,Exhibitor,Smart Lighting Expo 2026,1A-E16,Connected Lighting Technologies,,1,,,"Indoor Lighting; LED panel; ODM, OEM","Indoor Lighting; LED panel; ODM, OEM",https://www.hktdc.com/event/smartlightingexpo/en/exhibitor/1S005JIWU,0,
"Yuyao Sineyi Electronic Technology Co., Ltd","Yuyao Sineyi Electronic Technology Co., Ltd",Chinese Mainland,,,,Exhibitor,Smart Lighting Expo 2026,1B-D37,Smart Lighting Products & Solutions,,1,,,"led; ODM, OBM, OEM","led; ODM, OBM, OEM",https://www.hktdc.com/event/smartlightingexpo/en/exhibitor/1S005K3HI,2,https://www.hktdc.com/event/smartlightingexpo/en/product/1X21IYZ7; https://www.hktdc.com/event/smartlightingexpo/en/product/1X21IYZ7
"Zhongshan Aixuan Lighting & Technology Co., Ltd.","Zhongshan Aixuan Lighting & Technology Co., Ltd.",Chinese Mainland,"Architectural Lighting,Indoor Lighting,Building Exterior Lighting System","Architectural Lighting,Indoor Lighting,Building Exterior Lighting System",,Exhibitor,Smart Lighting Expo 2026,1B-G02,Smart Lighting Products & Solutions,Cantonese Business Go Global,1,,,"Architectural Lighting,Indoor Lighting,Building Exterior Lighting System; Professional LED street lamp head, LED outdoor bright outsideproject, high power LED street lamp project, LED street lamp; OEM, ODM","Architectural Lighting,Indoor Lighting,Building Exterior Lighting System; Professional LED street lamp head, LED outdoor bright outsideproject, high power LED street lamp project, LED street lamp; OEM, ODM",https://www.hktdc.com/event/smartlightingexpo/en/exhibitor/1S005L08C,20,https://www.hktdc.com/event/smartlightingexpo/en/product/1X1IRCR9; https://www.hktdc.com/event/smartlightingexpo/en/product/1X1IRCR9; https://www.hktdc.com/event/smartlightingexpo/en/product/1X1IRCQA; https://www.hktdc.com/event/smartlightingexpo/en/product/1X1IRCQA; https://www.hktdc.com/event/smartlightingexpo/en/product/1X1IRCPB; https://www.hktdc.com/event/smartlightingexpo/en/product/1X1IRCPB; https://www.hktdc.com/event/smartlightingexpo/en/product/1X1IRCOC; https://www.hktdc.com/event/smartlightingexpo/en/product/1X1IRCOC; https://www.hktdc.com/event/smartlightingexpo/en/product/1X1IRCND; https://www.hktdc.com/event/smartlightingexpo/en/product/1X1IRCND; https://www.hktdc.com/event/smartlightingexpo/en/product/1X1IRCME; https://www.hktdc.com/event/smartlightingexpo/en/product/1X1IRCME; https://www.hktdc.com/event/smartlightingexpo/en/product/1X1IRCLF; https://www.hktdc.com/event/smartlightingexpo/en/product/1X1IRCLF; https://www.hktdc.com/event/smartlightingexpo/en/product/1X1IRCKG; https://www.hktdc.com/event/smartlightingexpo/en/product/1X1IRCKG; https://www.hktdc.com/event/smartlightingexpo/en/product/1X1IRCJH; https://www.hktdc.com/event/smartlightingexpo/en/product/1X1IRCJH; https://www.hktdc.com/event/smartlightingexpo/en/product/1X1IRCII; https://www.hktdc.com/event/smartlightingexpo/en/product/1X1IRCII
"Zhongshan City Meisen Lighting Co., Ltd","Zhongshan City Meisen Lighting Co., Ltd",Chinese Mainland,"Decorative Lamp,Indoor Lighting,Home Automation System","Decorative Lamp,Indoor Lighting,Home Automation System",,Exhibitor,Smart Lighting Expo 2026,1B-F20,Smart Lighting Products & Solutions,Zhongshan,1,,,"Decorative Lamp,Indoor Lighting,Home Automation System; LED Ceiling Lamp, LED Pendant Lamp, LED Wall Lamp, LED Downlight, Table Lamp; OEM, ODM, OBM","Decorative Lamp,Indoor Lighting,Home Automation System; LED Ceiling Lamp, LED Pendant Lamp, LED Wall Lamp, LED Downlight, Table Lamp; OEM, ODM, OBM",https://www.hktdc.com/event/smartlightingexpo/en/exhibitor/1S005JRWL,20,https://www.hktdc.com/event/smartlightingexpo/en/product/1X1VXAES; https://www.hktdc.com/event/smartlightingexpo/en/product/1X1VXAES; https://www.hktdc.com/event/smartlightingexpo/en/product/1X1VXADT; https://www.hktdc.com/event/smartlightingexpo/en/product/1X1VXADT; https://www.hktdc.com/event/smartlightingexpo/en/product/1X1I3EU0; https://www.hktdc.com/event/smartlightingexpo/en/product/1X1I3EU0; https://www.hktdc.com/event/smartlightingexpo/en/product/1X1I3ET1; https://www.hktdc.com/event/smartlightingexpo/en/product/1X1I3ET1; https://www.hktdc.com/event/smartlightingexpo/en/product/1X1I3ES2; https://www.hktdc.com/event/smartlightingexpo/en/product/1X1I3ES2; https://www.hktdc.com/event/smartlightingexpo/en/product/1X1I3ER3; https://www.hktdc.com/event/smartlightingexpo/en/product/1X1I3ER3; https://www.hktdc.com/event/smartlightingexpo/en/product/1X1EUMKM; https://www.hktdc.com/event/smartlightingexpo/en/product/1X1EUMKM; https://www.hktdc.com/event/smartlightingexpo/en/product/1X1EUMFR; https://www.hktdc.com/event/smartlightingexpo/en/product/1X1EUMFR; https://www.hktdc.com/event/smartlightingexpo/en/product/1X1EUMBV; https://www.hktdc.com/event/smartlightingexpo/en/product/1X1EUMBV; https://www.hktdc.com/event/smartlightingexpo/en/product/1X1EUMAW; https://www.hktdc.com/event/smartlightingexpo/en/product/1X1EUMAW
"Zhongshan Obals Lighting & Electric Co., Ltd.","Zhongshan Obals Lighting & Electric Co., Ltd.",Chinese Mainland,"OBALS Lighting,found in 2010, is a client-focused, technolog y-oriented and professional leading LED commercial lighting manufacturer. For so many years, we always insists on the idea of Sincerity, Rapidity and Win-win. Being oriented by the market trend and based on customer's requirements, OBALS Lighting keeps making breakthrough and innovations all the time. With the mission of being the best one-stop service product solution provider for our customers,OBALS Lighting has been devoting itself to designing and producing excellent quality, competitive price and professional LED products.OBALS Lighting's growth is throughout its whole development process, we have met every great challenges and opportunities by bold action and active ideas.","OBALS Lighting,found in 2010, is a client-focused, technolog y-oriented and professional leading LED commercial lighting manufacturer. For so many years, we always insists on the idea of Sincerity, Rapidity and Win-win. Being oriented by the market trend and based on customer's requirements, OBALS Lighting keeps making breakthrough and innovations all the time. With the mission of being the best one-stop service product solution provider for our customers,OBALS Lighting has been devoting itself to designing and producing excellent quality, competitive price and professional LED products.OBALS Lighting's growth is throughout its whole development process, we have met every great challenges and opportunities by bold action and active ideas.",,Exhibitor,Smart Lighting Expo 2026,1B-E20,Smart Lighting Products & Solutions,Zhongshan,1,,,"Decorative Lamp,Architectural Lighting,Indoor Lighting,Emergency & Professional Lighting,Lighting Design & Engineering,Wireless Lighting Management System,Building Exterior Lighting System; For OBALS, OEM and ODM service is warmly welcomed. We can print your logo and information as per your requirements. OBALS owns its independent R&D team. We think highly of employing engineers who are experienced and professional on electronic.; ODM, OEM, OBM","Decorative Lamp,Architectural Lighting,Indoor Lighting,Emergency & Professional Lighting,Lighting Design & Engineering,Wireless Lighting Management System,Building Exterior Lighting System; For OBALS, OEM and ODM service is warmly welcomed. We can print your logo and information as per your requirements. OBALS owns its independent R&D team. We think highly of employing engineers who are experienced and professional on electronic.; ODM, OEM, OBM",https://www.hktdc.com/event/smartlightingexpo/en/exhibitor/1S005JIVX,0,
"ARISING TECHNOLOGY CO.,LTD","ARISING TECHNOLOGY CO.,LTD",Chinese Mainland,led lighting,led lighting,,Exhibitor,Smart Lighting Expo 2026,1B-B16,Smart Lighting Products & Solutions,Shenzhen-SZSA Smart Lighting Pavilion,1,,,"Sensor Light; led lighting; OEM, Others, ODM, OBM","Sensor Light; led lighting; OEM, Others, ODM, OBM",https://www.hktdc.com/event/smartlightingexpo/en/exhibitor/1S005J8TD,40,https://www.hktdc.com/event/smartlightingexpo/en/product/1Z03OL6FL; https://www.hktdc.com/event/smartlightingexpo/en/product/1Z03OL6FL; https://www.hktdc.com/event/smartlightingexpo/en/product/1Z03OL64I; https://www.hktdc.com/event/smartlightingexpo/en/product/1Z03OL64I; https://www.hktdc.com/event/smartlightingexpo/en/product/1Z03OL61R; https://www.hktdc.com/event/smartlightingexpo/en/product/1Z03OL61R; https://www.hktdc.com/event/smartlightingexpo/en/product/1Z03OLAQK; https://www.hktdc.com/event/smartlightingexpo/en/product/1Z03OLAQK; https://www.hktdc.com/event/smartlightingexpo/en/product/1Z03OKYHN; https://www.hktdc.com/event/smartlightingexpo/en/product/1Z03OKYHN; https://www.hktdc.com/event/smartlightingexpo/en/product/1Z03OL6NX; https://www.hktdc.com/event/smartlightingexpo/en/product/1Z03OL6NX; https://www.hktdc.com/event/smartlightingexpo/en/product/1Z03OLAPN; https://www.hktdc.com/event/smartlightingexpo/en/product/1Z03OLAPN; https://www.hktdc.com/event/smartlightingexpo/en/product/1Z03OL63L; https://www.hktdc.com/event/smartlightingexpo/en/product/1Z03OL63L; https://www.hktdc.com/event/smartlightingexpo/en/product/1Z03OL0Y6; https://www.hktdc.com/event/smartlightingexpo/en/product/1Z03OL0Y6; https://www.hktdc.com/event/smartlightingexpo/en/product/1Z03OKZ3S; https://www.hktdc.com/event/smartlightingexpo/en/product/1Z03OKZ3S; https://www.hktdc.com/event/smartlightingexpo/en/product/1Z03OL66C; https://www.hktdc.com/event/smartlightingexpo/en/product/1Z03OL66C; https://www.hktdc.com/event/smartlightingexpo/en/product/1Z03OL9ZU; https://www.hktdc.com/event/smartlightingexpo/en/product/1Z03OL9ZU; https://www.hktdc.com/event/smartlightingexpo/en/product/1Z03OLABT; https://www.hktdc.com/event/smartlightingexpo/en/product/1Z03OLABT; https://www.hktdc.com/event/smartlightingexpo/en/product/1Z03OL8QM; https://www.hktdc.com/event/smartlightingexpo/en/product/1Z03OL8QM; https://www.hktdc.com/event/smartlightingexpo/en/product/1Z03OL9U9; https://www.hktdc.com/event/smartlightingexpo/en/product/1Z03OL9U9; https://www.hktdc.com/event/smartlightingexpo/en/product/1Z03OL6EO; https://www.hktdc.com/event/smartlightingexpo/en/product/1Z03OL6EO; https://www.hktdc.com/event/smartlightingexpo/en/product/1Z03OLCFF; https://www.hktdc.com/event/smartlightingexpo/en/product/1Z03OLCFF; https://www.hktdc.com/event/smartlightingexpo/en/product/1Z03OLA82; https://www.hktdc.com/event/smartlightingexpo/en/product/1Z03OLA82; https://www.hktdc.com/event/smartlightingexpo/en/product/1Z03OKYZ5; https://www.hktdc.com/event/smartlightingexpo/en/product/1Z03OKYZ5; https://www.hktdc.com/event/smartlightingexpo/en/product/1Z03OL90R; https://www.hktdc.com/event/smartlightingexpo/en/product/1Z03OL90R
Arriopto (Foshan) Limited,Arriopto (Foshan) Limited,Chinese Mainland,"Sensor Light,Light Dimmer,Light Switch,LED Bulb,Power Management System","Sensor Light,Light Dimmer,Light Switch,LED Bulb,Power Management System",,Exhibitor,Smart Lighting Expo 2026,1B-A08,Smart Lighting Products & Solutions,Cantonese Business Go Global,1,,,"Sensor Light,Light Dimmer,Light Switch,LED Bulb,Power Management System; LED strip,led sensor light,led sensor switch; OBM, ODM","Sensor Light,Light Dimmer,Light Switch,LED Bulb,Power Management System; LED strip,led sensor light,led sensor switch; OBM, ODM",https://www.hktdc.com/event/smartlightingexpo/en/exhibitor/1S005LB1M,2,https://www.hktdc.com/event/smartlightingexpo/en/product/1Z03NP5ID; https://www.hktdc.com/event/smartlightingexpo/en/product/1Z03NP5ID
"Cixi Dingli Plastic&Rubber Co., Ltd.","Cixi Dingli Plastic&Rubber Co., Ltd.",Chinese Mainland,Lighting Accessories & Lamp Parts,Lighting Accessories & Lamp Parts,,Exhibitor,Smart Lighting Expo 2026,1B-G18,Smart Lighting Products & Solutions,,1,,,Lighting Accessories & Lamp Parts; connector; OEM,Lighting Accessories & Lamp Parts; connector; OEM,https://www.hktdc.com/event/smartlightingexpo/en/exhibitor/1S005L6DR,0,
"Dafang Ding (Guangdong) Electronics Co., Ltd.","Dafang Ding (Guangdong) Electronics Co., Ltd.",Chinese Mainland,"Sensor Light,Home Automation System","Sensor Light,Home Automation System",,Exhibitor,Smart Lighting Expo 2026,1B-G19,Smart Lighting Products & Solutions,Zhongshan,1,,,"Sensor Light,Home Automation System; Microwave radar sensing LED light","Sensor Light,Home Automation System; Microwave radar sensing LED light",https://www.hktdc.com/event/smartlightingexpo/en/exhibitor/1S005K3M3,0,
Dafeng Metal Products Factory,Dafeng Metal Products Factory,Chinese Mainland,"Sensor Light,Lighting Accessories & Lamp Parts","Sensor Light,Lighting Accessories & Lamp Parts",,Exhibitor,Smart Lighting Expo 2026,1B-F12,Smart Lighting Products & Solutions,,1,,,"Sensor Light,Lighting Accessories & Lamp Parts; LIGHTING; Others","Sensor Light,Lighting Accessories & Lamp Parts; LIGHTING; Others",https://www.hktdc.com/event/smartlightingexpo/en/exhibitor/1S005K31U,0,
"Dongguan AIle Lighting co,.Ltd","Dongguan AIle Lighting co,.Ltd",Chinese Mainland,"Decorative Lamp,Lighting Accessories & Lamp Parts,Indoor Lighting,Retail Lighting","Decorative Lamp,Lighting Accessories & Lamp Parts,Indoor Lighting,Retail Lighting",,Exhibitor,Smart Lighting Expo 2026,1A-E25,Smart Lighting Products & Solutions,Cantonese Business Go Global,1,,,"Decorative Lamp,Lighting Accessories & Lamp Parts,Indoor Lighting,Retail Lighting; 办公线条灯，铝槽，灯罩; OEM, ODM, OBM","Decorative Lamp,Lighting Accessories & Lamp Parts,Indoor Lighting,Retail Lighting; 办公线条灯，铝槽，灯罩; OEM, ODM, OBM",https://www.hktdc.com/event/smartlightingexpo/en/exhibitor/1S005LGJZ,0,
"Dongguan Menghe New Energy Co., Ltd","Dongguan Menghe New Energy Co., Ltd",Chinese Mainland,"LED Converter,LED Driver,Sensor & Detector,Electrical Equipment","LED Converter,LED Driver,Sensor & Detector,Electrical Equipment",,Exhibitor,Smart Lighting Expo 2026,1A-E22,Connected Lighting Technologies,,1,,,"LED Converter,LED Driver,Sensor & Detector,Electrical Equipment; Lighting; ODM, OBM","LED Converter,LED Driver,Sensor & Detector,Electrical Equipment; Lighting; ODM, OBM",https://www.hktdc.com/event/smartlightingexpo/en/exhibitor/1S005LS3Z,0,
"Dongguan Skypower Electronics Technology Co., Ltd.","Dongguan Skypower Electronics Technology Co., Ltd.",Chinese Mainland,"Sensor Light,Architectural Lighting,Indoor Lighting,Industrial Lighting","Sensor Light,Architectural Lighting,Indoor Lighting,Industrial Lighting",,Exhibitor,Smart Lighting Expo 2026,1B-G20,Smart Lighting Products & Solutions,Cantonese Business Go Global,1,,,"Sensor Light,Architectural Lighting,Indoor Lighting,Industrial Lighting; SMART BATTEN LIGHT,SMART DOWN LIGHT, SMART TRI-PROOF LIGHT,INDUSTRIAL LIGHTING,SENSOR LIGHTING; OEM, OBM, ODM","Sensor Light,Architectural Lighting,Indoor Lighting,Industrial Lighting; SMART BATTEN LIGHT,SMART DOWN LIGHT, SMART TRI-PROOF LIGHT,INDUSTRIAL LIGHTING,SENSOR LIGHTING; OEM, OBM, ODM",https://www.hktdc.com/event/smartlightingexpo/en/exhibitor/1S005KB81,12,https://www.hktdc.com/event/smartlightingexpo/en/product/1X22XBJK; https://www.hktdc.com/event/smartlightingexpo/en/product/1X22XBJK; https://www.hktdc.com/event/smartlightingexpo/en/product/1X22XBFO; https://www.hktdc.com/event/smartlightingexpo/en/product/1X22XBFO; https://www.hktdc.com/event/smartlightingexpo/en/product/1X22XBCR; https://www.hktdc.com/event/smartlightingexpo/en/product/1X22XBCR; https://www.hktdc.com/event/smartlightingexpo/en/product/1X22XB8V; https://www.hktdc.com/event/smartlightingexpo/en/product/1X22XB8V; https://www.hktdc.com/event/smartlightingexpo/en/product/1X22XB6X; https://www.hktdc.com/event/smartlightingexpo/en/product/1X22XB6X; https://www.hktdc.com/event/smartlightingexpo/en/product/1X22XAVB; https://www.hktdc.com/event/smartlightingexpo/en/product/1X22XAVB
FOSHAN POULSON LUX CO..LTD.,FOSHAN POULSON LUX CO..LTD.,Chinese Mainland,"Lighting Accessories & Lamp Parts,Indoor Lighting,Lighting Distribution System","Lighting Accessories & Lamp Parts,Indoor Lighting,Lighting Distribution System",,Exhibitor,Smart Lighting Expo 2026,1B-F38,Smart Lighting Products & Solutions,Cantonese Business Go Global,1,,,"Lighting Accessories & Lamp Parts,Indoor Lighting,Lighting Distribution System; LIGHTING TRACK SYSTEMS; ODM, OEM","Lighting Accessories & Lamp Parts,Indoor Lighting,Lighting Distribution System; LIGHTING TRACK SYSTEMS; ODM, OEM",https://www.hktdc.com/event/smartlightingexpo/en/exhibitor/1S005J90R,0,
"Fo Shan Shun De Zhenghe Electrical Co.,Ltd.","Fo Shan Shun De Zhenghe Electrical Co.,Ltd.",Chinese Mainland,,,,Exhibitor,Smart Lighting Expo 2026,1B-A38,Smart Lighting Products & Solutions,Cantonese Business Go Global,1,,,"There will demand hard work. perseverance and along-term
commitment to build a foundation of trust. We believethat we can
achieve our win-win situation with the customers throuah our effort
specialty and concentration.; OEM","There will demand hard work. perseverance and along-term
commitment to build a foundation of trust. We believethat we can
achieve our win-win situation with the customers throuah our effort
specialty and concentration.; OEM",https://www.hktdc.com/event/smartlightingexpo/en/exhibitor/1S005LL8R,0,
"Foshan Dongdian Era Lighting Co.,Ltd.","Foshan Dongdian Era Lighting Co.,Ltd.",Chinese Mainland,"Foshan Dongdian Era Lighting Co, LTD is a manufacturer with 10-years experiences in designing and supplying linear light. Our factory is located in Foshan, Guangdong, China, which has great advantage in transportation and manufacturing. Our factory covers an area of 20.000 with about 100 staffs, has excellent design and development team and strict QC department, as well as advanced equipment to ensure that we can complete orders on time. We work well together, and we are proud of ourselves, on the ability to deliver products with the shortest lead time in the industry and the high quality of our products. We warmly welcome your joining to make a better future.","Foshan Dongdian Era Lighting Co, LTD is a manufacturer with 10-years experiences in designing and supplying linear light. Our factory is located in Foshan, Guangdong, China, which has great advantage in transportation and manufacturing. Our factory covers an area of 20.000 with about 100 staffs, has excellent design and development team and strict QC department, as well as advanced equipment to ensure that we can complete orders on time. We work well together, and we are proud of ourselves, on the ability to deliver products with the shortest lead time in the industry and the high quality of our products. We warmly welcome your joining to make a better future.",,Exhibitor,Smart Lighting Expo 2026,1A-E15,Connected Lighting Technologies,Cantonese Business Go Global,1,,,"Sensor Light,Indoor Lighting; Our linear light is ultra fast link  with 120 degrees beam angle  of  high brightness.  The primary wiring can be connected in series up to 1000w. The more links, the more savings. Changeable combination modeling meets the needs of various lighting; OEM","Sensor Light,Indoor Lighting; Our linear light is ultra fast link  with 120 degrees beam angle  of  high brightness.  The primary wiring can be connected in series up to 1000w. The more links, the more savings. Changeable combination modeling meets the needs of various lighting; OEM",https://www.hktdc.com/event/smartlightingexpo/en/exhibitor/1S005JNTY,2,https://www.hktdc.com/event/smartlightingexpo/en/product/1X23112V; https://www.hktdc.com/event/smartlightingexpo/en/product/1X23112V
Foshan Hongguang Lighting Accessories Co Ltd,Foshan Hongguang Lighting Accessories Co Ltd,Chinese Mainland,lighting,lighting,,Exhibitor,Smart Lighting Expo 2026,1B-B14,Smart Lighting Products & Solutions,Shenzhen-SZSA Smart Lighting Pavilion,1,,,"LED Driver; lighting; Others, OEM, ODM, OBM","LED Driver; lighting; Others, OEM, ODM, OBM",https://www.hktdc.com/event/smartlightingexpo/en/exhibitor/1S005J8UA,40,https://www.hktdc.com/event/smartlightingexpo/en/product/1Z03FFGZN; https://www.hktdc.com/event/smartlightingexpo/en/product/1Z03FFGZN; https://www.hktdc.com/event/smartlightingexpo/en/product/1Z03FFJ8T; https://www.hktdc.com/event/smartlightingexpo/en/product/1Z03FFJ8T; https://www.hktdc.com/event/smartlightingexpo/en/product/1Z03HDVB8; https://www.hktdc.com/event/smartlightingexpo/en/product/1Z03HDVB8; https://www.hktdc.com/event/smartlightingexpo/en/product/1Z03HDVAB; https://www.hktdc.com/event/smartlightingexpo/en/product/1Z03HDVAB; https://www.hktdc.com/event/smartlightingexpo/en/product/1Z03HDV7K; https://www.hktdc.com/event/smartlightingexpo/en/product/1Z03HDV7K; https://www.hktdc.com/event/smartlightingexpo/en/product/1Z03F82JD; https://www.hktdc.com/event/smartlightingexpo/en/product/1Z03F82JD; https://www.hktdc.com/event/smartlightingexpo/en/product/1Z03F8MG2; https://www.hktdc.com/event/smartlightingexpo/en/product/1Z03F8MG2; https://www.hktdc.com/event/smartlightingexpo/en/product/1Z03F8UAC; https://www.hktdc.com/event/smartlightingexpo/en/product/1Z03F8UAC; https://www.hktdc.com/event/smartlightingexpo/en/product/1Z03F99ZU; https://www.hktdc.com/event/smartlightingexpo/en/product/1Z03F99ZU; https://www.hktdc.com/event/smartlightingexpo/en/product/1Z03F8VEZ; https://www.hktdc.com/event/smartlightingexpo/en/product/1Z03F8VEZ; https://www.hktdc.com/event/smartlightingexpo/en/product/1Z03F8WLD; https://www.hktdc.com/event/smartlightingexpo/en/product/1Z03F8WLD; https://www.hktdc.com/event/smartlightingexpo/en/product/1Z03F943N; https://www.hktdc.com/event/smartlightingexpo/en/product/1Z03F943N; https://www.hktdc.com/event/smartlightingexpo/en/product/1Z03F8T6P; https://www.hktdc.com/event/smartlightingexpo/en/product/1Z03F8T6P; https://www.hktdc.com/event/smartlightingexpo/en/product/1Z03H9OKO; https://www.hktdc.com/event/smartlightingexpo/en/product/1Z03H9OKO; https://www.hktdc.com/event/smartlightingexpo/en/product/1Z03F9976; https://www.hktdc.com/event/smartlightingexpo/en/product/1Z03F9976; https://www.hktdc.com/event/smartlightingexpo/en/product/1Z03H9OD9; https://www.hktdc.com/event/smartlightingexpo/en/product/1Z03H9OD9; https://www.hktdc.com/event/smartlightingexpo/en/product/1Z03F8ADN; https://www.hktdc.com/event/smartlightingexpo/en/product/1Z03F8ADN; https://www.hktdc.com/event/smartlightingexpo/en/product/1Z03HDV9E; https://www.hktdc.com/event/smartlightingexpo/en/product/1Z03HDV9E; https://www.hktdc.com/event/smartlightingexpo/en/product/1Z03F81ET; https://www.hktdc.com/event/smartlightingexpo/en/product/1Z03F81ET; https://www.hktdc.com/event/smartlightingexpo/en/product/1Z03EIU8I; https://www.hktdc.com/event/smartlightingexpo/en/product/1Z03EIU8I
"Foshan Leap Electrical Appliances Co., Ltd","Foshan Leap Electrical Appliances Co., Ltd",Chinese Mainland,LED,LED,,Exhibitor,Smart Lighting Expo 2026,1B-A40,Smart Lighting Products & Solutions,Cantonese Business Go Global,1,,,"Edison Bulb,LED Bulb,Indoor Lighting,Entertainment Lighting,Lighting Distribution System; LED LED; OBM","Edison Bulb,LED Bulb,Indoor Lighting,Entertainment Lighting,Lighting Distribution System; LED LED; OBM",https://www.hktdc.com/event/smartlightingexpo/en/exhibitor/1S005KUMC,0,
Foshan Litek Technology Development Company Limited,Foshan Litek Technology Development Company Limited,Chinese Mainland,"Sensor Light,PAR Bulb,Lighting Accessories & Lamp Parts,LED Bulb,Indoor Lighting,Lighting Design & Engineering","Sensor Light,PAR Bulb,Lighting Accessories & Lamp Parts,LED Bulb,Indoor Lighting,Lighting Design & Engineering",,Exhibitor,Smart Lighting Expo 2026,1B-G37,Smart Lighting Products & Solutions,Cantonese Business Go Global,1,,,"Sensor Light,PAR Bulb,Lighting Accessories & Lamp Parts,LED Bulb,Indoor Lighting,Lighting Design & Engineering; Litek Lighting focuses on indoor and outdoor lighting, ranges from downlight, spotlight, track light, cabinet light, and garden lights, etc. We offer OEM and ODM services.; ODM, OEM","Sensor Light,PAR Bulb,Lighting Accessories & Lamp Parts,LED Bulb,Indoor Lighting,Lighting Design & Engineering; Litek Lighting focuses on indoor and outdoor lighting, ranges from downlight, spotlight, track light, cabinet light, and garden lights, etc. We offer OEM and ODM services.; ODM, OEM",https://www.hktdc.com/event/smartlightingexpo/en/exhibitor/1S005KB74,0,
"Foshan Tongzhu Hardware Products Co., Ltd","Foshan Tongzhu Hardware Products Co., Ltd",Chinese Mainland,"Foshan Tongzhu Hardware Products Co., Ltd is a professional design, development and production of die-casting lamps and lanterns kits manufacturer. A set of professional design, development and production in one of the die-casting lighting kit manufacturers. With die-casting, injection molding, polishing, CNC and other perfect production facilities, the products cover LED downlight, LED ceiling light, LED wall washer, LED rail light, etc., with a number of independent product patents, the products are widely used in large supermarkets, shopping malls, high-end commercial real estate, villas and clubs, high-grade hotels, museums, exhibitions and display space and other fields. Translated with DeepL.com (free version)","Foshan Tongzhu Hardware Products Co., Ltd is a professional design, development and production of die-casting lamps and lanterns kits manufacturer. A set of professional design, development and production in one of the die-casting lighting kit manufacturers. With die-casting, injection molding, polishing, CNC and other perfect production facilities, the products cover LED downlight, LED ceiling light, LED wall washer, LED rail light, etc., with a number of independent product patents, the products are widely used in large supermarkets, shopping malls, high-end commercial real estate, villas and clubs, high-grade hotels, museums, exhibitions and display space and other fields. Translated with DeepL.com (free version)",,Exhibitor,Smart Lighting Expo 2026,1B-A19,Smart Lighting Products & Solutions,Cantonese Business Go Global,1,,,"Decorative Lamp,Lighting Accessories & Lamp Parts,Architectural Lighting,Indoor Lighting,Industrial Lighting,Home Automation System; Our products cover LED downlight, LED ceiling light, LED wall washer light, LED rail light, etc. With a number of independent product patents, our products are widely used in large supermarkets, shopping malls, high-end commercial real estate.; OEM, OBM","Decorative Lamp,Lighting Accessories & Lamp Parts,Architectural Lighting,Indoor Lighting,Industrial Lighting,Home Automation System; Our products cover LED downlight, LED ceiling light, LED wall washer light, LED rail light, etc. With a number of independent product patents, our products are widely used in large supermarkets, shopping malls, high-end commercial real estate.; OEM, OBM",https://www.hktdc.com/event/smartlightingexpo/en/exhibitor/1S005JYRT,0,
"Guangdong Huapu intelligent Technology Co., LTD","Guangdong Huapu intelligent Technology Co., LTD",Chinese Mainland,"Decorative Lamp,Lighting Accessories & Lamp Parts,Architectural Lighting,Street Light,Indoor Lighting,Solar Lights,Business Management & Consultancy Services,Lighting Design Software,Energy Efficiency Equipment, Product and Solution","Decorative Lamp,Lighting Accessories & Lamp Parts,Architectural Lighting,Street Light,Indoor Lighting,Solar Lights,Business Management & Consultancy Services,Lighting Design Software,Energy Efficiency Equipment, Product and Solution",,Exhibitor,Smart Lighting Expo 2026,1A-D19,Smart Lighting Products & Solutions,Cantonese Business Go Global,1,,,"Decorative Lamp,Lighting Accessories & Lamp Parts,Architectural Lighting,Street Light,Indoor Lighting,Solar Lights,Business Management & Consultancy Services,Lighting Design Software,Energy Efficiency Equipment, Product and Solution; LED intelligent lighting; Others","Decorative Lamp,Lighting Accessories & Lamp Parts,Architectural Lighting,Street Light,Indoor Lighting,Solar Lights,Business Management & Consultancy Services,Lighting Design Software,Energy Efficiency Equipment, Product and Solution; LED intelligent lighting; Others",https://www.hktdc.com/event/smartlightingexpo/en/exhibitor/1S005KY2W,0,
"Guangdong Langman Optical-Electronical Tech Co., Ltd.","Guangdong Langman Optical-Electronical Tech Co., Ltd.",Chinese Mainland,"Decorative Lamp,Architectural Lighting,Lighting Distribution System,Building Exterior Lighting System","Decorative Lamp,Architectural Lighting,Lighting Distribution System,Building Exterior Lighting System",,Exhibitor,Smart Lighting Expo 2026,1B-B38,Smart Lighting Products & Solutions,Cantonese Business Go Global,1,,,"Decorative Lamp,Architectural Lighting,Lighting Distribution System,Building Exterior Lighting System; LED NEON FLEX, LED strip light, led rope light, led decoration light; Others","Decorative Lamp,Architectural Lighting,Lighting Distribution System,Building Exterior Lighting System; LED NEON FLEX, LED strip light, led rope light, led decoration light; Others",https://www.hktdc.com/event/smartlightingexpo/en/exhibitor/1S005K3DU,0,
"Guangdong Linkuan Smart Tech Co.,Ltd","Guangdong Linkuan Smart Tech Co.,Ltd",Chinese Mainland,"Lighting Accessories & Lamp Parts,Architectural Lighting,Street Light,Indoor Lighting,Industrial Lighting,Retail Lighting,Home Automation System","Lighting Accessories & Lamp Parts,Architectural Lighting,Street Light,Indoor Lighting,Industrial Lighting,Retail Lighting,Home Automation System",,Exhibitor,Smart Lighting Expo 2026,1B-F10,Smart Lighting Products & Solutions,Shenzhen-SZSA Smart Lighting Pavilion,1,,,"Lighting Accessories & Lamp Parts,Architectural Lighting,Street Light,Indoor Lighting,Industrial Lighting,Retail Lighting,Home Automation System; LED 电源; OEM, ODM","Lighting Accessories & Lamp Parts,Architectural Lighting,Street Light,Indoor Lighting,Industrial Lighting,Retail Lighting,Home Automation System; LED 电源; OEM, ODM",https://www.hktdc.com/event/smartlightingexpo/en/exhibitor/1S005JG1H,8,https://www.hktdc.com/event/smartlightingexpo/en/product/1Z03OMUFX; https://www.hktdc.com/event/smartlightingexpo/en/product/1Z03OMUFX; https://www.hktdc.com/event/smartlightingexpo/en/product/1Z03OMUHR; https://www.hktdc.com/event/smartlightingexpo/en/product/1Z03OMUHR; https://www.hktdc.com/event/smartlightingexpo/en/product/1Z03OMUGU; https://www.hktdc.com/event/smartlightingexpo/en/product/1Z03OMUGU; https://www.hktdc.com/event/smartlightingexpo/en/product/1Z03OMUC6; https://www.hktdc.com/event/smartlightingexpo/en/product/1Z03OMUC6
Guangdong Moore Technology Co Ltd,Guangdong Moore Technology Co Ltd,Chinese Mainland,"Moore Technology Co Ltd. is an innovative and professional LED Lighting manufacturer that designing and manufacturing LED lighting products for over 15 years. We have been honored as the National High-tech Enterprise, and continue being on the leading edge of innovative technology and product development. Products mainly include LED Tube Light, LED High Bay Light, LED Linear Light, LED Strip Light, LED Wall Light, LED Grow Light etc. which are ETL, DLC, Energy Star, ErP, TUV, SAA, CE UKCA & RoHS certified. With the rapid growing business, we built our own factory in Jiangmen city enlarging the production area to 8,000 Square meters, 6 professional production lines and more than 100 employees, with sales office in Shenzhen Moore has a professional R&D Lab with a full range of professional test equipment, such as automated Aging Test Machine, Goniophotometer, Integrating Sphere... with experienced R&D team of 6 Senior Engineers. OEM, ODM and professional value-added services are available. Our solutions are designed to combine high performance and sustainability with simplicity and ease of use, offering a superior customer experience. Moore takes pride in its diverse and passionate team of driven professionals, from LED technicians and R&D specialists to sales, marketing experts","Moore Technology Co Ltd. is an innovative and professional LED Lighting manufacturer that designing and manufacturing LED lighting products for over 15 years. We have been honored as the National High-tech Enterprise, and continue being on the leading edge of innovative technology and product development. Products mainly include LED Tube Light, LED High Bay Light, LED Linear Light, LED Strip Light, LED Wall Light, LED Grow Light etc. which are ETL, DLC, Energy Star, ErP, TUV, SAA, CE UKCA & RoHS certified. With the rapid growing business, we built our own factory in Jiangmen city enlarging the production area to 8,000 Square meters, 6 professional production lines and more than 100 employees, with sales office in Shenzhen Moore has a professional R&D Lab with a full range of professional test equipment, such as automated Aging Test Machine, Goniophotometer, Integrating Sphere... with experienced R&D team of 6 Senior Engineers. OEM, ODM and professional value-added services are available. Our solutions are designed to combine high performance and sustainability with simplicity and ease of use, offering a superior customer experience. Moore takes pride in its diverse and passionate team of driven professionals, from LED technicians and R&D specialists to sales, marketing experts",,Exhibitor,Smart Lighting Expo 2026,1A-D08,Connected Lighting Technologies,Cantonese Business Go Global,1,,,"Architectural Lighting,Indoor Lighting,Emergency & Professional Lighting,Industrial Lighting,Retail Lighting; Smart LED Wall Light, Smart LED Highbay Light, Smart LED Horticulture light, Smart LED Flood light, Smart LED Tube Light, Smart LED Linear light; ODM, OEM","Architectural Lighting,Indoor Lighting,Emergency & Professional Lighting,Industrial Lighting,Retail Lighting; Smart LED Wall Light, Smart LED Highbay Light, Smart LED Horticulture light, Smart LED Flood light, Smart LED Tube Light, Smart LED Linear light; ODM, OEM",https://www.hktdc.com/event/smartlightingexpo/en/exhibitor/1S005KATB,0,
"Guangdong Skyline Technology Cn., Ltd","Guangdong Skyline Technology Cn., Ltd",Chinese Mainland,"Sensor Light,Home Automation System","Sensor Light,Home Automation System",,Exhibitor,Smart Lighting Expo 2026,1B-G21,Smart Lighting Products & Solutions,Zhongshan,1,,,"Sensor Light,Home Automation System; Radar sensing footlights","Sensor Light,Home Automation System; Radar sensing footlights",https://www.hktdc.com/event/smartlightingexpo/en/exhibitor/1S005K3N0,0,
"Guangdong Tehao Lighting Co., Ltd","Guangdong Tehao Lighting Co., Ltd",Chinese Mainland,"Decorative Lamp,Lighting Accessories & Lamp Parts,Architectural Lighting,LED Bulb,Indoor Lighting,Home Automation System,Lighting Design & Engineering,Lighting Distribution System","Decorative Lamp,Lighting Accessories & Lamp Parts,Architectural Lighting,LED Bulb,Indoor Lighting,Home Automation System,Lighting Design & Engineering,Lighting Distribution System",,Exhibitor,Smart Lighting Expo 2026,1A-E07,Smart Lighting Products & Solutions,Cantonese Business Go Global,1,,,"Decorative Lamp,Lighting Accessories & Lamp Parts,Architectural Lighting,LED Bulb,Indoor Lighting,Home Automation System,Lighting Design & Engineering,Lighting Distribution System; LED smart lighting; Others","Decorative Lamp,Lighting Accessories & Lamp Parts,Architectural Lighting,LED Bulb,Indoor Lighting,Home Automation System,Lighting Design & Engineering,Lighting Distribution System; LED smart lighting; Others",https://www.hktdc.com/event/smartlightingexpo/en/exhibitor/1S005IUVL,0,
"Guangdong Yuchen Optoelectronic Technology Co., Ltd","Guangdong Yuchen Optoelectronic Technology Co., Ltd",Chinese Mainland,"EAST FINE is devoted to interior and exterior LED linear lighting for the world. The key product IP 68 strip lights are applicable in exterior landscape illumination and marine lighting, and the production artwork is much different but higher than traditional methods. All the products are CE,UL approved. We also passed the latest version ISO 9001 quality system. We own full sets of automatic facilities like Surface Mount Technology machines, PCB splitting machine, PCB soldering machine, glue dropping machine to ensure the production is accurate and efficient, we also have our own independent safe and reliable National Standard Lab., We persist in the idea of customer-orientation, we are always on the way of innovation and improvement","EAST FINE is devoted to interior and exterior LED linear lighting for the world. The key product IP 68 strip lights are applicable in exterior landscape illumination and marine lighting, and the production artwork is much different but higher than traditional methods. All the products are CE,UL approved. We also passed the latest version ISO 9001 quality system. We own full sets of automatic facilities like Surface Mount Technology machines, PCB splitting machine, PCB soldering machine, glue dropping machine to ensure the production is accurate and efficient, we also have our own independent safe and reliable National Standard Lab., We persist in the idea of customer-orientation, we are always on the way of innovation and improvement",,Exhibitor,Smart Lighting Expo 2026,1B-E39,Smart Lighting Products & Solutions,Cantonese Business Go Global,1,,,"Decorative Lamp,Architectural Lighting; LED Neon Light, LED Wall washer Light, COB Strip Light; OEM, ODM, OBM","Decorative Lamp,Architectural Lighting; LED Neon Light, LED Wall washer Light, COB Strip Light; OEM, ODM, OBM",https://www.hktdc.com/event/smartlightingexpo/en/exhibitor/1S005KUJL,2,https://www.hktdc.com/event/smartlightingexpo/en/product/1Z03KU495; https://www.hktdc.com/event/smartlightingexpo/en/product/1Z03KU495
"Guangzhou JM Lighting Technology Co., Ltd","Guangzhou JM Lighting Technology Co., Ltd",Chinese Mainland,,,,Exhibitor,Smart Lighting Expo 2026,1B-A06,Smart Lighting Products & Solutions,Cantonese Business Go Global,1,,,LED LIGHT; OEM,LED LIGHT; OEM,https://www.hktdc.com/event/smartlightingexpo/en/exhibitor/1S005L06I,0,
"HAMM IMPORT & EXPORT CO.,LTD","HAMM IMPORT & EXPORT CO.,LTD",Chinese Mainland,Solar Led street light manufacture,Solar Led street light manufacture,,Exhibitor,Smart Lighting Expo 2026,1A-D22,Connected Lighting Technologies,Cantonese Business Go Global,1,,,"Street Light,Solar Lights; We manufacture solar Led street light solar Garden light; OEM","Street Light,Solar Lights; We manufacture solar Led street light solar Garden light; OEM",https://www.hktdc.com/event/smartlightingexpo/en/exhibitor/1S005KB3G,0,
"Huizhou Anway Electrical Co.,ltd.","Huizhou Anway Electrical Co.,ltd.",Chinese Mainland,"Sensor Light,Light Dimmer","Sensor Light,Light Dimmer",,Exhibitor,Smart Lighting Expo 2026,1A-E19,Connected Lighting Technologies,Cantonese Business Go Global,1,,,"Sensor Light,Light Dimmer; Smart LED Driver; ODM, OEM, OBM, Others","Sensor Light,Light Dimmer; Smart LED Driver; ODM, OEM, OBM, Others",https://www.hktdc.com/event/smartlightingexpo/en/exhibitor/1S005JNR4,2,https://www.hktdc.com/event/smartlightingexpo/en/product/1Z03NP0QU; https://www.hktdc.com/event/smartlightingexpo/en/product/1Z03NP0QU
"Hunan Pusisat Opto Technology Co., Ltd.","Hunan Pusisat Opto Technology Co., Ltd.",Chinese Mainland,"Decorative Lamp,Lighting Accessories & Lamp Parts,Architectural Lighting,LED Bulb,Indoor Lighting,Home Automation System,Power Management System,Lighting Distribution System,Wireless Lighting Management System","Decorative Lamp,Lighting Accessories & Lamp Parts,Architectural Lighting,LED Bulb,Indoor Lighting,Home Automation System,Power Management System,Lighting Distribution System,Wireless Lighting Management System",,Exhibitor,Smart Lighting Expo 2026,1A-D26,Smart Lighting Products & Solutions,,1,,,"Decorative Lamp,Lighting Accessories & Lamp Parts,Architectural Lighting,LED Bulb,Indoor Lighting,Home Automation System,Power Management System,Lighting Distribution System,Wireless Lighting Management System; LED Lighting, Intelligent Lighting Product; OBM, ODM, Others, OEM","Decorative Lamp,Lighting Accessories & Lamp Parts,Architectural Lighting,LED Bulb,Indoor Lighting,Home Automation System,Power Management System,Lighting Distribution System,Wireless Lighting Management System; LED Lighting, Intelligent Lighting Product; OBM, ODM, Others, OEM",https://www.hktdc.com/event/smartlightingexpo/en/exhibitor/1S005LGI2,2,https://www.hktdc.com/event/smartlightingexpo/en/product/1X1Z39FU; https://www.hktdc.com/event/smartlightingexpo/en/product/1X1Z39FU
"JIANGMEN MINGWEI ELECTRIC CO. , LTD","JIANGMEN MINGWEI ELECTRIC CO. , LTD",Chinese Mainland,"Decorative Lamp,Sensor Light,Light Switch,LED Bulb,Street Light,Indoor Lighting,Industrial Lighting,Solar Lights,Building Exterior Lighting System","Decorative Lamp,Sensor Light,Light Switch,LED Bulb,Street Light,Indoor Lighting,Industrial Lighting,Solar Lights,Building Exterior Lighting System",,Exhibitor,Smart Lighting Expo 2026,1A-F27,Smart Lighting Products & Solutions,Cantonese Business Go Global,1,,,"Decorative Lamp,Sensor Light,Light Switch,LED Bulb,Street Light,Indoor Lighting,Industrial Lighting,Solar Lights,Building Exterior Lighting System; LED bracket  LED lamp tube; OEM, OBM","Decorative Lamp,Sensor Light,Light Switch,LED Bulb,Street Light,Indoor Lighting,Industrial Lighting,Solar Lights,Building Exterior Lighting System; LED bracket  LED lamp tube; OEM, OBM",https://www.hktdc.com/event/smartlightingexpo/en/exhibitor/1S005LL7U,2,https://www.hktdc.com/event/smartlightingexpo/en/product/1X22ERL6; https://www.hktdc.com/event/smartlightingexpo/en/product/1X22ERL6
"Jianbian Lighting Technology (Zhongshan) Co., Ltd","Jianbian Lighting Technology (Zhongshan) Co., Ltd",Chinese Mainland,"Sensor Light,LED Bulb,Entertainment Lighting,Solar Lights","Sensor Light,LED Bulb,Entertainment Lighting,Solar Lights",,Exhibitor,Smart Lighting Expo 2026,1B-B07,Smart Lighting Products & Solutions,Cantonese Business Go Global,1,,,"Sensor Light,LED Bulb,Entertainment Lighting,Solar Lights; light; OEM","Sensor Light,LED Bulb,Entertainment Lighting,Solar Lights; light; OEM",https://www.hktdc.com/event/smartlightingexpo/en/exhibitor/1S005L6FL,0,
Jiang Men Shang Ren Lighting Co.Ltd,Jiang Men Shang Ren Lighting Co.Ltd,Chinese Mainland,"Decorative Lamp,Indoor Lighting","Decorative Lamp,Indoor Lighting",,Exhibitor,Smart Lighting Expo 2026,1A-E17,Connected Lighting Technologies,Cantonese Business Go Global,1,,,"Decorative Lamp,Indoor Lighting; JANG MEN SHANG REN LIGHTING CO.LTD; OBM, OEM, ODM, Others","Decorative Lamp,Indoor Lighting; JANG MEN SHANG REN LIGHTING CO.LTD; OBM, OEM, ODM, Others",https://www.hktdc.com/event/smartlightingexpo/en/exhibitor/1S005KUIO,4,https://www.hktdc.com/event/smartlightingexpo/en/product/1Z03NKMR5; https://www.hktdc.com/event/smartlightingexpo/en/product/1Z03NKMR5; https://www.hktdc.com/event/smartlightingexpo/en/product/1Z03NKM28; https://www.hktdc.com/event/smartlightingexpo/en/product/1Z03NKM28
Jiangmen Jiuzhou Technology Co. Ltd,Jiangmen Jiuzhou Technology Co. Ltd,Chinese Mainland,Emergency lamp,Emergency lamp,,Exhibitor,Smart Lighting Expo 2026,1B-F35,Smart Lighting Products & Solutions,Cantonese Business Go Global,1,,,"Sensor Light,Emergency & Professional Lighting; Emergency lamp; OEM","Sensor Light,Emergency & Professional Lighting; Emergency lamp; OEM",https://www.hktdc.com/event/smartlightingexpo/en/exhibitor/1S005J92L,0,
"Jiangmen Yi Jun Xin Da Optoelectronics Technology Co.,ltd","Jiangmen Yi Jun Xin Da Optoelectronics Technology Co.,ltd",Chinese Mainland,"LED Converter,LED Driver,Sensor & Detector,Electrical Equipment","LED Converter,LED Driver,Sensor & Detector,Electrical Equipment",,Exhibitor,Smart Lighting Expo 2026,1A-F07,Connected Lighting Technologies,Cantonese Business Go Global,1,,,"LED Converter,LED Driver,Sensor & Detector,Electrical Equipment; led; OBM, OEM, ODM, Others","LED Converter,LED Driver,Sensor & Detector,Electrical Equipment; led; OBM, OEM, ODM, Others",https://www.hktdc.com/event/smartlightingexpo/en/exhibitor/1S005L4FN,0,
"Jiewei Yida Electronic Technology Co., Ltd","Jiewei Yida Electronic Technology Co., Ltd",Chinese Mainland,Light Dimmer,Light Dimmer,,Exhibitor,Smart Lighting Expo 2026,1B-E11,Smart Lighting Products & Solutions,Cantonese Business Go Global,1,,,Light Dimmer; power supply; OEM,Light Dimmer; power supply; OEM,https://www.hktdc.com/event/smartlightingexpo/en/exhibitor/1S005JNZG,16,https://www.hktdc.com/event/smartlightingexpo/en/product/1Z03MXIU0; https://www.hktdc.com/event/smartlightingexpo/en/product/1Z03MXIU0; https://www.hktdc.com/event/smartlightingexpo/en/product/1Z03MXIOI; https://www.hktdc.com/event/smartlightingexpo/en/product/1Z03MXIOI; https://www.hktdc.com/event/smartlightingexpo/en/product/1Z03MXIWU; https://www.hktdc.com/event/smartlightingexpo/en/product/1Z03MXIWU; https://www.hktdc.com/event/smartlightingexpo/en/product/1Z03MXIQC; https://www.hktdc.com/event/smartlightingexpo/en/product/1Z03MXIQC; https://www.hktdc.com/event/smartlightingexpo/en/product/1Z03MXGG8; https://www.hktdc.com/event/smartlightingexpo/en/product/1Z03MXGG8; https://www.hktdc.com/event/smartlightingexpo/en/product/1Z03MXIT3; https://www.hktdc.com/event/smartlightingexpo/en/product/1Z03MXIT3; https://www.hktdc.com/event/smartlightingexpo/en/product/1Z03MXIVX; https://www.hktdc.com/event/smartlightingexpo/en/product/1Z03MXIVX; https://www.hktdc.com/event/smartlightingexpo/en/product/1Z03MXIR9; https://www.hktdc.com/event/smartlightingexpo/en/product/1Z03MXIR9
"LIN HAI KEKAI CRAFTS CO., LTD","LIN HAI KEKAI CRAFTS CO., LTD",Chinese Mainland,Decorative Lamp,Decorative Lamp,,Exhibitor,Smart Lighting Expo 2026,1B-E35,Smart Lighting Products & Solutions,,1,,,Decorative Lamp; OEM,Decorative Lamp; OEM,https://www.hktdc.com/event/smartlightingexpo/en/exhibitor/1S005KUB9,0,
"Largetek Co.,Ltd","Largetek Co.,Ltd",Chinese Mainland,"Decorative Lamp,Indoor Lighting,Home Automation System","Decorative Lamp,Indoor Lighting,Home Automation System",,Exhibitor,Smart Lighting Expo 2026,1B-C08,Smart Lighting Products & Solutions,Cantonese Business Go Global,1,,,"Decorative Lamp,Indoor Lighting,Home Automation System; Crystal lamp, pendant lamp, decorative lamp, smart system home lighting; OEM, OBM","Decorative Lamp,Indoor Lighting,Home Automation System; Crystal lamp, pendant lamp, decorative lamp, smart system home lighting; OEM, OBM",https://www.hktdc.com/event/smartlightingexpo/en/exhibitor/1S005JNWP,0,
"Mingcai Intelligent Lighting Technology Co.,Ltd.","Mingcai Intelligent Lighting Technology Co.,Ltd.",Chinese Mainland,"Indoor Lighting,Industrial Lighting,Home Automation System","Indoor Lighting,Industrial Lighting,Home Automation System",,Exhibitor,Smart Lighting Expo 2026,1B-E16,Smart Lighting Products & Solutions,Zhongshan,1,,,"Indoor Lighting,Industrial Lighting,Home Automation System; Zhongshan Mingcai Intelligent Lighting Technology Co., Ltd. is a professional manufacturer of L E D office light, L E D grow light, L E D working light, L E D commercial light, indoor light and other intelligent innovative lighting.; ODM, OEM","Indoor Lighting,Industrial Lighting,Home Automation System; Zhongshan Mingcai Intelligent Lighting Technology Co., Ltd. is a professional manufacturer of L E D office light, L E D grow light, L E D working light, L E D commercial light, indoor light and other intelligent innovative lighting.; ODM, OEM",https://www.hktdc.com/event/smartlightingexpo/en/exhibitor/1S005JIS6,0,
"NJ-Laser Tech Co.,LTD","NJ-Laser Tech Co.,LTD",Chinese Mainland,"NJ- Laser Tech Co., Ltd. is a manufacturer specializing in the development and production of laser light show equipment. In the 10 years since its establishment, the company has made major breakthroughs in laser research and development and production, and has been highly recognized by major performing arts companies and government projects.","NJ- Laser Tech Co., Ltd. is a manufacturer specializing in the development and production of laser light show equipment. In the 10 years since its establishment, the company has made major breakthroughs in laser research and development and production, and has been highly recognized by major performing arts companies and government projects.",,Exhibitor,Smart Lighting Expo 2026,1A-B06,Smart Lighting Products & Solutions,,1,,,"Decorative Lamp,Lighting Accessories & Lamp Parts,Architectural Lighting,Indoor Lighting,Emergency & Professional Lighting,Entertainment Lighting,Hospital Lighting,Industrial Lighting,Retail Lighting,Lighting Design & Engineering,Lighting Distribution System,Lighting Measurement System,Lighting Design Software,Building Exterior Lighting System; Stage Performance,Large-Scale Events,Commercial Displays,
Laser Light,Laser Projector,Laser Show,Laser Display,Laser Beacon,Laser Effects,Laser Stage Lighting,Laser Performance Lighting,Laser
Illumination,Laser Light Show Equipment; OEM, ODM, Others, OBM","Decorative Lamp,Lighting Accessories & Lamp Parts,Architectural Lighting,Indoor Lighting,Emergency & Professional Lighting,Entertainment Lighting,Hospital Lighting,Industrial Lighting,Retail Lighting,Lighting Design & Engineering,Lighting Distribution System,Lighting Measurement System,Lighting Design Software,Building Exterior Lighting System; Stage Performance,Large-Scale Events,Commercial Displays,
Laser Light,Laser Projector,Laser Show,Laser Display,Laser Beacon,Laser Effects,Laser Stage Lighting,Laser Performance Lighting,Laser
Illumination,Laser Light Show Equipment; OEM, ODM, Others, OBM",https://www.hktdc.com/event/smartlightingexpo/en/exhibitor/1S005LB3G,0,
"Ningbo Cixi Import and Export Holdings Co., Ltd.","Ningbo Cixi Import and Export Holdings Co., Ltd.",Chinese Mainland,"Street Light,Building Exterior Lighting System","Street Light,Building Exterior Lighting System",,Exhibitor,Smart Lighting Expo 2026,1A-E20,Connected Lighting Technologies,,1,,,"Street Light,Building Exterior Lighting System; 投光灯 路灯 吸顶灯 三防灯; OEM","Street Light,Building Exterior Lighting System; 投光灯 路灯 吸顶灯 三防灯; OEM",https://www.hktdc.com/event/smartlightingexpo/en/exhibitor/1S005KY4Q,0,
"Ningbo Hong Yue Electric Appliance Co., Ltd,","Ningbo Hong Yue Electric Appliance Co., Ltd,",Chinese Mainland,"Indoor Lighting,Home Automation System","Indoor Lighting,Home Automation System",,Exhibitor,Smart Lighting Expo 2026,1B-B05,Smart Lighting Products & Solutions,,1,,,"Indoor Lighting,Home Automation System; Ceiling light，Intelligent lighting; ODM, OBM, OEM","Indoor Lighting,Home Automation System; Ceiling light，Intelligent lighting; ODM, OBM, OEM",https://www.hktdc.com/event/smartlightingexpo/en/exhibitor/1S005L07F,0,
"Ningbo Ido Lighting Appliance Co., Ltd.","Ningbo Ido Lighting Appliance Co., Ltd.",Chinese Mainland,"IDO Lighting Appliance Co., Ltd. is a professional manufacturer of LED bulbs, ceiling lights, panel lights, flood lights. Our factory is 15000 square meters with more than 100 workers. Our products are hot selling in Euroup and South America.","IDO Lighting Appliance Co., Ltd. is a professional manufacturer of LED bulbs, ceiling lights, panel lights, flood lights. Our factory is 15000 square meters with more than 100 workers. Our products are hot selling in Euroup and South America.",,Exhibitor,Smart Lighting Expo 2026,1B-G40,Smart Lighting Products & Solutions,,1,,,"Decorative Lamp,Edison Bulb,PAR Bulb,LED Bulb,Indoor Lighting,Retail Lighting,Home Automation System; professional manufacturer of LED bulbs, ceiling lights, panel lights, flood lights; OEM","Decorative Lamp,Edison Bulb,PAR Bulb,LED Bulb,Indoor Lighting,Retail Lighting,Home Automation System; professional manufacturer of LED bulbs, ceiling lights, panel lights, flood lights; OEM",https://www.hktdc.com/event/smartlightingexpo/en/exhibitor/1S005K3JC,0,
"Ningbo MH Technology Co.,LTD","Ningbo MH Technology Co.,LTD",Chinese Mainland,Internet of Things,Internet of Things,,Exhibitor,Smart Lighting Expo 2026,1B-C39,Smart Lighting Products & Solutions,,1,,,"Internet of Things; Ningbo MH Technology Co.,LTD; OEM, OBM, ODM, Others","Internet of Things; Ningbo MH Technology Co.,LTD; OEM, OBM, ODM, Others",https://www.hktdc.com/event/smartlightingexpo/en/exhibitor/1S005KUKI,0,
"Ningbo Siying Optoelectronic Lighting Science & Technology Co., Ltd.","Ningbo Siying Optoelectronic Lighting Science & Technology Co., Ltd.",Chinese Mainland,Indoor Lighting,Indoor Lighting,,Exhibitor,Smart Lighting Expo 2026,1B-E15,Smart Lighting Products & Solutions,,1,,,"Indoor Lighting; led commercial lighting; OEM, ODM","Indoor Lighting; led commercial lighting; OEM, ODM",https://www.hktdc.com/event/smartlightingexpo/en/exhibitor/1S005JKKS,20,https://www.hktdc.com/event/smartlightingexpo/en/product/1X21A3YT; https://www.hktdc.com/event/smartlightingexpo/en/product/1X21A3YT; https://www.hktdc.com/event/smartlightingexpo/en/product/1X21A3XU; https://www.hktdc.com/event/smartlightingexpo/en/product/1X21A3XU; https://www.hktdc.com/event/smartlightingexpo/en/product/1X21A3WV; https://www.hktdc.com/event/smartlightingexpo/en/product/1X21A3WV; https://www.hktdc.com/event/smartlightingexpo/en/product/1X1FRPX0; https://www.hktdc.com/event/smartlightingexpo/en/product/1X1FRPX0; https://www.hktdc.com/event/smartlightingexpo/en/product/1X1C88TJ; https://www.hktdc.com/event/smartlightingexpo/en/product/1X1C88TJ; https://www.hktdc.com/event/smartlightingexpo/en/product/1X1C88QM; https://www.hktdc.com/event/smartlightingexpo/en/product/1X1C88QM; https://www.hktdc.com/event/smartlightingexpo/en/product/1X1BVZ03; https://www.hktdc.com/event/smartlightingexpo/en/product/1X1BVZ03; https://www.hktdc.com/event/smartlightingexpo/en/product/1X19C36L; https://www.hktdc.com/event/smartlightingexpo/en/product/1X19C36L; https://www.hktdc.com/event/smartlightingexpo/en/product/1X19C35M; https://www.hktdc.com/event/smartlightingexpo/en/product/1X19C35M; https://www.hktdc.com/event/smartlightingexpo/en/product/1X19C34N; https://www.hktdc.com/event/smartlightingexpo/en/product/1X19C34N
"Ningbo jinwei electrical technology co.,ltd","Ningbo jinwei electrical technology co.,ltd",Chinese Mainland,"Founded in 1999, Ningbo Yinzhou Jinwei Lighting Co., Ltd. changed its name to Ningbo Jinwei Electrical Technology Co., Ltd. in 2014. Now our company is being acknowledged as one of the most respected nationwide manufacturers and exporters of light fitting factories in China. The company has a large amount of production experience and the advanced production equipment. We specializes in the production of street light disconnector, (UK) pluggable connector, waterproof connector, waterproof junction box, waterproof socket, quick terminal blocks, GST18 power cord, cable reel etc. Our products have been certified by TUV, CE, VDE, SGS, COC, ROHS etc.","Founded in 1999, Ningbo Yinzhou Jinwei Lighting Co., Ltd. changed its name to Ningbo Jinwei Electrical Technology Co., Ltd. in 2014. Now our company is being acknowledged as one of the most respected nationwide manufacturers and exporters of light fitting factories in China. The company has a large amount of production experience and the advanced production equipment. We specializes in the production of street light disconnector, (UK) pluggable connector, waterproof connector, waterproof junction box, waterproof socket, quick terminal blocks, GST18 power cord, cable reel etc. Our products have been certified by TUV, CE, VDE, SGS, COC, ROHS etc.",,Exhibitor,Smart Lighting Expo 2026,1B-A17,Smart Lighting Products & Solutions,,1,,,"Lighting Accessories & Lamp Parts; street light disconnector, (UK) pluggable connector, waterproof connector, waterproof junction box, waterproof socket, quick terminal blocks, GST18 power cord, cable reel etc; OBM, ODM, OEM","Lighting Accessories & Lamp Parts; street light disconnector, (UK) pluggable connector, waterproof connector, waterproof junction box, waterproof socket, quick terminal blocks, GST18 power cord, cable reel etc; OBM, ODM, OEM",https://www.hktdc.com/event/smartlightingexpo/en/exhibitor/1S005JYSQ,0,
Qingdao Xuxing International Trade Co.Ltd,Qingdao Xuxing International Trade Co.Ltd,Chinese Mainland,"Flood lights,Street lights,Highbay Lights,Linear Lights,Batten lights, Down lights professional led outdoor manufacturer","Flood lights,Street lights,Highbay Lights,Linear Lights,Batten lights, Down lights professional led outdoor manufacturer",,Exhibitor,Smart Lighting Expo 2026,1B-E36,Smart Lighting Products & Solutions,,1,,,"Flood lights,Street lights,Highbay Lights,Linear Lights,Batten lights, Down lights professional led outdoor manufacturer; OBM, ODM, OEM","Flood lights,Street lights,Highbay Lights,Linear Lights,Batten lights, Down lights professional led outdoor manufacturer; OBM, ODM, OEM",https://www.hktdc.com/event/smartlightingexpo/en/exhibitor/1S005KUSU,0,
"Shanghai Menorca Import Export Co., Ltd.","Shanghai Menorca Import Export Co., Ltd.",Chinese Mainland,,,,Exhibitor,Smart Lighting Expo 2026,1B-D40,Smart Lighting Products & Solutions,,1,,,,,https://www.hktdc.com/event/smartlightingexpo/en/exhibitor/1S005K3L6,0,
"Shaoxing Novo Bright Intelligent Electric Appliance Co.,Ltd.","Shaoxing Novo Bright Intelligent Electric Appliance Co.,Ltd.",Chinese Mainland,LED Bulb,LED Bulb,,Exhibitor,Smart Lighting Expo 2026,1B-F08,Smart Lighting Products & Solutions,,1,,,"LED Bulb; LED Light; OEM, ODM","LED Bulb; LED Light; OEM, ODM",https://www.hktdc.com/event/smartlightingexpo/en/exhibitor/1S005JYVH,0,
"Shaoxing Shangyu Huateng Electrical Co.,Ltd.","Shaoxing Shangyu Huateng Electrical Co.,Ltd.",Chinese Mainland,LED Bulb,LED Bulb,,Exhibitor,Smart Lighting Expo 2026,1B-F28,Smart Lighting Products & Solutions,,1,,,"LED Bulb; Led Lamp Socket; ODM, OEM","LED Bulb; Led Lamp Socket; ODM, OEM",https://www.hktdc.com/event/smartlightingexpo/en/exhibitor/1S005KAZT,24,https://www.hktdc.com/event/smartlightingexpo/en/product/1Z03IVDPK; https://www.hktdc.com/event/smartlightingexpo/en/product/1Z03IVDPK; https://www.hktdc.com/event/smartlightingexpo/en/product/1X1RHOT7; https://www.hktdc.com/event/smartlightingexpo/en/product/1X1RHOT7; https://www.hktdc.com/event/smartlightingexpo/en/product/1X1FTF8J; https://www.hktdc.com/event/smartlightingexpo/en/product/1X1FTF8J; https://www.hktdc.com/event/smartlightingexpo/en/product/1X1FTEO6; https://www.hktdc.com/event/smartlightingexpo/en/product/1X1FTEO6; https://www.hktdc.com/event/smartlightingexpo/en/product/1X1FTEBJ; https://www.hktdc.com/event/smartlightingexpo/en/product/1X1FTEBJ; https://www.hktdc.com/event/smartlightingexpo/en/product/1X1FSK2A; https://www.hktdc.com/event/smartlightingexpo/en/product/1X1FSK2A; https://www.hktdc.com/event/smartlightingexpo/en/product/1X1FR4H7; https://www.hktdc.com/event/smartlightingexpo/en/product/1X1FR4H7; https://www.hktdc.com/event/smartlightingexpo/en/product/1X1FR3N4; https://www.hktdc.com/event/smartlightingexpo/en/product/1X1FR3N4; https://www.hktdc.com/event/smartlightingexpo/en/product/1X1F7N7W; https://www.hktdc.com/event/smartlightingexpo/en/product/1X1F7N7W; https://www.hktdc.com/event/smartlightingexpo/en/product/1X1F7N4Z; https://www.hktdc.com/event/smartlightingexpo/en/product/1X1F7N4Z; https://www.hktdc.com/event/smartlightingexpo/en/product/1Z03HBII0; https://www.hktdc.com/event/smartlightingexpo/en/product/1Z03HBII0; https://www.hktdc.com/event/smartlightingexpo/en/product/1Z03IVE1J; https://www.hktdc.com/event/smartlightingexpo/en/product/1Z03IVE1J
"ShenZhen Greenway Electronic Co., Ltd.","ShenZhen Greenway Electronic Co., Ltd.",Chinese Mainland,"Lighting Accessories & Lamp Parts,Building Exterior Lighting System","Lighting Accessories & Lamp Parts,Building Exterior Lighting System",,Exhibitor,Smart Lighting Expo 2026,1B-C07,Smart Lighting Products & Solutions,Shenzhen-SZSA Smart Lighting Pavilion,1,,,"Lighting Accessories & Lamp Parts,Building Exterior Lighting System; Our products mainly includes appliances and cord line switch, terminal block, wir connector, indoo
lamp terminal box, distribution box, surg protective devices, waterproo connector and waterproof
junction box. Greenway is self brand, elf certificated; OEM, Others, ODM","Lighting Accessories & Lamp Parts,Building Exterior Lighting System; Our products mainly includes appliances and cord line switch, terminal block, wir connector, indoo
lamp terminal box, distribution box, surg protective devices, waterproo connector and waterproof
junction box. Greenway is self brand, elf certificated; OEM, Others, ODM",https://www.hktdc.com/event/smartlightingexpo/en/exhibitor/1S005J8QM,0,
"Shenzhen Blue Technology Co., Ltd","Shenzhen Blue Technology Co., Ltd",Chinese Mainland,"Decorative Lamp,LED Bulb,Indoor Lighting,Entertainment Lighting,Retail Lighting,Home Automation System,Lighting Design & Engineering,Lighting Design Software","Decorative Lamp,LED Bulb,Indoor Lighting,Entertainment Lighting,Retail Lighting,Home Automation System,Lighting Design & Engineering,Lighting Design Software",,Exhibitor,Smart Lighting Expo 2026,1B-G39,Smart Lighting Products & Solutions,,1,,,"Decorative Lamp,LED Bulb,Indoor Lighting,Entertainment Lighting,Retail Lighting,Home Automation System,Lighting Design & Engineering,Lighting Design Software; LED Lighting; OEM, ODM, OBM, Others","Decorative Lamp,LED Bulb,Indoor Lighting,Entertainment Lighting,Retail Lighting,Home Automation System,Lighting Design & Engineering,Lighting Design Software; LED Lighting; OEM, ODM, OBM, Others",https://www.hktdc.com/event/smartlightingexpo/en/exhibitor/1S005K3RO,0,
"Shenzhen Everdrive Technology Co.,Ltd","Shenzhen Everdrive Technology Co.,Ltd",Chinese Mainland,"Home Automation System,Lighting Design & Engineering","Home Automation System,Lighting Design & Engineering",,Exhibitor,Smart Lighting Expo 2026,1A-B05,Smart Lighting Products & Solutions,,1,,,"Home Automation System,Lighting Design & Engineering; led strip/led driver; OEM","Home Automation System,Lighting Design & Engineering; led strip/led driver; OEM",https://www.hktdc.com/event/smartlightingexpo/en/exhibitor/1S005LL29,0,
Shenzhen Feican Technology Co Ltd,Shenzhen Feican Technology Co Ltd,Chinese Mainland,"Decorative Lamp,Sensor Light,Lighting Accessories & Lamp Parts,Light Dimmer,Architectural Lighting,Indoor Lighting,Home Automation System","Decorative Lamp,Sensor Light,Lighting Accessories & Lamp Parts,Light Dimmer,Architectural Lighting,Indoor Lighting,Home Automation System",,Exhibitor,Smart Lighting Expo 2026,1A-D16,Connected Lighting Technologies,,1,,,"Decorative Lamp,Sensor Light,Lighting Accessories & Lamp Parts,Light Dimmer,Architectural Lighting,Indoor Lighting,Home Automation System; LED STRIP,LED SMART CONTROLLER, led indoor lighting; OEM, ODM","Decorative Lamp,Sensor Light,Lighting Accessories & Lamp Parts,Light Dimmer,Architectural Lighting,Indoor Lighting,Home Automation System; LED STRIP,LED SMART CONTROLLER, led indoor lighting; OEM, ODM",https://www.hktdc.com/event/smartlightingexpo/en/exhibitor/1S005KAU8,8,https://www.hktdc.com/event/smartlightingexpo/en/product/1X1U54G8; https://www.hktdc.com/event/smartlightingexpo/en/product/1X1U54G8; https://www.hktdc.com/event/smartlightingexpo/en/product/1X1SCPCL; https://www.hktdc.com/event/smartlightingexpo/en/product/1X1SCPCL; https://www.hktdc.com/event/smartlightingexpo/en/product/1X1RURO3; https://www.hktdc.com/event/smartlightingexpo/en/product/1X1RURO3; https://www.hktdc.com/event/smartlightingexpo/en/product/1X1PQ7RO; https://www.hktdc.com/event/smartlightingexpo/en/product/1X1PQ7RO
"Shenzhen Huahang Power Technology Co., LTD","Shenzhen Huahang Power Technology Co., LTD",Chinese Mainland,"Decorative Lamp,Lighting Accessories & Lamp Parts,Light Switch,Indoor Lighting,Home Automation System,Power Management System,Lighting Distribution System,Lighting Design Software,Building Exterior Lighting System","Decorative Lamp,Lighting Accessories & Lamp Parts,Light Switch,Indoor Lighting,Home Automation System,Power Management System,Lighting Distribution System,Lighting Design Software,Building Exterior Lighting System",,Exhibitor,Smart Lighting Expo 2026,1B-A16,Smart Lighting Products & Solutions,Shenzhen,1,,,"Decorative Lamp,Lighting Accessories & Lamp Parts,Light Switch,Indoor Lighting,Home Automation System,Power Management System,Lighting Distribution System,Lighting Design Software,Building Exterior Lighting System; Switching power supply, indoor intelligent lighting; Others","Decorative Lamp,Lighting Accessories & Lamp Parts,Light Switch,Indoor Lighting,Home Automation System,Power Management System,Lighting Distribution System,Lighting Design Software,Building Exterior Lighting System; Switching power supply, indoor intelligent lighting; Others",https://www.hktdc.com/event/smartlightingexpo/en/exhibitor/1S005JFYR,0,
"Shenzhen Vbrite Lighting Co., Ltd.","Shenzhen Vbrite Lighting Co., Ltd.",Chinese Mainland,"Lighting Accessories & Lamp Parts,Street Light,Industrial Lighting","Lighting Accessories & Lamp Parts,Street Light,Industrial Lighting",,Exhibitor,Smart Lighting Expo 2026,1B-C09,Smart Lighting Products & Solutions,Shenzhen-SZSA Smart Lighting Pavilion,1,,,"Lighting Accessories & Lamp Parts,Street Light,Industrial Lighting; LED Street Light, Flood Light, High Bay Light, Stadium Light Module; OEM, ODM","Lighting Accessories & Lamp Parts,Street Light,Industrial Lighting; LED Street Light, Flood Light, High Bay Light, Stadium Light Module; OEM, ODM",https://www.hktdc.com/event/smartlightingexpo/en/exhibitor/1S005IPBE,0,
"Shenzhen Xinshengyuan Optical-Electro Co., Ltd","Shenzhen Xinshengyuan Optical-Electro Co., Ltd",Chinese Mainland,"Decorative Lamp,Indoor Lighting,Building Exterior Lighting System","Decorative Lamp,Indoor Lighting,Building Exterior Lighting System",,Exhibitor,Smart Lighting Expo 2026,1B-C29,Smart Lighting Products & Solutions,,1,,,"Decorative Lamp,Indoor Lighting,Building Exterior Lighting System; Shenzhen Xinshengyuan Optoelectronics Co., LTD., founded in 2003,
is a comprehensive LED manufacturer committed to the research and
development of LED application products, process design and production process optimization.; ODM, OEM","Decorative Lamp,Indoor Lighting,Building Exterior Lighting System; Shenzhen Xinshengyuan Optoelectronics Co., LTD., founded in 2003,
is a comprehensive LED manufacturer committed to the research and
development of LED application products, process design and production process optimization.; ODM, OEM",https://www.hktdc.com/event/smartlightingexpo/en/exhibitor/1S005JNXM,0,
"Taizhou Minglang Lighting Co.,Ltd","Taizhou Minglang Lighting Co.,Ltd",Chinese Mainland,"Decorative Lamp,Indoor Lighting,Solar Lights","Decorative Lamp,Indoor Lighting,Solar Lights",,Exhibitor,Smart Lighting Expo 2026,1B-B22,Smart Lighting Products & Solutions,Shenzhen-SZSA Smart Lighting Pavilion,1,,,"Decorative Lamp,Indoor Lighting,Solar Lights; Lighting; OEM","Decorative Lamp,Indoor Lighting,Solar Lights; Lighting; OEM",https://www.hktdc.com/event/smartlightingexpo/en/exhibitor/1S005KUO6,0,
VISION FAN COMPANY LIMITED,VISION FAN COMPANY LIMITED,Chinese Mainland,"LED Bulb,Indoor Lighting,Home Automation System,Lighting Distribution System","LED Bulb,Indoor Lighting,Home Automation System,Lighting Distribution System",,Exhibitor,Smart Lighting Expo 2026,1B-D18,Smart Lighting Products & Solutions,Cantonese Business Go Global,1,,,"LED Bulb,Indoor Lighting,Home Automation System,Lighting Distribution System; LED; OEM, ODM","LED Bulb,Indoor Lighting,Home Automation System,Lighting Distribution System; LED; OEM, ODM",https://www.hktdc.com/event/smartlightingexpo/en/exhibitor/1S005JFT6,0,
Vogue Lighting,Vogue Lighting,Chinese Mainland,"LED Converter,LED Driver","LED Converter,LED Driver",,Exhibitor,Smart Lighting Expo 2026,1A-F11,Connected Lighting Technologies,Cantonese Business Go Global,1,,,"LED Converter,LED Driver; led; ODM, OEM, OBM","LED Converter,LED Driver; led; ODM, OEM, OBM",https://www.hktdc.com/event/smartlightingexpo/en/exhibitor/1S005K32R,16,https://www.hktdc.com/event/smartlightingexpo/en/product/1X21F2CI; https://www.hktdc.com/event/smartlightingexpo/en/product/1X21F2CI; https://www.hktdc.com/event/smartlightingexpo/en/product/1X21F2BJ; https://www.hktdc.com/event/smartlightingexpo/en/product/1X21F2BJ; https://www.hktdc.com/event/smartlightingexpo/en/product/1X1ZPFXU; https://www.hktdc.com/event/smartlightingexpo/en/product/1X1ZPFXU; https://www.hktdc.com/event/smartlightingexpo/en/product/1X1ZPFWV; https://www.hktdc.com/event/smartlightingexpo/en/product/1X1ZPFWV; https://www.hktdc.com/event/smartlightingexpo/en/product/1X1ZPFVW; https://www.hktdc.com/event/smartlightingexpo/en/product/1X1ZPFVW; https://www.hktdc.com/event/smartlightingexpo/en/product/1X1WK5YN; https://www.hktdc.com/event/smartlightingexpo/en/product/1X1WK5YN; https://www.hktdc.com/event/smartlightingexpo/en/product/1X1WK5XO; https://www.hktdc.com/event/smartlightingexpo/en/product/1X1WK5XO; https://www.hktdc.com/event/smartlightingexpo/en/product/1X1WK5VQ; https://www.hktdc.com/event/smartlightingexpo/en/product/1X1WK5VQ
"Wangs Lighting Electronic Technology Co., Ltd.","Wangs Lighting Electronic Technology Co., Ltd.",Chinese Mainland,"Wangs Lighting Electronic Technology Co.,Ltd is established in 2010,which is professional for LED indoor lighting. We focus on LED Panel light, LED Tubes for more than 12 years experience. Our Headquareter is in Hefei City, with branches in Shanghai. Our factory is in jiaxing city, with more than 15,000 square meters and 200 workers. Monthly production for 200,000PCS panels and 500,000pcs tubes. Wangs Lighting have all kinds of testing equipment, with automatic aging testing lines, integrated testing sphere, IES distribution photometric testing room. We have our own diffuser cutting machines, aluminium frame processing production, and high speed chips shooting machines. Wangs Lighting is professional for OEM and ODM under our strict ISO9001:14001 management system. Hoping your cooperation","Wangs Lighting Electronic Technology Co.,Ltd is established in 2010,which is professional for LED indoor lighting. We focus on LED Panel light, LED Tubes for more than 12 years experience. Our Headquareter is in Hefei City, with branches in Shanghai. Our factory is in jiaxing city, with more than 15,000 square meters and 200 workers. Monthly production for 200,000PCS panels and 500,000pcs tubes. Wangs Lighting have all kinds of testing equipment, with automatic aging testing lines, integrated testing sphere, IES distribution photometric testing room. We have our own diffuser cutting machines, aluminium frame processing production, and high speed chips shooting machines. Wangs Lighting is professional for OEM and ODM under our strict ISO9001:14001 management system. Hoping your cooperation",,Exhibitor,Smart Lighting Expo 2026,1B-F37,Smart Lighting Products & Solutions,,1,,,"Sensor Light,Architectural Lighting,Indoor Lighting,Home Automation System; WANGSLED offers indoor and outer door lighting fixture.LED Panel light, LED tube, LED down light, LED bulb, LED high bay light, LED flood light, LED track light,LED ceiling light...ETC. We believe that Our cooperation ship will be happened in the fut; OEM, ODM","Sensor Light,Architectural Lighting,Indoor Lighting,Home Automation System; WANGSLED offers indoor and outer door lighting fixture.LED Panel light, LED tube, LED down light, LED bulb, LED high bay light, LED flood light, LED track light,LED ceiling light...ETC. We believe that Our cooperation ship will be happened in the fut; OEM, ODM",https://www.hktdc.com/event/smartlightingexpo/en/exhibitor/1S005J94F,0,
"XIAMEN JANFEE IMP. & EXP. CO., LTD.","XIAMEN JANFEE IMP. & EXP. CO., LTD.",Chinese Mainland,"Decorative Lamp,Indoor Lighting,Lighting Design & Engineering","Decorative Lamp,Indoor Lighting,Lighting Design & Engineering",,Exhibitor,Smart Lighting Expo 2026,1B-C13,Smart Lighting Products & Solutions,Shenzhen-SZSA Smart Lighting Pavilion,1,,,"Decorative Lamp,Indoor Lighting,Lighting Design & Engineering; Ceramic lightings; OBM, ODM, OEM","Decorative Lamp,Indoor Lighting,Lighting Design & Engineering; Ceramic lightings; OBM, ODM, OEM",https://www.hktdc.com/event/smartlightingexpo/en/exhibitor/1S005KB1M,8,https://www.hktdc.com/event/smartlightingexpo/en/product/1Z03NRL8R; https://www.hktdc.com/event/smartlightingexpo/en/product/1Z03NRL8R; https://www.hktdc.com/event/smartlightingexpo/en/product/1Z03NRL9O; https://www.hktdc.com/event/smartlightingexpo/en/product/1Z03NRL9O; https://www.hktdc.com/event/smartlightingexpo/en/product/1Z03NRL7U; https://www.hktdc.com/event/smartlightingexpo/en/product/1Z03NRL7U; https://www.hktdc.com/event/smartlightingexpo/en/product/1Z03NQWVJ; https://www.hktdc.com/event/smartlightingexpo/en/product/1Z03NQWVJ
"Xiamen Leyi Innovative Technology Co.,Ltd","Xiamen Leyi Innovative Technology Co.,Ltd",Chinese Mainland,"The main sales of night lights, hand warmers, alarm clocks, water thermometer and other creative small appliances.","The main sales of night lights, hand warmers, alarm clocks, water thermometer and other creative small appliances.",,Exhibitor,Smart Lighting Expo 2026,1A-D18,Connected Lighting Technologies,,1,,,"Sensor Light,Indoor Lighting,Home Automation System; The main sales of night lights, hand warmers, alarm clocks, water thermometer and other creative small appliances.; ODM","Sensor Light,Indoor Lighting,Home Automation System; The main sales of night lights, hand warmers, alarm clocks, water thermometer and other creative small appliances.; ODM",https://www.hktdc.com/event/smartlightingexpo/en/exhibitor/1S005L4DT,0,
Xiamen Lovan-U Technology Co Ltd,Xiamen Lovan-U Technology Co Ltd,Chinese Mainland,"We are specialize in all kinds of night light & projection light and other creative home fashion& gift appliance products with CE , ROSH, FCC certificates.","We are specialize in all kinds of night light & projection light and other creative home fashion& gift appliance products with CE , ROSH, FCC certificates.",,Exhibitor,Smart Lighting Expo 2026,1A-F09,Connected Lighting Technologies,,1,,,"Decorative Lamp,Indoor Lighting,Entertainment Lighting,Home Automation System; 拍拍灯; ODM, OEM","Decorative Lamp,Indoor Lighting,Entertainment Lighting,Home Automation System; 拍拍灯; ODM, OEM",https://www.hktdc.com/event/smartlightingexpo/en/exhibitor/1S005LGLT,2,https://www.hktdc.com/event/smartlightingexpo/en/product/1Z03N5O8O; https://www.hktdc.com/event/smartlightingexpo/en/product/1Z03N5O8O
"Xiamen Neex Optical Electronic Technology Co., Ltd.","Xiamen Neex Optical Electronic Technology Co., Ltd.",Chinese Mainland,"Architectural Lighting,LED Bulb","Architectural Lighting,LED Bulb",,Exhibitor,Smart Lighting Expo 2026,1B-G06,Smart Lighting Products & Solutions,,1,,,"Architectural Lighting,LED Bulb; LED; OEM, ODM, Others","Architectural Lighting,LED Bulb; LED; OEM, ODM, Others",https://www.hktdc.com/event/smartlightingexpo/en/exhibitor/1S005J8V7,40,https://www.hktdc.com/event/smartlightingexpo/en/product/1Z03OG9FI; https://www.hktdc.com/event/smartlightingexpo/en/product/1Z03OG9FI; https://www.hktdc.com/event/smartlightingexpo/en/product/1Z03OGA0Q; https://www.hktdc.com/event/smartlightingexpo/en/product/1Z03OGA0Q; https://www.hktdc.com/event/smartlightingexpo/en/product/1Z03OGAQK; https://www.hktdc.com/event/smartlightingexpo/en/product/1Z03OGAQK; https://www.hktdc.com/event/smartlightingexpo/en/product/1Z03OGABT; https://www.hktdc.com/event/smartlightingexpo/en/product/1Z03OGABT; https://www.hktdc.com/event/smartlightingexpo/en/product/1Z03OGANT; https://www.hktdc.com/event/smartlightingexpo/en/product/1Z03OGANT; https://www.hktdc.com/event/smartlightingexpo/en/product/1Z03OGAU8; https://www.hktdc.com/event/smartlightingexpo/en/product/1Z03OGAU8; https://www.hktdc.com/event/smartlightingexpo/en/product/1Z03OGAK2; https://www.hktdc.com/event/smartlightingexpo/en/product/1Z03OGAK2; https://www.hktdc.com/event/smartlightingexpo/en/product/1Z03OGAPN; https://www.hktdc.com/event/smartlightingexpo/en/product/1Z03OGAPN; https://www.hktdc.com/event/smartlightingexpo/en/product/1Z03OGA1N; https://www.hktdc.com/event/smartlightingexpo/en/product/1Z03OGA1N; https://www.hktdc.com/event/smartlightingexpo/en/product/1Z03OGA3H; https://www.hktdc.com/event/smartlightingexpo/en/product/1Z03OGA3H; https://www.hktdc.com/event/smartlightingexpo/en/product/1Z03OGACQ; https://www.hktdc.com/event/smartlightingexpo/en/product/1Z03OGACQ; https://www.hktdc.com/event/smartlightingexpo/en/product/1Z03OGBBS; https://www.hktdc.com/event/smartlightingexpo/en/product/1Z03OGBBS; https://www.hktdc.com/event/smartlightingexpo/en/product/1Z03OGAFH; https://www.hktdc.com/event/smartlightingexpo/en/product/1Z03OGAFH; https://www.hktdc.com/event/smartlightingexpo/en/product/1Z03OGB9Y; https://www.hktdc.com/event/smartlightingexpo/en/product/1Z03OGB9Y; https://www.hktdc.com/event/smartlightingexpo/en/product/1Z03OGA2K; https://www.hktdc.com/event/smartlightingexpo/en/product/1Z03OGA2K; https://www.hktdc.com/event/smartlightingexpo/en/product/1Z03OGB4D; https://www.hktdc.com/event/smartlightingexpo/en/product/1Z03OGB4D; https://www.hktdc.com/event/smartlightingexpo/en/product/1Z03OGB1M; https://www.hktdc.com/event/smartlightingexpo/en/product/1Z03OGB1M; https://www.hktdc.com/event/smartlightingexpo/en/product/1Z03OGB67; https://www.hktdc.com/event/smartlightingexpo/en/product/1Z03OGB67; https://www.hktdc.com/event/smartlightingexpo/en/product/1Z03OGASE; https://www.hktdc.com/event/smartlightingexpo/en/product/1Z03OGASE; https://www.hktdc.com/event/smartlightingexpo/en/product/1Z03OGAHB; https://www.hktdc.com/event/smartlightingexpo/en/product/1Z03OGAHB
"Xiamen Xinhaoxiang Technology Co., Ltd.","Xiamen Xinhaoxiang Technology Co., Ltd.",Chinese Mainland,LED Bulb,LED Bulb,,Exhibitor,Smart Lighting Expo 2026,1A-C18,Smart Lighting Products & Solutions,,1,,,LED Bulb; lighting; OEM,LED Bulb; lighting; OEM,https://www.hktdc.com/event/smartlightingexpo/en/exhibitor/1S005LGKW,0,
"Yuyao Jiahui Lighting Co.,Ltd.","Yuyao Jiahui Lighting Co.,Ltd.",Chinese Mainland,led lighting,led lighting,,Exhibitor,Smart Lighting Expo 2026,1B-B36,Smart Lighting Products & Solutions,,1,,,"Decorative Lamp,Sensor Light,LED Bulb; led lighting; ODM, OBM, Others, OEM","Decorative Lamp,Sensor Light,LED Bulb; led lighting; ODM, OBM, Others, OEM",https://www.hktdc.com/event/smartlightingexpo/en/exhibitor/1S005K3CX,2,https://www.hktdc.com/event/smartlightingexpo/en/product/1X21CXEV; https://www.hktdc.com/event/smartlightingexpo/en/product/1X21CXEV
Yuyao Yunjin Electrical Appliance Co Ltd,Yuyao Yunjin Electrical Appliance Co Ltd,Chinese Mainland,Decorative Lamp,Decorative Lamp,,Exhibitor,Smart Lighting Expo 2026,1B-D36,Smart Lighting Products & Solutions,,1,,,Decorative Lamp; We have a full range collection of commercial string light、smart string light、solar string light、smart pathway light、smart spot light and smart wall light.; OEM,Decorative Lamp; We have a full range collection of commercial string light、smart string light、solar string light、smart pathway light、smart spot light and smart wall light.; OEM,https://www.hktdc.com/event/smartlightingexpo/en/exhibitor/1S005KUD3,6,https://www.hktdc.com/event/smartlightingexpo/en/product/1X235EZV; https://www.hktdc.com/event/smartlightingexpo/en/product/1X235EZV; https://www.hktdc.com/event/smartlightingexpo/en/product/1X22YY60; https://www.hktdc.com/event/smartlightingexpo/en/product/1X22YY60; https://www.hktdc.com/event/smartlightingexpo/en/product/1X22YY51; https://www.hktdc.com/event/smartlightingexpo/en/product/1X22YY51
"ZONKAS ELECTRONIC CO.,LTD.","ZONKAS ELECTRONIC CO.,LTD.",Chinese Mainland,"Songjia was founded in 1982 and mainly produces capacitors, inductors, and transformers. Its headquarters is located in Taiwan and has three production bases in Shenguo: Dongguan factory (Dongguan Songjia Electronics), Suzhou factory (Suzhou Songjia Electronics), and Jiangxi Shangyou factory. Our registered trademark is ZONKAS, and our main products include safety capacitors (Ya1, Ya2, XI, X2), ceramic capacitors, film capacitors, electrolytic capacitors, as well as various inductors and transformers. Our company's product quality is reliable and has obtained certifications from UL in the United States, CLJL in Canada, VDE in Germany, NEMKO in Norway, ENEC in the European Union, CQC in China, and EK in South Korea; And it has passed the S09001 and IS014001 system certifications; Fully implement green environmental protection and ensure that products comply with RoHS standards.","Songjia was founded in 1982 and mainly produces capacitors, inductors, and transformers. Its headquarters is located in Taiwan and has three production bases in Shenguo: Dongguan factory (Dongguan Songjia Electronics), Suzhou factory (Suzhou Songjia Electronics), and Jiangxi Shangyou factory. Our registered trademark is ZONKAS, and our main products include safety capacitors (Ya1, Ya2, XI, X2), ceramic capacitors, film capacitors, electrolytic capacitors, as well as various inductors and transformers. Our company's product quality is reliable and has obtained certifications from UL in the United States, CLJL in Canada, VDE in Germany, NEMKO in Norway, ENEC in the European Union, CQC in China, and EK in South Korea; And it has passed the S09001 and IS014001 system certifications; Fully implement green environmental protection and ensure that products comply with RoHS standards.",,Exhibitor,Smart Lighting Expo 2026,1B-A11,Connected Lighting Technologies,Cantonese Business Go Global,1,,,"Decorative Lamp,Light Dimmer,LED Bulb,Street Light,Indoor Lighting,Hospital Lighting,Industrial Lighting,Home Automation System,Lighting Design Software,Building Exterior Lighting System,Solutions for Senior and Disability; X2 capacitor Y1Y2 capacitor varistor thermistor; OBM","Decorative Lamp,Light Dimmer,LED Bulb,Street Light,Indoor Lighting,Hospital Lighting,Industrial Lighting,Home Automation System,Lighting Design Software,Building Exterior Lighting System,Solutions for Senior and Disability; X2 capacitor Y1Y2 capacitor varistor thermistor; OBM",https://www.hktdc.com/event/smartlightingexpo/en/exhibitor/1S005KB67,0,
"Zhejiang Geewee Lighting Technology Co., Ltd.","Zhejiang Geewee Lighting Technology Co., Ltd.",Chinese Mainland,"Indoor Lighting,Retail Lighting,Home Automation System","Indoor Lighting,Retail Lighting,Home Automation System",,Exhibitor,Smart Lighting Expo 2026,1B-B28,Smart Lighting Products & Solutions,,1,,,"Indoor Lighting,Retail Lighting,Home Automation System; cabinet light; OEM, ODM","Indoor Lighting,Retail Lighting,Home Automation System; cabinet light; OEM, ODM",https://www.hktdc.com/event/smartlightingexpo/en/exhibitor/1S005JNVS,0,
"Zhejiang Lead Top Electrical Co., Ltd","Zhejiang Lead Top Electrical Co., Ltd",Chinese Mainland,"Lead-Top Electrical, founded in 2016, is a professional ISO 9001 certificated manufacturer in PHOTOCONTROL market, takes pride in quality standards of outdoor lighting sensor product, that meet or exceed industry & international standards in all of their product lines with UL / CB/ CE/ ANSI / ZHAGA / REACH / ROHS Certification.","Lead-Top Electrical, founded in 2016, is a professional ISO 9001 certificated manufacturer in PHOTOCONTROL market, takes pride in quality standards of outdoor lighting sensor product, that meet or exceed industry & international standards in all of their product lines with UL / CB/ CE/ ANSI / ZHAGA / REACH / ROHS Certification.",,Exhibitor,Smart Lighting Expo 2026,1A-F22,Smart Lighting Products & Solutions,,1,,,"Light Switch,Street Light,Industrial Lighting,Power Management System,Lighting Distribution System,Lighting Measurement System,Building Exterior Lighting System; Lead-Top Electrical, a professional ISO 9001 certificated manufacturer in
photo control market,takes pride in quality standards that meet or exceed
industry standards in all of their product lineswith UL / CB / CE / ANSI /
REACH / ROHS certificate; OEM, OBM, ODM","Light Switch,Street Light,Industrial Lighting,Power Management System,Lighting Distribution System,Lighting Measurement System,Building Exterior Lighting System; Lead-Top Electrical, a professional ISO 9001 certificated manufacturer in
photo control market,takes pride in quality standards that meet or exceed
industry standards in all of their product lineswith UL / CB / CE / ANSI /
REACH / ROHS certificate; OEM, OBM, ODM",https://www.hktdc.com/event/smartlightingexpo/en/exhibitor/1S005JFS9,8,https://www.hktdc.com/event/smartlightingexpo/en/product/1Z03LXWYA; https://www.hktdc.com/event/smartlightingexpo/en/product/1Z03LXWYA; https://www.hktdc.com/event/smartlightingexpo/en/product/1Z03LXSHT; https://www.hktdc.com/event/smartlightingexpo/en/product/1Z03LXSHT; https://www.hktdc.com/event/smartlightingexpo/en/product/1Z03LXRR0; https://www.hktdc.com/event/smartlightingexpo/en/product/1Z03LXRR0; https://www.hktdc.com/event/smartlightingexpo/en/product/1Z03LYCNR; https://www.hktdc.com/event/smartlightingexpo/en/product/1Z03LYCNR
"Zhejiang Modeng Lighting Technology Co., Ltd.","Zhejiang Modeng Lighting Technology Co., Ltd.",Chinese Mainland,Electrical Equipment,Electrical Equipment,,Exhibitor,Smart Lighting Expo 2026,1A-F06,Connected Lighting Technologies,,1,,,"Electrical Equipment; LED office lighting, Suspended lamp, Ceiling lamp, Fool lamp, Recessed lamp, wall lamp,; OEM, OBM, ODM","Electrical Equipment; LED office lighting, Suspended lamp, Ceiling lamp, Fool lamp, Recessed lamp, wall lamp,; OEM, OBM, ODM",https://www.hktdc.com/event/smartlightingexpo/en/exhibitor/1S005JUIO,6,https://www.hktdc.com/event/smartlightingexpo/en/product/1Z03N0JKT; https://www.hktdc.com/event/smartlightingexpo/en/product/1Z03N0JKT; https://www.hktdc.com/event/smartlightingexpo/en/product/1Z03N0JPE; https://www.hktdc.com/event/smartlightingexpo/en/product/1Z03N0JPE; https://www.hktdc.com/event/smartlightingexpo/en/product/1Z03N0EEG; https://www.hktdc.com/event/smartlightingexpo/en/product/1Z03N0EEG
"ZhongShan FAKCE Lighting Electronic Co., Ltd","ZhongShan FAKCE Lighting Electronic Co., Ltd",Chinese Mainland,"Guangdong FAKCE Photoelectric technology Co.,Ltd. Was founded in 2008.Have 40 employees. Is Engaged in energy-saving green lighting enterprises, specializing in the production of commercial Led lighting.","Guangdong FAKCE Photoelectric technology Co.,Ltd. Was founded in 2008.Have 40 employees. Is Engaged in energy-saving green lighting enterprises, specializing in the production of commercial Led lighting.",,Exhibitor,Smart Lighting Expo 2026,1B-C11,Smart Lighting Products & Solutions,Shenzhen-SZSA Smart Lighting Pavilion,1,,,"Decorative Lamp,Sensor Light,Indoor Lighting,Industrial Lighting,Home Automation System; Main products: LED T5, T8 fluorescent tube, purification lamp, waterproof lamp. After years of development, it has become a large-scale, modern and professional commercial lighting enterprise.; ODM, OEM, OBM","Decorative Lamp,Sensor Light,Indoor Lighting,Industrial Lighting,Home Automation System; Main products: LED T5, T8 fluorescent tube, purification lamp, waterproof lamp. After years of development, it has become a large-scale, modern and professional commercial lighting enterprise.; ODM, OEM, OBM",https://www.hktdc.com/event/smartlightingexpo/en/exhibitor/1S005JG0K,12,https://www.hktdc.com/event/smartlightingexpo/en/product/1X22YD5S; https://www.hktdc.com/event/smartlightingexpo/en/product/1X22YD5S; https://www.hktdc.com/event/smartlightingexpo/en/product/1X22YD4T; https://www.hktdc.com/event/smartlightingexpo/en/product/1X22YD4T; https://www.hktdc.com/event/smartlightingexpo/en/product/1Z03JTI9R; https://www.hktdc.com/event/smartlightingexpo/en/product/1Z03JTI9R; https://www.hktdc.com/event/smartlightingexpo/en/product/1X230BGN; https://www.hktdc.com/event/smartlightingexpo/en/product/1X230BGN; https://www.hktdc.com/event/smartlightingexpo/en/product/1X22YD3U; https://www.hktdc.com/event/smartlightingexpo/en/product/1X22YD3U; https://www.hktdc.com/event/smartlightingexpo/en/product/1Z03JTH1G; https://www.hktdc.com/event/smartlightingexpo/en/product/1Z03JTH1G
"ZhongShan GuangJun Import & Export Co., Ltd.","ZhongShan GuangJun Import & Export Co., Ltd.",Chinese Mainland,,,,Exhibitor,Smart Lighting Expo 2026,1A-B23,Smart Lighting Products & Solutions,Cantonese Business Go Global,1,,,"We are company which is R&D, Producing and selling on LED lamps.","We are company which is R&D, Producing and selling on LED lamps.",https://www.hktdc.com/event/smartlightingexpo/en/exhibitor/1S005L05L,2,https://www.hktdc.com/event/smartlightingexpo/en/product/1Z03NS11W; https://www.hktdc.com/event/smartlightingexpo/en/product/1Z03NS11W
"Zhongshan AnYue Zhixin LightingCo., Ltd","Zhongshan AnYue Zhixin LightingCo., Ltd",Chinese Mainland,"Zhongyong Intelligent Lighting Co., Ltd. is a professional intelligent commercial home company that integrates research and development, production, sales, and service Lighting manufacturers. Our main products include whole house intelligent lighting without main lights and commercial home products (intelligent lighting, intelligent electrician, intelligent security, intelligent) Power supply, intelligent control) Company Brand Multi purpose Lighting Baijia Anyue Zhixin Lighting Our company vision is to unite as one and create with chips. Innovation leads development, and technological achievements reap rewards. Customer philosophy: Honesty, trustworthiness, profit sharing strategy, cooperation","Zhongyong Intelligent Lighting Co., Ltd. is a professional intelligent commercial home company that integrates research and development, production, sales, and service Lighting manufacturers. Our main products include whole house intelligent lighting without main lights and commercial home products (intelligent lighting, intelligent electrician, intelligent security, intelligent) Power supply, intelligent control) Company Brand Multi purpose Lighting Baijia Anyue Zhixin Lighting Our company vision is to unite as one and create with chips. Innovation leads development, and technological achievements reap rewards. Customer philosophy: Honesty, trustworthiness, profit sharing strategy, cooperation",,Exhibitor,Smart Lighting Expo 2026,1B-C28,Smart Lighting Products & Solutions,Cantonese Business Go Global,1,,,"Light Dimmer,Architectural Lighting,Indoor Lighting,Solar Lights,Home Automation System; 智能筒灯  智能射灯   轨道灯  磁吸灯; ODM, OEM, OBM","Light Dimmer,Architectural Lighting,Indoor Lighting,Solar Lights,Home Automation System; 智能筒灯  智能射灯   轨道灯  磁吸灯; ODM, OEM, OBM",https://www.hktdc.com/event/smartlightingexpo/en/exhibitor/1S005JS15,0,
"Zhongshan BUYIT Aluminum Co., LTD","Zhongshan BUYIT Aluminum Co., LTD",Chinese Mainland,"Architectural Lighting,LED Bulb,Lighting Measurement System","Architectural Lighting,LED Bulb,Lighting Measurement System",,Exhibitor,Smart Lighting Expo 2026,1B-G22,Connected Lighting Technologies,Cantonese Business Go Global,1,,,"Architectural Lighting,LED Bulb,Lighting Measurement System; LED; OEM, ODM","Architectural Lighting,LED Bulb,Lighting Measurement System; LED; OEM, ODM",https://www.hktdc.com/event/smartlightingexpo/en/exhibitor/1S005JKF7,0,
"Zhongshan Bailiwei Lighting Co., Ltd.","Zhongshan Bailiwei Lighting Co., Ltd.",Chinese Mainland,Indoor Lighting,Indoor Lighting,,Exhibitor,Smart Lighting Expo 2026,1B-D21,Smart Lighting Products & Solutions,Cantonese Business Go Global,1,,,"Indoor Lighting; LED desk lamp/LED floor lamp; OEM, ODM","Indoor Lighting; LED desk lamp/LED floor lamp; OEM, ODM",https://www.hktdc.com/event/smartlightingexpo/en/exhibitor/1S005KUC6,20,https://www.hktdc.com/event/smartlightingexpo/en/product/1X2447SN; https://www.hktdc.com/event/smartlightingexpo/en/product/1X2447SN; https://www.hktdc.com/event/smartlightingexpo/en/product/1X2447RO; https://www.hktdc.com/event/smartlightingexpo/en/product/1X2447RO; https://www.hktdc.com/event/smartlightingexpo/en/product/1X2447QP; https://www.hktdc.com/event/smartlightingexpo/en/product/1X2447QP; https://www.hktdc.com/event/smartlightingexpo/en/product/1X22WY9X; https://www.hktdc.com/event/smartlightingexpo/en/product/1X22WY9X; https://www.hktdc.com/event/smartlightingexpo/en/product/1X1Y3KTJ; https://www.hktdc.com/event/smartlightingexpo/en/product/1X1Y3KTJ; https://www.hktdc.com/event/smartlightingexpo/en/product/1X1Y3KSK; https://www.hktdc.com/event/smartlightingexpo/en/product/1X1Y3KSK; https://www.hktdc.com/event/smartlightingexpo/en/product/1X1W4SRX; https://www.hktdc.com/event/smartlightingexpo/en/product/1X1W4SRX; https://www.hktdc.com/event/smartlightingexpo/en/product/1X1S0B8V; https://www.hktdc.com/event/smartlightingexpo/en/product/1X1S0B8V; https://www.hktdc.com/event/smartlightingexpo/en/product/1X1S0B7W; https://www.hktdc.com/event/smartlightingexpo/en/product/1X1S0B7W; https://www.hktdc.com/event/smartlightingexpo/en/product/1X1S0B6X; https://www.hktdc.com/event/smartlightingexpo/en/product/1X1S0B6X
"Zhongshan Baina Electronic Technology Co., Ltd.","Zhongshan Baina Electronic Technology Co., Ltd.",Chinese Mainland,"LED Driver,Electrical Equipment","LED Driver,Electrical Equipment",,Exhibitor,Smart Lighting Expo 2026,1B-C36,Smart Lighting Products & Solutions,Cantonese Business Go Global,1,,,"LED Driver,Electrical Equipment; transformers, inductors, hollow coil, SMD inductors, Chip inductors, charger, adapter, LED driver, PCB mode; OEM, ODM","LED Driver,Electrical Equipment; transformers, inductors, hollow coil, SMD inductors, Chip inductors, charger, adapter, LED driver, PCB mode; OEM, ODM",https://www.hktdc.com/event/smartlightingexpo/en/exhibitor/1S005KAW2,0,
"Zhongshan CJ Lighting Co., Ltd.","Zhongshan CJ Lighting Co., Ltd.",Chinese Mainland,LED Bulb,LED Bulb,,Exhibitor,Smart Lighting Expo 2026,1A-E12,Smart Lighting Products & Solutions,Cantonese Business Go Global,1,,,LED Bulb; bulkhead; OEM,LED Bulb; bulkhead; OEM,https://www.hktdc.com/event/smartlightingexpo/en/exhibitor/1S005L000,0,
"Zhongshan Ciheng Technology Co., Ltd.","Zhongshan Ciheng Technology Co., Ltd.",Chinese Mainland,Lighting Accessories & Lamp Parts,Lighting Accessories & Lamp Parts,,Exhibitor,Smart Lighting Expo 2026,1B-B20,Smart Lighting Products & Solutions,Shenzhen-SZSA Smart Lighting Pavilion,1,,,"Lighting Accessories & Lamp Parts; Zhongshan Magneheng Technology Co., LTD., as a professional LED switching power supply manufacturer, mainly R & D, production and sales of constant voltage switching power supply main categories: magnetic switching power supply, constant voltage lamp; Others","Lighting Accessories & Lamp Parts; Zhongshan Magneheng Technology Co., LTD., as a professional LED switching power supply manufacturer, mainly R & D, production and sales of constant voltage switching power supply main categories: magnetic switching power supply, constant voltage lamp; Others",https://www.hktdc.com/event/smartlightingexpo/en/exhibitor/1S005KB0P,2,https://www.hktdc.com/event/smartlightingexpo/en/product/1Z03NJKDD; https://www.hktdc.com/event/smartlightingexpo/en/product/1Z03NJKDD
"Zhongshan City Cixin Lamp Co., Ltd.","Zhongshan City Cixin Lamp Co., Ltd.",Chinese Mainland,"Decorative Lamp,LED Bulb,Indoor Lighting,Home Automation System,Lighting Design Software","Decorative Lamp,LED Bulb,Indoor Lighting,Home Automation System,Lighting Design Software",,Exhibitor,Smart Lighting Expo 2026,1B-B31,Smart Lighting Products & Solutions,Cantonese Business Go Global,1,,,"Decorative Lamp,LED Bulb,Indoor Lighting,Home Automation System,Lighting Design Software; Manufacturing of lighting fixtures, sales of lighting fixtures, manufacturing of semiconductor lighting devices; Sales of semiconductor lighting devices and manufacturing of hardware products; Retail of hardware products, sales of metal products, and; Others","Decorative Lamp,LED Bulb,Indoor Lighting,Home Automation System,Lighting Design Software; Manufacturing of lighting fixtures, sales of lighting fixtures, manufacturing of semiconductor lighting devices; Sales of semiconductor lighting devices and manufacturing of hardware products; Retail of hardware products, sales of metal products, and; Others",https://www.hktdc.com/event/smartlightingexpo/en/exhibitor/1S005K396,0,
"Zhongshan City Shengmei Aluminum Co., Ltd.","Zhongshan City Shengmei Aluminum Co., Ltd.",Chinese Mainland,,,,Exhibitor,Smart Lighting Expo 2026,1B-D05,Smart Lighting Products & Solutions,Cantonese Business Go Global,1,,,"Smart lighting; OBM, Others, ODM, OEM","Smart lighting; OBM, Others, ODM, OEM",https://www.hktdc.com/event/smartlightingexpo/en/exhibitor/1S005JYM8,0,
"Zhongshan Digad Lighting CO., Ltd","Zhongshan Digad Lighting CO., Ltd",Chinese Mainland,Indoor Lighting,Indoor Lighting,,Exhibitor,Smart Lighting Expo 2026,1B-G08,Smart Lighting Products & Solutions,Cantonese Business Go Global,1,,,"Indoor Lighting; Rechargable LED Desk Lamp; OBM, ODM, OEM","Indoor Lighting; Rechargable LED Desk Lamp; OBM, ODM, OEM",https://www.hktdc.com/event/smartlightingexpo/en/exhibitor/1S005JS5T,0,
"Zhongshan Huazhen Electric Appliance Co, LTD","Zhongshan Huazhen Electric Appliance Co, LTD",Chinese Mainland,"Decorative Lamp,Sensor Light,Edison Bulb,PAR Bulb,CFL Bulb,Lighting Accessories & Lamp Parts,Light Dimmer,Light Switch,Architectural Lighting,LED Bulb,Street Light,Indoor Lighting,Emergency & Professional Lighting,Entertainment Lighting,Hospital Lighting,Industrial Lighting,Retail Lighting,Solar Lights,Home Automation System,Power Management System,Electrical Wire & Cable,Business Management & Consultancy Services,Lighting Design & Engineering,Lighting Distribution System,Lighting Measurement System,Wireless Lighting Management System,Lighting Design Software,Building Exterior Lighting System,Solutions for Senior and Disability,Energy Efficiency Equipment, Product and Solution","Decorative Lamp,Sensor Light,Edison Bulb,PAR Bulb,CFL Bulb,Lighting Accessories & Lamp Parts,Light Dimmer,Light Switch,Architectural Lighting,LED Bulb,Street Light,Indoor Lighting,Emergency & Professional Lighting,Entertainment Lighting,Hospital Lighting,Industrial Lighting,Retail Lighting,Solar Lights,Home Automation System,Power Management System,Electrical Wire & Cable,Business Management & Consultancy Services,Lighting Design & Engineering,Lighting Distribution System,Lighting Measurement System,Wireless Lighting Management System,Lighting Design Software,Building Exterior Lighting System,Solutions for Senior and Disability,Energy Efficiency Equipment, Product and Solution",,Exhibitor,Smart Lighting Expo 2026,1A-C12,Smart Lighting Products & Solutions,Cantonese Business Go Global,1,,,"Decorative Lamp,Sensor Light,Edison Bulb,PAR Bulb,CFL Bulb,Lighting Accessories & Lamp Parts,Light Dimmer,Light Switch,Architectural Lighting,LED Bulb,Street Light,Indoor Lighting,Emergency & Professional Lighting,Entertainment Lighting,Hospital Lighting,Industrial Lighting,Retail Lighting,Solar Lights,Home Automation System,Power Management System,Electrical Wire & Cable,Business Management & Consultancy Services,Lighting Design & Engineering,Lighting Distribution System,Lighting Measurement System,Wireless Lighting Management System,Lighting Design Software,Building Exterior Lighting System,Solutions for Senior and Disability,Energy Efficiency Equipment, Product and Solution; Zhongshan Huazhen Electric Appliance Co., LTD, founded in 2020, is a fan lamp companionl eunanod poune aonnemerand nraonne medenney sloeon m zhgshd9nent Our exstaff, committed to rigorous quality inspection and thoughtful customer service, are always; OEM, OBM, ODM, Others","Decorative Lamp,Sensor Light,Edison Bulb,PAR Bulb,CFL Bulb,Lighting Accessories & Lamp Parts,Light Dimmer,Light Switch,Architectural Lighting,LED Bulb,Street Light,Indoor Lighting,Emergency & Professional Lighting,Entertainment Lighting,Hospital Lighting,Industrial Lighting,Retail Lighting,Solar Lights,Home Automation System,Power Management System,Electrical Wire & Cable,Business Management & Consultancy Services,Lighting Design & Engineering,Lighting Distribution System,Lighting Measurement System,Wireless Lighting Management System,Lighting Design Software,Building Exterior Lighting System,Solutions for Senior and Disability,Energy Efficiency Equipment, Product and Solution; Zhongshan Huazhen Electric Appliance Co., LTD, founded in 2020, is a fan lamp companionl eunanod poune aonnemerand nraonne medenney sloeon m zhgshd9nent Our exstaff, committed to rigorous quality inspection and thoughtful customer service, are always; OEM, OBM, ODM, Others",https://www.hktdc.com/event/smartlightingexpo/en/exhibitor/1S005K36F,0,
"Zhongshan JOKKLOKK Lighting Technology Co., Ltd.","Zhongshan JOKKLOKK Lighting Technology Co., Ltd.",Chinese Mainland,"Zhongshan JOKKLOKK Lighting Technology Co.,Ltd is a hi-tech enterprise which specializes in developing, manufacturing, marketing and serving of LED lighting products with mould design and die casting.","Zhongshan JOKKLOKK Lighting Technology Co.,Ltd is a hi-tech enterprise which specializes in developing, manufacturing, marketing and serving of LED lighting products with mould design and die casting.",,Exhibitor,Smart Lighting Expo 2026,1B-E38,Smart Lighting Products & Solutions,Cantonese Business Go Global,1,,,"Sensor Light,Lighting Accessories & Lamp Parts,Street Light,Emergency & Professional Lighting,Industrial Lighting,Solar Lights,Building Exterior Lighting System; JOKKLOKK products cover commercial lighting, landscape lighting, roadway lighting and solar lighting. Our mainly products are LED floodlight, LED high bay light, LED streetlight, solar lighting etc.; ODM, OEM, OBM","Sensor Light,Lighting Accessories & Lamp Parts,Street Light,Emergency & Professional Lighting,Industrial Lighting,Solar Lights,Building Exterior Lighting System; JOKKLOKK products cover commercial lighting, landscape lighting, roadway lighting and solar lighting. Our mainly products are LED floodlight, LED high bay light, LED streetlight, solar lighting etc.; ODM, OEM, OBM",https://www.hktdc.com/event/smartlightingexpo/en/exhibitor/1S005KUE0,0,
"Zhongshan Kangshide Lighting Co., Ltd","Zhongshan Kangshide Lighting Co., Ltd",Chinese Mainland,Indoor Lighting,Indoor Lighting,,Exhibitor,Smart Lighting Expo 2026,1A-D17,Smart Lighting Products & Solutions,Cantonese Business Go Global,1,,,"Indoor Lighting; LED panel light in different sizes with CCT selection , different series of LED linear light with linkable solution.; OEM","Indoor Lighting; LED panel light in different sizes with CCT selection , different series of LED linear light with linkable solution.; OEM",https://www.hktdc.com/event/smartlightingexpo/en/exhibitor/1S005JIJX,0,
"Zhongshan Longhuang lighting Co., LTD","Zhongshan Longhuang lighting Co., LTD",Chinese Mainland,"Decorative Lamp,Sensor Light,Lighting Accessories & Lamp Parts,LED Bulb,Indoor Lighting,Home Automation System","Decorative Lamp,Sensor Light,Lighting Accessories & Lamp Parts,LED Bulb,Indoor Lighting,Home Automation System",,Exhibitor,Smart Lighting Expo 2026,1B-B17,Connected Lighting Technologies,Cantonese Business Go Global,1,,,"Decorative Lamp,Sensor Light,Lighting Accessories & Lamp Parts,LED Bulb,Indoor Lighting,Home Automation System; LED induction lighting; Others","Decorative Lamp,Sensor Light,Lighting Accessories & Lamp Parts,LED Bulb,Indoor Lighting,Home Automation System; LED induction lighting; Others",https://www.hktdc.com/event/smartlightingexpo/en/exhibitor/1S005L6BX,0,
"Zhongshan Mode Lighting Co., Ltd.","Zhongshan Mode Lighting Co., Ltd.",Chinese Mainland,Industrial Lighting,Industrial Lighting,,Exhibitor,Smart Lighting Expo 2026,1A-E28,Smart Lighting Products & Solutions,Cantonese Business Go Global,1,,,"Industrial Lighting; Specializing in the production of LED floodlights, street lamps, high bay lights; OEM","Industrial Lighting; Specializing in the production of LED floodlights, street lamps, high bay lights; OEM",https://www.hktdc.com/event/smartlightingexpo/en/exhibitor/1S005LL36,2,https://www.hktdc.com/event/smartlightingexpo/en/product/1Z03NP4SK; https://www.hktdc.com/event/smartlightingexpo/en/product/1Z03NP4SK
"Zhongshan Oscare Lighting Appliance Co., Ltd.","Zhongshan Oscare Lighting Appliance Co., Ltd.",Chinese Mainland,"Decorative Lamp,Indoor Lighting","Decorative Lamp,Indoor Lighting",,Exhibitor,Smart Lighting Expo 2026,1B-F30,Smart Lighting Products & Solutions,Cantonese Business Go Global,1,,,"Decorative Lamp,Indoor Lighting; pendant lamps, chandeliers, ceiling lamps, wall lamps, floor lamps; ODM, OEM","Decorative Lamp,Indoor Lighting; pendant lamps, chandeliers, ceiling lamps, wall lamps, floor lamps; ODM, OEM",https://www.hktdc.com/event/smartlightingexpo/en/exhibitor/1S005KUAC,10,https://www.hktdc.com/event/smartlightingexpo/en/product/1Z03NOB9Y; https://www.hktdc.com/event/smartlightingexpo/en/product/1Z03NOB9Y; https://www.hktdc.com/event/smartlightingexpo/en/product/1Z03NOBBS; https://www.hktdc.com/event/smartlightingexpo/en/product/1Z03NOBBS; https://www.hktdc.com/event/smartlightingexpo/en/product/1Z03NOB81; https://www.hktdc.com/event/smartlightingexpo/en/product/1Z03NOB81; https://www.hktdc.com/event/smartlightingexpo/en/product/1Z03NOAZT; https://www.hktdc.com/event/smartlightingexpo/en/product/1Z03NOAZT; https://www.hktdc.com/event/smartlightingexpo/en/product/1Z03NOB74; https://www.hktdc.com/event/smartlightingexpo/en/product/1Z03NOB74
"Zhongshan Pincheng Optoelectronic Industrial Co., Ltd.","Zhongshan Pincheng Optoelectronic Industrial Co., Ltd.",Chinese Mainland,,,,Exhibitor,Smart Lighting Expo 2026,1B-B35,Smart Lighting Products & Solutions,Cantonese Business Go Global,1,,,"Zhongshan Pincheng Optoelectronic Industrial Co., Ltd.; Others, OBM, ODM, OEM","Zhongshan Pincheng Optoelectronic Industrial Co., Ltd.; Others, OBM, ODM, OEM",https://www.hktdc.com/event/smartlightingexpo/en/exhibitor/1S005K3SL,0,
"Zhongshan Shirui lighting electric appliance Co., LTD","Zhongshan Shirui lighting electric appliance Co., LTD",Chinese Mainland,"Decorative Lamp,Lighting Accessories & Lamp Parts,Architectural Lighting,Indoor Lighting,Home Automation System,Lighting Design & Engineering,Lighting Design Software,Energy Efficiency Equipment, Product and Solution","Decorative Lamp,Lighting Accessories & Lamp Parts,Architectural Lighting,Indoor Lighting,Home Automation System,Lighting Design & Engineering,Lighting Design Software,Energy Efficiency Equipment, Product and Solution",,Exhibitor,Smart Lighting Expo 2026,1A-B03,Smart Lighting Products & Solutions,Cantonese Business Go Global,1,,,"Decorative Lamp,Lighting Accessories & Lamp Parts,Architectural Lighting,Indoor Lighting,Home Automation System,Lighting Design & Engineering,Lighting Design Software,Energy Efficiency Equipment, Product and Solution; LED intelligent lighting; Others","Decorative Lamp,Lighting Accessories & Lamp Parts,Architectural Lighting,Indoor Lighting,Home Automation System,Lighting Design & Engineering,Lighting Design Software,Energy Efficiency Equipment, Product and Solution; LED intelligent lighting; Others",https://www.hktdc.com/event/smartlightingexpo/en/exhibitor/1S005KY3T,0,
Zhongshan Shishengyuan Lighting Co. Ltd,Zhongshan Shishengyuan Lighting Co. Ltd,Chinese Mainland,"Sensor Light,Indoor Lighting,Industrial Lighting","Sensor Light,Indoor Lighting,Industrial Lighting",,Exhibitor,Smart Lighting Expo 2026,1B-F18,Smart Lighting Products & Solutions,Zhongshan,1,,,"Sensor Light,Indoor Lighting,Industrial Lighting; Our company Professional toproducing LED tubes, T5, T6, T8, LED purification lights, LED moisture-proof wall lights, LED panel lights,LeD outdoor walllights and other commercial lighting products.; OEM, OBM","Sensor Light,Indoor Lighting,Industrial Lighting; Our company Professional toproducing LED tubes, T5, T6, T8, LED purification lights, LED moisture-proof wall lights, LED panel lights,LeD outdoor walllights and other commercial lighting products.; OEM, OBM",https://www.hktdc.com/event/smartlightingexpo/en/exhibitor/1S005JIU0,0,
"Zhongshan Spring Lighting Tech Co.,LTD","Zhongshan Spring Lighting Tech Co.,LTD",Chinese Mainland,Architectural Lighting,Architectural Lighting,,Exhibitor,Smart Lighting Expo 2026,1A-C10,Smart Lighting Products & Solutions,Cantonese Business Go Global,1,,,"Architectural Lighting; Established in 2019,Spring lighting is located in the guzhen town zhongshan city the capital of lighting in china .we mainly produce outdoor led lights such as led garden light ,led underground light, ledpoolight, led wall lamps, solargarden lamps.; ODM","Architectural Lighting; Established in 2019,Spring lighting is located in the guzhen town zhongshan city the capital of lighting in china .we mainly produce outdoor led lights such as led garden light ,led underground light, ledpoolight, led wall lamps, solargarden lamps.; ODM",https://www.hktdc.com/event/smartlightingexpo/en/exhibitor/1S005K35I,0,
"Zhongshan Suoai Lighting Technology Co., LTD","Zhongshan Suoai Lighting Technology Co., LTD",Chinese Mainland,"Decorative Lamp,Indoor Lighting","Decorative Lamp,Indoor Lighting",,Exhibitor,Smart Lighting Expo 2026,1B-F14,Smart Lighting Products & Solutions,Zhongshan,1,,,"Decorative Lamp,Indoor Lighting; 本公司专业生产LED产品，; OBM","Decorative Lamp,Indoor Lighting; 本公司专业生产LED产品，; OBM",https://www.hktdc.com/event/smartlightingexpo/en/exhibitor/1S005JRYF,0,
"Zhongshan V.TOP Lighting Co., Ltd.","Zhongshan V.TOP Lighting Co., Ltd.",Chinese Mainland,"led track light, led panel light, led linear chandelier, led downlight","led track light, led panel light, led linear chandelier, led downlight",,Exhibitor,Smart Lighting Expo 2026,1B-C34,Smart Lighting Products & Solutions,Cantonese Business Go Global,1,,,"Architectural Lighting,LED Bulb,Indoor Lighting; led track light, led panel light, led linear chandelier, led downlight; Others","Architectural Lighting,LED Bulb,Indoor Lighting; led track light, led panel light, led linear chandelier, led downlight; Others",https://www.hktdc.com/event/smartlightingexpo/en/exhibitor/1S005K3GL,0,
"Zhongshan Xiangyi Lighting Co., Ltd","Zhongshan Xiangyi Lighting Co., Ltd",Chinese Mainland,"TPC Zhongyong Intelligent Lighting Co., Ltd. is a professional intelligent commercial home company that integrates research and development, production, sales, and service Lighting manufacturers. Main products: Unmanned whole house intelligent lighting and commercial home products (intelligent lighting, intelligent electrician, intelligent security, intelligent) Power supply, intelligent control) Company brand: TPC Universal Lighting Baijia 100A Yuezhi Xin Lighting Company vision: Together, create with chips. Innovation leads development, and technological achievements reap rewards. Customer philosophy: Honesty, trustworthiness, profit sharing strategy, cooperationTPC Zhongyong Intelligent Lighting Co., Ltd. is a professional intelligent commercial home company that integrates research and development, production, sales, and service Lighting manufacturers. Main products: Unmanned whole house intelligent lighting and commercial home products (intelligent lighting, intelligent electrician, intelligent security, intelligent) Power supply, intelligent control) Company brand: TPC Universal Lighting Baijia 100A Yuezhi Xin Lighting Company vision: Together, create with chips. Innovation leads development, and technological achievements reap rewards. Customer philosophy: Honest","TPC Zhongyong Intelligent Lighting Co., Ltd. is a professional intelligent commercial home company that integrates research and development, production, sales, and service Lighting manufacturers. Main products: Unmanned whole house intelligent lighting and commercial home products (intelligent lighting, intelligent electrician, intelligent security, intelligent) Power supply, intelligent control) Company brand: TPC Universal Lighting Baijia 100A Yuezhi Xin Lighting Company vision: Together, create with chips. Innovation leads development, and technological achievements reap rewards. Customer philosophy: Honesty, trustworthiness, profit sharing strategy, cooperationTPC Zhongyong Intelligent Lighting Co., Ltd. is a professional intelligent commercial home company that integrates research and development, production, sales, and service Lighting manufacturers. Main products: Unmanned whole house intelligent lighting and commercial home products (intelligent lighting, intelligent electrician, intelligent security, intelligent) Power supply, intelligent control) Company brand: TPC Universal Lighting Baijia 100A Yuezhi Xin Lighting Company vision: Together, create with chips. Innovation leads development, and technological achievements reap rewards. Customer philosophy: Honest",,Exhibitor,Smart Lighting Expo 2026,1B-D19,Smart Lighting Products & Solutions,Cantonese Business Go Global,1,,,"Lighting Accessories & Lamp Parts,LED Bulb,Indoor Lighting,Lighting Measurement System; 湘怡照明有限公司是一家集研发，生产，销售，服务为一体的专业智能商业家居
照明制造商。
主要产品:无主灯全屋智能照明及商业家居产品(智能照明、智能电工、智能安防、智能
电源、智能控制)
公司品牌:众用照明安悦智芯照明
公司愿景:众志成城，用芯创造。创新引领发展，科技成就收获。客户理念:诚实守信利润共享策略合作; ODM, OBM, OEM","Lighting Accessories & Lamp Parts,LED Bulb,Indoor Lighting,Lighting Measurement System; 湘怡照明有限公司是一家集研发，生产，销售，服务为一体的专业智能商业家居
照明制造商。
主要产品:无主灯全屋智能照明及商业家居产品(智能照明、智能电工、智能安防、智能
电源、智能控制)
公司品牌:众用照明安悦智芯照明
公司愿景:众志成城，用芯创造。创新引领发展，科技成就收获。客户理念:诚实守信利润共享策略合作; ODM, OBM, OEM",https://www.hktdc.com/event/smartlightingexpo/en/exhibitor/1S005JS3Z,0,
"Zhongshan Yucheng Solar Technology Co., Ltd.","Zhongshan Yucheng Solar Technology Co., Ltd.",Chinese Mainland,"Zhongshan Yucheng Solar Technology Co, Ltd is a manufacturer specializing in the production of solar wall lights. Since the establishment of the factory, we have been committed to carefully designing and manufacturing high-quality products. Our products have CE, FCC, ROHS and PSE certifications. Export provides a strong guarantee. The products are sold to more than 10 countries including North America, South America, Europe, Australia, Brazil and so on. The products mainly include: solar sensor wall lamp, solar lawn lamp, solar blessing lamp, Solar flame lamp, solar animal repeller , solar wall washer light and DC 12V low voltage LED products and other series of outdoor lighting products. We are standardized factory , covering an area of 7000m , with experienced team of workers , Yucheng Solar has been committed to applying solar energy and lithium battery technology to the design , development and manufacturing of LED light products . We provide OEM / ODM innovative and high-quality products to customers all over the world . In the future , Yucheng Solar will continue to provide related solar light solutions to help customers expand their markets.","Zhongshan Yucheng Solar Technology Co, Ltd is a manufacturer specializing in the production of solar wall lights. Since the establishment of the factory, we have been committed to carefully designing and manufacturing high-quality products. Our products have CE, FCC, ROHS and PSE certifications. Export provides a strong guarantee. The products are sold to more than 10 countries including North America, South America, Europe, Australia, Brazil and so on. The products mainly include: solar sensor wall lamp, solar lawn lamp, solar blessing lamp, Solar flame lamp, solar animal repeller , solar wall washer light and DC 12V low voltage LED products and other series of outdoor lighting products. We are standardized factory , covering an area of 7000m , with experienced team of workers , Yucheng Solar has been committed to applying solar energy and lithium battery technology to the design , development and manufacturing of LED light products . We provide OEM / ODM innovative and high-quality products to customers all over the world . In the future , Yucheng Solar will continue to provide related solar light solutions to help customers expand their markets.",,Exhibitor,Smart Lighting Expo 2026,1B-F39,Smart Lighting Products & Solutions,Cantonese Business Go Global,1,,,"Sensor & Detector; solar sensor wall lamp, solar spot lamp, solar blessing lamp, Solar flame lamp, solar animal repeller , solar wall washer ligh, solar step light; OEM, ODM","Sensor & Detector; solar sensor wall lamp, solar spot lamp, solar blessing lamp, Solar flame lamp, solar animal repeller , solar wall washer ligh, solar step light; OEM, ODM",https://www.hktdc.com/event/smartlightingexpo/en/exhibitor/1S005J95C,0,
"zhongshancity shenheng lighting electric Co., Ltd.","zhongshancity shenheng lighting electric Co., Ltd.",Chinese Mainland,"Lighting Accessories & Lamp Parts,Indoor Lighting,Retail Lighting","Lighting Accessories & Lamp Parts,Indoor Lighting,Retail Lighting",,Exhibitor,Smart Lighting Expo 2026,1B-F13,Smart Lighting Products & Solutions,Zhongshan,1,,,"Lighting Accessories & Lamp Parts,Indoor Lighting,Retail Lighting; LED MR16 FRAMES COB SPOTLIGHT DOWNLIGHT HOUSING; ODM","Lighting Accessories & Lamp Parts,Indoor Lighting,Retail Lighting; LED MR16 FRAMES COB SPOTLIGHT DOWNLIGHT HOUSING; ODM",https://www.hktdc.com/event/smartlightingexpo/en/exhibitor/1S005JRVO,0,
EXHIBITION+,EXHIBITION+,Hong Kong,"The Hong Kong Trade Development Council (HKTDC) introduces ‘EXHIBITION+’, a brand-new exhibition model integrating online-and-offline trade show formats, extending face-to-face interactions from its world-class exhibitions in Hong Kong to an online smart business matching platform to help you connect business partners proactively.","The Hong Kong Trade Development Council (HKTDC) introduces ‘EXHIBITION+’, a brand-new exhibition model integrating online-and-offline trade show formats, extending face-to-face interactions from its world-class exhibitions in Hong Kong to an online smart business matching platform to help you connect business partners proactively.",,Exhibitor,Smart Lighting Expo 2026,,Trade Services & Publications,,1,,,,,https://www.hktdc.com/event/smartlightingexpo/en/exhibitor/1S005HBJ4,0,
"Shanghai UPIoT Technology Co., Ltd.","Shanghai UPIoT Technology Co., Ltd.",Chinese Mainland,"UPIoT, established in 2014, is a key partner for the Internet of Things (IoT) services of China's three major telecom operators: China Mobile, China Unicom, and China Telecom. Over the past 10 years of deep involvement in the IoT connectivity industry, UPIoT has provided professional IoT communication solutions to over 5,000 corporate clients, with the total number of connected devices exceeding 44 million. Guided by the mission 'Beyond Connection,' UPIoT is committed to making connections simpler and more secure, continuously empowering customers in their digital transformation.","UPIoT, established in 2014, is a key partner for the Internet of Things (IoT) services of China's three major telecom operators: China Mobile, China Unicom, and China Telecom. Over the past 10 years of deep involvement in the IoT connectivity industry, UPIoT has provided professional IoT communication solutions to over 5,000 corporate clients, with the total number of connected devices exceeding 44 million. Guided by the mission 'Beyond Connection,' UPIoT is committed to making connections simpler and more secure, continuously empowering customers in their digital transformation.",,Exhibitor,Smart Lighting Expo 2026,1A-B12,Connected Lighting Technologies,Smart Ecosystem and IoT Supply Chain Area,1,,,"Internet of Things; UPIoT offers secure, stable IoT connectivity solutions, including global IoT cards, multi-network products, and cloud platforms, empowering smart cities, agriculture, and manufacturing with simpler, smarter, and more reliable connectivity.; Others","Internet of Things; UPIoT offers secure, stable IoT connectivity solutions, including global IoT cards, multi-network products, and cloud platforms, empowering smart cities, agriculture, and manufacturing with simpler, smarter, and more reliable connectivity.; Others",https://www.hktdc.com/event/smartlightingexpo/en/exhibitor/1S005L02U,0,
"Shenzhen MoreSense Technology Co., Ltd.","Shenzhen MoreSense Technology Co., Ltd.",Chinese Mainland,"Shenzhen MoreSense Technology Co., Ltd., headquarter located in Shenzhen, R.P.China, is a company that integrates R&D, production and sales to provide customers with radar sensing module, IOT communication and it's total solutions. MoreSense has gathered many elite talents from higher electronic science and technology universities, with about 60 employees, and more than 60% of them are R&D personnel. MoreSense products cover 5.8GHz and 10GHz microwave radar sensor modules,24 GHz millimeter wave radar sensor module, WIFI/BLE and other wireless communication modules and supporting it's software solutions, human presence sensors, door locks peephole visual intercom and other system solutions. MoreSense has been deeply cultivating the lOT industry for many years, serving many industry leading customers in smart lighting, smart home appliances, smart security, smart home and other markets, with a shipment volume over 1.5 million pieces per month.","Shenzhen MoreSense Technology Co., Ltd., headquarter located in Shenzhen, R.P.China, is a company that integrates R&D, production and sales to provide customers with radar sensing module, IOT communication and it's total solutions. MoreSense has gathered many elite talents from higher electronic science and technology universities, with about 60 employees, and more than 60% of them are R&D personnel. MoreSense products cover 5.8GHz and 10GHz microwave radar sensor modules,24 GHz millimeter wave radar sensor module, WIFI/BLE and other wireless communication modules and supporting it's software solutions, human presence sensors, door locks peephole visual intercom and other system solutions. MoreSense has been deeply cultivating the lOT industry for many years, serving many industry leading customers in smart lighting, smart home appliances, smart security, smart home and other markets, with a shipment volume over 1.5 million pieces per month.",,Exhibitor,Smart Lighting Expo 2026,1A-C15,Connected Lighting Technologies,Smart Ecosystem and IoT Supply Chain Area,1,,,"Sensor & Detector,Electrical Equipment,Cloud Application Development,Internet of Things; 5.8GHZ Microwave Radar Module;10GHZ Microwave Radar Module;24GHZ mmWave Radar Module;60GHZ Radar Sensor Module; WIFI Module; BLE Module; Human Presence Sensor ,IOT Total Solutions.

Support hardware and software customization.; ODM, OEM","Sensor & Detector,Electrical Equipment,Cloud Application Development,Internet of Things; 5.8GHZ Microwave Radar Module;10GHZ Microwave Radar Module;24GHZ mmWave Radar Module;60GHZ Radar Sensor Module; WIFI Module; BLE Module; Human Presence Sensor ,IOT Total Solutions.

Support hardware and software customization.; ODM, OEM",https://www.hktdc.com/event/smartlightingexpo/en/exhibitor/1S005J990,0,
"Cixi Qiermei Electrical Appliances Co., Ltd.","Cixi Qiermei Electrical Appliances Co., Ltd.",Chinese Mainland,"Lighting Accessories & Lamp Parts,Light Switch","Lighting Accessories & Lamp Parts,Light Switch",,Exhibitor,Smart Lighting Expo 2026,1A-F17,Connected Lighting Technologies,,1,,,"Lighting Accessories & Lamp Parts,Light Switch; Lamp switch; ODM, OBM, OEM","Lighting Accessories & Lamp Parts,Light Switch; Lamp switch; ODM, OBM, OEM",https://www.hktdc.com/event/smartlightingexpo/en/exhibitor/1S005JNUV,0,
"Foshan Atron Technology Co., Ltd","Foshan Atron Technology Co., Ltd",Chinese Mainland,"Foshan Atron Technology Co.,Ltd is an innovative enterprise with great influence in the field of lighting. Since its establishment in 2009, it has always stood at the forefront of the industry and led the trend of technological development. The company has a modern production base of 15000 square meters, which brings together experienced R&D talents, providing strong technical support for the company's sustainable development. The company focused on the production and manufacturing of flexible linear LED strips, perfectly combining advanced technology with exquisite craftsmanship to create a series of high-quality and high-performance flexible linear LED strip products. These products stand out in the market with their unique design, stable performance and excellent lighting effects. At present, the company's products have been exported to all parts of the world, covering many countries and regions, and have established a good brand image in the international market. In the future, ATRON Technology will continue to increase investment in research and development, constantly innovate, and return the trust and support of global customers with better products and services.","Foshan Atron Technology Co.,Ltd is an innovative enterprise with great influence in the field of lighting. Since its establishment in 2009, it has always stood at the forefront of the industry and led the trend of technological development. The company has a modern production base of 15000 square meters, which brings together experienced R&D talents, providing strong technical support for the company's sustainable development. The company focused on the production and manufacturing of flexible linear LED strips, perfectly combining advanced technology with exquisite craftsmanship to create a series of high-quality and high-performance flexible linear LED strip products. These products stand out in the market with their unique design, stable performance and excellent lighting effects. At present, the company's products have been exported to all parts of the world, covering many countries and regions, and have established a good brand image in the international market. In the future, ATRON Technology will continue to increase investment in research and development, constantly innovate, and return the trust and support of global customers with better products and services.",,Exhibitor,Smart Lighting Expo 2026,1B-C17,Smart Lighting Products & Solutions,Shenzhen-SZSA Smart Lighting Pavilion,1,,,"Decorative Lamp,Lighting Accessories & Lamp Parts,Architectural Lighting,Indoor Lighting,Lighting Design & Engineering; LED NEON FLEX
Excellent flexibility and can adapt to various complex installation environments. Be manufactured in strict accordance with quality standards to ensure that every detail reaches the ultimate quality.; ODM, OBM","Decorative Lamp,Lighting Accessories & Lamp Parts,Architectural Lighting,Indoor Lighting,Lighting Design & Engineering; LED NEON FLEX
Excellent flexibility and can adapt to various complex installation environments. Be manufactured in strict accordance with quality standards to ensure that every detail reaches the ultimate quality.; ODM, OBM",https://www.hktdc.com/event/smartlightingexpo/en/exhibitor/1S005J8RJ,0,
"Guangdong Sineteng Technology Co.,Ltd","Guangdong Sineteng Technology Co.,Ltd",Chinese Mainland,"Decorative Lamp,Sensor Light,Lighting Accessories & Lamp Parts,Architectural Lighting,Street Light,Indoor Lighting,Emergency & Professional Lighting,Industrial Lighting,Retail Lighting,Solar Lights,Home Automation System,Lighting Design & Engineering","Decorative Lamp,Sensor Light,Lighting Accessories & Lamp Parts,Architectural Lighting,Street Light,Indoor Lighting,Emergency & Professional Lighting,Industrial Lighting,Retail Lighting,Solar Lights,Home Automation System,Lighting Design & Engineering",,Exhibitor,Smart Lighting Expo 2026,1A-B01,Smart Lighting Products & Solutions,Cantonese Business Go Global,1,,,"Decorative Lamp,Sensor Light,Lighting Accessories & Lamp Parts,Architectural Lighting,Street Light,Indoor Lighting,Emergency & Professional Lighting,Industrial Lighting,Retail Lighting,Solar Lights,Home Automation System,Lighting Design & Engineering; LED Downlight,LED Ceilinglight,Lighting Product OEM/ODM,Modular Lighting Product
Develop,Circular Economy Lighting Product Development.; OEM, OBM, ODM, Others","Decorative Lamp,Sensor Light,Lighting Accessories & Lamp Parts,Architectural Lighting,Street Light,Indoor Lighting,Emergency & Professional Lighting,Industrial Lighting,Retail Lighting,Solar Lights,Home Automation System,Lighting Design & Engineering; LED Downlight,LED Ceilinglight,Lighting Product OEM/ODM,Modular Lighting Product
Develop,Circular Economy Lighting Product Development.; OEM, OBM, ODM, Others",https://www.hktdc.com/event/smartlightingexpo/en/exhibitor/1S005JNS1,0,
Shenzhen HTA LED LIGHTING ELECTRONICS Co. Ltd.,Shenzhen HTA LED LIGHTING ELECTRONICS Co. Ltd.,Chinese Mainland,LED Bulb,LED Bulb,,Exhibitor,Smart Lighting Expo 2026,1B-C06,Smart Lighting Products & Solutions,,1,,,LED Bulb; led; OEM,LED Bulb; led; OEM,https://www.hktdc.com/event/smartlightingexpo/en/exhibitor/1S005JKH1,0,
"Zhongshan Chixiong Lighting Technology Co., Ltd.","Zhongshan Chixiong Lighting Technology Co., Ltd.",Chinese Mainland,"Established in 2009, covering an area of about 10,000 square meters, hiring more than 200 employees, Chixiong is a professional manufacturer in the research & design, production and sales. Factory has its own SMD workshop, color box workshop, injection workshop, and assembling workshop.Chixiong has been focusing on product design to make perfect appearance, easy installation, superior quality. All products are patent items, such as UFO Panel light, iLight, Spiral Panel, have passed CE, LVD, EMC.ROHS.ERP.FCC certificate and sold well in Europe, Asia, Middle East and so on. ""Integrity, high quality, R & D innovation, win-win"" is our business philosophy. Looking forward to cooperate with you and grow up together.","Established in 2009, covering an area of about 10,000 square meters, hiring more than 200 employees, Chixiong is a professional manufacturer in the research & design, production and sales. Factory has its own SMD workshop, color box workshop, injection workshop, and assembling workshop.Chixiong has been focusing on product design to make perfect appearance, easy installation, superior quality. All products are patent items, such as UFO Panel light, iLight, Spiral Panel, have passed CE, LVD, EMC.ROHS.ERP.FCC certificate and sold well in Europe, Asia, Middle East and so on. ""Integrity, high quality, R & D innovation, win-win"" is our business philosophy. Looking forward to cooperate with you and grow up together.",,Exhibitor,Smart Lighting Expo 2026,1B-C35,Smart Lighting Products & Solutions,Cantonese Business Go Global,1,,,"LED Bulb,Indoor Lighting,Retail Lighting,Solar Lights; LED Ceiling Lights Led Panel Light LED Down Light Rotable UFO Light Led Track Light Portable Lamp Live Lamp; OEM","LED Bulb,Indoor Lighting,Retail Lighting,Solar Lights; LED Ceiling Lights Led Panel Light LED Down Light Rotable UFO Light Led Track Light Portable Lamp Live Lamp; OEM",https://www.hktdc.com/event/smartlightingexpo/en/exhibitor/1S005L4GK,0,
