NAME_KR,NAME_EN,COUNTRY,INTRO_KR,INTRO_EN,WEBSITE,PARTICIPATION_TYPE,EXHIBITION_NAME_EN,BOOTH_NAME,HALL_NAME,PAVILION_NAME,FLOOR,X_COORD,Y_COORD,INDUSTRY_NAME_KR,INDUSTRY_NAME_EN,DETAIL_URL,PRODUCT_COUNT,PRODUCT_LIST
Hong Kong Science and Technology Parks Corporation,Hong Kong Science and Technology Parks Corporation,Hong Kong,,,,Exhibitor,Hong Kong International Medical and Healthcare Fair 2025,3F-G04,Hospital Equipment and Digital Health,Hong Kong Science and Technology Parks Pavilion,1,,,"HKSTP turns scientific discoveries into life-changing biomedical innovations.There’re 1700 tech enterprises providing a wide range of solutions catering to each specific need.Fm technologies for rehab, health mgt, screening & diagnostics & many more.; Others","HKSTP turns scientific discoveries into life-changing biomedical innovations.There’re 1700 tech enterprises providing a wide range of solutions catering to each specific need.Fm technologies for rehab, health mgt, screening & diagnostics & many more.; Others",https://www.hktdc.com/event/hkmedicalfair/en/exhibitor/1S005LCDL,0,
Action Medical Sundries Limited,Action Medical Sundries Limited,Hong Kong,"Personal Protective Equipment,Antiseptic Products & Alcohol,Medical Mask,Medical Consumable,Medical Gloves,Medical Protective Clothing,Personal Hygiene Supplies","Personal Protective Equipment,Antiseptic Products & Alcohol,Medical Mask,Medical Consumable,Medical Gloves,Medical Protective Clothing,Personal Hygiene Supplies",,Exhibitor,Hong Kong International Medical and Healthcare Fair 2025,3F-E20,Hong Kong MedTech Association (HKMTA),Hong Kong MedTech Association Pavilion,1,,,"Personal Protective Equipment,Antiseptic Products & Alcohol,Medical Mask,Medical Consumable,Medical Gloves,Medical Protective Clothing,Personal Hygiene Supplies; Surgical Mask, Disposable Bed Cover, Disposable Pillow Case, Protective Clothing; OBM, OEM, ODM","Personal Protective Equipment,Antiseptic Products & Alcohol,Medical Mask,Medical Consumable,Medical Gloves,Medical Protective Clothing,Personal Hygiene Supplies; Surgical Mask, Disposable Bed Cover, Disposable Pillow Case, Protective Clothing; OBM, OEM, ODM",https://www.hktdc.com/event/hkmedicalfair/en/exhibitor/1S005IT9G,22,https://www.hktdc.com/event/hkmedicalfair/en/product/1Z03IWJ1E; https://www.hktdc.com/event/hkmedicalfair/en/product/1Z03IWJ1E; https://www.hktdc.com/event/hkmedicalfair/en/product/1Z03KAMYK; https://www.hktdc.com/event/hkmedicalfair/en/product/1Z03KAMYK; https://www.hktdc.com/event/hkmedicalfair/en/product/1Z03IWJ0H; https://www.hktdc.com/event/hkmedicalfair/en/product/1Z03IWJ0H; https://www.hktdc.com/event/hkmedicalfair/en/product/1Z03IWIYO; https://www.hktdc.com/event/hkmedicalfair/en/product/1Z03IWIYO; https://www.hktdc.com/event/hkmedicalfair/en/product/1Z03IWIPF; https://www.hktdc.com/event/hkmedicalfair/en/product/1Z03IWIPF; https://www.hktdc.com/event/hkmedicalfair/en/product/1Z03IWJ7W; https://www.hktdc.com/event/hkmedicalfair/en/product/1Z03IWJ7W; https://www.hktdc.com/event/hkmedicalfair/en/product/1Z03IWIVX; https://www.hktdc.com/event/hkmedicalfair/en/product/1Z03IWIVX; https://www.hktdc.com/event/hkmedicalfair/en/product/1Z03IWIT3; https://www.hktdc.com/event/hkmedicalfair/en/product/1Z03IWIT3; https://www.hktdc.com/event/hkmedicalfair/en/product/1Z03IWJBK; https://www.hktdc.com/event/hkmedicalfair/en/product/1Z03IWJBK; https://www.hktdc.com/event/hkmedicalfair/en/product/1Z03IWJEB; https://www.hktdc.com/event/hkmedicalfair/en/product/1Z03IWJEB; https://www.hktdc.com/event/hkmedicalfair/en/product/1Z03IWJAN; https://www.hktdc.com/event/hkmedicalfair/en/product/1Z03IWJAN
Phoelia (Far East) Company Limited,Phoelia (Far East) Company Limited,Hong Kong,"LPG Sole distributor for HK, Macau, SG and MY. HealthWay Sole distributor","LPG Sole distributor for HK, Macau, SG and MY. HealthWay Sole distributor",,Exhibitor,Hong Kong International Medical and Healthcare Fair 2025,3F-F04,Hospital Equipment and Digital Health,,1,,,"LPG Alliance M6, LPG Huber, HealthWay P500 and P1000; Others","LPG Alliance M6, LPG Huber, HealthWay P500 and P1000; Others",https://www.hktdc.com/event/hkmedicalfair/en/exhibitor/1S005IW8G,14,https://www.hktdc.com/event/hkmedicalfair/en/product/1X1G9WQM; https://www.hktdc.com/event/hkmedicalfair/en/product/1X1G9WQM; https://www.hktdc.com/event/hkmedicalfair/en/product/1Z03O2S4W; https://www.hktdc.com/event/hkmedicalfair/en/product/1Z03O2S4W; https://www.hktdc.com/event/hkmedicalfair/en/product/1Z03O2S6Q; https://www.hktdc.com/event/hkmedicalfair/en/product/1Z03O2S6Q; https://www.hktdc.com/event/hkmedicalfair/en/product/1Z03O2S7N; https://www.hktdc.com/event/hkmedicalfair/en/product/1Z03O2S7N; https://www.hktdc.com/event/hkmedicalfair/en/product/1X1P3LSH; https://www.hktdc.com/event/hkmedicalfair/en/product/1X1P3LSH; https://www.hktdc.com/event/hkmedicalfair/en/product/1X18ZD1W; https://www.hktdc.com/event/hkmedicalfair/en/product/1X18ZD1W; https://www.hktdc.com/event/hkmedicalfair/en/product/1Z03J266C; https://www.hktdc.com/event/hkmedicalfair/en/product/1Z03J266C
"Pro-safe Nutritionals Co., Limited","Pro-safe Nutritionals Co., Limited",Hong Kong,"Healthcare Product,Nutritional Manufacturing/ Processing Service,Health Food,Joint & Bone Support,Health Supplement,Immune System Booster,Health Management and Consultancy,Body Trimming and Shaping,Medical and Healthcare Service,Anti-Aging Supplement","Healthcare Product,Nutritional Manufacturing/ Processing Service,Health Food,Joint & Bone Support,Health Supplement,Immune System Booster,Health Management and Consultancy,Body Trimming and Shaping,Medical and Healthcare Service,Anti-Aging Supplement",,Exhibitor,Hong Kong International Medical and Healthcare Fair 2025,3F-B22,Laboratory Technologies and Healthcare Services,,1,,,"Healthcare Product,Nutritional Manufacturing/ Processing Service,Health Food,Joint & Bone Support,Health Supplement,Immune System Booster,Health Management and Consultancy,Body Trimming and Shaping,Medical and Healthcare Service,Anti-Aging Supplement; 香港御安營養品製造有限公司 是一家專注於為客戶提供一站式的營養保健食品代加工服務的高科技型研發、生產型及品牌代理商公司。
我們致力於打造「全球代工廠 」模式，為各大品牌商提供供應鏈管理保健食品代工、客製化、產品開發、設計、生產一手包辦的代加工服務！
經過行業積累，擁有豐富的進口膳食營養品研發、生產和營經驗，而且集團也歡迎接受海外其他國家的訂單。; OEM, OBM, ODM","Healthcare Product,Nutritional Manufacturing/ Processing Service,Health Food,Joint & Bone Support,Health Supplement,Immune System Booster,Health Management and Consultancy,Body Trimming and Shaping,Medical and Healthcare Service,Anti-Aging Supplement; 香港御安營養品製造有限公司 是一家專注於為客戶提供一站式的營養保健食品代加工服務的高科技型研發、生產型及品牌代理商公司。
我們致力於打造「全球代工廠 」模式，為各大品牌商提供供應鏈管理保健食品代工、客製化、產品開發、設計、生產一手包辦的代加工服務！
經過行業積累，擁有豐富的進口膳食營養品研發、生產和營經驗，而且集團也歡迎接受海外其他國家的訂單。; OEM, OBM, ODM",https://www.hktdc.com/event/hkmedicalfair/en/exhibitor/1S005IVO5,12,https://www.hktdc.com/event/hkmedicalfair/en/product/1Z03O395C; https://www.hktdc.com/event/hkmedicalfair/en/product/1Z03O395C; https://www.hktdc.com/event/hkmedicalfair/en/product/1Z03O2PLK; https://www.hktdc.com/event/hkmedicalfair/en/product/1Z03O2PLK; https://www.hktdc.com/event/hkmedicalfair/en/product/1Z03O2PAH; https://www.hktdc.com/event/hkmedicalfair/en/product/1Z03O2PAH; https://www.hktdc.com/event/hkmedicalfair/en/product/1Z03O2KZJ; https://www.hktdc.com/event/hkmedicalfair/en/product/1Z03O2KZJ; https://www.hktdc.com/event/hkmedicalfair/en/product/1Z03O2PGZ; https://www.hktdc.com/event/hkmedicalfair/en/product/1Z03O2PGZ; https://www.hktdc.com/event/hkmedicalfair/en/product/1Z03O2PKN; https://www.hktdc.com/event/hkmedicalfair/en/product/1Z03O2PKN
Synergy Medical Supply Co Limited,Synergy Medical Supply Co Limited,Hong Kong,"Since 2001, Synergy Medical Supply Co. Limited has established excellent long-term relationships with the best manufacturers in the world. We are the exclusive distributors of many well-known medical brands in the United States, Europe, Australia and Asia.","Since 2001, Synergy Medical Supply Co. Limited has established excellent long-term relationships with the best manufacturers in the world. We are the exclusive distributors of many well-known medical brands in the United States, Europe, Australia and Asia.",,Exhibitor,Hong Kong International Medical and Healthcare Fair 2025,3F-C02,Medical Supplies and Disposables,,1,,,"Elderly Care Product,Medical Preparation & Production Equipment,Antiseptic Products & Alcohol,Medical Mask,Medical Consumable,Medical Dressing Set,Medical Gloves,Medical Protective Clothing,Personal Hygiene Supplies,Air Filtration System; We offer a wide range of products that cover all the major specialties in medicine including the Operating Room, Intensive Care Unit, Infection Control, Specialty Clinics and the Emergency Room.; ODM","Elderly Care Product,Medical Preparation & Production Equipment,Antiseptic Products & Alcohol,Medical Mask,Medical Consumable,Medical Dressing Set,Medical Gloves,Medical Protective Clothing,Personal Hygiene Supplies,Air Filtration System; We offer a wide range of products that cover all the major specialties in medicine including the Operating Room, Intensive Care Unit, Infection Control, Specialty Clinics and the Emergency Room.; ODM",https://www.hktdc.com/event/hkmedicalfair/en/exhibitor/1S005ITD4,10,https://www.hktdc.com/event/hkmedicalfair/en/product/1X1MYS8G; https://www.hktdc.com/event/hkmedicalfair/en/product/1X1MYS8G; https://www.hktdc.com/event/hkmedicalfair/en/product/1X1MYS7H; https://www.hktdc.com/event/hkmedicalfair/en/product/1X1MYS7H; https://www.hktdc.com/event/hkmedicalfair/en/product/1X1MYS6I; https://www.hktdc.com/event/hkmedicalfair/en/product/1X1MYS6I; https://www.hktdc.com/event/hkmedicalfair/en/product/1X1MXG2M; https://www.hktdc.com/event/hkmedicalfair/en/product/1X1MXG2M; https://www.hktdc.com/event/hkmedicalfair/en/product/1X1MWRDE; https://www.hktdc.com/event/hkmedicalfair/en/product/1X1MWRDE
Contin Technology Limited,Contin Technology Limited,Hong Kong,"Contin Technology Company was established in 1997, we are professional, energetic and innovative enterprise integrating with developing, manufacturing and exporting high-end safety and security products for elderly/patients in hospital, senior housing and retirement center.","Contin Technology Company was established in 1997, we are professional, energetic and innovative enterprise integrating with developing, manufacturing and exporting high-end safety and security products for elderly/patients in hospital, senior housing and retirement center.",,Exhibitor,Hong Kong International Medical and Healthcare Fair 2025,3F-E24,Hong Kong MedTech Association (HKMTA),Hong Kong MedTech Association Pavilion,1,,,"Ward Facilities, Furniture and Supplies,Monitoring Support Device and Solution,Fall Prevention and Preventive Care Solution,Companion and Caring Robot; Professional in fall management system, anti-wandering system, incontience monitoring system and elderly care related product.; OBM, ODM, OEM","Ward Facilities, Furniture and Supplies,Monitoring Support Device and Solution,Fall Prevention and Preventive Care Solution,Companion and Caring Robot; Professional in fall management system, anti-wandering system, incontience monitoring system and elderly care related product.; OBM, ODM, OEM",https://www.hktdc.com/event/hkmedicalfair/en/exhibitor/1S005IT5S,32,https://www.hktdc.com/event/hkmedicalfair/en/product/1X264XHS; https://www.hktdc.com/event/hkmedicalfair/en/product/1X264XHS; https://www.hktdc.com/event/hkmedicalfair/en/product/1X268EL9; https://www.hktdc.com/event/hkmedicalfair/en/product/1X268EL9; https://www.hktdc.com/event/hkmedicalfair/en/product/1X268EBJ; https://www.hktdc.com/event/hkmedicalfair/en/product/1X268EBJ; https://www.hktdc.com/event/hkmedicalfair/en/product/1X268DP8; https://www.hktdc.com/event/hkmedicalfair/en/product/1X268DP8; https://www.hktdc.com/event/hkmedicalfair/en/product/1X264VF0; https://www.hktdc.com/event/hkmedicalfair/en/product/1X264VF0; https://www.hktdc.com/event/hkmedicalfair/en/product/1X264OV5; https://www.hktdc.com/event/hkmedicalfair/en/product/1X264OV5; https://www.hktdc.com/event/hkmedicalfair/en/product/1X25RCCO; https://www.hktdc.com/event/hkmedicalfair/en/product/1X25RCCO; https://www.hktdc.com/event/hkmedicalfair/en/product/1X25RCAQ; https://www.hktdc.com/event/hkmedicalfair/en/product/1X25RCAQ; https://www.hktdc.com/event/hkmedicalfair/en/product/1X25GR6L; https://www.hktdc.com/event/hkmedicalfair/en/product/1X25GR6L; https://www.hktdc.com/event/hkmedicalfair/en/product/1X23H5TS; https://www.hktdc.com/event/hkmedicalfair/en/product/1X23H5TS; https://www.hktdc.com/event/hkmedicalfair/en/product/1X23GL81; https://www.hktdc.com/event/hkmedicalfair/en/product/1X23GL81; https://www.hktdc.com/event/hkmedicalfair/en/product/1X05BM15; https://www.hktdc.com/event/hkmedicalfair/en/product/1X05BM15; https://www.hktdc.com/event/hkmedicalfair/en/product/1X03Z7YH; https://www.hktdc.com/event/hkmedicalfair/en/product/1X03Z7YH; https://www.hktdc.com/event/hkmedicalfair/en/product/1Z03K5WKG; https://www.hktdc.com/event/hkmedicalfair/en/product/1Z03K5WKG; https://www.hktdc.com/event/hkmedicalfair/en/product/1Z03K5Z9A; https://www.hktdc.com/event/hkmedicalfair/en/product/1Z03K5Z9A; https://www.hktdc.com/event/hkmedicalfair/en/product/1Z03K5ZY7; https://www.hktdc.com/event/hkmedicalfair/en/product/1Z03K5ZY7
Easy Health HK Limited,Easy Health HK Limited,Hong Kong,"We are a leading health supplement OEM and skincare & cosmetics packaging manufacturer based in Hong Kong. With our qualifications as a Hong Kong supplement factory and adherence to international standards like GMP and ISO, we deliver exceptional products and services. From powder mixing to blister packaging, bottling, labeling, and more, our comprehensive services cater to the diverse needs of our clients. We also provide medical logistics support, ensuring regular deliveries to hospitals, clinics, and laboratories in accordance with ISO13485 for medical devices and cold chain management. At Easy Health International, customer satisfaction is our priority. We offer customized solutions marked ""MADE IN HONG KONG"" to help our partners succeed in the health supplement industry globally.","We are a leading health supplement OEM and skincare & cosmetics packaging manufacturer based in Hong Kong. With our qualifications as a Hong Kong supplement factory and adherence to international standards like GMP and ISO, we deliver exceptional products and services. From powder mixing to blister packaging, bottling, labeling, and more, our comprehensive services cater to the diverse needs of our clients. We also provide medical logistics support, ensuring regular deliveries to hospitals, clinics, and laboratories in accordance with ISO13485 for medical devices and cold chain management. At Easy Health International, customer satisfaction is our priority. We offer customized solutions marked ""MADE IN HONG KONG"" to help our partners succeed in the health supplement industry globally.",,Exhibitor,Hong Kong International Medical and Healthcare Fair 2025,3F-E04,Hong Kong MedTech Association (HKMTA),Hong Kong MedTech Association Pavilion,1,,,"Weight Loss Product,Hair Care,Nutritional Manufacturing/ Processing Service,Manufacturing Solution,Health Food,Joint & Bone Support,Health Supplement,Logistic and Transport Service,Cold Chain Logistics Solution / Medical Courier,Diabetes Care; We address ourselves as an OEM manufacturer and Logistics provider focusing on Supplements /Skincare / Cosmetics items / Healthcare consumable /Medical device Logistics; OEM, ODM","Weight Loss Product,Hair Care,Nutritional Manufacturing/ Processing Service,Manufacturing Solution,Health Food,Joint & Bone Support,Health Supplement,Logistic and Transport Service,Cold Chain Logistics Solution / Medical Courier,Diabetes Care; We address ourselves as an OEM manufacturer and Logistics provider focusing on Supplements /Skincare / Cosmetics items / Healthcare consumable /Medical device Logistics; OEM, ODM",https://www.hktdc.com/event/hkmedicalfair/en/exhibitor/1S005ITBA,0,
E.shine Systems Limited,E.shine Systems Limited,Hong Kong,"E.SHINE SYSTEMS LIMITED was established in 2008. We committed to R & D, designing and manufacturing professional LED red light physiotherapy lights. Our state-of-the-art factory spans over 3,500 square meters with more than 50 employees and is equipped with the latest machines. There are 3 production lines with 2000pcs per month capacity, to ensure fast delivery. Our products with the FDA, CE, ROHS, FCC, and ETL certificates, to ensure the safety. Also we have obtained a number of domestic and foreign products patents, including utility patents.","E.SHINE SYSTEMS LIMITED was established in 2008. We committed to R & D, designing and manufacturing professional LED red light physiotherapy lights. Our state-of-the-art factory spans over 3,500 square meters with more than 50 employees and is equipped with the latest machines. There are 3 production lines with 2000pcs per month capacity, to ensure fast delivery. Our products with the FDA, CE, ROHS, FCC, and ETL certificates, to ensure the safety. Also we have obtained a number of domestic and foreign products patents, including utility patents.",,Exhibitor,Hong Kong International Medical and Healthcare Fair 2025,3F-G19,Hospital Equipment and Digital Health,,1,,,"Ward Facilities, Furniture and Supplies,Physical Therapy Equipment,Rehabilitation Equipment,Hair Care,Wearable Device/Sensor,Joint & Bone Support,Immune System Booster,Medical and Healthcare Service; RED THERAY LIGHT, INFRARED LIGHT THERAPY; ODM, OBM, OEM","Ward Facilities, Furniture and Supplies,Physical Therapy Equipment,Rehabilitation Equipment,Hair Care,Wearable Device/Sensor,Joint & Bone Support,Immune System Booster,Medical and Healthcare Service; RED THERAY LIGHT, INFRARED LIGHT THERAPY; ODM, OBM, OEM",https://www.hktdc.com/event/hkmedicalfair/en/exhibitor/1S005J9W3,0,
The PPE (Medical) Company Limited,The PPE (Medical) Company Limited,Hong Kong,"Ward Facilities, Furniture and Supplies,Drug Dispensing / Drug Compliance Monitoring System and Device,UV Light Device,Fall Prevention and Preventive Care Solution,Medical Consumable,Sterilization, Disinfecting Devices and Supplies,Personal Hygiene Supplies,Air Filtration System,Biotechnology","Ward Facilities, Furniture and Supplies,Drug Dispensing / Drug Compliance Monitoring System and Device,UV Light Device,Fall Prevention and Preventive Care Solution,Medical Consumable,Sterilization, Disinfecting Devices and Supplies,Personal Hygiene Supplies,Air Filtration System,Biotechnology",,Exhibitor,Hong Kong International Medical and Healthcare Fair 2025,3F-E14,Hong Kong MedTech Association (HKMTA),Hong Kong MedTech Association Pavilion,1,,,"Ward Facilities, Furniture and Supplies,Drug Dispensing / Drug Compliance Monitoring System and Device,UV Light Device,Fall Prevention and Preventive Care Solution,Medical Consumable,Sterilization, Disinfecting Devices and Supplies,Personal Hygiene Supplies,Air Filtration System,Biotechnology; Antibacterial certificate does not guarantee antiviral function.
The Kare Lab antiviral film represents the international credibility and is the
global partner of the technology.Antiviral, antibacterial screen protector, surface protection.; OEM, OBM, ODM","Ward Facilities, Furniture and Supplies,Drug Dispensing / Drug Compliance Monitoring System and Device,UV Light Device,Fall Prevention and Preventive Care Solution,Medical Consumable,Sterilization, Disinfecting Devices and Supplies,Personal Hygiene Supplies,Air Filtration System,Biotechnology; Antibacterial certificate does not guarantee antiviral function.
The Kare Lab antiviral film represents the international credibility and is the
global partner of the technology.Antiviral, antibacterial screen protector, surface protection.; OEM, OBM, ODM",https://www.hktdc.com/event/hkmedicalfair/en/exhibitor/1S005IT7M,40,https://www.hktdc.com/event/hkmedicalfair/en/product/1Z03NDYGQ; https://www.hktdc.com/event/hkmedicalfair/en/product/1Z03NDYGQ; https://www.hktdc.com/event/hkmedicalfair/en/product/1Z03K5OF3; https://www.hktdc.com/event/hkmedicalfair/en/product/1Z03K5OF3; https://www.hktdc.com/event/hkmedicalfair/en/product/1Z03K5PSZ; https://www.hktdc.com/event/hkmedicalfair/en/product/1Z03K5PSZ; https://www.hktdc.com/event/hkmedicalfair/en/product/1Z03LNXEX; https://www.hktdc.com/event/hkmedicalfair/en/product/1Z03LNXEX; https://www.hktdc.com/event/hkmedicalfair/en/product/1Z03K8WO4; https://www.hktdc.com/event/hkmedicalfair/en/product/1Z03K8WO4; https://www.hktdc.com/event/hkmedicalfair/en/product/1Z03K8WVJ; https://www.hktdc.com/event/hkmedicalfair/en/product/1Z03K8WVJ; https://www.hktdc.com/event/hkmedicalfair/en/product/1Z03FT2KA; https://www.hktdc.com/event/hkmedicalfair/en/product/1Z03FT2KA; https://www.hktdc.com/event/hkmedicalfair/en/product/1Z03FT2PV; https://www.hktdc.com/event/hkmedicalfair/en/product/1Z03FT2PV; https://www.hktdc.com/event/hkmedicalfair/en/product/1Z03FT2OY; https://www.hktdc.com/event/hkmedicalfair/en/product/1Z03FT2OY; https://www.hktdc.com/event/hkmedicalfair/en/product/1Z03FT2N1; https://www.hktdc.com/event/hkmedicalfair/en/product/1Z03FT2N1; https://www.hktdc.com/event/hkmedicalfair/en/product/1Z03FT2M4; https://www.hktdc.com/event/hkmedicalfair/en/product/1Z03FT2M4; https://www.hktdc.com/event/hkmedicalfair/en/product/1Z03FT2L7; https://www.hktdc.com/event/hkmedicalfair/en/product/1Z03FT2L7; https://www.hktdc.com/event/hkmedicalfair/en/product/1Z03FT2ES; https://www.hktdc.com/event/hkmedicalfair/en/product/1Z03FT2ES; https://www.hktdc.com/event/hkmedicalfair/en/product/1Z03FT2DV; https://www.hktdc.com/event/hkmedicalfair/en/product/1Z03FT2DV; https://www.hktdc.com/event/hkmedicalfair/en/product/1Z03FT2QS; https://www.hktdc.com/event/hkmedicalfair/en/product/1Z03FT2QS; https://www.hktdc.com/event/hkmedicalfair/en/product/1Z03FT2SM; https://www.hktdc.com/event/hkmedicalfair/en/product/1Z03FT2SM; https://www.hktdc.com/event/hkmedicalfair/en/product/1Z03FT2TJ; https://www.hktdc.com/event/hkmedicalfair/en/product/1Z03FT2TJ; https://www.hktdc.com/event/hkmedicalfair/en/product/1Z03FT2UG; https://www.hktdc.com/event/hkmedicalfair/en/product/1Z03FT2UG; https://www.hktdc.com/event/hkmedicalfair/en/product/1Z03FT2VD; https://www.hktdc.com/event/hkmedicalfair/en/product/1Z03FT2VD; https://www.hktdc.com/event/hkmedicalfair/en/product/1Z03FT2WA; https://www.hktdc.com/event/hkmedicalfair/en/product/1Z03FT2WA
Pingtung Christian Hospital,Pingtung Christian Hospital,Taiwan,"Pingtung Christian Hospital was established by a group of medical missionaries from the United States, Norway, and Finland who were inspired by the love of Christ and devoted 20 to 30 years of their lives to Taiwan and upheld the noble tradition of ""going wherever there is a need."" PCH began as a humble clinic and transformed into a regional teaching hospital with over 600 beds. Throughout this journey, it safeguarded the health of the people in southern Taiwan and also made significant contributions to Taiwan's medical history in the areas of surgery, orthopedics, infectious disease treatment in the 1950s, physical therapy, and nurse assistant education. Our hospital not only offers various specialized medical treatments but is also committed to international humanitarian aid and social care. We provide a warm and comfortable medical environment, along with professional and high-quality medical care services, ensuring a safe and reassuring healthcare experience for international patients.","Pingtung Christian Hospital was established by a group of medical missionaries from the United States, Norway, and Finland who were inspired by the love of Christ and devoted 20 to 30 years of their lives to Taiwan and upheld the noble tradition of ""going wherever there is a need."" PCH began as a humble clinic and transformed into a regional teaching hospital with over 600 beds. Throughout this journey, it safeguarded the health of the people in southern Taiwan and also made significant contributions to Taiwan's medical history in the areas of surgery, orthopedics, infectious disease treatment in the 1950s, physical therapy, and nurse assistant education. Our hospital not only offers various specialized medical treatments but is also committed to international humanitarian aid and social care. We provide a warm and comfortable medical environment, along with professional and high-quality medical care services, ensuring a safe and reassuring healthcare experience for international patients.",,Exhibitor,Hong Kong International Medical and Healthcare Fair 2025,3G-D20,World of Health and Wellness,,1,,,Medical and Healthcare Service; Medical appointment scheduling and arrangements.Consultation on medical procedures.Providing accommodation information for patients and their families.Offering living and travel information.Assisting with the application of diagnosis.And more.; Others,Medical and Healthcare Service; Medical appointment scheduling and arrangements.Consultation on medical procedures.Providing accommodation information for patients and their families.Offering living and travel information.Assisting with the application of diagnosis.And more.; Others,https://www.hktdc.com/event/hkmedicalfair/en/exhibitor/1S005JMWQ,8,https://www.hktdc.com/event/hkmedicalfair/en/product/1Z03NZMCE; https://www.hktdc.com/event/hkmedicalfair/en/product/1Z03NZMCE; https://www.hktdc.com/event/hkmedicalfair/en/product/1Z03NZXY9; https://www.hktdc.com/event/hkmedicalfair/en/product/1Z03NZXY9; https://www.hktdc.com/event/hkmedicalfair/en/product/1Z03NZNJS; https://www.hktdc.com/event/hkmedicalfair/en/product/1Z03NZNJS; https://www.hktdc.com/event/hkmedicalfair/en/product/1Z03NZXN6; https://www.hktdc.com/event/hkmedicalfair/en/product/1Z03NZXN6
Italian Trade Commission - I.C.E.,Italian Trade Commission - I.C.E.,Italy,"ITA - Italian Trade Agency is the Governmental agency that supports the business development of our companies abroad and promotes the attraction of foreign investment in Italy. With a motivated and modern organization and a widespread network of overseas offices, ITA provides information, assistance, consulting, promotion and training to Italian small and medium-sized businesses. Using the most modern multi-channel promotion and communication tools, it acts to assert the excellence of Made in Italy in the world.","ITA - Italian Trade Agency is the Governmental agency that supports the business development of our companies abroad and promotes the attraction of foreign investment in Italy. With a motivated and modern organization and a widespread network of overseas offices, ITA provides information, assistance, consulting, promotion and training to Italian small and medium-sized businesses. Using the most modern multi-channel promotion and communication tools, it acts to assert the excellence of Made in Italy in the world.",,Exhibitor,Hong Kong International Medical and Healthcare Fair 2025,3G-C09,World of Health and Wellness,,1,,,ITA - Italian Trade Agency is the Government Agency that supports the business development of Italian companies abroad and promotes the attraction of foreign investment in Italy.,ITA - Italian Trade Agency is the Government Agency that supports the business development of Italian companies abroad and promotes the attraction of foreign investment in Italy.,https://www.hktdc.com/event/hkmedicalfair/en/exhibitor/1S005MWTP,2,https://www.hktdc.com/event/hkmedicalfair/en/product/1Z03O2FZO; https://www.hktdc.com/event/hkmedicalfair/en/product/1Z03O2FZO
Continental Supplies Ltd,Continental Supplies Ltd,Hong Kong,"Continental Supplies Ltd specializes in medical equipment, medical supplies, physiotherapy equipment and rehabilitation equipment. We offer high-quality products, competitive prices and prompt delivery. Your satisfaction is always our firstconcern.","Continental Supplies Ltd specializes in medical equipment, medical supplies, physiotherapy equipment and rehabilitation equipment. We offer high-quality products, competitive prices and prompt delivery. Your satisfaction is always our firstconcern.",,Exhibitor,Hong Kong International Medical and Healthcare Fair 2025,3F-F25,Hong Kong MedTech Association (HKMTA),Hong Kong MedTech Association Pavilion,1,,,"Elderly Care Product,Wheelchair,Ultrasound Equipment,Diagnostic Equipment,Electronmedical Equipment,First Aid Equipment,Sterilization, Disinfecting Devices and Supplies,Dental Equipment,Physical Therapy Equipment,Rehabilitation Equipment; Medical equipment, medical supplies, physiotherapy equipment and rehabilitation equipment.; Others","Elderly Care Product,Wheelchair,Ultrasound Equipment,Diagnostic Equipment,Electronmedical Equipment,First Aid Equipment,Sterilization, Disinfecting Devices and Supplies,Dental Equipment,Physical Therapy Equipment,Rehabilitation Equipment; Medical equipment, medical supplies, physiotherapy equipment and rehabilitation equipment.; Others",https://www.hktdc.com/event/hkmedicalfair/en/exhibitor/1S005ITJM,12,https://www.hktdc.com/event/hkmedicalfair/en/product/1X2699CX; https://www.hktdc.com/event/hkmedicalfair/en/product/1X2699CX; https://www.hktdc.com/event/hkmedicalfair/en/product/1X268F0R; https://www.hktdc.com/event/hkmedicalfair/en/product/1X268F0R; https://www.hktdc.com/event/hkmedicalfair/en/product/1X2680GK; https://www.hktdc.com/event/hkmedicalfair/en/product/1X2680GK; https://www.hktdc.com/event/hkmedicalfair/en/product/1X267WTJ; https://www.hktdc.com/event/hkmedicalfair/en/product/1X267WTJ; https://www.hktdc.com/event/hkmedicalfair/en/product/1X21BAUC; https://www.hktdc.com/event/hkmedicalfair/en/product/1X21BAUC; https://www.hktdc.com/event/hkmedicalfair/en/product/1X20A41N; https://www.hktdc.com/event/hkmedicalfair/en/product/1X20A41N
MediConcepts Limited,MediConcepts Limited,Hong Kong,"MediConcepts offer a broad range of services as a CDMO. We focus on delivering superior quality instruments and are committed to providing you with the best solutions available in medical device design, development and manufacturing. As a comprehensive vertically integrated manufacturing solution, we are ISO13485 certified and cGMP compliant. MediConcepts can offer you extensive services in: Design and Development Prototyping Tooling Fabrication Verification & Validation Production Sterilisation Document Preparation Quality Management System consultancy We are based in Hong Kong with design support in the UK and US, and our manufacturing facility is located in Shenzhen. We have extensive partnership resources to perform bench testing, wet lab, clinical trials and evaluation. Whether it is a high mix low volume pre-production run, a design and production transfer or a full mass production project, we are committed to ensuring our customers satisfaction with the highest quality in design and production delivering safe and effective medical devices.","MediConcepts offer a broad range of services as a CDMO. We focus on delivering superior quality instruments and are committed to providing you with the best solutions available in medical device design, development and manufacturing. As a comprehensive vertically integrated manufacturing solution, we are ISO13485 certified and cGMP compliant. MediConcepts can offer you extensive services in: Design and Development Prototyping Tooling Fabrication Verification & Validation Production Sterilisation Document Preparation Quality Management System consultancy We are based in Hong Kong with design support in the UK and US, and our manufacturing facility is located in Shenzhen. We have extensive partnership resources to perform bench testing, wet lab, clinical trials and evaluation. Whether it is a high mix low volume pre-production run, a design and production transfer or a full mass production project, we are committed to ensuring our customers satisfaction with the highest quality in design and production delivering safe and effective medical devices.",,Exhibitor,Hong Kong International Medical and Healthcare Fair 2025,3F-F17,Hong Kong MedTech Association (HKMTA),Hong Kong MedTech Association Pavilion,1,,,"Surgical Instrument,Surgical Robotic System,Medical Devices,Diagnostic Imaging and IVD,Medical Device Global Registration Consulting Service,Medical Device Development Consulting Service,Laboratory, Testing & Medical Analysis,Rapid Test; Medical Device contract design development and manufacturing services
Consutancy services on medical device regulatory approval processes including quality management system establishment and certification.; OEM, ODM, OBM","Surgical Instrument,Surgical Robotic System,Medical Devices,Diagnostic Imaging and IVD,Medical Device Global Registration Consulting Service,Medical Device Development Consulting Service,Laboratory, Testing & Medical Analysis,Rapid Test; Medical Device contract design development and manufacturing services
Consutancy services on medical device regulatory approval processes including quality management system establishment and certification.; OEM, ODM, OBM",https://www.hktdc.com/event/hkmedicalfair/en/exhibitor/1S005ITMD,2,https://www.hktdc.com/event/hkmedicalfair/en/product/1X1SDE3R; https://www.hktdc.com/event/hkmedicalfair/en/product/1X1SDE3R
Pro-Cure Medical Technology Company Limited,Pro-Cure Medical Technology Company Limited,Hong Kong,"PRO-CURE MEDICAL TECHNOLOGY CO., LTD. was established in 2003, which is engaged in the marketing of hi-tech medical diagnosis equipment and instruments. Over the past ten years of rapid growth and development, we have earned a reputation for prompt delivery, extensive product knowledge and competitive price. Our products are well accepted and exported all over the world. We sincerely hope to establish mutual-benefit and long-trade relationship with the customers all the world. We look forward to being of service.","PRO-CURE MEDICAL TECHNOLOGY CO., LTD. was established in 2003, which is engaged in the marketing of hi-tech medical diagnosis equipment and instruments. Over the past ten years of rapid growth and development, we have earned a reputation for prompt delivery, extensive product knowledge and competitive price. Our products are well accepted and exported all over the world. We sincerely hope to establish mutual-benefit and long-trade relationship with the customers all the world. We look forward to being of service.",,Exhibitor,Hong Kong International Medical and Healthcare Fair 2025,3F-D28,Hong Kong MedTech Association (HKMTA),Hong Kong MedTech Association Pavilion,1,,,"Elderly Care Product,Electronmedical Equipment,Monitoring Support Device and Solution,Medical Gloves,Patient Monitoring System,Heart Rate Monitor; ICG Non-invasive Cardic Output Monitor, Digital ENT Scope, Stress & Cardiovascular Monitor, Disposable Medical Gloves, Body Composition Analyser, Diabetes Care; OBM","Elderly Care Product,Electronmedical Equipment,Monitoring Support Device and Solution,Medical Gloves,Patient Monitoring System,Heart Rate Monitor; ICG Non-invasive Cardic Output Monitor, Digital ENT Scope, Stress & Cardiovascular Monitor, Disposable Medical Gloves, Body Composition Analyser, Diabetes Care; OBM",https://www.hktdc.com/event/hkmedicalfair/en/exhibitor/1S005MVN8,2,https://www.hktdc.com/event/hkmedicalfair/en/product/1Z03G8GAQ; https://www.hktdc.com/event/hkmedicalfair/en/product/1Z03G8GAQ
Belton Technology Company Limited,Belton Technology Company Limited,Hong Kong,"Established in 1988, Belton Technology Group is an ISO 9001, 14001, 45001, 22301, 13485, IATF16949 certified and UL listed components and full turnkey contract manufacturer of the Medical, Automotive and Optical Communication Industry. Our products include medical implants and surgery equipment, Automotive sensors and connector parts, Optical communication modules and connector parts. With in-house capabilities in Tool Design and Fabrication, Automation, Material Science Laboratory, Failure Analysis and Clean Room Components Assembly, we are able to offer vertically integrated manufacturing services to our customers, from product design, prototype samples, re-engineering cost effective manufacturing processes to on-time delivery of high quality products. We employ Six Sigma and Lean Manufacturing methodologies in our continuous quest for operation excellence. From your design to complete product build and solution, we provide a vertically integrated ""one-stop-shop"" solution with full turnkey design and manufacturing services.","Established in 1988, Belton Technology Group is an ISO 9001, 14001, 45001, 22301, 13485, IATF16949 certified and UL listed components and full turnkey contract manufacturer of the Medical, Automotive and Optical Communication Industry. Our products include medical implants and surgery equipment, Automotive sensors and connector parts, Optical communication modules and connector parts. With in-house capabilities in Tool Design and Fabrication, Automation, Material Science Laboratory, Failure Analysis and Clean Room Components Assembly, we are able to offer vertically integrated manufacturing services to our customers, from product design, prototype samples, re-engineering cost effective manufacturing processes to on-time delivery of high quality products. We employ Six Sigma and Lean Manufacturing methodologies in our continuous quest for operation excellence. From your design to complete product build and solution, we provide a vertically integrated ""one-stop-shop"" solution with full turnkey design and manufacturing services.",,Exhibitor,Hong Kong International Medical and Healthcare Fair 2025,3F-E08,Hong Kong MedTech Association (HKMTA),Hong Kong MedTech Association Pavilion,1,,,"Medical Preparation & Production Equipment,Electronmedical Equipment,Implant Material,Dental Equipment,Orthopedics Equipment,Ophthalmological Equipment; Our products include machined and plastic molded parts, magnetic wires, PCBA and component assemblies for medical implants and surgery equipment, automotive sensors and connector parts, optical communication modules, and connector parts.; OEM","Medical Preparation & Production Equipment,Electronmedical Equipment,Implant Material,Dental Equipment,Orthopedics Equipment,Ophthalmological Equipment; Our products include machined and plastic molded parts, magnetic wires, PCBA and component assemblies for medical implants and surgery equipment, automotive sensors and connector parts, optical communication modules, and connector parts.; OEM",https://www.hktdc.com/event/hkmedicalfair/en/exhibitor/1S005IT8J,0,
Rondish Company Limited,Rondish Company Limited,Hong Kong,"For more than 35 years Rondish has designed and manufactured industry leading patient safety solutions and has sold over one million products worldwide. We own multiple patents related to falls management and continually improve our offerings based on customer feedback. Our products are manufactured in ISO 13485 factories and comply with CE, FCC, and FDA requirements to ensure we maintain industry leading reliability. Our systems can be customized to meet the needs of any size healthcare facility from the smallest clinic and nursing home to the largest acute care hospital. Our clients choose us because of our commitment to continuous innovation and exceptional customer service. We establish successful long-term relationships that are built on helping our customers achieve measurable improvements in patient care and satisfaction. Rondish products improve healthccare workflows allowing staff to spend less time on manual tasks and more time providing personalized care at the patient bedside. Our trusted solutions offer the flexibility and scalability to change with the evolving healthcare industry.","For more than 35 years Rondish has designed and manufactured industry leading patient safety solutions and has sold over one million products worldwide. We own multiple patents related to falls management and continually improve our offerings based on customer feedback. Our products are manufactured in ISO 13485 factories and comply with CE, FCC, and FDA requirements to ensure we maintain industry leading reliability. Our systems can be customized to meet the needs of any size healthcare facility from the smallest clinic and nursing home to the largest acute care hospital. Our clients choose us because of our commitment to continuous innovation and exceptional customer service. We establish successful long-term relationships that are built on helping our customers achieve measurable improvements in patient care and satisfaction. Rondish products improve healthccare workflows allowing staff to spend less time on manual tasks and more time providing personalized care at the patient bedside. Our trusted solutions offer the flexibility and scalability to change with the evolving healthcare industry.",,Exhibitor,Hong Kong International Medical and Healthcare Fair 2025,3F-F08,Hospital Equipment and Digital Health,,1,,,"Elderly Care Product,Monitoring Support Device and Solution,Fall Prevention and Preventive Care Solution,Patient Monitoring System; Rondish designs to assist caregivers in the reduction of falls and minimizing injury.  Our Doorwatcher, door monitoring system pioneered electronic wander management. We manufacture wireless call system or simple call systems for use in elder care.; ODM","Elderly Care Product,Monitoring Support Device and Solution,Fall Prevention and Preventive Care Solution,Patient Monitoring System; Rondish designs to assist caregivers in the reduction of falls and minimizing injury.  Our Doorwatcher, door monitoring system pioneered electronic wander management. We manufacture wireless call system or simple call systems for use in elder care.; ODM",https://www.hktdc.com/event/hkmedicalfair/en/exhibitor/1S005IW7J,40,https://www.hktdc.com/event/hkmedicalfair/en/product/1Z03OEZHM; https://www.hktdc.com/event/hkmedicalfair/en/product/1Z03OEZHM; https://www.hktdc.com/event/hkmedicalfair/en/product/1X25T45J; https://www.hktdc.com/event/hkmedicalfair/en/product/1X25T45J; https://www.hktdc.com/event/hkmedicalfair/en/product/1Z03OBSYE; https://www.hktdc.com/event/hkmedicalfair/en/product/1Z03OBSYE; https://www.hktdc.com/event/hkmedicalfair/en/product/1X25GRVW; https://www.hktdc.com/event/hkmedicalfair/en/product/1X25GRVW; https://www.hktdc.com/event/hkmedicalfair/en/product/1X25T6WM; https://www.hktdc.com/event/hkmedicalfair/en/product/1X25T6WM; https://www.hktdc.com/event/hkmedicalfair/en/product/1X25T7SN; https://www.hktdc.com/event/hkmedicalfair/en/product/1X25T7SN; https://www.hktdc.com/event/hkmedicalfair/en/product/1X25TQL9; https://www.hktdc.com/event/hkmedicalfair/en/product/1X25TQL9; https://www.hktdc.com/event/hkmedicalfair/en/product/1X25TTPW; https://www.hktdc.com/event/hkmedicalfair/en/product/1X25TTPW; https://www.hktdc.com/event/hkmedicalfair/en/product/1X25T2U0; https://www.hktdc.com/event/hkmedicalfair/en/product/1X25T2U0; https://www.hktdc.com/event/hkmedicalfair/en/product/1X25T8B1; https://www.hktdc.com/event/hkmedicalfair/en/product/1X25T8B1; https://www.hktdc.com/event/hkmedicalfair/en/product/1X25V47H; https://www.hktdc.com/event/hkmedicalfair/en/product/1X25V47H; https://www.hktdc.com/event/hkmedicalfair/en/product/1X25UTL0; https://www.hktdc.com/event/hkmedicalfair/en/product/1X25UTL0; https://www.hktdc.com/event/hkmedicalfair/en/product/1X25UTE7; https://www.hktdc.com/event/hkmedicalfair/en/product/1X25UTE7; https://www.hktdc.com/event/hkmedicalfair/en/product/1X25TW84; https://www.hktdc.com/event/hkmedicalfair/en/product/1X25TW84; https://www.hktdc.com/event/hkmedicalfair/en/product/1X25TQT1; https://www.hktdc.com/event/hkmedicalfair/en/product/1X25TQT1; https://www.hktdc.com/event/hkmedicalfair/en/product/1X25TAKM; https://www.hktdc.com/event/hkmedicalfair/en/product/1X25TAKM; https://www.hktdc.com/event/hkmedicalfair/en/product/1X25T875; https://www.hktdc.com/event/hkmedicalfair/en/product/1X25T875; https://www.hktdc.com/event/hkmedicalfair/en/product/1X25T6I0; https://www.hktdc.com/event/hkmedicalfair/en/product/1X25T6I0; https://www.hktdc.com/event/hkmedicalfair/en/product/1X25T5OX; https://www.hktdc.com/event/hkmedicalfair/en/product/1X25T5OX; https://www.hktdc.com/event/hkmedicalfair/en/product/1X25T58D; https://www.hktdc.com/event/hkmedicalfair/en/product/1X25T58D
TFE Hong Kong Limited,TFE Hong Kong Limited,Hong Kong,"Founded in 1976, TFE Hong Kong Limited is a manufacturer of innovative and reliable products in consumer electronics, premiums for promotion, toys and security products. All products are developed and manufactured not only as open items, but also for joint venture manufacturing or OEM/ODM projects. All TFE's products are carefully designed and packaged to maximize sales for you and your customers. We have our own team of highly professional mechanical and electronic engineers at our Hong Kong Office and our China factory. Combined with the expertise of our product designers, you can be assured of a highly marketable product with international appeal. Please feel free to contact our sales team who will be more than glad to assist you with your enquiry and update you on any new additions to our product range.","Founded in 1976, TFE Hong Kong Limited is a manufacturer of innovative and reliable products in consumer electronics, premiums for promotion, toys and security products. All products are developed and manufactured not only as open items, but also for joint venture manufacturing or OEM/ODM projects. All TFE's products are carefully designed and packaged to maximize sales for you and your customers. We have our own team of highly professional mechanical and electronic engineers at our Hong Kong Office and our China factory. Combined with the expertise of our product designers, you can be assured of a highly marketable product with international appeal. Please feel free to contact our sales team who will be more than glad to assist you with your enquiry and update you on any new additions to our product range.",,Exhibitor,Hong Kong International Medical and Healthcare Fair 2025,3F-E18,Hong Kong MedTech Association (HKMTA),Hong Kong MedTech Association Pavilion,1,,,"Elderly Care Product,Fall Prevention and Preventive Care Solution; We have a variety types of the Prevention Fall Alarms and Sensor Mats.  All of them is specially designed and is helpful to caregivers to patient who is at risk of falling from bed or wheelchair.; OEM","Elderly Care Product,Fall Prevention and Preventive Care Solution; We have a variety types of the Prevention Fall Alarms and Sensor Mats.  All of them is specially designed and is helpful to caregivers to patient who is at risk of falling from bed or wheelchair.; OEM",https://www.hktdc.com/event/hkmedicalfair/en/exhibitor/1S005IT4V,34,https://www.hktdc.com/event/hkmedicalfair/en/product/1X1S9QL9; https://www.hktdc.com/event/hkmedicalfair/en/product/1X1S9QL9; https://www.hktdc.com/event/hkmedicalfair/en/product/1Z03KAMR5; https://www.hktdc.com/event/hkmedicalfair/en/product/1Z03KAMR5; https://www.hktdc.com/event/hkmedicalfair/en/product/1X25GPZY; https://www.hktdc.com/event/hkmedicalfair/en/product/1X25GPZY; https://www.hktdc.com/event/hkmedicalfair/en/product/1Z03E7T9G; https://www.hktdc.com/event/hkmedicalfair/en/product/1Z03E7T9G; https://www.hktdc.com/event/hkmedicalfair/en/product/1X1W2JB4; https://www.hktdc.com/event/hkmedicalfair/en/product/1X1W2JB4; https://www.hktdc.com/event/hkmedicalfair/en/product/1X1SBQWY; https://www.hktdc.com/event/hkmedicalfair/en/product/1X1SBQWY; https://www.hktdc.com/event/hkmedicalfair/en/product/1X1S3OQA; https://www.hktdc.com/event/hkmedicalfair/en/product/1X1S3OQA; https://www.hktdc.com/event/hkmedicalfair/en/product/1X1KX884; https://www.hktdc.com/event/hkmedicalfair/en/product/1X1KX884; https://www.hktdc.com/event/hkmedicalfair/en/product/1X1G4OKG; https://www.hktdc.com/event/hkmedicalfair/en/product/1X1G4OKG; https://www.hktdc.com/event/hkmedicalfair/en/product/1X1AEU99; https://www.hktdc.com/event/hkmedicalfair/en/product/1X1AEU99; https://www.hktdc.com/event/hkmedicalfair/en/product/1X17A7SN; https://www.hktdc.com/event/hkmedicalfair/en/product/1X17A7SN; https://www.hktdc.com/event/hkmedicalfair/en/product/1X110O1Z; https://www.hktdc.com/event/hkmedicalfair/en/product/1X110O1Z; https://www.hktdc.com/event/hkmedicalfair/en/product/1X110O00; https://www.hktdc.com/event/hkmedicalfair/en/product/1X110O00; https://www.hktdc.com/event/hkmedicalfair/en/product/1X110NZ4; https://www.hktdc.com/event/hkmedicalfair/en/product/1X110NZ4; https://www.hktdc.com/event/hkmedicalfair/en/product/1X0VZBZ4; https://www.hktdc.com/event/hkmedicalfair/en/product/1X0VZBZ4; https://www.hktdc.com/event/hkmedicalfair/en/product/1X0VZBY5; https://www.hktdc.com/event/hkmedicalfair/en/product/1X0VZBY5; https://www.hktdc.com/event/hkmedicalfair/en/product/1Z03E7UAC; https://www.hktdc.com/event/hkmedicalfair/en/product/1Z03E7UAC
Shenzhen Viatom Technology Co. Ltd,Shenzhen Viatom Technology Co. Ltd,Chinese Mainland,"Ultrasound Equipment,Diagnostic Equipment,Electronmedical Equipment,Heart Rate Monitor,Wearable Device/Sensor,E-Health","Ultrasound Equipment,Diagnostic Equipment,Electronmedical Equipment,Heart Rate Monitor,Wearable Device/Sensor,E-Health",,Exhibitor,Hong Kong International Medical and Healthcare Fair 2025,3F-D22,Hospital Equipment and Digital Health,,1,,,"Ultrasound Equipment,Diagnostic Equipment,Electronmedical Equipment,Heart Rate Monitor,Wearable Device/Sensor,E-Health; 深圳源動創新科技有限公司創立於2013年。現旗下提供包括穿戴式血氧儀O2Ring系列、Checkme O2系列，一體式血壓計BP2系列，及ER系列心電監護產品。; Others","Ultrasound Equipment,Diagnostic Equipment,Electronmedical Equipment,Heart Rate Monitor,Wearable Device/Sensor,E-Health; 深圳源動創新科技有限公司創立於2013年。現旗下提供包括穿戴式血氧儀O2Ring系列、Checkme O2系列，一體式血壓計BP2系列，及ER系列心電監護產品。; Others",https://www.hktdc.com/event/hkmedicalfair/en/exhibitor/1S005JUYC,40,https://www.hktdc.com/event/hkmedicalfair/en/product/1Z03ILEGA; https://www.hktdc.com/event/hkmedicalfair/en/product/1Z03ILEGA; https://www.hktdc.com/event/hkmedicalfair/en/product/1Z03IUYVH; https://www.hktdc.com/event/hkmedicalfair/en/product/1Z03IUYVH; https://www.hktdc.com/event/hkmedicalfair/en/product/1Z03IAPTW; https://www.hktdc.com/event/hkmedicalfair/en/product/1Z03IAPTW; https://www.hktdc.com/event/hkmedicalfair/en/product/1Z03IC4SK; https://www.hktdc.com/event/hkmedicalfair/en/product/1Z03IC4SK; https://www.hktdc.com/event/hkmedicalfair/en/product/1Z03ILF70; https://www.hktdc.com/event/hkmedicalfair/en/product/1Z03ILF70; https://www.hktdc.com/event/hkmedicalfair/en/product/1Z03IK396; https://www.hktdc.com/event/hkmedicalfair/en/product/1Z03IK396; https://www.hktdc.com/event/hkmedicalfair/en/product/1Z03IBLOF; https://www.hktdc.com/event/hkmedicalfair/en/product/1Z03IBLOF; https://www.hktdc.com/event/hkmedicalfair/en/product/1Z03IH0GO; https://www.hktdc.com/event/hkmedicalfair/en/product/1Z03IH0GO; https://www.hktdc.com/event/hkmedicalfair/en/product/1Z03IAWTP; https://www.hktdc.com/event/hkmedicalfair/en/product/1Z03IAWTP; https://www.hktdc.com/event/hkmedicalfair/en/product/1Z03IMWN7; https://www.hktdc.com/event/hkmedicalfair/en/product/1Z03IMWN7; https://www.hktdc.com/event/hkmedicalfair/en/product/1Z03IEOOC; https://www.hktdc.com/event/hkmedicalfair/en/product/1Z03IEOOC; https://www.hktdc.com/event/hkmedicalfair/en/product/1Z03IDSNB; https://www.hktdc.com/event/hkmedicalfair/en/product/1Z03IDSNB; https://www.hktdc.com/event/hkmedicalfair/en/product/1Z03IC8K4; https://www.hktdc.com/event/hkmedicalfair/en/product/1Z03IC8K4; https://www.hktdc.com/event/hkmedicalfair/en/product/1Z03IK4PT; https://www.hktdc.com/event/hkmedicalfair/en/product/1Z03IK4PT; https://www.hktdc.com/event/hkmedicalfair/en/product/1Z03IKACQ; https://www.hktdc.com/event/hkmedicalfair/en/product/1Z03IKACQ; https://www.hktdc.com/event/hkmedicalfair/en/product/1Z03IC6Y0; https://www.hktdc.com/event/hkmedicalfair/en/product/1Z03IC6Y0; https://www.hktdc.com/event/hkmedicalfair/en/product/1Z03IDRLI; https://www.hktdc.com/event/hkmedicalfair/en/product/1Z03IDRLI; https://www.hktdc.com/event/hkmedicalfair/en/product/1Z03IEQ17; https://www.hktdc.com/event/hkmedicalfair/en/product/1Z03IEQ17; https://www.hktdc.com/event/hkmedicalfair/en/product/1Z03IBKKS; https://www.hktdc.com/event/hkmedicalfair/en/product/1Z03IBKKS; https://www.hktdc.com/event/hkmedicalfair/en/product/1Z03IDTKJ; https://www.hktdc.com/event/hkmedicalfair/en/product/1Z03IDTKJ
Carmelton Company Limited,Carmelton Company Limited,Hong Kong,"Carmelton Company Ltd is a Hong Kong based enterprise which professionally produces high quality adult & baby diaper and absorbent hygiene products. We have a 35,000m2 facility located in Dongguan, China. Carmelton was established in 1993 with investment capital more than USD10 million. To ensure the quality products and management, we observe ISO9001:2008 and the ISO13485:2003, most of our products are accredited with CE Certificate and FDA. We have innovative product design team to develop new products to accommodate global demand of the needy. We associate with many reputable companies to make OEM products selling to more than 50 countries around the world.","Carmelton Company Ltd is a Hong Kong based enterprise which professionally produces high quality adult & baby diaper and absorbent hygiene products. We have a 35,000m2 facility located in Dongguan, China. Carmelton was established in 1993 with investment capital more than USD10 million. To ensure the quality products and management, we observe ISO9001:2008 and the ISO13485:2003, most of our products are accredited with CE Certificate and FDA. We have innovative product design team to develop new products to accommodate global demand of the needy. We associate with many reputable companies to make OEM products selling to more than 50 countries around the world.",,Exhibitor,Hong Kong International Medical and Healthcare Fair 2025,3F-D04,Rehabilitation and Elderly Care,Greater Bay Area Health Industries Association Pavilion,1,,,"Elderly Care Product,Adult Diaper; Baby & Adult Diaper, Light Incontinence Pad, Underpad, Sanitory Napkin, Wet Wipes, Insert Pad, Pet Sheet, Pet Diaper.; OBM, OEM, ODM","Elderly Care Product,Adult Diaper; Baby & Adult Diaper, Light Incontinence Pad, Underpad, Sanitory Napkin, Wet Wipes, Insert Pad, Pet Sheet, Pet Diaper.; OBM, OEM, ODM",https://www.hktdc.com/event/hkmedicalfair/en/exhibitor/1S005IZZ4,40,https://www.hktdc.com/event/hkmedicalfair/en/product/1Z03H7MLN; https://www.hktdc.com/event/hkmedicalfair/en/product/1Z03H7MLN; https://www.hktdc.com/event/hkmedicalfair/en/product/1Z03GXQKM; https://www.hktdc.com/event/hkmedicalfair/en/product/1Z03GXQKM; https://www.hktdc.com/event/hkmedicalfair/en/product/1Z03FAZ5M; https://www.hktdc.com/event/hkmedicalfair/en/product/1Z03FAZ5M; https://www.hktdc.com/event/hkmedicalfair/en/product/1Z03H03ER; https://www.hktdc.com/event/hkmedicalfair/en/product/1Z03H03ER; https://www.hktdc.com/event/hkmedicalfair/en/product/1Z03H03B0; https://www.hktdc.com/event/hkmedicalfair/en/product/1Z03H03B0; https://www.hktdc.com/event/hkmedicalfair/en/product/1Z03GXQF1; https://www.hktdc.com/event/hkmedicalfair/en/product/1Z03GXQF1; https://www.hktdc.com/event/hkmedicalfair/en/product/1Z03KASBB; https://www.hktdc.com/event/hkmedicalfair/en/product/1Z03KASBB; https://www.hktdc.com/event/hkmedicalfair/en/product/1Z03H7MKQ; https://www.hktdc.com/event/hkmedicalfair/en/product/1Z03H7MKQ; https://www.hktdc.com/event/hkmedicalfair/en/product/1Z03FAY9B; https://www.hktdc.com/event/hkmedicalfair/en/product/1Z03FAY9B; https://www.hktdc.com/event/hkmedicalfair/en/product/1Z03FAY4Q; https://www.hktdc.com/event/hkmedicalfair/en/product/1Z03FAY4Q; https://www.hktdc.com/event/hkmedicalfair/en/product/1X1S6Z4Z; https://www.hktdc.com/event/hkmedicalfair/en/product/1X1S6Z4Z; https://www.hktdc.com/event/hkmedicalfair/en/product/1Z03FAWYA; https://www.hktdc.com/event/hkmedicalfair/en/product/1Z03FAWYA; https://www.hktdc.com/event/hkmedicalfair/en/product/1X1L2Q9L; https://www.hktdc.com/event/hkmedicalfair/en/product/1X1L2Q9L; https://www.hktdc.com/event/hkmedicalfair/en/product/1X1ER6UO; https://www.hktdc.com/event/hkmedicalfair/en/product/1X1ER6UO; https://www.hktdc.com/event/hkmedicalfair/en/product/1X1EQ5NY; https://www.hktdc.com/event/hkmedicalfair/en/product/1X1EQ5NY; https://www.hktdc.com/event/hkmedicalfair/en/product/1Z03FAYEW; https://www.hktdc.com/event/hkmedicalfair/en/product/1Z03FAYEW; https://www.hktdc.com/event/hkmedicalfair/en/product/1Z03FAZPY; https://www.hktdc.com/event/hkmedicalfair/en/product/1Z03FAZPY; https://www.hktdc.com/event/hkmedicalfair/en/product/1Z03GZXY9; https://www.hktdc.com/event/hkmedicalfair/en/product/1Z03GZXY9; https://www.hktdc.com/event/hkmedicalfair/en/product/1Z03GXEGA; https://www.hktdc.com/event/hkmedicalfair/en/product/1Z03GXEGA; https://www.hktdc.com/event/hkmedicalfair/en/product/1Z03GXQMG; https://www.hktdc.com/event/hkmedicalfair/en/product/1Z03GXQMG
Hanshin Technology Limited,Hanshin Technology Limited,Hong Kong,"In observation of the global aging and inspiration of Gerontech trend, we aim to develop and provide the best healthcare solution to our customers and also contribute to our society at the same time. After three years of continuous efforts from R&D team, a series of eCare products have been launched recently and there is positive response from different industries.","In observation of the global aging and inspiration of Gerontech trend, we aim to develop and provide the best healthcare solution to our customers and also contribute to our society at the same time. After three years of continuous efforts from R&D team, a series of eCare products have been launched recently and there is positive response from different industries.",,Exhibitor,Hong Kong International Medical and Healthcare Fair 2025,3G-A23,Hospital Equipment and Digital Health,,1,,,"Elderly Care Product,Electronmedical Equipment,Healthcare Product,Patient Monitoring System,Heart Rate Monitor; Fall Detection System ; Anti-Wandering System ; In-bed Healthcare System; Smart Wearable Thermometer; OEM","Elderly Care Product,Electronmedical Equipment,Healthcare Product,Patient Monitoring System,Heart Rate Monitor; Fall Detection System ; Anti-Wandering System ; In-bed Healthcare System; Smart Wearable Thermometer; OEM",https://www.hktdc.com/event/hkmedicalfair/en/exhibitor/1S005IVN8,2,https://www.hktdc.com/event/hkmedicalfair/en/product/1Z03MCQYG; https://www.hktdc.com/event/hkmedicalfair/en/product/1Z03MCQYG
NF Essential Limited,NF Essential Limited,Hong Kong,"Healthcare Product,Health Food,Health Supplement,Health Management and Consultancy,Body Trimming and Shaping,Anti-Aging Supplement","Healthcare Product,Health Food,Health Supplement,Health Management and Consultancy,Body Trimming and Shaping,Anti-Aging Supplement",,Exhibitor,Hong Kong International Medical and Healthcare Fair 2025,3G-E24,World of Health and Wellness,,1,,,"Healthcare Product,Health Food,Health Supplement,Health Management and Consultancy,Body Trimming and Shaping,Anti-Aging Supplement; Agent for the anti-aging exosomes and health products for the nervous system and cells developed by Swiss biotechnology; Others","Healthcare Product,Health Food,Health Supplement,Health Management and Consultancy,Body Trimming and Shaping,Anti-Aging Supplement; Agent for the anti-aging exosomes and health products for the nervous system and cells developed by Swiss biotechnology; Others",https://www.hktdc.com/event/hkmedicalfair/en/exhibitor/1S005JGT5,40,https://www.hktdc.com/event/hkmedicalfair/en/product/1Z03H86FL; https://www.hktdc.com/event/hkmedicalfair/en/product/1Z03H86FL; https://www.hktdc.com/event/hkmedicalfair/en/product/1Z03O36W6; https://www.hktdc.com/event/hkmedicalfair/en/product/1Z03O36W6; https://www.hktdc.com/event/hkmedicalfair/en/product/1Z03O3792; https://www.hktdc.com/event/hkmedicalfair/en/product/1Z03O3792; https://www.hktdc.com/event/hkmedicalfair/en/product/1Z03O3969; https://www.hktdc.com/event/hkmedicalfair/en/product/1Z03O3969; https://www.hktdc.com/event/hkmedicalfair/en/product/1X25LLEV; https://www.hktdc.com/event/hkmedicalfair/en/product/1X25LLEV; https://www.hktdc.com/event/hkmedicalfair/en/product/1Z03H86PR; https://www.hktdc.com/event/hkmedicalfair/en/product/1Z03H86PR; https://www.hktdc.com/event/hkmedicalfair/en/product/1Z03H856D; https://www.hktdc.com/event/hkmedicalfair/en/product/1Z03H856D; https://www.hktdc.com/event/hkmedicalfair/en/product/1Z03H8693; https://www.hktdc.com/event/hkmedicalfair/en/product/1Z03H8693; https://www.hktdc.com/event/hkmedicalfair/en/product/1X25OUJZ; https://www.hktdc.com/event/hkmedicalfair/en/product/1X25OUJZ; https://www.hktdc.com/event/hkmedicalfair/en/product/1X25OUH1; https://www.hktdc.com/event/hkmedicalfair/en/product/1X25OUH1; https://www.hktdc.com/event/hkmedicalfair/en/product/1X25LLWD; https://www.hktdc.com/event/hkmedicalfair/en/product/1X25LLWD; https://www.hktdc.com/event/hkmedicalfair/en/product/1X25LLUF; https://www.hktdc.com/event/hkmedicalfair/en/product/1X25LLUF; https://www.hktdc.com/event/hkmedicalfair/en/product/1X25LLTG; https://www.hktdc.com/event/hkmedicalfair/en/product/1X25LLTG; https://www.hktdc.com/event/hkmedicalfair/en/product/1X25LLRI; https://www.hktdc.com/event/hkmedicalfair/en/product/1X25LLRI; https://www.hktdc.com/event/hkmedicalfair/en/product/1X25LLPK; https://www.hktdc.com/event/hkmedicalfair/en/product/1X25LLPK; https://www.hktdc.com/event/hkmedicalfair/en/product/1X25LLLO; https://www.hktdc.com/event/hkmedicalfair/en/product/1X25LLLO; https://www.hktdc.com/event/hkmedicalfair/en/product/1X25LLKP; https://www.hktdc.com/event/hkmedicalfair/en/product/1X25LLKP; https://www.hktdc.com/event/hkmedicalfair/en/product/1X25LLJQ; https://www.hktdc.com/event/hkmedicalfair/en/product/1X25LLJQ; https://www.hktdc.com/event/hkmedicalfair/en/product/1X25LLIR; https://www.hktdc.com/event/hkmedicalfair/en/product/1X25LLIR; https://www.hktdc.com/event/hkmedicalfair/en/product/1X25LLGT; https://www.hktdc.com/event/hkmedicalfair/en/product/1X25LLGT
Savewo Limited,Savewo Limited,Hong Kong,"SAVEWO, an innovative company specialised in the development, design and production of health protection gear, was founded in 2020 with an aim to contribute to the local and global fight against COVID-19 and create products that can make Hong Kong proud. The world-class capabilities of our mask products have been confirmed by various renowned professional testing and certification bodies, including Nelson labs / SGS / TUV / KOTITI / STC / Bureau Veritas. SAVEWO is the first mask manufacturer in Hong Kong to mass-produce protective respirators certified under KF94 / KF99 (Korea) and EN149: 2001+A1: 2009 FFP2 / FFP3 (EU) standards.","SAVEWO, an innovative company specialised in the development, design and production of health protection gear, was founded in 2020 with an aim to contribute to the local and global fight against COVID-19 and create products that can make Hong Kong proud. The world-class capabilities of our mask products have been confirmed by various renowned professional testing and certification bodies, including Nelson labs / SGS / TUV / KOTITI / STC / Bureau Veritas. SAVEWO is the first mask manufacturer in Hong Kong to mass-produce protective respirators certified under KF94 / KF99 (Korea) and EN149: 2001+A1: 2009 FFP2 / FFP3 (EU) standards.",,Exhibitor,Hong Kong International Medical and Healthcare Fair 2025,3F-D09,Medical Supplies and Disposables,,1,,,"Personal Protective Equipment,Medical Preparation & Production Equipment,Antiseptic Products & Alcohol,Medical Mask,Medical Consumable,Personal Hygiene Supplies; SAVEWO, an innovative company specialised in the development, design and production of health protection gear, was founded in 2020 with an aim to contribute to the local and global fight against COVID-19 and create products that can make Hong Kong pr; ODM, OBM, OEM","Personal Protective Equipment,Medical Preparation & Production Equipment,Antiseptic Products & Alcohol,Medical Mask,Medical Consumable,Personal Hygiene Supplies; SAVEWO, an innovative company specialised in the development, design and production of health protection gear, was founded in 2020 with an aim to contribute to the local and global fight against COVID-19 and create products that can make Hong Kong pr; ODM, OBM, OEM",https://www.hktdc.com/event/hkmedicalfair/en/exhibitor/1S005ITC7,24,https://www.hktdc.com/event/hkmedicalfair/en/product/1Z03G40B3; https://www.hktdc.com/event/hkmedicalfair/en/product/1Z03G40B3; https://www.hktdc.com/event/hkmedicalfair/en/product/1Z03G4J8T; https://www.hktdc.com/event/hkmedicalfair/en/product/1Z03G4J8T; https://www.hktdc.com/event/hkmedicalfair/en/product/1Z03IZWHP; https://www.hktdc.com/event/hkmedicalfair/en/product/1Z03IZWHP; https://www.hktdc.com/event/hkmedicalfair/en/product/1Z03MCXZ6; https://www.hktdc.com/event/hkmedicalfair/en/product/1Z03MCXZ6; https://www.hktdc.com/event/hkmedicalfair/en/product/1Z03G4K8S; https://www.hktdc.com/event/hkmedicalfair/en/product/1Z03G4K8S; https://www.hktdc.com/event/hkmedicalfair/en/product/1Z03MCXY9; https://www.hktdc.com/event/hkmedicalfair/en/product/1Z03MCXY9; https://www.hktdc.com/event/hkmedicalfair/en/product/1Z03G4KZJ; https://www.hktdc.com/event/hkmedicalfair/en/product/1Z03G4KZJ; https://www.hktdc.com/event/hkmedicalfair/en/product/1Z03MCXUL; https://www.hktdc.com/event/hkmedicalfair/en/product/1Z03MCXUL; https://www.hktdc.com/event/hkmedicalfair/en/product/1Z03G4HNM; https://www.hktdc.com/event/hkmedicalfair/en/product/1Z03G4HNM; https://www.hktdc.com/event/hkmedicalfair/en/product/1Z03IZW8G; https://www.hktdc.com/event/hkmedicalfair/en/product/1Z03IZW8G; https://www.hktdc.com/event/hkmedicalfair/en/product/1Z03G4IR9; https://www.hktdc.com/event/hkmedicalfair/en/product/1Z03G4IR9; https://www.hktdc.com/event/hkmedicalfair/en/product/1Z03G4XHO; https://www.hktdc.com/event/hkmedicalfair/en/product/1Z03G4XHO
Star Industrial Co Ltd,Star Industrial Co Ltd,Hong Kong,"Medical Preparation & Production Equipment,Drug Dispensing / Drug Compliance Monitoring System and Device,Antiseptic Products & Alcohol,Medical Consumable","Medical Preparation & Production Equipment,Drug Dispensing / Drug Compliance Monitoring System and Device,Antiseptic Products & Alcohol,Medical Consumable",,Exhibitor,Hong Kong International Medical and Healthcare Fair 2025,3F-H23,Hospital Equipment and Digital Health,,1,,,"Medical Preparation & Production Equipment,Drug Dispensing / Drug Compliance Monitoring System and Device,Antiseptic Products & Alcohol,Medical Consumable; 我們的產品旨在通過保護您的食品來保護您的健康。; OBM","Medical Preparation & Production Equipment,Drug Dispensing / Drug Compliance Monitoring System and Device,Antiseptic Products & Alcohol,Medical Consumable; 我們的產品旨在通過保護您的食品來保護您的健康。; OBM",https://www.hktdc.com/event/hkmedicalfair/en/exhibitor/1S005J53M,0,
U.S. Pacific Nonwovens Industry Limited,U.S. Pacific Nonwovens Industry Limited,Hong Kong,"In conjunction with operating as OEM, ODM and OBM, U.S. Pacific manufactures a comprehensive range of customized disposable / limited-use nonwoven products including but not limited to patient handling & movement, medical/healthcare and industrial safety protection under patent protection. To comply with the global environmental protection criteria resulted from the global warming effect, U.S. Pacific has spent a great deal of effort in R&D in the past years for the ""green"" products focusing on medical, agriculture, infant supplies and home textiles. The company has expanded its scope of business to include the most updated technology in producing compostable and biodegradable nonwoven roll goods at 2.4 meters wide from bio-based polymers such as Polylatic Acid (PLA), PHA, PBS and PBAT, etc. Final process of the composting will become water and carbon dioxide, back to the nature. PLA's special characteristics find its excellent applications in products which has direct skin contact. U.S. Pacific is a technology oriented company. The material specifications, product characteristics and performance can be tested and verified by our in-house laboratory. Customer satisfaction is guaranteed by the company as a result of its profound technical knowledge, manufacturing expertise.","In conjunction with operating as OEM, ODM and OBM, U.S. Pacific manufactures a comprehensive range of customized disposable / limited-use nonwoven products including but not limited to patient handling & movement, medical/healthcare and industrial safety protection under patent protection. To comply with the global environmental protection criteria resulted from the global warming effect, U.S. Pacific has spent a great deal of effort in R&D in the past years for the ""green"" products focusing on medical, agriculture, infant supplies and home textiles. The company has expanded its scope of business to include the most updated technology in producing compostable and biodegradable nonwoven roll goods at 2.4 meters wide from bio-based polymers such as Polylatic Acid (PLA), PHA, PBS and PBAT, etc. Final process of the composting will become water and carbon dioxide, back to the nature. PLA's special characteristics find its excellent applications in products which has direct skin contact. U.S. Pacific is a technology oriented company. The material specifications, product characteristics and performance can be tested and verified by our in-house laboratory. Customer satisfaction is guaranteed by the company as a result of its profound technical knowledge, manufacturing expertise.",,Exhibitor,Hong Kong International Medical and Healthcare Fair 2025,3F-E23,Hong Kong MedTech Association (HKMTA),Hong Kong MedTech Association Pavilion,1,,,"Elderly Care Product,Personal Protective Equipment,Wheelchair,Medical Protective Clothing,Walking Stick and Walker,Rehabilitation Equipment; Proprietary designed Apparel, Stretchers, Back Support Belts, Patient Specific Lifting Slings for medical, safety, first aid & environmental protection made of Engineered/Laminated Composites Nonwovens which are Biodegradable/Compostable materials.; OEM, ODM, OBM","Elderly Care Product,Personal Protective Equipment,Wheelchair,Medical Protective Clothing,Walking Stick and Walker,Rehabilitation Equipment; Proprietary designed Apparel, Stretchers, Back Support Belts, Patient Specific Lifting Slings for medical, safety, first aid & environmental protection made of Engineered/Laminated Composites Nonwovens which are Biodegradable/Compostable materials.; OEM, ODM, OBM",https://www.hktdc.com/event/hkmedicalfair/en/exhibitor/1S005ITE1,10,https://www.hktdc.com/event/hkmedicalfair/en/product/1X1OEDCL; https://www.hktdc.com/event/hkmedicalfair/en/product/1X1OEDCL; https://www.hktdc.com/event/hkmedicalfair/en/product/1X25U59C; https://www.hktdc.com/event/hkmedicalfair/en/product/1X25U59C; https://www.hktdc.com/event/hkmedicalfair/en/product/1X25TJ5A; https://www.hktdc.com/event/hkmedicalfair/en/product/1X25TJ5A; https://www.hktdc.com/event/hkmedicalfair/en/product/1X25THXO; https://www.hktdc.com/event/hkmedicalfair/en/product/1X25THXO; https://www.hktdc.com/event/hkmedicalfair/en/product/1X25TH7E; https://www.hktdc.com/event/hkmedicalfair/en/product/1X25TH7E
Hong Kong Labware Company Limited,Hong Kong Labware Company Limited,Hong Kong,"Since 2002, Labware Group has been a pioneer in Laboratory industry. From the development of consumable business to the introduction of ""One Stop Shop"" concept, Labware group has taken a leadership position to contribute to the substantial growth of the industry. Whenever our clients think of laboratory solution, they would think about us. ""To Be Your Partner in Laboratory"" As a company, we recognize our responsibility to address environmental, social, and governance issues and to provide the best laboratory equipment and services to our customers. We will continue to innovate and improve, striving to become a leading supplier of innovative smart laboratory equipment, providing customers with better laboratory experiences and greater commercial value.","Since 2002, Labware Group has been a pioneer in Laboratory industry. From the development of consumable business to the introduction of ""One Stop Shop"" concept, Labware group has taken a leadership position to contribute to the substantial growth of the industry. Whenever our clients think of laboratory solution, they would think about us. ""To Be Your Partner in Laboratory"" As a company, we recognize our responsibility to address environmental, social, and governance issues and to provide the best laboratory equipment and services to our customers. We will continue to innovate and improve, striving to become a leading supplier of innovative smart laboratory equipment, providing customers with better laboratory experiences and greater commercial value.",,Exhibitor,Hong Kong International Medical and Healthcare Fair 2025,3F-C22,Laboratory Technologies and Healthcare Services,,1,,,"Medical Devices,Data Logger,Laboratory Equipment & Supplies,Air Purifier,Manufacturing Solution,Air Filtration System,Biotechnology Engineering,Cold Chain Logistics Solution / Medical Courier,Laboratory, Testing & Medical Analysis,Biotechnology; Laboratory equipment
Lifescience equipment
Laboratory funiture and fume hood
Laboratory set up and rennovation
Laboratory consumables and reagents; ODM, OBM, OEM","Medical Devices,Data Logger,Laboratory Equipment & Supplies,Air Purifier,Manufacturing Solution,Air Filtration System,Biotechnology Engineering,Cold Chain Logistics Solution / Medical Courier,Laboratory, Testing & Medical Analysis,Biotechnology; Laboratory equipment
Lifescience equipment
Laboratory funiture and fume hood
Laboratory set up and rennovation
Laboratory consumables and reagents; ODM, OBM, OEM",https://www.hktdc.com/event/hkmedicalfair/en/exhibitor/1S005JGU2,0,
Information Processing Consultants Ltd,Information Processing Consultants Ltd,Hong Kong,"Information Processing Consultants, Ltd. (IPc) is a Hong Kong based IT developer founded since 1983 providing total solutions customised on requirements of clients and the market. These solutions are genuinely self-initiated developed by IPc and have received awards and patent certificates. Proactive Individual Caring System (PICS?) is developed for elderly and rehabilitation homes to manage residents clinical events aiming at minimising drug incidences since 2014. PICS? obtained ICT Awards in 2018 and 2023. In 2023, PICS? has received two patent certificates from Hong Kong Government and two patent certificates from the government of People Republic of China. In 2025, PICS? has passed the User Acceptance Test and Penetration Test mandated by Health Bureau and is the pioneer in retrieving medication records for residents of RCHs. Importantly, with such a great leap, PICS? provides much safer medications to residents. IPc collaborates with their seeding NGOs, vendors, and investors who have same vision and mission in contributing Hong Kong by building AI-assisted Homes for the Elderlies and those under rehabilitation individuals. This initiative helps safeguarding well-being of residents and easing the lives of carers resulting a more harmony community.","Information Processing Consultants, Ltd. (IPc) is a Hong Kong based IT developer founded since 1983 providing total solutions customised on requirements of clients and the market. These solutions are genuinely self-initiated developed by IPc and have received awards and patent certificates. Proactive Individual Caring System (PICS?) is developed for elderly and rehabilitation homes to manage residents clinical events aiming at minimising drug incidences since 2014. PICS? obtained ICT Awards in 2018 and 2023. In 2023, PICS? has received two patent certificates from Hong Kong Government and two patent certificates from the government of People Republic of China. In 2025, PICS? has passed the User Acceptance Test and Penetration Test mandated by Health Bureau and is the pioneer in retrieving medication records for residents of RCHs. Importantly, with such a great leap, PICS? provides much safer medications to residents. IPc collaborates with their seeding NGOs, vendors, and investors who have same vision and mission in contributing Hong Kong by building AI-assisted Homes for the Elderlies and those under rehabilitation individuals. This initiative helps safeguarding well-being of residents and easing the lives of carers resulting a more harmony community.",,Exhibitor,Hong Kong International Medical and Healthcare Fair 2025,3F-E09,Biotech and Lab Diagnostics,,1,,,"Elderly Care Product,Medical Devices,Monitoring Support Device and Solution,Rehabilitation Equipment,Healthcare Product,E-Health,Smart Health Platform & Solution,Health Management and Consultancy,Big Data Medical Application,Medical and Healthcare Service; ICT2023 winner, PICS adopts AI making efficient prescription entry w/o human effort at accuracy 99.99%. EDI enables monitoring drug admin and auto dispensing machine. Facial recognition reduces error in eMAR. 16 Homes have adopted PICS since 2022.; ODM","Elderly Care Product,Medical Devices,Monitoring Support Device and Solution,Rehabilitation Equipment,Healthcare Product,E-Health,Smart Health Platform & Solution,Health Management and Consultancy,Big Data Medical Application,Medical and Healthcare Service; ICT2023 winner, PICS adopts AI making efficient prescription entry w/o human effort at accuracy 99.99%. EDI enables monitoring drug admin and auto dispensing machine. Facial recognition reduces error in eMAR. 16 Homes have adopted PICS since 2022.; ODM",https://www.hktdc.com/event/hkmedicalfair/en/exhibitor/1S005MSFZ,6,https://www.hktdc.com/event/hkmedicalfair/en/product/1Z03HX5ZY; https://www.hktdc.com/event/hkmedicalfair/en/product/1Z03HX5ZY; https://www.hktdc.com/event/hkmedicalfair/en/product/1Z03IRSRZ; https://www.hktdc.com/event/hkmedicalfair/en/product/1Z03IRSRZ; https://www.hktdc.com/event/hkmedicalfair/en/product/1Z03HX5JA; https://www.hktdc.com/event/hkmedicalfair/en/product/1Z03HX5JA
Inresearch Medical Limited,Inresearch Medical Limited,Hong Kong,"Wheelchair,Diagnostic Imaging and IVD,Monitoring Support Device and Solution,Laboratory Equipment & Supplies,Air Purifier,Laboratory, Testing & Medical Analysis,Hospital Automation Systems","Wheelchair,Diagnostic Imaging and IVD,Monitoring Support Device and Solution,Laboratory Equipment & Supplies,Air Purifier,Laboratory, Testing & Medical Analysis,Hospital Automation Systems",,Exhibitor,Hong Kong International Medical and Healthcare Fair 2025,3F-E28,Hospital Equipment and Digital Health,,1,,,"Wheelchair,Diagnostic Imaging and IVD,Monitoring Support Device and Solution,Laboratory Equipment & Supplies,Air Purifier,Laboratory, Testing & Medical Analysis,Hospital Automation Systems; 銷售醫療產品及各大政府醫院, 診所及醫療中心等
疾病檢測，監測及治療; OBM","Wheelchair,Diagnostic Imaging and IVD,Monitoring Support Device and Solution,Laboratory Equipment & Supplies,Air Purifier,Laboratory, Testing & Medical Analysis,Hospital Automation Systems; 銷售醫療產品及各大政府醫院, 診所及醫療中心等
疾病檢測，監測及治療; OBM",https://www.hktdc.com/event/hkmedicalfair/en/exhibitor/1S005MWB7,4,https://www.hktdc.com/event/hkmedicalfair/en/product/1Z03OJBU7; https://www.hktdc.com/event/hkmedicalfair/en/product/1Z03OJBU7; https://www.hktdc.com/event/hkmedicalfair/en/product/1Z03O2WD1; https://www.hktdc.com/event/hkmedicalfair/en/product/1Z03O2WD1
Nexus Industrial Design Limited,Nexus Industrial Design Limited,Hong Kong,"Established in 2003, Nexus is a Hong Kong based company specialized in product design and product development of consumer electronics. We make our own O.B.M. products under brand of NEXUS or nid and also perform O.D.M. or O.E.M. project development for our customers from Japan, South Korea, Europe and USA. We offer our competence and design engineering to our customers from concept development to mass production. That includes: 1. Design rendering 2. 3D model building 3. Mock-up / working prototype 4. Value engineering / cost engineering 5. Reliability test 6. Pilot run production 7. Q.C. / Q.A. in each work station during mass production","Established in 2003, Nexus is a Hong Kong based company specialized in product design and product development of consumer electronics. We make our own O.B.M. products under brand of NEXUS or nid and also perform O.D.M. or O.E.M. project development for our customers from Japan, South Korea, Europe and USA. We offer our competence and design engineering to our customers from concept development to mass production. That includes: 1. Design rendering 2. 3D model building 3. Mock-up / working prototype 4. Value engineering / cost engineering 5. Reliability test 6. Pilot run production 7. Q.C. / Q.A. in each work station during mass production",,Exhibitor,Hong Kong International Medical and Healthcare Fair 2025,3G-C19,Rehabilitation and Elderly Care,,1,,,"Elderly Care Product; 1) Electronic Voice Assistant for Pill Taking, Water Drinking, Body Check, Exercise, etc. 
2) Electronic Alarm Clock for Elder
3) Room Temperature / Humidity Alert
4) Electronic Timer
5) Vibration / High Volume / Light Blinking Alarm Clock; ODM, OEM, OBM","Elderly Care Product; 1) Electronic Voice Assistant for Pill Taking, Water Drinking, Body Check, Exercise, etc. 
2) Electronic Alarm Clock for Elder
3) Room Temperature / Humidity Alert
4) Electronic Timer
5) Vibration / High Volume / Light Blinking Alarm Clock; ODM, OEM, OBM",https://www.hktdc.com/event/hkmedicalfair/en/exhibitor/1S005MSP5,40,https://www.hktdc.com/event/hkmedicalfair/en/product/1Z03O3GWW; https://www.hktdc.com/event/hkmedicalfair/en/product/1Z03O3GWW; https://www.hktdc.com/event/hkmedicalfair/en/product/1Z03O3EXV; https://www.hktdc.com/event/hkmedicalfair/en/product/1Z03O3EXV; https://www.hktdc.com/event/hkmedicalfair/en/product/1Z03O3EMS; https://www.hktdc.com/event/hkmedicalfair/en/product/1Z03O3EMS; https://www.hktdc.com/event/hkmedicalfair/en/product/1Z03O3DFE; https://www.hktdc.com/event/hkmedicalfair/en/product/1Z03O3DFE; https://www.hktdc.com/event/hkmedicalfair/en/product/1Z03O3H7Y; https://www.hktdc.com/event/hkmedicalfair/en/product/1Z03O3H7Y; https://www.hktdc.com/event/hkmedicalfair/en/product/1X27E9VE; https://www.hktdc.com/event/hkmedicalfair/en/product/1X27E9VE; https://www.hktdc.com/event/hkmedicalfair/en/product/1Z03O3EI4; https://www.hktdc.com/event/hkmedicalfair/en/product/1Z03O3EI4; https://www.hktdc.com/event/hkmedicalfair/en/product/1Z03O3DBQ; https://www.hktdc.com/event/hkmedicalfair/en/product/1Z03O3DBQ; https://www.hktdc.com/event/hkmedicalfair/en/product/1Z03O3CW0; https://www.hktdc.com/event/hkmedicalfair/en/product/1Z03O3CW0; https://www.hktdc.com/event/hkmedicalfair/en/product/1X27J53I; https://www.hktdc.com/event/hkmedicalfair/en/product/1X27J53I; https://www.hktdc.com/event/hkmedicalfair/en/product/1X27ESUU; https://www.hktdc.com/event/hkmedicalfair/en/product/1X27ESUU; https://www.hktdc.com/event/hkmedicalfair/en/product/1X27EALL; https://www.hktdc.com/event/hkmedicalfair/en/product/1X27EALL; https://www.hktdc.com/event/hkmedicalfair/en/product/1X27EAES; https://www.hktdc.com/event/hkmedicalfair/en/product/1X27EAES; https://www.hktdc.com/event/hkmedicalfair/en/product/1X27DEVZ; https://www.hktdc.com/event/hkmedicalfair/en/product/1X27DEVZ; https://www.hktdc.com/event/hkmedicalfair/en/product/1X27DCKG; https://www.hktdc.com/event/hkmedicalfair/en/product/1X27DCKG; https://www.hktdc.com/event/hkmedicalfair/en/product/1X25133O; https://www.hktdc.com/event/hkmedicalfair/en/product/1X25133O; https://www.hktdc.com/event/hkmedicalfair/en/product/1X25131Q; https://www.hktdc.com/event/hkmedicalfair/en/product/1X25131Q; https://www.hktdc.com/event/hkmedicalfair/en/product/1X1XDI99; https://www.hktdc.com/event/hkmedicalfair/en/product/1X1XDI99; https://www.hktdc.com/event/hkmedicalfair/en/product/1X1XDI8A; https://www.hktdc.com/event/hkmedicalfair/en/product/1X1XDI8A; https://www.hktdc.com/event/hkmedicalfair/en/product/1X1XDI7B; https://www.hktdc.com/event/hkmedicalfair/en/product/1X1XDI7B
OOXY Technology Limited,OOXY Technology Limited,Hong Kong,"Our company ""OOXY Technology Ltd."" is the pioneer product developer in the Ergonomic Workstation furniture, utensils and healthcare related field. We supply to worldwide and local Hong Kong, providing full range OBM products, accept OEM/ODM export projects and local Hong Kong custom-made services. We support to hospitals, clinics, elderly care, rehabitation, occupational/physiotherapy, organizations and corporates.","Our company ""OOXY Technology Ltd."" is the pioneer product developer in the Ergonomic Workstation furniture, utensils and healthcare related field. We supply to worldwide and local Hong Kong, providing full range OBM products, accept OEM/ODM export projects and local Hong Kong custom-made services. We support to hospitals, clinics, elderly care, rehabitation, occupational/physiotherapy, organizations and corporates.",,Exhibitor,Hong Kong International Medical and Healthcare Fair 2025,3F-F30,Hospital Equipment and Digital Health,,1,,,"Ward Facilities, Furniture and Supplies; Ergonomic Workstation, Safety frame, Hospital furniture; ODM, OBM, OEM","Ward Facilities, Furniture and Supplies; Ergonomic Workstation, Safety frame, Hospital furniture; ODM, OBM, OEM",https://www.hktdc.com/event/hkmedicalfair/en/exhibitor/1S005IYQW,40,https://www.hktdc.com/event/hkmedicalfair/en/product/1X274L72; https://www.hktdc.com/event/hkmedicalfair/en/product/1X274L72; https://www.hktdc.com/event/hkmedicalfair/en/product/1X274L54; https://www.hktdc.com/event/hkmedicalfair/en/product/1X274L54; https://www.hktdc.com/event/hkmedicalfair/en/product/1X26ZYNJ; https://www.hktdc.com/event/hkmedicalfair/en/product/1X26ZYNJ; https://www.hktdc.com/event/hkmedicalfair/en/product/1X26VS0O; https://www.hktdc.com/event/hkmedicalfair/en/product/1X26VS0O; https://www.hktdc.com/event/hkmedicalfair/en/product/1X26VQU0; https://www.hktdc.com/event/hkmedicalfair/en/product/1X26VQU0; https://www.hktdc.com/event/hkmedicalfair/en/product/1X26VQ6O; https://www.hktdc.com/event/hkmedicalfair/en/product/1X26VQ6O; https://www.hktdc.com/event/hkmedicalfair/en/product/1X26VJ3C; https://www.hktdc.com/event/hkmedicalfair/en/product/1X26VJ3C; https://www.hktdc.com/event/hkmedicalfair/en/product/1X26VILX; https://www.hktdc.com/event/hkmedicalfair/en/product/1X26VILX; https://www.hktdc.com/event/hkmedicalfair/en/product/1X26VGYQ; https://www.hktdc.com/event/hkmedicalfair/en/product/1X26VGYQ; https://www.hktdc.com/event/hkmedicalfair/en/product/1X26VFL6; https://www.hktdc.com/event/hkmedicalfair/en/product/1X26VFL6; https://www.hktdc.com/event/hkmedicalfair/en/product/1X26VDU3; https://www.hktdc.com/event/hkmedicalfair/en/product/1X26VDU3; https://www.hktdc.com/event/hkmedicalfair/en/product/1X26VBAT; https://www.hktdc.com/event/hkmedicalfair/en/product/1X26VBAT; https://www.hktdc.com/event/hkmedicalfair/en/product/1X25V7KV; https://www.hktdc.com/event/hkmedicalfair/en/product/1X25V7KV; https://www.hktdc.com/event/hkmedicalfair/en/product/1X25V5ST; https://www.hktdc.com/event/hkmedicalfair/en/product/1X25V5ST; https://www.hktdc.com/event/hkmedicalfair/en/product/1X25UY51; https://www.hktdc.com/event/hkmedicalfair/en/product/1X25UY51; https://www.hktdc.com/event/hkmedicalfair/en/product/1X25U1JE; https://www.hktdc.com/event/hkmedicalfair/en/product/1X25U1JE; https://www.hktdc.com/event/hkmedicalfair/en/product/1X25U1IF; https://www.hktdc.com/event/hkmedicalfair/en/product/1X25U1IF; https://www.hktdc.com/event/hkmedicalfair/en/product/1X25LXFU; https://www.hktdc.com/event/hkmedicalfair/en/product/1X25LXFU; https://www.hktdc.com/event/hkmedicalfair/en/product/1X25CKA2; https://www.hktdc.com/event/hkmedicalfair/en/product/1X25CKA2; https://www.hktdc.com/event/hkmedicalfair/en/product/1X25B6G2; https://www.hktdc.com/event/hkmedicalfair/en/product/1X25B6G2
One Stop Medical Limited,One Stop Medical Limited,Hong Kong,"Personal Protective Equipment,Therapeutic Devices & Accessories,First Aid Equipment,Antiseptic Products & Alcohol,Medical Mask,Medical Consumable,Medical Dressing Set,Medical Gloves,Medical Protective Clothing,Personal Hygiene Supplies","Personal Protective Equipment,Therapeutic Devices & Accessories,First Aid Equipment,Antiseptic Products & Alcohol,Medical Mask,Medical Consumable,Medical Dressing Set,Medical Gloves,Medical Protective Clothing,Personal Hygiene Supplies",,Exhibitor,Hong Kong International Medical and Healthcare Fair 2025,3F-C09,Medical Supplies and Disposables,,1,,,"Personal Protective Equipment,Therapeutic Devices & Accessories,First Aid Equipment,Antiseptic Products & Alcohol,Medical Mask,Medical Consumable,Medical Dressing Set,Medical Gloves,Medical Protective Clothing,Personal Hygiene Supplies; Medical devices, Medical disposable products; Others","Personal Protective Equipment,Therapeutic Devices & Accessories,First Aid Equipment,Antiseptic Products & Alcohol,Medical Mask,Medical Consumable,Medical Dressing Set,Medical Gloves,Medical Protective Clothing,Personal Hygiene Supplies; Medical devices, Medical disposable products; Others",https://www.hktdc.com/event/hkmedicalfair/en/exhibitor/1S005ITO7,28,https://www.hktdc.com/event/hkmedicalfair/en/product/1X25SEHD; https://www.hktdc.com/event/hkmedicalfair/en/product/1X25SEHD; https://www.hktdc.com/event/hkmedicalfair/en/product/1X25R4F9; https://www.hktdc.com/event/hkmedicalfair/en/product/1X25R4F9; https://www.hktdc.com/event/hkmedicalfair/en/product/1X25R3M5; https://www.hktdc.com/event/hkmedicalfair/en/product/1X25R3M5; https://www.hktdc.com/event/hkmedicalfair/en/product/1X25QQN7; https://www.hktdc.com/event/hkmedicalfair/en/product/1X25QQN7; https://www.hktdc.com/event/hkmedicalfair/en/product/1X25QODN; https://www.hktdc.com/event/hkmedicalfair/en/product/1X25QODN; https://www.hktdc.com/event/hkmedicalfair/en/product/1X25QOCO; https://www.hktdc.com/event/hkmedicalfair/en/product/1X25QOCO; https://www.hktdc.com/event/hkmedicalfair/en/product/1X25QO7T; https://www.hktdc.com/event/hkmedicalfair/en/product/1X25QO7T; https://www.hktdc.com/event/hkmedicalfair/en/product/1X25M61H; https://www.hktdc.com/event/hkmedicalfair/en/product/1X25M61H; https://www.hktdc.com/event/hkmedicalfair/en/product/1X25M1JE; https://www.hktdc.com/event/hkmedicalfair/en/product/1X25M1JE; https://www.hktdc.com/event/hkmedicalfair/en/product/1X25GPKD; https://www.hktdc.com/event/hkmedicalfair/en/product/1X25GPKD; https://www.hktdc.com/event/hkmedicalfair/en/product/1Z03MDM7T; https://www.hktdc.com/event/hkmedicalfair/en/product/1Z03MDM7T; https://www.hktdc.com/event/hkmedicalfair/en/product/1Z03MDM42; https://www.hktdc.com/event/hkmedicalfair/en/product/1Z03MDM42; https://www.hktdc.com/event/hkmedicalfair/en/product/1Z03MDMAK; https://www.hktdc.com/event/hkmedicalfair/en/product/1Z03MDMAK; https://www.hktdc.com/event/hkmedicalfair/en/product/1Z03MDM5Z; https://www.hktdc.com/event/hkmedicalfair/en/product/1Z03MDM5Z
Win Horizon Limited,Win Horizon Limited,Hong Kong,"Elderly Care Product,Medical Devices,Monitoring Support Device and Solution,Healthcare Product,Patient Monitoring System,Smart Health Platform & Solution,Health Management and Consultancy,Health Management Apps/Systems,Medical and Healthcare Service","Elderly Care Product,Medical Devices,Monitoring Support Device and Solution,Healthcare Product,Patient Monitoring System,Smart Health Platform & Solution,Health Management and Consultancy,Health Management Apps/Systems,Medical and Healthcare Service",,Exhibitor,Hong Kong International Medical and Healthcare Fair 2025,3F-E10,Hong Kong MedTech Association (HKMTA),Hong Kong MedTech Association Pavilion,1,,,"Elderly Care Product,Medical Devices,Monitoring Support Device and Solution,Healthcare Product,Patient Monitoring System,Smart Health Platform & Solution,Health Management and Consultancy,Health Management Apps/Systems,Medical and Healthcare Service; PASESA 心血管檢測儀是全球唯一能夠探測心血管硬度的便攜醫療儀器，能於90秒內無創全自動檢測心血管硬度。用家透過持續監察心血管硬度，能夠及時發現心血管異常狀況，避免相關疾病，例如中風及心肌梗塞。如果您曾經患上心血管疾病，PASESA 更是防止復發及量度治療成效的重要儀器，讓你真正遠離心血管疾病。儀器由日本頂級醫療研究所 Datum 株式會社研發，擁有多項國際專利，能夠檢測心血管硬度 AVI 和 API ，成效受日本東京大學研究所證實; OBM","Elderly Care Product,Medical Devices,Monitoring Support Device and Solution,Healthcare Product,Patient Monitoring System,Smart Health Platform & Solution,Health Management and Consultancy,Health Management Apps/Systems,Medical and Healthcare Service; PASESA 心血管檢測儀是全球唯一能夠探測心血管硬度的便攜醫療儀器，能於90秒內無創全自動檢測心血管硬度。用家透過持續監察心血管硬度，能夠及時發現心血管異常狀況，避免相關疾病，例如中風及心肌梗塞。如果您曾經患上心血管疾病，PASESA 更是防止復發及量度治療成效的重要儀器，讓你真正遠離心血管疾病。儀器由日本頂級醫療研究所 Datum 株式會社研發，擁有多項國際專利，能夠檢測心血管硬度 AVI 和 API ，成效受日本東京大學研究所證實; OBM",https://www.hktdc.com/event/hkmedicalfair/en/exhibitor/1S005J51S,16,https://www.hktdc.com/event/hkmedicalfair/en/product/1X239DR6; https://www.hktdc.com/event/hkmedicalfair/en/product/1X239DR6; https://www.hktdc.com/event/hkmedicalfair/en/product/1X239DQ7; https://www.hktdc.com/event/hkmedicalfair/en/product/1X239DQ7; https://www.hktdc.com/event/hkmedicalfair/en/product/1Z03GBOZF; https://www.hktdc.com/event/hkmedicalfair/en/product/1Z03GBOZF; https://www.hktdc.com/event/hkmedicalfair/en/product/1X20IK48; https://www.hktdc.com/event/hkmedicalfair/en/product/1X20IK48; https://www.hktdc.com/event/hkmedicalfair/en/product/1Z03G5B81; https://www.hktdc.com/event/hkmedicalfair/en/product/1Z03G5B81; https://www.hktdc.com/event/hkmedicalfair/en/product/1Z03G5BCP; https://www.hktdc.com/event/hkmedicalfair/en/product/1Z03G5BCP; https://www.hktdc.com/event/hkmedicalfair/en/product/1Z03G5BMV; https://www.hktdc.com/event/hkmedicalfair/en/product/1Z03G5BMV; https://www.hktdc.com/event/hkmedicalfair/en/product/1Z03GBO40; https://www.hktdc.com/event/hkmedicalfair/en/product/1Z03GBO40
Bodycare Company Limited,Bodycare Company Limited,Hong Kong,"We are a company of providing quality medical products, including treatment table, medical equipment, rehabilitation supplies, orthopedic and surgical supplies. We providing over 300 products in Hong Kong and Macao market with over 15 years.","We are a company of providing quality medical products, including treatment table, medical equipment, rehabilitation supplies, orthopedic and surgical supplies. We providing over 300 products in Hong Kong and Macao market with over 15 years.",,Exhibitor,Hong Kong International Medical and Healthcare Fair 2025,3F-B02,Medical Supplies and Disposables,,1,,,"Therapeutic Devices & Accessories,Medical Preparation & Production Equipment,Medical Consumable; Vesta, zeuswave, tesla, lazer, ict interferential, ultrasound...; Others, OBM","Therapeutic Devices & Accessories,Medical Preparation & Production Equipment,Medical Consumable; Vesta, zeuswave, tesla, lazer, ict interferential, ultrasound...; Others, OBM",https://www.hktdc.com/event/hkmedicalfair/en/exhibitor/1S005ITHS,40,https://www.hktdc.com/event/hkmedicalfair/en/product/1X25MV1E; https://www.hktdc.com/event/hkmedicalfair/en/product/1X25MV1E; https://www.hktdc.com/event/hkmedicalfair/en/product/1X0GXD4T; https://www.hktdc.com/event/hkmedicalfair/en/product/1X0GXD4T; https://www.hktdc.com/event/hkmedicalfair/en/product/1Z03G4CT9; https://www.hktdc.com/event/hkmedicalfair/en/product/1Z03G4CT9; https://www.hktdc.com/event/hkmedicalfair/en/product/1Z03EAW3V; https://www.hktdc.com/event/hkmedicalfair/en/product/1Z03EAW3V; https://www.hktdc.com/event/hkmedicalfair/en/product/1Z03FO9V6; https://www.hktdc.com/event/hkmedicalfair/en/product/1Z03FO9V6; https://www.hktdc.com/event/hkmedicalfair/en/product/1Z03EFB5A; https://www.hktdc.com/event/hkmedicalfair/en/product/1Z03EFB5A; https://www.hktdc.com/event/hkmedicalfair/en/product/1Z03EAX6L; https://www.hktdc.com/event/hkmedicalfair/en/product/1Z03EAX6L; https://www.hktdc.com/event/hkmedicalfair/en/product/1Z03EEEKY; https://www.hktdc.com/event/hkmedicalfair/en/product/1Z03EEEKY; https://www.hktdc.com/event/hkmedicalfair/en/product/1Z03FO9YX; https://www.hktdc.com/event/hkmedicalfair/en/product/1Z03FO9YX; https://www.hktdc.com/event/hkmedicalfair/en/product/1X25MV3C; https://www.hktdc.com/event/hkmedicalfair/en/product/1X25MV3C; https://www.hktdc.com/event/hkmedicalfair/en/product/1X25MV2D; https://www.hktdc.com/event/hkmedicalfair/en/product/1X25MV2D; https://www.hktdc.com/event/hkmedicalfair/en/product/1X25MV0F; https://www.hktdc.com/event/hkmedicalfair/en/product/1X25MV0F; https://www.hktdc.com/event/hkmedicalfair/en/product/1X25MUYK; https://www.hktdc.com/event/hkmedicalfair/en/product/1X25MUYK; https://www.hktdc.com/event/hkmedicalfair/en/product/1X25MUXL; https://www.hktdc.com/event/hkmedicalfair/en/product/1X25MUXL; https://www.hktdc.com/event/hkmedicalfair/en/product/1X25MUWM; https://www.hktdc.com/event/hkmedicalfair/en/product/1X25MUWM; https://www.hktdc.com/event/hkmedicalfair/en/product/1X25MUVN; https://www.hktdc.com/event/hkmedicalfair/en/product/1X25MUVN; https://www.hktdc.com/event/hkmedicalfair/en/product/1X25MUTP; https://www.hktdc.com/event/hkmedicalfair/en/product/1X25MUTP; https://www.hktdc.com/event/hkmedicalfair/en/product/1X25MUSQ; https://www.hktdc.com/event/hkmedicalfair/en/product/1X25MUSQ; https://www.hktdc.com/event/hkmedicalfair/en/product/1X25MURR; https://www.hktdc.com/event/hkmedicalfair/en/product/1X25MURR; https://www.hktdc.com/event/hkmedicalfair/en/product/1X25MUOU; https://www.hktdc.com/event/hkmedicalfair/en/product/1X25MUOU
Delta Pyramax Engineering Limited,Delta Pyramax Engineering Limited,Hong Kong,"Founded in 1999, Delta Pyramax Engineering has most experience in construction and installation work. Having diversified and explored new markets, Delta Pyramax Engineering has more than 10 years experience in hospital infrastructure product. To further carry out our commitment to provide quality standard of living with technology and efficiency, we have increased sourcing from Europe and USA for rehabilitation and health monitoring systems.","Founded in 1999, Delta Pyramax Engineering has most experience in construction and installation work. Having diversified and explored new markets, Delta Pyramax Engineering has more than 10 years experience in hospital infrastructure product. To further carry out our commitment to provide quality standard of living with technology and efficiency, we have increased sourcing from Europe and USA for rehabilitation and health monitoring systems.",,Exhibitor,Hong Kong International Medical and Healthcare Fair 2025,3G-B02,Rehabilitation and Elderly Care,,1,,,"Elderly Care Product,Wheelchair,Transfer and Lifting Aids,Monitoring Support Device and Solution,Fall Prevention and Preventive Care Solution,Physical Therapy Equipment,Walking Stick and Walker,Rehabilitation Equipment,Companion and Caring Robot,Physiotherapy Treatment; Through worldwide sourcing, we are bringing innovative products and solutions from Epidemic Control, Building Technology, Hospital Equipment, Patient Monitoring System, Elderly Care and Rehabilitation, to other Wellness and assistive solutions.; Others","Elderly Care Product,Wheelchair,Transfer and Lifting Aids,Monitoring Support Device and Solution,Fall Prevention and Preventive Care Solution,Physical Therapy Equipment,Walking Stick and Walker,Rehabilitation Equipment,Companion and Caring Robot,Physiotherapy Treatment; Through worldwide sourcing, we are bringing innovative products and solutions from Epidemic Control, Building Technology, Hospital Equipment, Patient Monitoring System, Elderly Care and Rehabilitation, to other Wellness and assistive solutions.; Others",https://www.hktdc.com/event/hkmedicalfair/en/exhibitor/1S005IW9D,40,https://www.hktdc.com/event/hkmedicalfair/en/product/1Z03IUHS7; https://www.hktdc.com/event/hkmedicalfair/en/product/1Z03IUHS7; https://www.hktdc.com/event/hkmedicalfair/en/product/1Z03HN8L1; https://www.hktdc.com/event/hkmedicalfair/en/product/1Z03HN8L1; https://www.hktdc.com/event/hkmedicalfair/en/product/1Z03K8X8F; https://www.hktdc.com/event/hkmedicalfair/en/product/1Z03K8X8F; https://www.hktdc.com/event/hkmedicalfair/en/product/1X25X0FL; https://www.hktdc.com/event/hkmedicalfair/en/product/1X25X0FL; https://www.hktdc.com/event/hkmedicalfair/en/product/1X25WXQJ; https://www.hktdc.com/event/hkmedicalfair/en/product/1X25WXQJ; https://www.hktdc.com/event/hkmedicalfair/en/product/1X25IG6I; https://www.hktdc.com/event/hkmedicalfair/en/product/1X25IG6I; https://www.hktdc.com/event/hkmedicalfair/en/product/1X25GQT1; https://www.hktdc.com/event/hkmedicalfair/en/product/1X25GQT1; https://www.hktdc.com/event/hkmedicalfair/en/product/1X25GQS2; https://www.hktdc.com/event/hkmedicalfair/en/product/1X25GQS2; https://www.hktdc.com/event/hkmedicalfair/en/product/1X1ZQVD2; https://www.hktdc.com/event/hkmedicalfair/en/product/1X1ZQVD2; https://www.hktdc.com/event/hkmedicalfair/en/product/1X1YO5AB; https://www.hktdc.com/event/hkmedicalfair/en/product/1X1YO5AB; https://www.hktdc.com/event/hkmedicalfair/en/product/1Z03KA0GO; https://www.hktdc.com/event/hkmedicalfair/en/product/1Z03KA0GO; https://www.hktdc.com/event/hkmedicalfair/en/product/1Z03IUIS6; https://www.hktdc.com/event/hkmedicalfair/en/product/1Z03IUIS6; https://www.hktdc.com/event/hkmedicalfair/en/product/1X18UQJB; https://www.hktdc.com/event/hkmedicalfair/en/product/1X18UQJB; https://www.hktdc.com/event/hkmedicalfair/en/product/1Z03K8V9E; https://www.hktdc.com/event/hkmedicalfair/en/product/1Z03K8V9E; https://www.hktdc.com/event/hkmedicalfair/en/product/1Z03IUI0I; https://www.hktdc.com/event/hkmedicalfair/en/product/1Z03IUI0I; https://www.hktdc.com/event/hkmedicalfair/en/product/1Z03ITOBF; https://www.hktdc.com/event/hkmedicalfair/en/product/1Z03ITOBF; https://www.hktdc.com/event/hkmedicalfair/en/product/1Z03K8XA9; https://www.hktdc.com/event/hkmedicalfair/en/product/1Z03K8XA9; https://www.hktdc.com/event/hkmedicalfair/en/product/1Z03K8XUL; https://www.hktdc.com/event/hkmedicalfair/en/product/1Z03K8XUL; https://www.hktdc.com/event/hkmedicalfair/en/product/1Z03ITOXL; https://www.hktdc.com/event/hkmedicalfair/en/product/1Z03ITOXL; https://www.hktdc.com/event/hkmedicalfair/en/product/1Z03ITNS1; https://www.hktdc.com/event/hkmedicalfair/en/product/1Z03ITNS1
Health Park Trading Company Limited,Health Park Trading Company Limited,Hong Kong,Health Park Trading Company Limited founded in November 2020 and areconstantly expanding ourportfolio of products and areas of activity. We specializeto distribute quality health products toparamedical industry and general public.There have been views that population ageing and humanlifespan extension willlead to an increase in expenditures on long-term care and health care inorder tomaintain quality of life. Everything we do is focused on achieving the highestquality inmeeting the needs of our customers. Professional sales team lead by anexperienced management team(registered nurse and has been working in amedical distributor for over 30 years),Health Park Trading Company Limited founded in November 2020 and areconstantly expanding ourportfolio of products and areas of activity. We specializeto distribute quality health products toparamedical industry and general public.There have been views that population ageing and humanlifespan extension willlead to an increase in expenditures on long-term care and health care inorder tomaintain quality of life. Everything we do is focused on achieving the highestquality inmeeting the needs of our customers. Professional sales team lead by anexperienced management team(registered nurse and has been working in amedical distributor for over 30 years),,Exhibitor,Hong Kong International Medical and Healthcare Fair 2025,3F-G07,Hospital Equipment and Digital Health,,1,,,"Ward Facilities, Furniture and Supplies,Therapeutic Devices & Accessories,Medical Consumable,Medical Dressing Set,Physical Therapy Equipment,Rehabilitation Equipment,Skin Care,E-Health,Physiotherapy Treatment,Hospital Automation Systems; TOTO lateral turning system The system has three turning settings and 5 duration selections, can stand 250kg, around 50db during operation, preset at 30degreesturning degrees which meets the Int'nursing care turning standard.; OBM","Ward Facilities, Furniture and Supplies,Therapeutic Devices & Accessories,Medical Consumable,Medical Dressing Set,Physical Therapy Equipment,Rehabilitation Equipment,Skin Care,E-Health,Physiotherapy Treatment,Hospital Automation Systems; TOTO lateral turning system The system has three turning settings and 5 duration selections, can stand 250kg, around 50db during operation, preset at 30degreesturning degrees which meets the Int'nursing care turning standard.; OBM",https://www.hktdc.com/event/hkmedicalfair/en/exhibitor/1S005IVTQ,6,https://www.hktdc.com/event/hkmedicalfair/en/product/1Z03LQRHU; https://www.hktdc.com/event/hkmedicalfair/en/product/1Z03LQRHU; https://www.hktdc.com/event/hkmedicalfair/en/product/1Z03LQRSX; https://www.hktdc.com/event/hkmedicalfair/en/product/1Z03LQRSX; https://www.hktdc.com/event/hkmedicalfair/en/product/1Z03I1GMQ; https://www.hktdc.com/event/hkmedicalfair/en/product/1Z03I1GMQ
"VVFLY Electronics Co., Ltd.","VVFLY Electronics Co., Ltd.",Chinese Mainland,"Founded on December 31, 2014, VVFLY Electronics Co., Ltd. is a Chinese high-tech enterprise specializing in the application of intelligent hardware, big data, and artificial intelligence technology to human sleep.","Founded on December 31, 2014, VVFLY Electronics Co., Ltd. is a Chinese high-tech enterprise specializing in the application of intelligent hardware, big data, and artificial intelligence technology to human sleep.",,Exhibitor,Hong Kong International Medical and Healthcare Fair 2025,3F-B03,Medical Supplies and Disposables,,1,,,"Therapeutic Devices & Accessories,Medical Preparation & Production Equipment; SNORE STOPPER/ CPAP/APAP/ SLEEP MONITOR; ODM, OEM","Therapeutic Devices & Accessories,Medical Preparation & Production Equipment; SNORE STOPPER/ CPAP/APAP/ SLEEP MONITOR; ODM, OEM",https://www.hktdc.com/event/hkmedicalfair/en/exhibitor/1S005KDLW,28,https://www.hktdc.com/event/hkmedicalfair/en/product/1Z03EEJMN; https://www.hktdc.com/event/hkmedicalfair/en/product/1Z03EEJMN; https://www.hktdc.com/event/hkmedicalfair/en/product/1Z03EV73K; https://www.hktdc.com/event/hkmedicalfair/en/product/1Z03EV73K; https://www.hktdc.com/event/hkmedicalfair/en/product/1X249NKJ; https://www.hktdc.com/event/hkmedicalfair/en/product/1X249NKJ; https://www.hktdc.com/event/hkmedicalfair/en/product/1X249NJK; https://www.hktdc.com/event/hkmedicalfair/en/product/1X249NJK; https://www.hktdc.com/event/hkmedicalfair/en/product/1X23AOGK; https://www.hktdc.com/event/hkmedicalfair/en/product/1X23AOGK; https://www.hktdc.com/event/hkmedicalfair/en/product/1X235CX3; https://www.hktdc.com/event/hkmedicalfair/en/product/1X235CX3; https://www.hktdc.com/event/hkmedicalfair/en/product/1X1U0IC6; https://www.hktdc.com/event/hkmedicalfair/en/product/1X1U0IC6; https://www.hktdc.com/event/hkmedicalfair/en/product/1X1U07D2; https://www.hktdc.com/event/hkmedicalfair/en/product/1X1U07D2; https://www.hktdc.com/event/hkmedicalfair/en/product/1Z03FQ2Z1; https://www.hktdc.com/event/hkmedicalfair/en/product/1Z03FQ2Z1; https://www.hktdc.com/event/hkmedicalfair/en/product/1Z03EEJJW; https://www.hktdc.com/event/hkmedicalfair/en/product/1Z03EEJJW; https://www.hktdc.com/event/hkmedicalfair/en/product/1Z03EEJPE; https://www.hktdc.com/event/hkmedicalfair/en/product/1Z03EEJPE; https://www.hktdc.com/event/hkmedicalfair/en/product/1Z03EEJNK; https://www.hktdc.com/event/hkmedicalfair/en/product/1Z03EEJNK; https://www.hktdc.com/event/hkmedicalfair/en/product/1Z03EEJOH; https://www.hktdc.com/event/hkmedicalfair/en/product/1Z03EEJOH; https://www.hktdc.com/event/hkmedicalfair/en/product/1Z03FQ2TJ; https://www.hktdc.com/event/hkmedicalfair/en/product/1Z03FQ2TJ
Healthcare Technology International Limited,Healthcare Technology International Limited,Hong Kong,"Over 30 years experience in design and manufacturing in medical devices, Healthcare Technology International Ltd (HTI) is a member of the AML Holdings Ltd, is a Hong Kong Based company provided turnkey contract manufacturing solution on Medical device and Healthcare products. AML is an ISO 9001, ISO 13485, ISO 14001, and TS16949 certified and cGMP practicing manufacturer with FDA and CFDA registered facilities. With total 750,000 sq ft. manufacturing facilities and over 3000 workers in China, AML has an in-house mold making, plastic injection, hybrid automation, 10K/100K clean room environment and in-house bio-burden testing lab to support different production requirement. HTI provides innovative, high-quality services to world- class renowned medical and Health Devices Companies.","Over 30 years experience in design and manufacturing in medical devices, Healthcare Technology International Ltd (HTI) is a member of the AML Holdings Ltd, is a Hong Kong Based company provided turnkey contract manufacturing solution on Medical device and Healthcare products. AML is an ISO 9001, ISO 13485, ISO 14001, and TS16949 certified and cGMP practicing manufacturer with FDA and CFDA registered facilities. With total 750,000 sq ft. manufacturing facilities and over 3000 workers in China, AML has an in-house mold making, plastic injection, hybrid automation, 10K/100K clean room environment and in-house bio-burden testing lab to support different production requirement. HTI provides innovative, high-quality services to world- class renowned medical and Health Devices Companies.",,Exhibitor,Hong Kong International Medical and Healthcare Fair 2025,3F-D24,Hong Kong MedTech Association (HKMTA),Hong Kong MedTech Association Pavilion,1,,,"Electronmedical Equipment; We are a comprehensive healthcare solution provider who has been designing and manufacturing medical devices for over 30 years. We also function as distributor for medical devices such as otoscope, endoscope and  dermatoscope for telemedicine; OEM, ODM","Electronmedical Equipment; We are a comprehensive healthcare solution provider who has been designing and manufacturing medical devices for over 30 years. We also function as distributor for medical devices such as otoscope, endoscope and  dermatoscope for telemedicine; OEM, ODM",https://www.hktdc.com/event/hkmedicalfair/en/exhibitor/1S005IT3Y,16,https://www.hktdc.com/event/hkmedicalfair/en/product/1X1ZK5ST; https://www.hktdc.com/event/hkmedicalfair/en/product/1X1ZK5ST; https://www.hktdc.com/event/hkmedicalfair/en/product/1X1S4ES2; https://www.hktdc.com/event/hkmedicalfair/en/product/1X1S4ES2; https://www.hktdc.com/event/hkmedicalfair/en/product/1X1S3OY2; https://www.hktdc.com/event/hkmedicalfair/en/product/1X1S3OY2; https://www.hktdc.com/event/hkmedicalfair/en/product/1X1MX8XF; https://www.hktdc.com/event/hkmedicalfair/en/product/1X1MX8XF; https://www.hktdc.com/event/hkmedicalfair/en/product/1X1J5YNJ; https://www.hktdc.com/event/hkmedicalfair/en/product/1X1J5YNJ; https://www.hktdc.com/event/hkmedicalfair/en/product/1X1J5YMK; https://www.hktdc.com/event/hkmedicalfair/en/product/1X1J5YMK; https://www.hktdc.com/event/hkmedicalfair/en/product/1X18ZCY2; https://www.hktdc.com/event/hkmedicalfair/en/product/1X18ZCY2; https://www.hktdc.com/event/hkmedicalfair/en/product/1X18WJYH; https://www.hktdc.com/event/hkmedicalfair/en/product/1X18WJYH
Hong Kong Medical Tourism Consultancy Ltd,Hong Kong Medical Tourism Consultancy Ltd,Hong Kong,"MantraPharm is a family-owned company based in Baden-Baden, Germany and the Asia-Pacific Headquarter is located in Hong Kong. We produce and market independently developed, high-quality dietary supplements and pharmaceutical-grade health products. We offers a comprehensive range of effective nutritional supplements based on European Pharmacopoeia approved traditional plants and nutrients, straightly manufactured in Germany according to the highest quality standards.","MantraPharm is a family-owned company based in Baden-Baden, Germany and the Asia-Pacific Headquarter is located in Hong Kong. We produce and market independently developed, high-quality dietary supplements and pharmaceutical-grade health products. We offers a comprehensive range of effective nutritional supplements based on European Pharmacopoeia approved traditional plants and nutrients, straightly manufactured in Germany according to the highest quality standards.",,Exhibitor,Hong Kong International Medical and Healthcare Fair 2025,3G-C20,World of Health and Wellness,,1,,,"Weight Loss Product,Skin Care,Health Food,Health Supplement,Immune System Booster,Diabetes Care,Anti-Aging Supplement; MantraPharm offers proven plants premium quality as food supplement designed for a wide range of applications. The combination of vitamins, minerals and trace elements can serve an increase nutrient requirements. Proven plants contribute to nutrition; ODM, OBM, OEM","Weight Loss Product,Skin Care,Health Food,Health Supplement,Immune System Booster,Diabetes Care,Anti-Aging Supplement; MantraPharm offers proven plants premium quality as food supplement designed for a wide range of applications. The combination of vitamins, minerals and trace elements can serve an increase nutrient requirements. Proven plants contribute to nutrition; ODM, OBM, OEM",https://www.hktdc.com/event/hkmedicalfair/en/exhibitor/1S005IYB5,14,https://www.hktdc.com/event/hkmedicalfair/en/product/1Z03MDM35; https://www.hktdc.com/event/hkmedicalfair/en/product/1Z03MDM35; https://www.hktdc.com/event/hkmedicalfair/en/product/1Z03KBN6V; https://www.hktdc.com/event/hkmedicalfair/en/product/1Z03KBN6V; https://www.hktdc.com/event/hkmedicalfair/en/product/1Z03K9YDZ; https://www.hktdc.com/event/hkmedicalfair/en/product/1Z03K9YDZ; https://www.hktdc.com/event/hkmedicalfair/en/product/1Z03MDM9N; https://www.hktdc.com/event/hkmedicalfair/en/product/1Z03MDM9N; https://www.hktdc.com/event/hkmedicalfair/en/product/1Z03K9YJH; https://www.hktdc.com/event/hkmedicalfair/en/product/1Z03K9YJH; https://www.hktdc.com/event/hkmedicalfair/en/product/1Z03K9YIK; https://www.hktdc.com/event/hkmedicalfair/en/product/1Z03K9YIK; https://www.hktdc.com/event/hkmedicalfair/en/product/1Z03K9YHN; https://www.hktdc.com/event/hkmedicalfair/en/product/1Z03K9YHN
Intuitive Technology Ltd,Intuitive Technology Ltd,Hong Kong,INTUITIVE TECHNOLOGY LIMITED is a Hong Kong based company totally dedicated to promote and distribute of rapid clinical diagnostics products. The company is led by a professional team with strong experience in managing clinical diagnostic business in Asia Pacific region.,INTUITIVE TECHNOLOGY LIMITED is a Hong Kong based company totally dedicated to promote and distribute of rapid clinical diagnostics products. The company is led by a professional team with strong experience in managing clinical diagnostic business in Asia Pacific region.,,Exhibitor,Hong Kong International Medical and Healthcare Fair 2025,3F-E03,Biotech and Lab Diagnostics,,1,,,"Medical Devices,Biotechnology; Bring the Most Accessible & High Clinical Value Diagnostic Solutions to the Laboratories, Physicians, Patients and Health concerned people with Intuitive and Rapid Technologies.; Others","Medical Devices,Biotechnology; Bring the Most Accessible & High Clinical Value Diagnostic Solutions to the Laboratories, Physicians, Patients and Health concerned people with Intuitive and Rapid Technologies.; Others",https://www.hktdc.com/event/hkmedicalfair/en/exhibitor/1S005IT6P,40,https://www.hktdc.com/event/hkmedicalfair/en/product/1Z03IKE3D; https://www.hktdc.com/event/hkmedicalfair/en/product/1Z03IKE3D; https://www.hktdc.com/event/hkmedicalfair/en/product/1Z03O2O6U; https://www.hktdc.com/event/hkmedicalfair/en/product/1Z03O2O6U; https://www.hktdc.com/event/hkmedicalfair/en/product/1Z03O2O0C; https://www.hktdc.com/event/hkmedicalfair/en/product/1Z03O2O0C; https://www.hktdc.com/event/hkmedicalfair/en/product/1Z03O2O19; https://www.hktdc.com/event/hkmedicalfair/en/product/1Z03O2O19; https://www.hktdc.com/event/hkmedicalfair/en/product/1Z03O2O5X; https://www.hktdc.com/event/hkmedicalfair/en/product/1Z03O2O5X; https://www.hktdc.com/event/hkmedicalfair/en/product/1Z03K9XIL; https://www.hktdc.com/event/hkmedicalfair/en/product/1Z03K9XIL; https://www.hktdc.com/event/hkmedicalfair/en/product/1Z03IZI60; https://www.hktdc.com/event/hkmedicalfair/en/product/1Z03IZI60; https://www.hktdc.com/event/hkmedicalfair/en/product/1Z03O2O33; https://www.hktdc.com/event/hkmedicalfair/en/product/1Z03O2O33; https://www.hktdc.com/event/hkmedicalfair/en/product/1Z03O2O26; https://www.hktdc.com/event/hkmedicalfair/en/product/1Z03O2O26; https://www.hktdc.com/event/hkmedicalfair/en/product/1Z03O2NWP; https://www.hktdc.com/event/hkmedicalfair/en/product/1Z03O2NWP; https://www.hktdc.com/event/hkmedicalfair/en/product/1Z03O2NZG; https://www.hktdc.com/event/hkmedicalfair/en/product/1Z03O2NZG; https://www.hktdc.com/event/hkmedicalfair/en/product/1Z03KA4DT; https://www.hktdc.com/event/hkmedicalfair/en/product/1Z03KA4DT; https://www.hktdc.com/event/hkmedicalfair/en/product/1Z03KA495; https://www.hktdc.com/event/hkmedicalfair/en/product/1Z03KA495; https://www.hktdc.com/event/hkmedicalfair/en/product/1Z03IZHT4; https://www.hktdc.com/event/hkmedicalfair/en/product/1Z03IZHT4; https://www.hktdc.com/event/hkmedicalfair/en/product/1Z03K9XM9; https://www.hktdc.com/event/hkmedicalfair/en/product/1Z03K9XM9; https://www.hktdc.com/event/hkmedicalfair/en/product/1Z03KA4BZ; https://www.hktdc.com/event/hkmedicalfair/en/product/1Z03KA4BZ; https://www.hktdc.com/event/hkmedicalfair/en/product/1Z03K9WJJ; https://www.hktdc.com/event/hkmedicalfair/en/product/1Z03K9WJJ; https://www.hktdc.com/event/hkmedicalfair/en/product/1Z03O2NS1; https://www.hktdc.com/event/hkmedicalfair/en/product/1Z03O2NS1; https://www.hktdc.com/event/hkmedicalfair/en/product/1Z03KA4A2; https://www.hktdc.com/event/hkmedicalfair/en/product/1Z03KA4A2; https://www.hktdc.com/event/hkmedicalfair/en/product/1Z03O2NVS; https://www.hktdc.com/event/hkmedicalfair/en/product/1Z03O2NVS
Just Med Limited,Just Med Limited,Hong Kong,"We have over 30-year experience in Medical rehabilitation products wholesale and retail business, operating over 30 branches in Kowloon, Hong Kong and New Territories, Online Shop and Kwai Chung Showroom to serve elderly and caretakers.","We have over 30-year experience in Medical rehabilitation products wholesale and retail business, operating over 30 branches in Kowloon, Hong Kong and New Territories, Online Shop and Kwai Chung Showroom to serve elderly and caretakers.",,Exhibitor,Hong Kong International Medical and Healthcare Fair 2025,3G-A20,Rehabilitation and Elderly Care,,1,,,"Elderly Care Product,Wheelchair,Nursing bed,Transfer and Lifting Aids,Fall Prevention and Preventive Care Solution,Adult Diaper,Walking Stick and Walker,Rehabilitation Equipment,Companion and Caring Robot,Physiotherapy Treatment; We have over 30-year experience in Medical rehabilitation products wholesale and retail business, operating over 30 branches in Kowloon, Hong Kong and New Territories, Online Shop and Kwai Chung Showroom to serve elderly and caretakers.; OEM","Elderly Care Product,Wheelchair,Nursing bed,Transfer and Lifting Aids,Fall Prevention and Preventive Care Solution,Adult Diaper,Walking Stick and Walker,Rehabilitation Equipment,Companion and Caring Robot,Physiotherapy Treatment; We have over 30-year experience in Medical rehabilitation products wholesale and retail business, operating over 30 branches in Kowloon, Hong Kong and New Territories, Online Shop and Kwai Chung Showroom to serve elderly and caretakers.; OEM",https://www.hktdc.com/event/hkmedicalfair/en/exhibitor/1S005J52P,30,https://www.hktdc.com/event/hkmedicalfair/en/product/1X25GQN7; https://www.hktdc.com/event/hkmedicalfair/en/product/1X25GQN7; https://www.hktdc.com/event/hkmedicalfair/en/product/1X25GQM8; https://www.hktdc.com/event/hkmedicalfair/en/product/1X25GQM8; https://www.hktdc.com/event/hkmedicalfair/en/product/1X25GQL9; https://www.hktdc.com/event/hkmedicalfair/en/product/1X25GQL9; https://www.hktdc.com/event/hkmedicalfair/en/product/1X25GQKA; https://www.hktdc.com/event/hkmedicalfair/en/product/1X25GQKA; https://www.hktdc.com/event/hkmedicalfair/en/product/1X25GQIC; https://www.hktdc.com/event/hkmedicalfair/en/product/1X25GQIC; https://www.hktdc.com/event/hkmedicalfair/en/product/1X25GQHD; https://www.hktdc.com/event/hkmedicalfair/en/product/1X25GQHD; https://www.hktdc.com/event/hkmedicalfair/en/product/1X1G9WNP; https://www.hktdc.com/event/hkmedicalfair/en/product/1X1G9WNP; https://www.hktdc.com/event/hkmedicalfair/en/product/1X1G9WMQ; https://www.hktdc.com/event/hkmedicalfair/en/product/1X1G9WMQ; https://www.hktdc.com/event/hkmedicalfair/en/product/1X1G9WLR; https://www.hktdc.com/event/hkmedicalfair/en/product/1X1G9WLR; https://www.hktdc.com/event/hkmedicalfair/en/product/1X1G9WKS; https://www.hktdc.com/event/hkmedicalfair/en/product/1X1G9WKS; https://www.hktdc.com/event/hkmedicalfair/en/product/1X1G9WJT; https://www.hktdc.com/event/hkmedicalfair/en/product/1X1G9WJT; https://www.hktdc.com/event/hkmedicalfair/en/product/1X0OXD4T; https://www.hktdc.com/event/hkmedicalfair/en/product/1X0OXD4T; https://www.hktdc.com/event/hkmedicalfair/en/product/1X0OXD3U; https://www.hktdc.com/event/hkmedicalfair/en/product/1X0OXD3U; https://www.hktdc.com/event/hkmedicalfair/en/product/1X0GMAES; https://www.hktdc.com/event/hkmedicalfair/en/product/1X0GMAES; https://www.hktdc.com/event/hkmedicalfair/en/product/1X0GMADT; https://www.hktdc.com/event/hkmedicalfair/en/product/1X0GMADT
Lee Garment Limited,Lee Garment Limited,Hong Kong,"Mainly from design to produce functional uniform focus on medical and health area. Clients are mainly hospital, elderly home and private clinics.","Mainly from design to produce functional uniform focus on medical and health area. Clients are mainly hospital, elderly home and private clinics.",,Exhibitor,Hong Kong International Medical and Healthcare Fair 2025,3F-F07,Hong Kong MedTech Association (HKMTA),Hong Kong MedTech Association Pavilion,1,,,"Elderly Care Product,Hospital Uniform; Mass productions of functional medical uniforms and elderly care products.
With some retails products like fabric masks,pillow protectors and elderly feeding bid; OEM, ODM, OBM","Elderly Care Product,Hospital Uniform; Mass productions of functional medical uniforms and elderly care products.
With some retails products like fabric masks,pillow protectors and elderly feeding bid; OEM, ODM, OBM",https://www.hktdc.com/event/hkmedicalfair/en/exhibitor/1S005ITGV,40,https://www.hktdc.com/event/hkmedicalfair/en/product/1Z03GSXSR; https://www.hktdc.com/event/hkmedicalfair/en/product/1Z03GSXSR; https://www.hktdc.com/event/hkmedicalfair/en/product/1Z03GSQKM; https://www.hktdc.com/event/hkmedicalfair/en/product/1Z03GSQKM; https://www.hktdc.com/event/hkmedicalfair/en/product/1Z03GSYO2; https://www.hktdc.com/event/hkmedicalfair/en/product/1Z03GSYO2; https://www.hktdc.com/event/hkmedicalfair/en/product/1Z03GSQHV; https://www.hktdc.com/event/hkmedicalfair/en/product/1Z03GSQHV; https://www.hktdc.com/event/hkmedicalfair/en/product/1Z03GSXO3; https://www.hktdc.com/event/hkmedicalfair/en/product/1Z03GSXO3; https://www.hktdc.com/event/hkmedicalfair/en/product/1Z03GSJLQ; https://www.hktdc.com/event/hkmedicalfair/en/product/1Z03GSJLQ; https://www.hktdc.com/event/hkmedicalfair/en/product/1Z03GSJCH; https://www.hktdc.com/event/hkmedicalfair/en/product/1Z03GSJCH; https://www.hktdc.com/event/hkmedicalfair/en/product/1Z03GSYWE; https://www.hktdc.com/event/hkmedicalfair/en/product/1Z03GSYWE; https://www.hktdc.com/event/hkmedicalfair/en/product/1Z03GSMHZ; https://www.hktdc.com/event/hkmedicalfair/en/product/1Z03GSMHZ; https://www.hktdc.com/event/hkmedicalfair/en/product/1X24IQAK; https://www.hktdc.com/event/hkmedicalfair/en/product/1X24IQAK; https://www.hktdc.com/event/hkmedicalfair/en/product/1X24IQ9L; https://www.hktdc.com/event/hkmedicalfair/en/product/1X24IQ9L; https://www.hktdc.com/event/hkmedicalfair/en/product/1Z03GSXQX; https://www.hktdc.com/event/hkmedicalfair/en/product/1Z03GSXQX; https://www.hktdc.com/event/hkmedicalfair/en/product/1Z03GSJF8; https://www.hktdc.com/event/hkmedicalfair/en/product/1Z03GSJF8; https://www.hktdc.com/event/hkmedicalfair/en/product/1Z03GSXVI; https://www.hktdc.com/event/hkmedicalfair/en/product/1Z03GSXVI; https://www.hktdc.com/event/hkmedicalfair/en/product/1Z03GSXRU; https://www.hktdc.com/event/hkmedicalfair/en/product/1Z03GSXRU; https://www.hktdc.com/event/hkmedicalfair/en/product/1Z03GSY2W; https://www.hktdc.com/event/hkmedicalfair/en/product/1Z03GSY2W; https://www.hktdc.com/event/hkmedicalfair/en/product/1Z03GSLG3; https://www.hktdc.com/event/hkmedicalfair/en/product/1Z03GSLG3; https://www.hktdc.com/event/hkmedicalfair/en/product/1Z03GSXTO; https://www.hktdc.com/event/hkmedicalfair/en/product/1Z03GSXTO; https://www.hktdc.com/event/hkmedicalfair/en/product/1Z03GSXUL; https://www.hktdc.com/event/hkmedicalfair/en/product/1Z03GSXUL; https://www.hktdc.com/event/hkmedicalfair/en/product/1Z03GSSFZ; https://www.hktdc.com/event/hkmedicalfair/en/product/1Z03GSSFZ
NRG Hong Kong Limited,NRG Hong Kong Limited,Hong Kong,"NRG Hong Kong Limited is a young, energetic and vigor start-up company. With strong ties in Hong Kong, Macau and Taiwan, and a network of business partners in the region, NRG focuses in helping global prestige brands to market their products by operating as a collaborator in sales-enhancing activities such as setting up promotion events, identifying cross-selling opportunities, engaging customers with online platform and other business-critical capabilities.","NRG Hong Kong Limited is a young, energetic and vigor start-up company. With strong ties in Hong Kong, Macau and Taiwan, and a network of business partners in the region, NRG focuses in helping global prestige brands to market their products by operating as a collaborator in sales-enhancing activities such as setting up promotion events, identifying cross-selling opportunities, engaging customers with online platform and other business-critical capabilities.",,Exhibitor,Hong Kong International Medical and Healthcare Fair 2025,3F-G32,Hospital Equipment and Digital Health,,1,,,"Ward Facilities, Furniture and Supplies,Telemedicine Technology & Services; Ergotron designs ergonomic solutions like monitor mounts and sit-stand desks to boost workplace wellness and productivity. They emphasize innovation and sustainability, benefiting various industries with flexible products.; Others","Ward Facilities, Furniture and Supplies,Telemedicine Technology & Services; Ergotron designs ergonomic solutions like monitor mounts and sit-stand desks to boost workplace wellness and productivity. They emphasize innovation and sustainability, benefiting various industries with flexible products.; Others",https://www.hktdc.com/event/hkmedicalfair/en/exhibitor/1S005MARH,0,
Solar-Med Limited,Solar-Med Limited,Hong Kong,We are estimated in 1997,We are estimated in 1997,,Exhibitor,Hong Kong International Medical and Healthcare Fair 2025,3F-B08,Medical Supplies and Disposables,,1,,,"Therapeutic Devices & Accessories,Medical Preparation & Production Equipment,Antiseptic Products & Alcohol,Medical Mask,Medical Consumable,Medical Gloves,Medical Protective Clothing; Gloves,
Mask,
Filter 
Feeding Set
Needle; Others","Therapeutic Devices & Accessories,Medical Preparation & Production Equipment,Antiseptic Products & Alcohol,Medical Mask,Medical Consumable,Medical Gloves,Medical Protective Clothing; Gloves,
Mask,
Filter 
Feeding Set
Needle; Others",https://www.hktdc.com/event/hkmedicalfair/en/exhibitor/1S005MSE2,0,
WeCare Products Limited,WeCare Products Limited,Hong Kong,"WeCare Products Ltd is specialize in design, manufacturing and supplies of rehab and patient transfer-aid devices to help the care-givers or the patient to rotate, to sliding forward & backward or to re-positioning from the bed, the car or the wheelchair more easily and less pain during relocation. With the aids of detail product design and appropriate material selections, the products are widely used in the hospitals, at home, at rehab centers, the elderly house and the health care clinics. The device would help the patient to reduce stress and pains. The products provide the care givers with ease working conditions and to enhance the services given. We have the sewing production, welding production, as well as the medical plastic parts injection production line.","WeCare Products Ltd is specialize in design, manufacturing and supplies of rehab and patient transfer-aid devices to help the care-givers or the patient to rotate, to sliding forward & backward or to re-positioning from the bed, the car or the wheelchair more easily and less pain during relocation. With the aids of detail product design and appropriate material selections, the products are widely used in the hospitals, at home, at rehab centers, the elderly house and the health care clinics. The device would help the patient to reduce stress and pains. The products provide the care givers with ease working conditions and to enhance the services given. We have the sewing production, welding production, as well as the medical plastic parts injection production line.",,Exhibitor,Hong Kong International Medical and Healthcare Fair 2025,3G-A16,Rehabilitation and Elderly Care,Hong Kong MedTech Association Pavilion,1,,,"Elderly Care Product,Wheelchair,Transfer and Lifting Aids,Fall Prevention and Preventive Care Solution,First Aid Equipment,Physical Therapy Equipment,Rehabilitation Equipment,Physiotherapy Treatment; Product scopes include fall prevention, patient transfer devices, mobility aid devices, patient care safety & rehabilitation supplies. Services provide with in-house manufacturing and healthcare products development.; ODM, OBM, OEM, Others","Elderly Care Product,Wheelchair,Transfer and Lifting Aids,Fall Prevention and Preventive Care Solution,First Aid Equipment,Physical Therapy Equipment,Rehabilitation Equipment,Physiotherapy Treatment; Product scopes include fall prevention, patient transfer devices, mobility aid devices, patient care safety & rehabilitation supplies. Services provide with in-house manufacturing and healthcare products development.; ODM, OBM, OEM, Others",https://www.hktdc.com/event/hkmedicalfair/en/exhibitor/1S005IVZ8,40,https://www.hktdc.com/event/hkmedicalfair/en/product/1X267Y06; https://www.hktdc.com/event/hkmedicalfair/en/product/1X267Y06; https://www.hktdc.com/event/hkmedicalfair/en/product/1X267W39; https://www.hktdc.com/event/hkmedicalfair/en/product/1X267W39; https://www.hktdc.com/event/hkmedicalfair/en/product/1X23P000; https://www.hktdc.com/event/hkmedicalfair/en/product/1X23P000; https://www.hktdc.com/event/hkmedicalfair/en/product/1X23O7YH; https://www.hktdc.com/event/hkmedicalfair/en/product/1X23O7YH; https://www.hktdc.com/event/hkmedicalfair/en/product/1X23O7SN; https://www.hktdc.com/event/hkmedicalfair/en/product/1X23O7SN; https://www.hktdc.com/event/hkmedicalfair/en/product/1X23O7KV; https://www.hktdc.com/event/hkmedicalfair/en/product/1X23O7KV; https://www.hktdc.com/event/hkmedicalfair/en/product/1X23O7GZ; https://www.hktdc.com/event/hkmedicalfair/en/product/1X23O7GZ; https://www.hktdc.com/event/hkmedicalfair/en/product/1X23O0LF; https://www.hktdc.com/event/hkmedicalfair/en/product/1X23O0LF; https://www.hktdc.com/event/hkmedicalfair/en/product/1X23O0KG; https://www.hktdc.com/event/hkmedicalfair/en/product/1X23O0KG; https://www.hktdc.com/event/hkmedicalfair/en/product/1X23O7RO; https://www.hktdc.com/event/hkmedicalfair/en/product/1X23O7RO; https://www.hktdc.com/event/hkmedicalfair/en/product/1X1TI6F3; https://www.hktdc.com/event/hkmedicalfair/en/product/1X1TI6F3; https://www.hktdc.com/event/hkmedicalfair/en/product/1X1T8W57; https://www.hktdc.com/event/hkmedicalfair/en/product/1X1T8W57; https://www.hktdc.com/event/hkmedicalfair/en/product/1X1T8W39; https://www.hktdc.com/event/hkmedicalfair/en/product/1X1T8W39; https://www.hktdc.com/event/hkmedicalfair/en/product/1X1T8VRO; https://www.hktdc.com/event/hkmedicalfair/en/product/1X1T8VRO; https://www.hktdc.com/event/hkmedicalfair/en/product/1X1T8VC3; https://www.hktdc.com/event/hkmedicalfair/en/product/1X1T8VC3; https://www.hktdc.com/event/hkmedicalfair/en/product/1X1T8V69; https://www.hktdc.com/event/hkmedicalfair/en/product/1X1T8V69; https://www.hktdc.com/event/hkmedicalfair/en/product/1Z03IORNC; https://www.hktdc.com/event/hkmedicalfair/en/product/1Z03IORNC; https://www.hktdc.com/event/hkmedicalfair/en/product/1X1T8UYK; https://www.hktdc.com/event/hkmedicalfair/en/product/1X1T8UYK; https://www.hktdc.com/event/hkmedicalfair/en/product/1X1T7FSZ; https://www.hktdc.com/event/hkmedicalfair/en/product/1X1T7FSZ; https://www.hktdc.com/event/hkmedicalfair/en/product/1X1N0ZRC; https://www.hktdc.com/event/hkmedicalfair/en/product/1X1N0ZRC
i-Sense (Asia) Limited,i-Sense (Asia) Limited,Hong Kong,"i-Sense (Asia) Limited is a Hong Kong based company. We are focusing on i-Sense Brand products. We are also helping our long-term customers to manage their global sourcing requirements all over the world. We are dedicated to helping our customers improve their bottom line. Our global leverage, and over 10 years of experience, avails our clients of the best product at the best possible price. We are honest, open, ethical, and fair. People trust us to adhere to our word. -Integrity -Transparency -Accountability","i-Sense (Asia) Limited is a Hong Kong based company. We are focusing on i-Sense Brand products. We are also helping our long-term customers to manage their global sourcing requirements all over the world. We are dedicated to helping our customers improve their bottom line. Our global leverage, and over 10 years of experience, avails our clients of the best product at the best possible price. We are honest, open, ethical, and fair. People trust us to adhere to our word. -Integrity -Transparency -Accountability",,Exhibitor,Hong Kong International Medical and Healthcare Fair 2025,3G-D02,World of Health and Wellness,,1,,,"Skin Care,Massager,Healthcare Product,Joint & Bone Support; Professional Arch Insole, Professional Arch Slipper and Health Care Products; OEM","Skin Care,Massager,Healthcare Product,Joint & Bone Support; Professional Arch Insole, Professional Arch Slipper and Health Care Products; OEM",https://www.hktdc.com/event/hkmedicalfair/en/exhibitor/1S005IY9B,4,https://www.hktdc.com/event/hkmedicalfair/en/product/1Z03IWLDC; https://www.hktdc.com/event/hkmedicalfair/en/product/1Z03IWLDC; https://www.hktdc.com/event/hkmedicalfair/en/product/1Z03MD0FR; https://www.hktdc.com/event/hkmedicalfair/en/product/1Z03MD0FR
"Accue Co., Limited","Accue Co., Limited",Hong Kong,Hospital Automation Systems,Hospital Automation Systems,,Exhibitor,Hong Kong International Medical and Healthcare Fair 2025,3F-H19,Hospital Equipment and Digital Health,,1,,,Hospital Automation Systems; WiFi clock; OBM,Hospital Automation Systems; WiFi clock; OBM,https://www.hktdc.com/event/hkmedicalfair/en/exhibitor/1S005IVP2,8,https://www.hktdc.com/event/hkmedicalfair/en/product/1Z03KGSIQ; https://www.hktdc.com/event/hkmedicalfair/en/product/1Z03KGSIQ; https://www.hktdc.com/event/hkmedicalfair/en/product/1Z03KIOTX; https://www.hktdc.com/event/hkmedicalfair/en/product/1Z03KIOTX; https://www.hktdc.com/event/hkmedicalfair/en/product/1Z03KIOS0; https://www.hktdc.com/event/hkmedicalfair/en/product/1Z03KIOS0; https://www.hktdc.com/event/hkmedicalfair/en/product/1Z03KIOUU; https://www.hktdc.com/event/hkmedicalfair/en/product/1Z03KIOUU
Amazing Life Development Company Limited,Amazing Life Development Company Limited,Hong Kong,"Amazing Life is a prominent healthcare company with over 30 years of experience. Headquartered in Hong Kong, we have branches in China, Macau, Singapore, South Korea, Vietnam, and beyond. Our production facilities, known for their high-quality technology, are located in Japan and South Korea.","Amazing Life is a prominent healthcare company with over 30 years of experience. Headquartered in Hong Kong, we have branches in China, Macau, Singapore, South Korea, Vietnam, and beyond. Our production facilities, known for their high-quality technology, are located in Japan and South Korea.",,Exhibitor,Hong Kong International Medical and Healthcare Fair 2025,3G-D14,World of Health and Wellness,,1,,,"Treatment Equipment,Massager,Healthcare Product; The Sweep Therapy device utilizes patented SWEEP modulation technology to produce a high-frequency electric current ranging from 4,000 Hz to 50 Hz. This device effectively addresses symptoms linked to autonomic nervous system imbalances.; Others","Treatment Equipment,Massager,Healthcare Product; The Sweep Therapy device utilizes patented SWEEP modulation technology to produce a high-frequency electric current ranging from 4,000 Hz to 50 Hz. This device effectively addresses symptoms linked to autonomic nervous system imbalances.; Others",https://www.hktdc.com/event/hkmedicalfair/en/exhibitor/1S005JMZH,12,https://www.hktdc.com/event/hkmedicalfair/en/product/1Z03KKVO5; https://www.hktdc.com/event/hkmedicalfair/en/product/1Z03KKVO5; https://www.hktdc.com/event/hkmedicalfair/en/product/1X25LCII; https://www.hktdc.com/event/hkmedicalfair/en/product/1X25LCII; https://www.hktdc.com/event/hkmedicalfair/en/product/1X25LC2Y; https://www.hktdc.com/event/hkmedicalfair/en/product/1X25LC2Y; https://www.hktdc.com/event/hkmedicalfair/en/product/1X25LBRC; https://www.hktdc.com/event/hkmedicalfair/en/product/1X25LBRC; https://www.hktdc.com/event/hkmedicalfair/en/product/1X25LA15; https://www.hktdc.com/event/hkmedicalfair/en/product/1X25LA15; https://www.hktdc.com/event/hkmedicalfair/en/product/1X25L972; https://www.hktdc.com/event/hkmedicalfair/en/product/1X25L972
Anward Company,Anward Company,Hong Kong,"Anward Shop is based in HK for many years, and have been providing our customers the highest quality indoor & outdoor activities and industrial PPE, including many well-known domestic and foreign brands such as MSA, HAIX, KASK, CMC, etc. We are always committed to collecting the latest & the best international brand equipment and products that are certified to meet safety standards locally and around the world. Members and new customers are welcome to visit our showroom in Cheung Sha Wan and purchase.","Anward Shop is based in HK for many years, and have been providing our customers the highest quality indoor & outdoor activities and industrial PPE, including many well-known domestic and foreign brands such as MSA, HAIX, KASK, CMC, etc. We are always committed to collecting the latest & the best international brand equipment and products that are certified to meet safety standards locally and around the world. Members and new customers are welcome to visit our showroom in Cheung Sha Wan and purchase.",,Exhibitor,Hong Kong International Medical and Healthcare Fair 2025,3F-B16,Medical Supplies and Disposables,,1,,,"Personal Protective Equipment,Medical Consumable,Medical Dressing Set,Medical Protective Clothing; Safety Footwears, Fire Protection Footwears, Decontamination Clothing, Protective Clothing, Electricity Personal Alarm, Medical Dressing; OEM, Others","Personal Protective Equipment,Medical Consumable,Medical Dressing Set,Medical Protective Clothing; Safety Footwears, Fire Protection Footwears, Decontamination Clothing, Protective Clothing, Electricity Personal Alarm, Medical Dressing; OEM, Others",https://www.hktdc.com/event/hkmedicalfair/en/exhibitor/1S005J50V,4,https://www.hktdc.com/event/hkmedicalfair/en/product/1X1WWTAB; https://www.hktdc.com/event/hkmedicalfair/en/product/1X1WWTAB; https://www.hktdc.com/event/hkmedicalfair/en/product/1X1WWT5G; https://www.hktdc.com/event/hkmedicalfair/en/product/1X1WWT5G
Comfiknit Limited,Comfiknit Limited,Hong Kong,"Comfiknit is a Fashion Tech company with disruptive and innovative patented technology that brings together wellness plus fashion. We actively collaborate with top-notch academic institutions, including the MIT and Nagasaki University in Japan, to develop superior fabrics that enhance lives. With a scalable approach, we offer a diverse range of clothing that maintains constant contact with the skin, including moisturizing skin care wear, travel wear, loungewear, and menopause clothing for hot flushes. Recently, we've achieved a significant milestone by developing a new skincare fabric validated by clinical reports from Nagasaki University. This breakthrough was highlighted in a prestigious medical conference hosted by the Japanese Society of Allergology in Tokyo in 2023, ensuring 24/7 skin moisturization and improving the skin condition of eczema patients.","Comfiknit is a Fashion Tech company with disruptive and innovative patented technology that brings together wellness plus fashion. We actively collaborate with top-notch academic institutions, including the MIT and Nagasaki University in Japan, to develop superior fabrics that enhance lives. With a scalable approach, we offer a diverse range of clothing that maintains constant contact with the skin, including moisturizing skin care wear, travel wear, loungewear, and menopause clothing for hot flushes. Recently, we've achieved a significant milestone by developing a new skincare fabric validated by clinical reports from Nagasaki University. This breakthrough was highlighted in a prestigious medical conference hosted by the Japanese Society of Allergology in Tokyo in 2023, ensuring 24/7 skin moisturization and improving the skin condition of eczema patients.",,Exhibitor,Hong Kong International Medical and Healthcare Fair 2025,3G-A17,World of Health and Wellness,Hong Kong Science and Technology Parks Pavilion,1,,,"Skin Care,Healthcare Product; We are selling skincare sleepwear and hoodie, which is clinically verified by Nagaski University in Japan that our skincare fabric can improve the skin condition of eczema patients significantly.; OBM, ODM","Skin Care,Healthcare Product; We are selling skincare sleepwear and hoodie, which is clinically verified by Nagaski University in Japan that our skincare fabric can improve the skin condition of eczema patients significantly.; OBM, ODM",https://www.hktdc.com/event/hkmedicalfair/en/exhibitor/1S005IYGQ,0,
E-SENSE Innovation & Technology Limited,E-SENSE Innovation & Technology Limited,Hong Kong,"E-SENSE's Mission Make Broad Early Disease Detection Practical in Communities - E-SENSE Innovation & Technology aims to develop a multimodal medical screening and monitoring platform to serve healthcare professionals, patients, and families in primary health settings with clinical standard readout, environmental versatility, accessible pricing, user-centric operation and connectivity. E-SENSE's Vision We aim to revolutionize Chronic Organ Disease Management for Millions with E-SENSE. We enable chronic disease screening, monitoring, and prevention for all vital organs (brain, heart, lung, liver, and kidney).","E-SENSE's Mission Make Broad Early Disease Detection Practical in Communities - E-SENSE Innovation & Technology aims to develop a multimodal medical screening and monitoring platform to serve healthcare professionals, patients, and families in primary health settings with clinical standard readout, environmental versatility, accessible pricing, user-centric operation and connectivity. E-SENSE's Vision We aim to revolutionize Chronic Organ Disease Management for Millions with E-SENSE. We enable chronic disease screening, monitoring, and prevention for all vital organs (brain, heart, lung, liver, and kidney).",,Exhibitor,Hong Kong International Medical and Healthcare Fair 2025,3G-A37,Startup Zone,,1,,,"Elderly Care Product,Medical Devices,Diagnostic Imaging and IVD,Monitoring Support Device and Solution,Smart Health Platform & Solution,Healthcare & Medical Science Course,Health Management Apps/Systems,Diabetes Care,Medical and Healthcare Service,Telemedicine Technology & Services; VitoCheck is our first flagship product developed using EIT as the backbone to conduct health assessment for vital organs. This product exemplifies our unwavering commitment to advancing biomedical imaging and enhancing patient care.; OEM","Elderly Care Product,Medical Devices,Diagnostic Imaging and IVD,Monitoring Support Device and Solution,Smart Health Platform & Solution,Healthcare & Medical Science Course,Health Management Apps/Systems,Diabetes Care,Medical and Healthcare Service,Telemedicine Technology & Services; VitoCheck is our first flagship product developed using EIT as the backbone to conduct health assessment for vital organs. This product exemplifies our unwavering commitment to advancing biomedical imaging and enhancing patient care.; OEM",https://www.hktdc.com/event/hkmedicalfair/en/exhibitor/1S005MWFV,2,https://www.hktdc.com/event/hkmedicalfair/en/product/1Z03O3UFX; https://www.hktdc.com/event/hkmedicalfair/en/product/1Z03O3UFX
EXHIBITION+,EXHIBITION+,Hong Kong,"The Hong Kong Trade Development Council (HKTDC) introduces ‘EXHIBITION+’, a brand-new exhibition model integrating online-and-offline trade show formats, extending face-to-face interactions from its world-class exhibitions in Hong Kong to an online smart business matching platform to help you connect business partners proactively.","The Hong Kong Trade Development Council (HKTDC) introduces ‘EXHIBITION+’, a brand-new exhibition model integrating online-and-offline trade show formats, extending face-to-face interactions from its world-class exhibitions in Hong Kong to an online smart business matching platform to help you connect business partners proactively.",,Exhibitor,Hong Kong International Medical and Healthcare Fair 2025,,Trade Services and Publications,,1,,,,,https://www.hktdc.com/event/hkmedicalfair/en/exhibitor/1S005HFXU,2,https://www.hktdc.com/event/hkmedicalfair/en/product/1Z03KFPCB; https://www.hktdc.com/event/hkmedicalfair/en/product/1Z03KFPCB
Earn Will Creation Limited,Earn Will Creation Limited,Hong Kong,Ophthalmological Equipment,Ophthalmological Equipment,,Exhibitor,Hong Kong International Medical and Healthcare Fair 2025,3F-G29,Hospital Equipment and Digital Health,,1,,,"Ophthalmological Equipment; Following are the products we can provide and support service back up:

TOPCON Ophthalmic equipment
iCare Tonometer
Keeler Ophthalmic equipment
ASICO Ophthalmic products
Brumaba operating table products
Oculus Ophthalmic accessories; Others","Ophthalmological Equipment; Following are the products we can provide and support service back up:

TOPCON Ophthalmic equipment
iCare Tonometer
Keeler Ophthalmic equipment
ASICO Ophthalmic products
Brumaba operating table products
Oculus Ophthalmic accessories; Others",https://www.hktdc.com/event/hkmedicalfair/en/exhibitor/1S005IYIK,12,https://www.hktdc.com/event/hkmedicalfair/en/product/1Z03MXE2G; https://www.hktdc.com/event/hkmedicalfair/en/product/1Z03MXE2G; https://www.hktdc.com/event/hkmedicalfair/en/product/1Z03KVGNN; https://www.hktdc.com/event/hkmedicalfair/en/product/1Z03KVGNN; https://www.hktdc.com/event/hkmedicalfair/en/product/1Z03KU2OY; https://www.hktdc.com/event/hkmedicalfair/en/product/1Z03KU2OY; https://www.hktdc.com/event/hkmedicalfair/en/product/1Z03O2ONF; https://www.hktdc.com/event/hkmedicalfair/en/product/1Z03O2ONF; https://www.hktdc.com/event/hkmedicalfair/en/product/1Z03MXHFA; https://www.hktdc.com/event/hkmedicalfair/en/product/1Z03MXHFA; https://www.hktdc.com/event/hkmedicalfair/en/product/1Z03KU32R; https://www.hktdc.com/event/hkmedicalfair/en/product/1Z03KU32R
EcoBay Technologies Limited,EcoBay Technologies Limited,Hong Kong,"EcoBay Technologies Limited, a HKSTP partner company, we carry Care222 Far-UVC disinfection technologies. Harmlessly aim for disinfection and cleaning during COVID pandemic, we built used cases in government, airport, hotels and shopping malls, etc. Using patented filtered UVC222, the principle is to destroy the nuclear acid structure of bacteria and viruses, an instant disinfection and long-term protection. It is endorsed by Columbia University in the United States and can safely illuminate the occupied space of humans and animals. EcoBay provides one-stop solution with consultation and other medical consumable.","EcoBay Technologies Limited, a HKSTP partner company, we carry Care222 Far-UVC disinfection technologies. Harmlessly aim for disinfection and cleaning during COVID pandemic, we built used cases in government, airport, hotels and shopping malls, etc. Using patented filtered UVC222, the principle is to destroy the nuclear acid structure of bacteria and viruses, an instant disinfection and long-term protection. It is endorsed by Columbia University in the United States and can safely illuminate the occupied space of humans and animals. EcoBay provides one-stop solution with consultation and other medical consumable.",,Exhibitor,Hong Kong International Medical and Healthcare Fair 2025,3F-F31,Hospital Equipment and Digital Health,,1,,,"Sterilization, Disinfecting Devices and Supplies,Air Purifier; Care222 Product
It is an ultraviolet irradiation device equipped with anti-virus / sterilization technology ""Care222?"" that can be used in a manned environment.
It can be installed close to a general lighting fixture, and has achieved UV irradiatio; ODM, Others","Sterilization, Disinfecting Devices and Supplies,Air Purifier; Care222 Product
It is an ultraviolet irradiation device equipped with anti-virus / sterilization technology ""Care222?"" that can be used in a manned environment.
It can be installed close to a general lighting fixture, and has achieved UV irradiatio; ODM, Others",https://www.hktdc.com/event/hkmedicalfair/en/exhibitor/1S005MZ01,12,https://www.hktdc.com/event/hkmedicalfair/en/product/1Z03OGZ4P; https://www.hktdc.com/event/hkmedicalfair/en/product/1Z03OGZ4P; https://www.hktdc.com/event/hkmedicalfair/en/product/1Z03OGZ6J; https://www.hktdc.com/event/hkmedicalfair/en/product/1Z03OGZ6J; https://www.hktdc.com/event/hkmedicalfair/en/product/1Z03OGYWE; https://www.hktdc.com/event/hkmedicalfair/en/product/1Z03OGYWE; https://www.hktdc.com/event/hkmedicalfair/en/product/1Z03OGYKE; https://www.hktdc.com/event/hkmedicalfair/en/product/1Z03OGYKE; https://www.hktdc.com/event/hkmedicalfair/en/product/1Z03OGYRT; https://www.hktdc.com/event/hkmedicalfair/en/product/1Z03OGYRT; https://www.hktdc.com/event/hkmedicalfair/en/product/1Z03OGZ2V; https://www.hktdc.com/event/hkmedicalfair/en/product/1Z03OGZ2V
Gold Label Technology Limited,Gold Label Technology Limited,Hong Kong,"Gold Label now as a Zebra & Honeywell strategy partner, our expertise delivers tangible benefits to customers who require a Total Solution to manage their operations which are being smooth. We have been supplying tailored Software for the last fourteen years, and we are establishing a reputation for bringing the right blend of technical proficiency and enthusiasm to meeting the varied requirements of different businesses. Whether your business is looking for an RFID Solution, Inventory System or just need a Label and Ribbon, we have confident to meet and exceed your expectations. Because our service is not restricted to offering just hardware, software, label and ribbon, we can take a flexible approach, and really listen to your requirements. We can offer the best solution for you at any-time!","Gold Label now as a Zebra & Honeywell strategy partner, our expertise delivers tangible benefits to customers who require a Total Solution to manage their operations which are being smooth. We have been supplying tailored Software for the last fourteen years, and we are establishing a reputation for bringing the right blend of technical proficiency and enthusiasm to meeting the varied requirements of different businesses. Whether your business is looking for an RFID Solution, Inventory System or just need a Label and Ribbon, we have confident to meet and exceed your expectations. Because our service is not restricted to offering just hardware, software, label and ribbon, we can take a flexible approach, and really listen to your requirements. We can offer the best solution for you at any-time!",,Exhibitor,Hong Kong International Medical and Healthcare Fair 2025,3F-E17,Biotech and Lab Diagnostics,,1,,,"Medical Devices,Medical Consumable,Smart Health Platform & Solution,Big Data Medical Application,Logistic and Transport Service; Connecting you with the edge, where there's no limit to what comes next.Where innovation meets purpose. Where action becomes evolution. Where vision drives experience.; Others","Medical Devices,Medical Consumable,Smart Health Platform & Solution,Big Data Medical Application,Logistic and Transport Service; Connecting you with the edge, where there's no limit to what comes next.Where innovation meets purpose. Where action becomes evolution. Where vision drives experience.; Others",https://www.hktdc.com/event/hkmedicalfair/en/exhibitor/1S005MS6Q,10,https://www.hktdc.com/event/hkmedicalfair/en/product/1X1QD6WM; https://www.hktdc.com/event/hkmedicalfair/en/product/1X1QD6WM; https://www.hktdc.com/event/hkmedicalfair/en/product/1X1QD6XL; https://www.hktdc.com/event/hkmedicalfair/en/product/1X1QD6XL; https://www.hktdc.com/event/hkmedicalfair/en/product/1X1QD6YK; https://www.hktdc.com/event/hkmedicalfair/en/product/1X1QD6YK; https://www.hktdc.com/event/hkmedicalfair/en/product/1X1VQQP5; https://www.hktdc.com/event/hkmedicalfair/en/product/1X1VQQP5; https://www.hktdc.com/event/hkmedicalfair/en/product/1X1VQQQ4; https://www.hktdc.com/event/hkmedicalfair/en/product/1X1VQQQ4
Green Life Technology Limited,Green Life Technology Limited,Hong Kong,We are the official Distributor oof NATUGENA supplements. Beside that we offer as well medical devices and wellness devices,We are the official Distributor oof NATUGENA supplements. Beside that we offer as well medical devices and wellness devices,,Exhibitor,Hong Kong International Medical and Healthcare Fair 2025,3G-E30,World of Health and Wellness,,1,,,"Weight Loss Product,Skin Care,Hair Care,Healthcare Product,Joint & Bone Support,Health Supplement,Immune System Booster,Fitness Centre,Diabetes Care,Anti-Aging Supplement; We offer Supplements made in Germany, lab tested and toxin free with very high availability as the composition is developed by German Professors and Doctors. We sell to Doctors and Clinics and Nutritionists in HongKong for their patients and customer; Others","Weight Loss Product,Skin Care,Hair Care,Healthcare Product,Joint & Bone Support,Health Supplement,Immune System Booster,Fitness Centre,Diabetes Care,Anti-Aging Supplement; We offer Supplements made in Germany, lab tested and toxin free with very high availability as the composition is developed by German Professors and Doctors. We sell to Doctors and Clinics and Nutritionists in HongKong for their patients and customer; Others",https://www.hktdc.com/event/hkmedicalfair/en/exhibitor/1S005MX9C,8,https://www.hktdc.com/event/hkmedicalfair/en/product/1Z03O6Y2W; https://www.hktdc.com/event/hkmedicalfair/en/product/1Z03O6Y2W; https://www.hktdc.com/event/hkmedicalfair/en/product/1Z03O6XWF; https://www.hktdc.com/event/hkmedicalfair/en/product/1Z03O6XWF; https://www.hktdc.com/event/hkmedicalfair/en/product/1Z03O6XZ6; https://www.hktdc.com/event/hkmedicalfair/en/product/1Z03O6XZ6; https://www.hktdc.com/event/hkmedicalfair/en/product/1Z03O6Y1Z; https://www.hktdc.com/event/hkmedicalfair/en/product/1Z03O6Y1Z
HSM Industrial Solution Company Limited,HSM Industrial Solution Company Limited,Hong Kong,"We are a systems integration company based in Hong Kong, focused on providing industrial-related solutions. Through close collaboration with clients across various industries, from defining requirements, conceptualizing solutions, planning and implementation, installation and debugging, to training, after-sales service, and management analysis, we are always able to provide suitable recommendations. Our three main business areas are: Warehouse Projects, Warehouse Automation, and Smart Technology.","We are a systems integration company based in Hong Kong, focused on providing industrial-related solutions. Through close collaboration with clients across various industries, from defining requirements, conceptualizing solutions, planning and implementation, installation and debugging, to training, after-sales service, and management analysis, we are always able to provide suitable recommendations. Our three main business areas are: Warehouse Projects, Warehouse Automation, and Smart Technology.",,Exhibitor,Hong Kong International Medical and Healthcare Fair 2025,3F-E32,Hospital Equipment and Digital Health,,1,,,"Drug Dispensing / Drug Compliance Monitoring System and Device,Hospital Automation Systems; Comsort replaces labor-intensive manual operations with advanced automation equipment, including sorting crossbelts, intelligent retrieval robots, conveyor belts, and robotic arms.; OBM","Drug Dispensing / Drug Compliance Monitoring System and Device,Hospital Automation Systems; Comsort replaces labor-intensive manual operations with advanced automation equipment, including sorting crossbelts, intelligent retrieval robots, conveyor belts, and robotic arms.; OBM",https://www.hktdc.com/event/hkmedicalfair/en/exhibitor/1S005MVST,4,https://www.hktdc.com/event/hkmedicalfair/en/product/1Z03O2OQ6; https://www.hktdc.com/event/hkmedicalfair/en/product/1Z03O2OQ6; https://www.hktdc.com/event/hkmedicalfair/en/product/1Z03O2OXL; https://www.hktdc.com/event/hkmedicalfair/en/product/1Z03O2OXL
"HYS Medical Co., Limited","HYS Medical Co., Limited",Hong Kong,Manufacturing Solution,Manufacturing Solution,,Exhibitor,Hong Kong International Medical and Healthcare Fair 2025,3F-C20,Laboratory Technologies and Healthcare Services,,1,,,"Manufacturing Solution; Medical device molds, injection molding, die-casting, liquid silicone, high-precision CNC, product assembly, OEM and ODM; OEM, Others, ODM","Manufacturing Solution; Medical device molds, injection molding, die-casting, liquid silicone, high-precision CNC, product assembly, OEM and ODM; OEM, Others, ODM",https://www.hktdc.com/event/hkmedicalfair/en/exhibitor/1S005MWQY,30,https://www.hktdc.com/event/hkmedicalfair/en/product/1Z03O3FNO; https://www.hktdc.com/event/hkmedicalfair/en/product/1Z03O3FNO; https://www.hktdc.com/event/hkmedicalfair/en/product/1Z03O37RK; https://www.hktdc.com/event/hkmedicalfair/en/product/1Z03O37RK; https://www.hktdc.com/event/hkmedicalfair/en/product/1Z03O384G; https://www.hktdc.com/event/hkmedicalfair/en/product/1Z03O384G; https://www.hktdc.com/event/hkmedicalfair/en/product/1Z03O2A9Z; https://www.hktdc.com/event/hkmedicalfair/en/product/1Z03O2A9Z; https://www.hktdc.com/event/hkmedicalfair/en/product/1Z03O2AW2; https://www.hktdc.com/event/hkmedicalfair/en/product/1Z03O2AW2; https://www.hktdc.com/event/hkmedicalfair/en/product/1Z03O2B0P; https://www.hktdc.com/event/hkmedicalfair/en/product/1Z03O2B0P; https://www.hktdc.com/event/hkmedicalfair/en/product/1Z03O381P; https://www.hktdc.com/event/hkmedicalfair/en/product/1Z03O381P; https://www.hktdc.com/event/hkmedicalfair/en/product/1Z03O383J; https://www.hktdc.com/event/hkmedicalfair/en/product/1Z03O383J; https://www.hktdc.com/event/hkmedicalfair/en/product/1Z03O3FWX; https://www.hktdc.com/event/hkmedicalfair/en/product/1Z03O3FWX; https://www.hktdc.com/event/hkmedicalfair/en/product/1Z03O3FT6; https://www.hktdc.com/event/hkmedicalfair/en/product/1Z03O3FT6; https://www.hktdc.com/event/hkmedicalfair/en/product/1Z03O3884; https://www.hktdc.com/event/hkmedicalfair/en/product/1Z03O3884; https://www.hktdc.com/event/hkmedicalfair/en/product/1Z03O2BAV; https://www.hktdc.com/event/hkmedicalfair/en/product/1Z03O2BAV; https://www.hktdc.com/event/hkmedicalfair/en/product/1Z03O37NW; https://www.hktdc.com/event/hkmedicalfair/en/product/1Z03O37NW; https://www.hktdc.com/event/hkmedicalfair/en/product/1Z03O2R30; https://www.hktdc.com/event/hkmedicalfair/en/product/1Z03O2R30; https://www.hktdc.com/event/hkmedicalfair/en/product/1Z03O2R16; https://www.hktdc.com/event/hkmedicalfair/en/product/1Z03O2R16
Heal Force Development Limited,Heal Force Development Limited,Hong Kong,"Established in Hong Kong at 1991, Heal Force Bio-Meditech Holdings Limited is a manufacturer of medical and laboratory equipment. We have established an extensive sales and service network world wide, which enables us to provide high quality products and services for clients.","Established in Hong Kong at 1991, Heal Force Bio-Meditech Holdings Limited is a manufacturer of medical and laboratory equipment. We have established an extensive sales and service network world wide, which enables us to provide high quality products and services for clients.",,Exhibitor,Hong Kong International Medical and Healthcare Fair 2025,3F-G26,Hospital Equipment and Digital Health,,1,,,"Surgical Instrument,Diagnostic Equipment,Electronmedical Equipment,Patient Monitoring System; Multi-Parameter Patient Monitor/Multi-Purpose (Power Operated) Chair/LED Surgery Lamp/Self Healthcare/Operating Table/Oximeter/ECG Machine/Holter/Infusion Pump; OEM, Others","Surgical Instrument,Diagnostic Equipment,Electronmedical Equipment,Patient Monitoring System; Multi-Parameter Patient Monitor/Multi-Purpose (Power Operated) Chair/LED Surgery Lamp/Self Healthcare/Operating Table/Oximeter/ECG Machine/Holter/Infusion Pump; OEM, Others",https://www.hktdc.com/event/hkmedicalfair/en/exhibitor/1S005IW11,4,https://www.hktdc.com/event/hkmedicalfair/en/product/1Z03K8BHA; https://www.hktdc.com/event/hkmedicalfair/en/product/1Z03K8BHA; https://www.hktdc.com/event/hkmedicalfair/en/product/1Z03KAJQB; https://www.hktdc.com/event/hkmedicalfair/en/product/1Z03KAJQB
Health Advisor Limited,Health Advisor Limited,Hong Kong,"Health Advisor provides comprehensive health and technology services to individuals in maintaining good health and optimal well-being. Our professional team offers a one-stop health advisory solution, online appointment system, online health product store, as well as regular health workshops to provide the latest health information to the public.","Health Advisor provides comprehensive health and technology services to individuals in maintaining good health and optimal well-being. Our professional team offers a one-stop health advisory solution, online appointment system, online health product store, as well as regular health workshops to provide the latest health information to the public.",,Exhibitor,Hong Kong International Medical and Healthcare Fair 2025,3G-C05,Rehabilitation and Elderly Care,,1,,,"Fall Prevention and Preventive Care Solution,Medical Device Development Consulting Service,Treatment Equipment,Physical Therapy Equipment,Rehabilitation Equipment,Healthcare Product,E-Health,Smart Health Platform & Solution,Health Management and Consultancy,Medical and Healthcare Service; Health Advisor offers comprehensive health and technology services, including BIXEPS and AI body check service for personalized health insights. We provides a one-stop health advisory solution, online appointments, health product e-shop and seminars.; OBM, ODM, OEM","Fall Prevention and Preventive Care Solution,Medical Device Development Consulting Service,Treatment Equipment,Physical Therapy Equipment,Rehabilitation Equipment,Healthcare Product,E-Health,Smart Health Platform & Solution,Health Management and Consultancy,Medical and Healthcare Service; Health Advisor offers comprehensive health and technology services, including BIXEPS and AI body check service for personalized health insights. We provides a one-stop health advisory solution, online appointments, health product e-shop and seminars.; OBM, ODM, OEM",https://www.hktdc.com/event/hkmedicalfair/en/exhibitor/1S005KX6L,2,https://www.hktdc.com/event/hkmedicalfair/en/product/1Z03MCCBR; https://www.hktdc.com/event/hkmedicalfair/en/product/1Z03MCCBR
Heng Yu Electronic Manufacturing Company Limited,Heng Yu Electronic Manufacturing Company Limited,Hong Kong,"Personal Protective Equipment,Ward Facilities, Furniture and Supplies,Medical Preparation & Production Equipment,Electronmedical Equipment,Sterilization, Disinfecting Devices and Supplies,Personal Hygiene Supplies","Personal Protective Equipment,Ward Facilities, Furniture and Supplies,Medical Preparation & Production Equipment,Electronmedical Equipment,Sterilization, Disinfecting Devices and Supplies,Personal Hygiene Supplies",,Exhibitor,Hong Kong International Medical and Healthcare Fair 2025,3F-H29,Hospital Equipment and Digital Health,,1,,,"Personal Protective Equipment,Ward Facilities, Furniture and Supplies,Medical Preparation & Production Equipment,Electronmedical Equipment,Sterilization, Disinfecting Devices and Supplies,Personal Hygiene Supplies; Hygiene keyboard and mouse, medical display; OEM, OBM","Personal Protective Equipment,Ward Facilities, Furniture and Supplies,Medical Preparation & Production Equipment,Electronmedical Equipment,Sterilization, Disinfecting Devices and Supplies,Personal Hygiene Supplies; Hygiene keyboard and mouse, medical display; OEM, OBM",https://www.hktdc.com/event/hkmedicalfair/en/exhibitor/1S005MVO5,32,https://www.hktdc.com/event/hkmedicalfair/en/product/1Z03ME1A5; https://www.hktdc.com/event/hkmedicalfair/en/product/1Z03ME1A5; https://www.hktdc.com/event/hkmedicalfair/en/product/1Z03ME11W; https://www.hktdc.com/event/hkmedicalfair/en/product/1Z03ME11W; https://www.hktdc.com/event/hkmedicalfair/en/product/1Z03ME1B2; https://www.hktdc.com/event/hkmedicalfair/en/product/1Z03ME1B2; https://www.hktdc.com/event/hkmedicalfair/en/product/1Z03MFC9X; https://www.hktdc.com/event/hkmedicalfair/en/product/1Z03MFC9X; https://www.hktdc.com/event/hkmedicalfair/en/product/1Z03MFKDD; https://www.hktdc.com/event/hkmedicalfair/en/product/1Z03MFKDD; https://www.hktdc.com/event/hkmedicalfair/en/product/1Z03ME1ET; https://www.hktdc.com/event/hkmedicalfair/en/product/1Z03ME1ET; https://www.hktdc.com/event/hkmedicalfair/en/product/1Z03MFKPD; https://www.hktdc.com/event/hkmedicalfair/en/product/1Z03MFKPD; https://www.hktdc.com/event/hkmedicalfair/en/product/1Z03MFKEA; https://www.hktdc.com/event/hkmedicalfair/en/product/1Z03MFKEA; https://www.hktdc.com/event/hkmedicalfair/en/product/1Z03ME1CZ; https://www.hktdc.com/event/hkmedicalfair/en/product/1Z03ME1CZ; https://www.hktdc.com/event/hkmedicalfair/en/product/1Z03MFKNJ; https://www.hktdc.com/event/hkmedicalfair/en/product/1Z03MFKNJ; https://www.hktdc.com/event/hkmedicalfair/en/product/1Z03MCTXG; https://www.hktdc.com/event/hkmedicalfair/en/product/1Z03MCTXG; https://www.hktdc.com/event/hkmedicalfair/en/product/1Z03ME1FQ; https://www.hktdc.com/event/hkmedicalfair/en/product/1Z03ME1FQ; https://www.hktdc.com/event/hkmedicalfair/en/product/1Z03MFKLP; https://www.hktdc.com/event/hkmedicalfair/en/product/1Z03MFKLP; https://www.hktdc.com/event/hkmedicalfair/en/product/1Z03MFKF7; https://www.hktdc.com/event/hkmedicalfair/en/product/1Z03MFKF7; https://www.hktdc.com/event/hkmedicalfair/en/product/1Z03ME1DW; https://www.hktdc.com/event/hkmedicalfair/en/product/1Z03ME1DW; https://www.hktdc.com/event/hkmedicalfair/en/product/1Z03MFC2I; https://www.hktdc.com/event/hkmedicalfair/en/product/1Z03MFC2I
Hongkong Evercare International Limited,Hongkong Evercare International Limited,Hong Kong,HONGKONG EVERCARE INTERNATIONAL LIMITED is a professional distributor of disposable infection prevention products for operation room and personal protection markets.We are specializing in variety of nonwoven disposable converting and providing customer procedure packs solutions.We have joint venture factory in Hubei China with ISO13485 and MDR CE certified as well as own ETO sterilization center.,HONGKONG EVERCARE INTERNATIONAL LIMITED is a professional distributor of disposable infection prevention products for operation room and personal protection markets.We are specializing in variety of nonwoven disposable converting and providing customer procedure packs solutions.We have joint venture factory in Hubei China with ISO13485 and MDR CE certified as well as own ETO sterilization center.,,Exhibitor,Hong Kong International Medical and Healthcare Fair 2025,3F-D05,Medical Supplies and Disposables,Hong Kong MedTech Association Pavilion,1,,,"Personal Protective Equipment,First Aid Equipment,Adult Diaper,Antiseptic Products & Alcohol,Medical Mask,Medical Consumable,Medical Dressing Set,Medical Gloves,Medical Protective Clothing,Personal Hygiene Supplies; Main products including the disposable surgical packs,surgical drapes and customer procedure packs.
Surgical gowns&Isolation gowns&Coverall
Surgical dressing kits and first aid kits
Different components in the customer procedure packs; OEM, ODM","Personal Protective Equipment,First Aid Equipment,Adult Diaper,Antiseptic Products & Alcohol,Medical Mask,Medical Consumable,Medical Dressing Set,Medical Gloves,Medical Protective Clothing,Personal Hygiene Supplies; Main products including the disposable surgical packs,surgical drapes and customer procedure packs.
Surgical gowns&Isolation gowns&Coverall
Surgical dressing kits and first aid kits
Different components in the customer procedure packs; OEM, ODM",https://www.hktdc.com/event/hkmedicalfair/en/exhibitor/1S005JB5A,4,https://www.hktdc.com/event/hkmedicalfair/en/product/1Z03O5EBP; https://www.hktdc.com/event/hkmedicalfair/en/product/1Z03O5EBP; https://www.hktdc.com/event/hkmedicalfair/en/product/1Z03O5E8Y; https://www.hktdc.com/event/hkmedicalfair/en/product/1Z03O5E8Y
Infitech Limited,Infitech Limited,Hong Kong,"Founded by a team of scientists specializing in the human brain collaborating with a team of business management and development experts, INFItech aims to translate more than 20 years of research efforts into nutritional foods that promote brain health to meet the rapidly growing needs of the population.","Founded by a team of scientists specializing in the human brain collaborating with a team of business management and development experts, INFItech aims to translate more than 20 years of research efforts into nutritional foods that promote brain health to meet the rapidly growing needs of the population.",,Exhibitor,Hong Kong International Medical and Healthcare Fair 2025,3G-C18,World of Health and Wellness,,1,,,"Healthcare Product,Health Food,Health Supplement,Body Trimming and Shaping,Biotechnology; INFItech Ltd therapeutic formula ingredients were developed from patented technology licenses obtained from local universities in Hong Kong. The formula ingredients target known pathogenic factors of brain decline, have biological activities such as; Others","Healthcare Product,Health Food,Health Supplement,Body Trimming and Shaping,Biotechnology; INFItech Ltd therapeutic formula ingredients were developed from patented technology licenses obtained from local universities in Hong Kong. The formula ingredients target known pathogenic factors of brain decline, have biological activities such as; Others",https://www.hktdc.com/event/hkmedicalfair/en/exhibitor/1S005JTD4,6,https://www.hktdc.com/event/hkmedicalfair/en/product/1Z03IO35I; https://www.hktdc.com/event/hkmedicalfair/en/product/1Z03IO35I; https://www.hktdc.com/event/hkmedicalfair/en/product/1Z03IO34L; https://www.hktdc.com/event/hkmedicalfair/en/product/1Z03IO34L; https://www.hktdc.com/event/hkmedicalfair/en/product/1Z03IO33O; https://www.hktdc.com/event/hkmedicalfair/en/product/1Z03IO33O
"Kanghua Medical Technology (Hongkong) Co., Limited","Kanghua Medical Technology (Hongkong) Co., Limited",Hong Kong,"KANGHUA MEDICAL TECHNOLOGY (HONGKONG) CO., LIMITED is formally established in 2024 in Hongkong, while its parent company, Jiande Kanghua Medical Devices was established in 2009 at Hangzhou in Zhejiang. The company is a leading Manufacturer of Ligating Clips, Rapid Nasal Packing,Ear Tampon,NPWT Dressing Kit in China. With their extensive experience of supplying and trading the medical consumables, it has made a reputed name for themselves in the market with high quality Titanium Clips, Polymer Ligating Clips, PVA Hemostatic Nasal Sponge With Rapid Absorbent ,Medical Grade Ear Tampon ,Dry White PVA Foam NPWT Dressing Kit etc.","KANGHUA MEDICAL TECHNOLOGY (HONGKONG) CO., LIMITED is formally established in 2024 in Hongkong, while its parent company, Jiande Kanghua Medical Devices was established in 2009 at Hangzhou in Zhejiang. The company is a leading Manufacturer of Ligating Clips, Rapid Nasal Packing,Ear Tampon,NPWT Dressing Kit in China. With their extensive experience of supplying and trading the medical consumables, it has made a reputed name for themselves in the market with high quality Titanium Clips, Polymer Ligating Clips, PVA Hemostatic Nasal Sponge With Rapid Absorbent ,Medical Grade Ear Tampon ,Dry White PVA Foam NPWT Dressing Kit etc.",,Exhibitor,Hong Kong International Medical and Healthcare Fair 2025,3F-B25,Medical Supplies and Disposables,,1,,,"Implant Material,Medical Consumable,Medical Dressing Set; medical consumables:1. Titanium ligating clips;2.Polymer ligating clips;3. Nasal packs with different sizes;4.Eye spears;5.Eye drainage wicks;6.Anal plugs;7.NPWT dressing kits; ODM, OEM","Implant Material,Medical Consumable,Medical Dressing Set; medical consumables:1. Titanium ligating clips;2.Polymer ligating clips;3. Nasal packs with different sizes;4.Eye spears;5.Eye drainage wicks;6.Anal plugs;7.NPWT dressing kits; ODM, OEM",https://www.hktdc.com/event/hkmedicalfair/en/exhibitor/1S005JN0D,22,https://www.hktdc.com/event/hkmedicalfair/en/product/1Z03O2V12; https://www.hktdc.com/event/hkmedicalfair/en/product/1Z03O2V12; https://www.hktdc.com/event/hkmedicalfair/en/product/1Z03O2V4T; https://www.hktdc.com/event/hkmedicalfair/en/product/1Z03O2V4T; https://www.hktdc.com/event/hkmedicalfair/en/product/1Z03O2V7K; https://www.hktdc.com/event/hkmedicalfair/en/product/1Z03O2V7K; https://www.hktdc.com/event/hkmedicalfair/en/product/1Z03O2V8H; https://www.hktdc.com/event/hkmedicalfair/en/product/1Z03O2V8H; https://www.hktdc.com/event/hkmedicalfair/en/product/1Z03O2VAB; https://www.hktdc.com/event/hkmedicalfair/en/product/1Z03O2VAB; https://www.hktdc.com/event/hkmedicalfair/en/product/1Z03O2V3W; https://www.hktdc.com/event/hkmedicalfair/en/product/1Z03O2V3W; https://www.hktdc.com/event/hkmedicalfair/en/product/1Z03O2V9E; https://www.hktdc.com/event/hkmedicalfair/en/product/1Z03O2V9E; https://www.hktdc.com/event/hkmedicalfair/en/product/1Z03O2V2Z; https://www.hktdc.com/event/hkmedicalfair/en/product/1Z03O2V2Z; https://www.hktdc.com/event/hkmedicalfair/en/product/1Z03O2GPH; https://www.hktdc.com/event/hkmedicalfair/en/product/1Z03O2GPH; https://www.hktdc.com/event/hkmedicalfair/en/product/1Z03O2GOK; https://www.hktdc.com/event/hkmedicalfair/en/product/1Z03O2GOK; https://www.hktdc.com/event/hkmedicalfair/en/product/1Z03O2GNN; https://www.hktdc.com/event/hkmedicalfair/en/product/1Z03O2GNN
Kimberly-Clark (Hong Kong) Limited,Kimberly-Clark (Hong Kong) Limited,Hong Kong,"Kimberly-Clark Professional is a leading provider of hygiene and cleaning solutions in Hong Kong, offering a wide range of products and services designed to meet the needs of various industries, including healthcare, education, hospitality, and manufacturing. With a focus on improving hygiene, cleanliness, and protection for people when they are away from home, Kimberly-Clark Professional is committed to sustainability, innovation, and global reach. In Hong Kong, Kimberly-Clark Professional offers a range of solutions, such as hand hygiene products, surface disinfectants, personal protective equipment, and cleaning and maintenance products. The company also offers a range of services, such as training and education programs, to help businesses and organizations maintain a clean, safe, and healthy environment for their employees, customers, and visitors.","Kimberly-Clark Professional is a leading provider of hygiene and cleaning solutions in Hong Kong, offering a wide range of products and services designed to meet the needs of various industries, including healthcare, education, hospitality, and manufacturing. With a focus on improving hygiene, cleanliness, and protection for people when they are away from home, Kimberly-Clark Professional is committed to sustainability, innovation, and global reach. In Hong Kong, Kimberly-Clark Professional offers a range of solutions, such as hand hygiene products, surface disinfectants, personal protective equipment, and cleaning and maintenance products. The company also offers a range of services, such as training and education programs, to help businesses and organizations maintain a clean, safe, and healthy environment for their employees, customers, and visitors.",,Exhibitor,Hong Kong International Medical and Healthcare Fair 2025,3F-B01,Medical Supplies and Disposables,,1,,,"Medical Preparation & Production Equipment,Medical Consumable,Personal Hygiene Supplies; 1. Paper Hand Towel
2. Tissue paper
3. Disposable Cleaning Wiper; Others","Medical Preparation & Production Equipment,Medical Consumable,Personal Hygiene Supplies; 1. Paper Hand Towel
2. Tissue paper
3. Disposable Cleaning Wiper; Others",https://www.hktdc.com/event/hkmedicalfair/en/exhibitor/1S005ITAD,2,https://www.hktdc.com/event/hkmedicalfair/en/product/1Z03MF8YY; https://www.hktdc.com/event/hkmedicalfair/en/product/1Z03MF8YY
Life Is For Excellence Limited,Life Is For Excellence Limited,Hong Kong,"Skin Care,Oral Care,Health Food,Health Supplement,Immune System Booster","Skin Care,Oral Care,Health Food,Health Supplement,Immune System Booster",,Exhibitor,Hong Kong International Medical and Healthcare Fair 2025,3G-C23,World of Health and Wellness,,1,,,"Skin Care,Oral Care,Health Food,Health Supplement,Immune System Booster; LIFE以營養食物為本，融會天然及有機元素，搜羅最美食，引發更多人對營養健康關注及反思，顛覆香港人對傳統健康食品的刻板印象，營養美味可合而為一，愛上健康味道。我們專注亞洲的超級營養食物入囗，批發及零售平台業務。產品包括：活力提升靈芝蟲草Latte 咖啡、美肌瘦身骨膠原Latte 咖啡及 新西蘭『國宴級』帝王三文魚等.; OEM","Skin Care,Oral Care,Health Food,Health Supplement,Immune System Booster; LIFE以營養食物為本，融會天然及有機元素，搜羅最美食，引發更多人對營養健康關注及反思，顛覆香港人對傳統健康食品的刻板印象，營養美味可合而為一，愛上健康味道。我們專注亞洲的超級營養食物入囗，批發及零售平台業務。產品包括：活力提升靈芝蟲草Latte 咖啡、美肌瘦身骨膠原Latte 咖啡及 新西蘭『國宴級』帝王三文魚等.; OEM",https://www.hktdc.com/event/hkmedicalfair/en/exhibitor/1S005J6K6,32,https://www.hktdc.com/event/hkmedicalfair/en/product/1Z03M3Y5N; https://www.hktdc.com/event/hkmedicalfair/en/product/1Z03M3Y5N; https://www.hktdc.com/event/hkmedicalfair/en/product/1Z03M3YB5; https://www.hktdc.com/event/hkmedicalfair/en/product/1Z03M3YB5; https://www.hktdc.com/event/hkmedicalfair/en/product/1Z03M3L43; https://www.hktdc.com/event/hkmedicalfair/en/product/1Z03M3L43; https://www.hktdc.com/event/hkmedicalfair/en/product/1Z03M3XLC; https://www.hktdc.com/event/hkmedicalfair/en/product/1Z03M3XLC; https://www.hktdc.com/event/hkmedicalfair/en/product/1Z03M3YA8; https://www.hktdc.com/event/hkmedicalfair/en/product/1Z03M3YA8; https://www.hktdc.com/event/hkmedicalfair/en/product/1Z03M3XD0; https://www.hktdc.com/event/hkmedicalfair/en/product/1Z03M3XD0; https://www.hktdc.com/event/hkmedicalfair/en/product/1Z03M3KIY; https://www.hktdc.com/event/hkmedicalfair/en/product/1Z03M3KIY; https://www.hktdc.com/event/hkmedicalfair/en/product/1Z03M3X8F; https://www.hktdc.com/event/hkmedicalfair/en/product/1Z03M3X8F; https://www.hktdc.com/event/hkmedicalfair/en/product/1Z03M3Y9B; https://www.hktdc.com/event/hkmedicalfair/en/product/1Z03M3Y9B; https://www.hktdc.com/event/hkmedicalfair/en/product/1Z03M27V8; https://www.hktdc.com/event/hkmedicalfair/en/product/1Z03M27V8; https://www.hktdc.com/event/hkmedicalfair/en/product/1Z03MAKR7; https://www.hktdc.com/event/hkmedicalfair/en/product/1Z03MAKR7; https://www.hktdc.com/event/hkmedicalfair/en/product/1Z03M3XN6; https://www.hktdc.com/event/hkmedicalfair/en/product/1Z03M3XN6; https://www.hktdc.com/event/hkmedicalfair/en/product/1Z03M3YC2; https://www.hktdc.com/event/hkmedicalfair/en/product/1Z03M3YC2; https://www.hktdc.com/event/hkmedicalfair/en/product/1Z03M3XEX; https://www.hktdc.com/event/hkmedicalfair/en/product/1Z03M3XEX; https://www.hktdc.com/event/hkmedicalfair/en/product/1Z03M3XSR; https://www.hktdc.com/event/hkmedicalfair/en/product/1Z03M3XSR; https://www.hktdc.com/event/hkmedicalfair/en/product/1Z03M3XWF; https://www.hktdc.com/event/hkmedicalfair/en/product/1Z03M3XWF
Massphoton Limited,Massphoton Limited,Hong Kong,"MassPhoton HK Limited was founded by North American expat semiconductor technology experts, with state-of-the-art semiconductor chip manufacturing facility in Shenzhen and Jiangsu Province of China, the company focuses on the research and development, production and sales of health & hygiene products and system solutions based on semiconductor UVC chip technology The MassPhoton team has launched successfully various sterilization module based on UVC LED chip technology, and tested by third party agencies such as SGS, with sterilization rate of air, surface and water reaching 99.99%, and widely accepted by the market, including winning 2019 Red Dot Design Award and 2019 CES production innovation awards, etc","MassPhoton HK Limited was founded by North American expat semiconductor technology experts, with state-of-the-art semiconductor chip manufacturing facility in Shenzhen and Jiangsu Province of China, the company focuses on the research and development, production and sales of health & hygiene products and system solutions based on semiconductor UVC chip technology The MassPhoton team has launched successfully various sterilization module based on UVC LED chip technology, and tested by third party agencies such as SGS, with sterilization rate of air, surface and water reaching 99.99%, and widely accepted by the market, including winning 2019 Red Dot Design Award and 2019 CES production innovation awards, etc",,Exhibitor,Hong Kong International Medical and Healthcare Fair 2025,3F-H18,Hospital Equipment and Digital Health,Hong Kong Science and Technology Parks Pavilion,1,,,"UV Light Device,Sterilization, Disinfecting Devices and Supplies,Dental Equipment,Air Purifier,Air Filtration System,Hospital Automation Systems; Our system offers round-the-clock, medical-grade air sterilization, incorporating a state-of-the-art UVC-LED light chamber that ensures zero ozone emissions and no UVC light escape.; OEM","UV Light Device,Sterilization, Disinfecting Devices and Supplies,Dental Equipment,Air Purifier,Air Filtration System,Hospital Automation Systems; Our system offers round-the-clock, medical-grade air sterilization, incorporating a state-of-the-art UVC-LED light chamber that ensures zero ozone emissions and no UVC light escape.; OEM",https://www.hktdc.com/event/hkmedicalfair/en/exhibitor/1S005IWD1,10,https://www.hktdc.com/event/hkmedicalfair/en/product/1Z03NDOMI; https://www.hktdc.com/event/hkmedicalfair/en/product/1Z03NDOMI; https://www.hktdc.com/event/hkmedicalfair/en/product/1Z03NDPUT; https://www.hktdc.com/event/hkmedicalfair/en/product/1Z03NDPUT; https://www.hktdc.com/event/hkmedicalfair/en/product/1Z03NDPKN; https://www.hktdc.com/event/hkmedicalfair/en/product/1Z03NDPKN; https://www.hktdc.com/event/hkmedicalfair/en/product/1Z03NDPTW; https://www.hktdc.com/event/hkmedicalfair/en/product/1Z03NDPTW; https://www.hktdc.com/event/hkmedicalfair/en/product/1Z03O3TD4; https://www.hktdc.com/event/hkmedicalfair/en/product/1Z03O3TD4
NAF Pharma Logistics Limited,NAF Pharma Logistics Limited,Hong Kong,"NAF Pharma specializes in quality cold-chain solutions to and from China and Hong Kong for the pharmaceutical, biopharma, biotechnology, and health science related industries. Our mission goes beyond logistics, it is about improving lives and enhancing the future. We believe Logistics has the power to improve lives. And behind every shipment we handle, there is a story of hope, healing, and improved quality of life. Our vision is to be renowned as the pharma logistics company that consistently exceeds customer expectations by delivering innovation, reliable, and customer centric solutions across the globe.","NAF Pharma specializes in quality cold-chain solutions to and from China and Hong Kong for the pharmaceutical, biopharma, biotechnology, and health science related industries. Our mission goes beyond logistics, it is about improving lives and enhancing the future. We believe Logistics has the power to improve lives. And behind every shipment we handle, there is a story of hope, healing, and improved quality of life. Our vision is to be renowned as the pharma logistics company that consistently exceeds customer expectations by delivering innovation, reliable, and customer centric solutions across the globe.",,Exhibitor,Hong Kong International Medical and Healthcare Fair 2025,3F-D21,Laboratory Technologies and Healthcare Services,,1,,,"Logistic and Transport Service,Cold Chain Logistics Solution / Medical Courier; Cold Chain Logistics Solution with packaging; Others","Logistic and Transport Service,Cold Chain Logistics Solution / Medical Courier; Cold Chain Logistics Solution with packaging; Others",https://www.hktdc.com/event/hkmedicalfair/en/exhibitor/1S005IT21,8,https://www.hktdc.com/event/hkmedicalfair/en/product/1Z03LDS5T; https://www.hktdc.com/event/hkmedicalfair/en/product/1Z03LDS5T; https://www.hktdc.com/event/hkmedicalfair/en/product/1Z03L9NYJ; https://www.hktdc.com/event/hkmedicalfair/en/product/1Z03L9NYJ; https://www.hktdc.com/event/hkmedicalfair/en/product/1Z03LDP18; https://www.hktdc.com/event/hkmedicalfair/en/product/1Z03LDP18; https://www.hktdc.com/event/hkmedicalfair/en/product/1Z03LDSO8; https://www.hktdc.com/event/hkmedicalfair/en/product/1Z03LDSO8
One Pacific Limited,One Pacific Limited,Hong Kong,"One Pacific Limited is the only official Oracle NetSuite ERP Solution Provider in the region accredited with Expertise in ERP by Oracle NetSuite, positioning us among the leading solution providers globally. With over 15 years of experience in NetSuite Cloud ERP implementation, we specialize in driving business optimization and growth across diverse industries. Our expertise spans medical and hospital equipment wholesale and distribution, manufacturing, field service, laboratory testing management, and healthcare facilities and service management. Beyond ERP, we are leaders in AI and automation, serving as a certified and award-winning partner of Celigo, Workato, UiPath, and Amazon Web Services (AWS). Our cutting-edge solutions empower businesses with seamless integration, intelligent automation, and enhanced operational efficiency. Our long-standing client relationships reflect our exceptional service quality, professionalism, and commitment to driving business success. Partner with One Pacific Limited to transform your operations with best-in-class ERP and automation solutions tailored for sustainable growth.","One Pacific Limited is the only official Oracle NetSuite ERP Solution Provider in the region accredited with Expertise in ERP by Oracle NetSuite, positioning us among the leading solution providers globally. With over 15 years of experience in NetSuite Cloud ERP implementation, we specialize in driving business optimization and growth across diverse industries. Our expertise spans medical and hospital equipment wholesale and distribution, manufacturing, field service, laboratory testing management, and healthcare facilities and service management. Beyond ERP, we are leaders in AI and automation, serving as a certified and award-winning partner of Celigo, Workato, UiPath, and Amazon Web Services (AWS). Our cutting-edge solutions empower businesses with seamless integration, intelligent automation, and enhanced operational efficiency. Our long-standing client relationships reflect our exceptional service quality, professionalism, and commitment to driving business success. Partner with One Pacific Limited to transform your operations with best-in-class ERP and automation solutions tailored for sustainable growth.",,Exhibitor,Hong Kong International Medical and Healthcare Fair 2025,3F-E11,Biotech and Lab Diagnostics,Hong Kong MedTech Association Pavilion,1,,,"Drug Dispensing / Drug Compliance Monitoring System and Device,Medical Device Global Registration Consulting Service,Nutritional Manufacturing/ Processing Service,Manufacturing Solution,E-Health,Smart Health Platform & Solution,Health Related IoT/AI/VR,Health Management Apps/Systems,Big Data Medical Application,Logistic and Transport Service; Oracle NetSuite ERP (Enterprise Resource Planning)Solution, Medical Device Management and Maintenance Plan Solutions, Total Quality Management for Compliance, Field Services Automation, AI-powered Finance AP and AR Automation; Others","Drug Dispensing / Drug Compliance Monitoring System and Device,Medical Device Global Registration Consulting Service,Nutritional Manufacturing/ Processing Service,Manufacturing Solution,E-Health,Smart Health Platform & Solution,Health Related IoT/AI/VR,Health Management Apps/Systems,Big Data Medical Application,Logistic and Transport Service; Oracle NetSuite ERP (Enterprise Resource Planning)Solution, Medical Device Management and Maintenance Plan Solutions, Total Quality Management for Compliance, Field Services Automation, AI-powered Finance AP and AR Automation; Others",https://www.hktdc.com/event/hkmedicalfair/en/exhibitor/1S005L2IG,2,https://www.hktdc.com/event/hkmedicalfair/en/product/1Z03KFQ31; https://www.hktdc.com/event/hkmedicalfair/en/product/1Z03KFQ31
PRIME Achiever Limited,PRIME Achiever Limited,Hong Kong,"PRIME Achiever Limited is a global healthcare products development company, with base in Hong Kong and Vancouver. We are dedicated to improving the quality of patients and caregivers by designing technologies-integrated products. We insist on delivering values to end users through high quality production and quick turn technical support and after-sales services. We love to listen to patients, nurses, and caregivers so we keep improving and innovation products and services. With full support of our sister company, which has over 40 years of experience in R&D, project management of ODM and OEM, and manufacturing, PRIME Achiever is well equipped with in-house engineering, quality assurance and manufacturing teams. Our rich-experience head, Bill Tang, has led us to keep moving forward and pay closed attention to updated technologies and quick-change medical and healthcare trends and needs.","PRIME Achiever Limited is a global healthcare products development company, with base in Hong Kong and Vancouver. We are dedicated to improving the quality of patients and caregivers by designing technologies-integrated products. We insist on delivering values to end users through high quality production and quick turn technical support and after-sales services. We love to listen to patients, nurses, and caregivers so we keep improving and innovation products and services. With full support of our sister company, which has over 40 years of experience in R&D, project management of ODM and OEM, and manufacturing, PRIME Achiever is well equipped with in-house engineering, quality assurance and manufacturing teams. Our rich-experience head, Bill Tang, has led us to keep moving forward and pay closed attention to updated technologies and quick-change medical and healthcare trends and needs.",,Exhibitor,Hong Kong International Medical and Healthcare Fair 2025,3F-H26,Hospital Equipment and Digital Health,,1,,,"Ward Facilities, Furniture and Supplies; PRIME Crush electronic pill crusher was developed to crush medication automatically for the elderly, children, and patients who has swallow difficulty.  Finest medication powder!  No more repetitive strain injury!  High working efficiency!; OBM","Ward Facilities, Furniture and Supplies; PRIME Crush electronic pill crusher was developed to crush medication automatically for the elderly, children, and patients who has swallow difficulty.  Finest medication powder!  No more repetitive strain injury!  High working efficiency!; OBM",https://www.hktdc.com/event/hkmedicalfair/en/exhibitor/1S005IW04,4,https://www.hktdc.com/event/hkmedicalfair/en/product/1Z03MF95C; https://www.hktdc.com/event/hkmedicalfair/en/product/1Z03MF95C; https://www.hktdc.com/event/hkmedicalfair/en/product/1Z03IC7L2; https://www.hktdc.com/event/hkmedicalfair/en/product/1Z03IC7L2
Pacific Medical Systems Limited,Pacific Medical Systems Limited,Hong Kong,"Pacific Medical Systems (PMS) focuses in the marketing, sales and after sales support of innovative medical products in the Asia Pacific region.","Pacific Medical Systems (PMS) focuses in the marketing, sales and after sales support of innovative medical products in the Asia Pacific region.",,Exhibitor,Hong Kong International Medical and Healthcare Fair 2025,3F-E12,Hong Kong MedTech Association (HKMTA),Hong Kong MedTech Association Pavilion,1,,,"Ultrasound Medical device, Surgical device, patient care solution, AED and etc.; Others","Ultrasound Medical device, Surgical device, patient care solution, AED and etc.; Others",https://www.hktdc.com/event/hkmedicalfair/en/exhibitor/1S005ITFY,2,https://www.hktdc.com/event/hkmedicalfair/en/product/1X23G0T7; https://www.hktdc.com/event/hkmedicalfair/en/product/1X23G0T7
Passo Avanti Limited,Passo Avanti Limited,Hong Kong,"Technology & Automation for Hospitality and Healthcare Since 2014, we bring to Hong Kong cutting edge solutions and technologies to enrich your space and improve the efficiency of your business Our Technology division supports Hotels, Casinos and Hospitals with the world most advanced Automated Uniforms Tracking and Delivery System by ZCS - Zucchetti Centro Sistemi. We are specialized on the automation of the Housekeeping and Laundry department, we have a wide range of solutions for Automated Hotel Wardrobe, Automatic Storage, Tracking and Dispatching for any kind of garment, specifically Uniforms, Scrubs, Workwear, reusable PPE and much more, for Hotels, Casinos, Factories and Hospitals. Our ecosystem of solutions include Uniforms tracking system, uniform automated conveyor, RFID tracking system, scrub dispenser, uniform inventory system and uniform management system.","Technology & Automation for Hospitality and Healthcare Since 2014, we bring to Hong Kong cutting edge solutions and technologies to enrich your space and improve the efficiency of your business Our Technology division supports Hotels, Casinos and Hospitals with the world most advanced Automated Uniforms Tracking and Delivery System by ZCS - Zucchetti Centro Sistemi. We are specialized on the automation of the Housekeeping and Laundry department, we have a wide range of solutions for Automated Hotel Wardrobe, Automatic Storage, Tracking and Dispatching for any kind of garment, specifically Uniforms, Scrubs, Workwear, reusable PPE and much more, for Hotels, Casinos, Factories and Hospitals. Our ecosystem of solutions include Uniforms tracking system, uniform automated conveyor, RFID tracking system, scrub dispenser, uniform inventory system and uniform management system.",,Exhibitor,Hong Kong International Medical and Healthcare Fair 2025,3F-G28,Hospital Equipment and Digital Health,,1,,,"Hospital Uniform,Hospital Automation Systems; Technology & Automation for Hospitality and Healthcare. Automated uniforms and garment management system, with UHF RFID tracking system, for hospitals, health care and hospitality.; Others","Hospital Uniform,Hospital Automation Systems; Technology & Automation for Hospitality and Healthcare. Automated uniforms and garment management system, with UHF RFID tracking system, for hospitals, health care and hospitality.; Others",https://www.hktdc.com/event/hkmedicalfair/en/exhibitor/1S005J1IH,4,https://www.hktdc.com/event/hkmedicalfair/en/product/1Z03ISEXV; https://www.hktdc.com/event/hkmedicalfair/en/product/1Z03ISEXV; https://www.hktdc.com/event/hkmedicalfair/en/product/1Z03ISF1I; https://www.hktdc.com/event/hkmedicalfair/en/product/1Z03ISF1I
Pottvip (Hong Kong) Limited,Pottvip (Hong Kong) Limited,Hong Kong,"In general, UPCHAIR is not a common chair like the ones we have at home or in other locations. its specialty lies in its unique function of rising the seating cushion to a 40 degree sliding forward position. This feature assists people in standing up easily and without experiencing any physical or psychological pressure. It is particularly beneficial for individuals with tense muscles and is also suitable for pregnant women and elderlies.","In general, UPCHAIR is not a common chair like the ones we have at home or in other locations. its specialty lies in its unique function of rising the seating cushion to a 40 degree sliding forward position. This feature assists people in standing up easily and without experiencing any physical or psychological pressure. It is particularly beneficial for individuals with tense muscles and is also suitable for pregnant women and elderlies.",,Exhibitor,Hong Kong International Medical and Healthcare Fair 2025,3G-B12,Rehabilitation and Elderly Care,,1,,,"Elderly Care Product,Physical Therapy Equipment; POTTVIP CHAIR SERIES INCLUDING UPCHAIR 38, UPCHAIR 9, UPCHAIR45, UPCHAIR 90, UPCHAIR 180, UPCHAIR 360; Others","Elderly Care Product,Physical Therapy Equipment; POTTVIP CHAIR SERIES INCLUDING UPCHAIR 38, UPCHAIR 9, UPCHAIR45, UPCHAIR 90, UPCHAIR 180, UPCHAIR 360; Others",https://www.hktdc.com/event/hkmedicalfair/en/exhibitor/1S005IW6M,2,https://www.hktdc.com/event/hkmedicalfair/en/product/1Z03O1CFF; https://www.hktdc.com/event/hkmedicalfair/en/product/1Z03O1CFF
Pro-Med Technology Ltd,Pro-Med Technology Ltd,Hong Kong,"Pro-Med Technology Limited has been a trusted provider, diligently exploring and introducing cutting-edge products, technologies, and solutions to professionals in the fields of rehabilitation, wellness, and healthcare in Hong Kong and worldwide for over two decades.","Pro-Med Technology Limited has been a trusted provider, diligently exploring and introducing cutting-edge products, technologies, and solutions to professionals in the fields of rehabilitation, wellness, and healthcare in Hong Kong and worldwide for over two decades.",,Exhibitor,Hong Kong International Medical and Healthcare Fair 2025,3G-B06,Rehabilitation and Elderly Care,,1,,,"Elderly Care Product,Nursing bed,Ultrasound Equipment,Speech & Hearing Therapy Equipment,Monitoring Support Device and Solution,Physical Therapy Equipment,Walking Stick and Walker,Rehabilitation Equipment,Recreational Therapy Tool (Games and Toys),Physiotherapy Treatment; 1. Ekso NR Wearable Robotic Exoskeleton; Others","Elderly Care Product,Nursing bed,Ultrasound Equipment,Speech & Hearing Therapy Equipment,Monitoring Support Device and Solution,Physical Therapy Equipment,Walking Stick and Walker,Rehabilitation Equipment,Recreational Therapy Tool (Games and Toys),Physiotherapy Treatment; 1. Ekso NR Wearable Robotic Exoskeleton; Others",https://www.hktdc.com/event/hkmedicalfair/en/exhibitor/1S005IVST,10,https://www.hktdc.com/event/hkmedicalfair/en/product/1Z03OM8SG; https://www.hktdc.com/event/hkmedicalfair/en/product/1Z03OM8SG; https://www.hktdc.com/event/hkmedicalfair/en/product/1Z03OM8V7; https://www.hktdc.com/event/hkmedicalfair/en/product/1Z03OM8V7; https://www.hktdc.com/event/hkmedicalfair/en/product/1Z03OM8TD; https://www.hktdc.com/event/hkmedicalfair/en/product/1Z03OM8TD; https://www.hktdc.com/event/hkmedicalfair/en/product/1Z03JWIG6; https://www.hktdc.com/event/hkmedicalfair/en/product/1Z03JWIG6; https://www.hktdc.com/event/hkmedicalfair/en/product/1Z03MCUQ0; https://www.hktdc.com/event/hkmedicalfair/en/product/1Z03MCUQ0
Showpal Medical Hong Kong Limited,Showpal Medical Hong Kong Limited,Hong Kong,"We are a OEM supplier for thermofisher, IDEX and Hong kong hospital authority. We have ISO13485 certify with 100K class cleanroom for injection and blow molding. Meantime, we have EO sterilization in house.","We are a OEM supplier for thermofisher, IDEX and Hong kong hospital authority. We have ISO13485 certify with 100K class cleanroom for injection and blow molding. Meantime, we have EO sterilization in house.",,Exhibitor,Hong Kong International Medical and Healthcare Fair 2025,3F-B06,Medical Supplies and Disposables,,1,,,"First Aid Equipment,Antiseptic Products & Alcohol,Medical Consumable,Personal Hygiene Supplies; Blow molding, bottle, injection and biodegradable tray; OEM","First Aid Equipment,Antiseptic Products & Alcohol,Medical Consumable,Personal Hygiene Supplies; Blow molding, bottle, injection and biodegradable tray; OEM",https://www.hktdc.com/event/hkmedicalfair/en/exhibitor/1S005JV12,0,
Smart Idea Health Technology Limited,Smart Idea Health Technology Limited,Hong Kong,"Smart Idea was founded by a team of professionals in Hong Kong with extensive experience in healthcare and innovation. Leveraging our past experience, we understand how to effectively utilize innovative medical technology to enhance the efficiency of healthcare services in Hong Kong. Our goal is to use our expertise to provide quality and appropriate medical options for disadvantaged communities and improve their quality of life. The team is committed to introducing medical products that break from tradition, with clinical proof and international recognition (FDA, NMPA, CE). We collaborate with various sectors, including government agencies and community service organizations, to promote gerontechnology and mental health technology. By using high-tech products, we aim to reduce healthcare costs for the public and effectively benefit those in need. Additionally, we engage in health education initiatives, working with professional healthcare personnel to promote the importance of early detection. This helps deepen community understanding of early disease prevention, planting the seeds of preventive healthcare and fostering their growth.","Smart Idea was founded by a team of professionals in Hong Kong with extensive experience in healthcare and innovation. Leveraging our past experience, we understand how to effectively utilize innovative medical technology to enhance the efficiency of healthcare services in Hong Kong. Our goal is to use our expertise to provide quality and appropriate medical options for disadvantaged communities and improve their quality of life. The team is committed to introducing medical products that break from tradition, with clinical proof and international recognition (FDA, NMPA, CE). We collaborate with various sectors, including government agencies and community service organizations, to promote gerontechnology and mental health technology. By using high-tech products, we aim to reduce healthcare costs for the public and effectively benefit those in need. Additionally, we engage in health education initiatives, working with professional healthcare personnel to promote the importance of early detection. This helps deepen community understanding of early disease prevention, planting the seeds of preventive healthcare and fostering their growth.",,Exhibitor,Hong Kong International Medical and Healthcare Fair 2025,3F-E21,Biotech and Lab Diagnostics,,1,,,"Rehabilitation Equipment,Healthcare Product,Health Related IoT/AI/VR,Health Management Apps/Systems,Medical and Healthcare Service,Biotechnology; -Non-invasive mild cognitive impairment MCI screening methods
-Non-invasive depression disorder screening methods
We'll be offering exclusive discounts and are actively exploring partnerships. If you'd like to learn more, see you at the fair.; Others","Rehabilitation Equipment,Healthcare Product,Health Related IoT/AI/VR,Health Management Apps/Systems,Medical and Healthcare Service,Biotechnology; -Non-invasive mild cognitive impairment MCI screening methods
-Non-invasive depression disorder screening methods
We'll be offering exclusive discounts and are actively exploring partnerships. If you'd like to learn more, see you at the fair.; Others",https://www.hktdc.com/event/hkmedicalfair/en/exhibitor/1S005ITIP,8,https://www.hktdc.com/event/hkmedicalfair/en/product/1Z03NQVC5; https://www.hktdc.com/event/hkmedicalfair/en/product/1Z03NQVC5; https://www.hktdc.com/event/hkmedicalfair/en/product/1Z03MCPLK; https://www.hktdc.com/event/hkmedicalfair/en/product/1Z03MCPLK; https://www.hktdc.com/event/hkmedicalfair/en/product/1Z03MCPHW; https://www.hktdc.com/event/hkmedicalfair/en/product/1Z03MCPHW; https://www.hktdc.com/event/hkmedicalfair/en/product/1Z03MCOYI; https://www.hktdc.com/event/hkmedicalfair/en/product/1Z03MCOYI
Supermax Global (HK) Limited,Supermax Global (HK) Limited,Hong Kong,SUPERMAX is a World-class manufacturer of medical Latex & Nitrile Examination and Surgical Gloves. We are exporting to 163 countries around the world,SUPERMAX is a World-class manufacturer of medical Latex & Nitrile Examination and Surgical Gloves. We are exporting to 163 countries around the world,,Exhibitor,Hong Kong International Medical and Healthcare Fair 2025,3F-D07,Medical Supplies and Disposables,Hong Kong MedTech Association Pavilion,1,,,Medical Gloves; Latex & Nitrile Examination and Surgical Gloves; Others,Medical Gloves; Latex & Nitrile Examination and Surgical Gloves; Others,https://www.hktdc.com/event/hkmedicalfair/en/exhibitor/1S005IT14,14,https://www.hktdc.com/event/hkmedicalfair/en/product/1X1W2KGW; https://www.hktdc.com/event/hkmedicalfair/en/product/1X1W2KGW; https://www.hktdc.com/event/hkmedicalfair/en/product/1X1W2KFX; https://www.hktdc.com/event/hkmedicalfair/en/product/1X1W2KFX; https://www.hktdc.com/event/hkmedicalfair/en/product/1X1W2KEY; https://www.hktdc.com/event/hkmedicalfair/en/product/1X1W2KEY; https://www.hktdc.com/event/hkmedicalfair/en/product/1X1W2KDZ; https://www.hktdc.com/event/hkmedicalfair/en/product/1X1W2KDZ; https://www.hktdc.com/event/hkmedicalfair/en/product/1X1W2KC0; https://www.hktdc.com/event/hkmedicalfair/en/product/1X1W2KC0; https://www.hktdc.com/event/hkmedicalfair/en/product/1X1W2KB1; https://www.hktdc.com/event/hkmedicalfair/en/product/1X1W2KB1; https://www.hktdc.com/event/hkmedicalfair/en/product/1X1W2KA2; https://www.hktdc.com/event/hkmedicalfair/en/product/1X1W2KA2
Tab Next Limited,Tab Next Limited,Hong Kong,"TABNEXT is a professional healthcare informatics solution provider based in Hong Kong. It aims at delivering customer-centric medical IT solutions to achieve our clients' goals. We offer a one-stop and customized clinical management system (CMS), which provides system integration and implementation for private hospitals, imaging, and health-check centers as well as medical groups. Our team has over 10 years of experience and in-depth knowledge in healthcare. Leveraging our up-to-date technologies, we have helped our clients automate and streamline their day-to-day operational workflow, enhancing efficiency and productivity.","TABNEXT is a professional healthcare informatics solution provider based in Hong Kong. It aims at delivering customer-centric medical IT solutions to achieve our clients' goals. We offer a one-stop and customized clinical management system (CMS), which provides system integration and implementation for private hospitals, imaging, and health-check centers as well as medical groups. Our team has over 10 years of experience and in-depth knowledge in healthcare. Leveraging our up-to-date technologies, we have helped our clients automate and streamline their day-to-day operational workflow, enhancing efficiency and productivity.",,Exhibitor,Hong Kong International Medical and Healthcare Fair 2025,3F-H21,Hospital Equipment and Digital Health,,1,,,"Smart Health Platform & Solution,Hospital Automation Systems,Telemedicine Technology & Services; NEXT CMS - customizable clinical management system
Imaging solution - a one-stop IT solution for imaging centers
Dental solution - a one-stop dental IT solution
Medical Image Booklet System; Others","Smart Health Platform & Solution,Hospital Automation Systems,Telemedicine Technology & Services; NEXT CMS - customizable clinical management system
Imaging solution - a one-stop IT solution for imaging centers
Dental solution - a one-stop dental IT solution
Medical Image Booklet System; Others",https://www.hktdc.com/event/hkmedicalfair/en/exhibitor/1S005IVYB,4,https://www.hktdc.com/event/hkmedicalfair/en/product/1Z03MEMYK; https://www.hktdc.com/event/hkmedicalfair/en/product/1Z03MEMYK; https://www.hktdc.com/event/hkmedicalfair/en/product/1Z03MEL1C; https://www.hktdc.com/event/hkmedicalfair/en/product/1Z03MEL1C
Vision Beta IT Solutions Limited,Vision Beta IT Solutions Limited,Hong Kong,"Vision Beta IT Solutions Limited is an IT solutions provider based in Hong Kong, with over 17 years of extensive experience in delivering diverse IT services to commercial enterprises. Our services encompass system development, IT outsourcing support, network infrastructure, and website design, complemented by comprehensive project management services. We are dedicated to providing tailored solutions that meet the unique needs of businesses across various sectors.","Vision Beta IT Solutions Limited is an IT solutions provider based in Hong Kong, with over 17 years of extensive experience in delivering diverse IT services to commercial enterprises. Our services encompass system development, IT outsourcing support, network infrastructure, and website design, complemented by comprehensive project management services. We are dedicated to providing tailored solutions that meet the unique needs of businesses across various sectors.",,Exhibitor,Hong Kong International Medical and Healthcare Fair 2025,3F-H27,Hospital Equipment and Digital Health,,1,,,"Patient Monitoring System,Hospital Automation Systems,Telemedicine Technology & Services; Vital Clinic System is a cloud-based clinic management solution designed specifically for clinics. This system enhances operational efficiency and accuracy, providing a comprehensive suite of tools tailored to meet the unique needs of clinics.; Others","Patient Monitoring System,Hospital Automation Systems,Telemedicine Technology & Services; Vital Clinic System is a cloud-based clinic management solution designed specifically for clinics. This system enhances operational efficiency and accuracy, providing a comprehensive suite of tools tailored to meet the unique needs of clinics.; Others",https://www.hktdc.com/event/hkmedicalfair/en/exhibitor/1S005IYPZ,2,https://www.hktdc.com/event/hkmedicalfair/en/product/1Z03O3FG9; https://www.hktdc.com/event/hkmedicalfair/en/product/1Z03O3FG9
Vitas Limited,Vitas Limited,Hong Kong,"VITAS LIMITED is established in Hong Kong since 2004, deals mainly in high quality imported health products. Aim: Promote health consciousness through disseminating knowledge of lymphatic wellness. Mission: Stay healthy, beautiful and away from critical illnesses.","VITAS LIMITED is established in Hong Kong since 2004, deals mainly in high quality imported health products. Aim: Promote health consciousness through disseminating knowledge of lymphatic wellness. Mission: Stay healthy, beautiful and away from critical illnesses.",,Exhibitor,Hong Kong International Medical and Healthcare Fair 2025,3F-D08,World of Health and Wellness,Greater Bay Area Health Industries Association Pavilion,1,,,"Skin Care,Healthcare Product,Health Food,Joint & Bone Support,Health Supplement,Health Management and Consultancy,Health Management Apps/Systems,Body Trimming and Shaping,Fitness Centre,Medical and Healthcare Service; Imported from France:
VITAS Soothing Cream Gel and VITAS Capsule - 
Both are natural plant based formulations.; ODM","Skin Care,Healthcare Product,Health Food,Joint & Bone Support,Health Supplement,Health Management and Consultancy,Health Management Apps/Systems,Body Trimming and Shaping,Fitness Centre,Medical and Healthcare Service; Imported from France:
VITAS Soothing Cream Gel and VITAS Capsule - 
Both are natural plant based formulations.; ODM",https://www.hktdc.com/event/hkmedicalfair/en/exhibitor/1S005IYKE,4,https://www.hktdc.com/event/hkmedicalfair/en/product/1Z03O1WWG; https://www.hktdc.com/event/hkmedicalfair/en/product/1Z03O1WWG; https://www.hktdc.com/event/hkmedicalfair/en/product/1Z03O1WVJ; https://www.hktdc.com/event/hkmedicalfair/en/product/1Z03O1WVJ
Webber & Nickel (Int'l) Co Limited,Webber & Nickel (Int'l) Co Limited,Hong Kong,"With 58 years of experience, WEBBER has established ideal workspaces in Hong Kong, becoming a company that integrates design, production, and marketing, while holding a leading position in the Asia-Pacific market. We produce a variety of steel products, filing storage systems, system furniture, and medical furniture, all developed and manufactured in our own facilities. We are proud to be ISO-9001 and ISO-14001 certified. Currently, our domestic factories are moving towards smart manufacturing, with a production area of 50,000 square meters.","With 58 years of experience, WEBBER has established ideal workspaces in Hong Kong, becoming a company that integrates design, production, and marketing, while holding a leading position in the Asia-Pacific market. We produce a variety of steel products, filing storage systems, system furniture, and medical furniture, all developed and manufactured in our own facilities. We are proud to be ISO-9001 and ISO-14001 certified. Currently, our domestic factories are moving towards smart manufacturing, with a production area of 50,000 square meters.",,Exhibitor,Hong Kong International Medical and Healthcare Fair 2025,3F-F34,Hospital Equipment and Digital Health,,1,,,"Ward Facilities, Furniture and Supplies; Custom furniture can be tailored to healthcare professionals' needs, effectively utilizing every inch of space. As medical demands evolve, designs & functions can be adjusted. Such as mobile storage racks, mobile workstations & mobile storage cabinet; OBM","Ward Facilities, Furniture and Supplies; Custom furniture can be tailored to healthcare professionals' needs, effectively utilizing every inch of space. As medical demands evolve, designs & functions can be adjusted. Such as mobile storage racks, mobile workstations & mobile storage cabinet; OBM",https://www.hktdc.com/event/hkmedicalfair/en/exhibitor/1S005IVWH,0,
"Ziglite Smart Health Care Products Co., Ltd.","Ziglite Smart Health Care Products Co., Ltd.",Hong Kong,"Incorporated in 2018, we work with our partners to bring their products to the local market & overseas markets. Mainly engaged in the management of rehab, elderly, health care, anti-virus, fresh air products. Main customers are the online selling, markets and institutions, such as clinics, homes for the elderly and patients. We are committed to the development of excellent health care products,dedicated to the needs of our customers, strive to provide customers with superior quality and stable performance of health care products. We specialize in a wide range of products, including : rehab, elderly, UVC, anti-virus and fresh air, incontinence care, mobility aids, decompression supplies .. etc.","Incorporated in 2018, we work with our partners to bring their products to the local market & overseas markets. Mainly engaged in the management of rehab, elderly, health care, anti-virus, fresh air products. Main customers are the online selling, markets and institutions, such as clinics, homes for the elderly and patients. We are committed to the development of excellent health care products,dedicated to the needs of our customers, strive to provide customers with superior quality and stable performance of health care products. We specialize in a wide range of products, including : rehab, elderly, UVC, anti-virus and fresh air, incontinence care, mobility aids, decompression supplies .. etc.",,Exhibitor,Hong Kong International Medical and Healthcare Fair 2025,3F-E33,Hong Kong MedTech Association (HKMTA),Hong Kong MedTech Association Pavilion,1,,,"Elderly Care Product,Adult Diaper,Physical Therapy Equipment; A. UVC / Air Purifier; B. Stretching & Traction; C. Walking Sticks, Walking Racks, Bathing & Toilet chairs; D. Rehab Devices; E. Thermometers & Health Meters; F. Nursing Mats; G. Wheel Chairs; H. Urine collector; ODM, OEM","Elderly Care Product,Adult Diaper,Physical Therapy Equipment; A. UVC / Air Purifier; B. Stretching & Traction; C. Walking Sticks, Walking Racks, Bathing & Toilet chairs; D. Rehab Devices; E. Thermometers & Health Meters; F. Nursing Mats; G. Wheel Chairs; H. Urine collector; ODM, OEM",https://www.hktdc.com/event/hkmedicalfair/en/exhibitor/1S005JP4Z,36,https://www.hktdc.com/event/hkmedicalfair/en/product/1Z03OIQMG; https://www.hktdc.com/event/hkmedicalfair/en/product/1Z03OIQMG; https://www.hktdc.com/event/hkmedicalfair/en/product/1Z03OIQR1; https://www.hktdc.com/event/hkmedicalfair/en/product/1Z03OIQR1; https://www.hktdc.com/event/hkmedicalfair/en/product/1Z03OIHDG; https://www.hktdc.com/event/hkmedicalfair/en/product/1Z03OIHDG; https://www.hktdc.com/event/hkmedicalfair/en/product/1Z03OIQF1; https://www.hktdc.com/event/hkmedicalfair/en/product/1Z03OIQF1; https://www.hktdc.com/event/hkmedicalfair/en/product/1Z03OIQIS; https://www.hktdc.com/event/hkmedicalfair/en/product/1Z03OIQIS; https://www.hktdc.com/event/hkmedicalfair/en/product/1Z03OIGCK; https://www.hktdc.com/event/hkmedicalfair/en/product/1Z03OIGCK; https://www.hktdc.com/event/hkmedicalfair/en/product/1Z03OIHRA; https://www.hktdc.com/event/hkmedicalfair/en/product/1Z03OIHRA; https://www.hktdc.com/event/hkmedicalfair/en/product/1Z03OIG9T; https://www.hktdc.com/event/hkmedicalfair/en/product/1Z03OIG9T; https://www.hktdc.com/event/hkmedicalfair/en/product/1Z03OI8EM; https://www.hktdc.com/event/hkmedicalfair/en/product/1Z03OI8EM; https://www.hktdc.com/event/hkmedicalfair/en/product/1Z03OIHAP; https://www.hktdc.com/event/hkmedicalfair/en/product/1Z03OIHAP; https://www.hktdc.com/event/hkmedicalfair/en/product/1Z03OI7SH; https://www.hktdc.com/event/hkmedicalfair/en/product/1Z03OI7SH; https://www.hktdc.com/event/hkmedicalfair/en/product/1Z03OI0JF; https://www.hktdc.com/event/hkmedicalfair/en/product/1Z03OI0JF; https://www.hktdc.com/event/hkmedicalfair/en/product/1Z03OI7J8; https://www.hktdc.com/event/hkmedicalfair/en/product/1Z03OI7J8; https://www.hktdc.com/event/hkmedicalfair/en/product/1Z03OI82M; https://www.hktdc.com/event/hkmedicalfair/en/product/1Z03OI82M; https://www.hktdc.com/event/hkmedicalfair/en/product/1Z03OHX10; https://www.hktdc.com/event/hkmedicalfair/en/product/1Z03OHX10; https://www.hktdc.com/event/hkmedicalfair/en/product/1Z03OHYTN; https://www.hktdc.com/event/hkmedicalfair/en/product/1Z03OHYTN; https://www.hktdc.com/event/hkmedicalfair/en/product/1Z03OHYZ5; https://www.hktdc.com/event/hkmedicalfair/en/product/1Z03OHYZ5; https://www.hktdc.com/event/hkmedicalfair/en/product/1X25HDV2; https://www.hktdc.com/event/hkmedicalfair/en/product/1X25HDV2
"Changchun Wancheng Bio-Electron Co., Ltd.","Changchun Wancheng Bio-Electron Co., Ltd.",Chinese Mainland,"Changchun Wancheng Bio-electron Engineering Co., Ltd. was established in 2002 with a registered capital of 20 million yuan. It is a national high-tech enterprise engaged in the R&D, production and sales of in vitro diagnosis and family health testing projects. Our company mainly focuses on international trade, and most of our export products fall under the general health category of medical devices and medical consumables. More than hundreds of products basically cover various aspects such as disease prevention, scientific sports, food safety, healthy water usage, and pet disease detection etc. Our company is headquartered in Changchun City, Jilin Province. It has established two specialized R&D centers in ShenZhen and Beijing, equipped with professional laboratories and internationally advanced equipment. Among them, the Changchun headquarters is backed by strong scientific research capabilities universities such as Jilin University, Northeast Normal University, and Beijing University of Science and Technology, committed to transforming international cutting-edge biotechnology achievements into productivity. We have a modern diversified production and R&D base of 27,000 square meters, which includes 5 fully automated assembly lines operating in the workshop.","Changchun Wancheng Bio-electron Engineering Co., Ltd. was established in 2002 with a registered capital of 20 million yuan. It is a national high-tech enterprise engaged in the R&D, production and sales of in vitro diagnosis and family health testing projects. Our company mainly focuses on international trade, and most of our export products fall under the general health category of medical devices and medical consumables. More than hundreds of products basically cover various aspects such as disease prevention, scientific sports, food safety, healthy water usage, and pet disease detection etc. Our company is headquartered in Changchun City, Jilin Province. It has established two specialized R&D centers in ShenZhen and Beijing, equipped with professional laboratories and internationally advanced equipment. Among them, the Changchun headquarters is backed by strong scientific research capabilities universities such as Jilin University, Northeast Normal University, and Beijing University of Science and Technology, committed to transforming international cutting-edge biotechnology achievements into productivity. We have a modern diversified production and R&D base of 27,000 square meters, which includes 5 fully automated assembly lines operating in the workshop.",,Exhibitor,Hong Kong International Medical and Healthcare Fair 2025,3G-D01,Biotech and Lab Diagnostics,Chinese Mainland (Jilin),1,,,"Medical Devices,Precision Medicine,Smart Health Platform & Solution,Biotechnology Engineering,Big Data Medical Application,Gene Test,Biotechnology; Changchun Wancheng Bio-Electron Co., Ltd. was set up in 2002 and specialized in research and develop-ment, production and sales of Medical Appliances and Reagents.
We are a professional manufacturer of Medical Urine Test Strips,Water Test Strips,; Others, OEM","Medical Devices,Precision Medicine,Smart Health Platform & Solution,Biotechnology Engineering,Big Data Medical Application,Gene Test,Biotechnology; Changchun Wancheng Bio-Electron Co., Ltd. was set up in 2002 and specialized in research and develop-ment, production and sales of Medical Appliances and Reagents.
We are a professional manufacturer of Medical Urine Test Strips,Water Test Strips,; Others, OEM",https://www.hktdc.com/event/hkmedicalfair/en/exhibitor/1S005NA75,14,https://www.hktdc.com/event/hkmedicalfair/en/product/1Z03MDACQ; https://www.hktdc.com/event/hkmedicalfair/en/product/1Z03MDACQ; https://www.hktdc.com/event/hkmedicalfair/en/product/1Z03MD9EL; https://www.hktdc.com/event/hkmedicalfair/en/product/1Z03MD9EL; https://www.hktdc.com/event/hkmedicalfair/en/product/1Z03MDA0Q; https://www.hktdc.com/event/hkmedicalfair/en/product/1Z03MDA0Q; https://www.hktdc.com/event/hkmedicalfair/en/product/1Z03MD9YX; https://www.hktdc.com/event/hkmedicalfair/en/product/1Z03MD9YX; https://www.hktdc.com/event/hkmedicalfair/en/product/1Z03MD9PO; https://www.hktdc.com/event/hkmedicalfair/en/product/1Z03MD9PO; https://www.hktdc.com/event/hkmedicalfair/en/product/1Z03MDA5B; https://www.hktdc.com/event/hkmedicalfair/en/product/1Z03MDA5B; https://www.hktdc.com/event/hkmedicalfair/en/product/1Z03MD9U9; https://www.hktdc.com/event/hkmedicalfair/en/product/1Z03MD9U9
"EziSurg Medical Co., Ltd.","EziSurg Medical Co., Ltd.",Chinese Mainland,"EziSurg Medical Co., Ltd. (referred to as ""EziSurg Medical"") was established in November 2011 in Shanghai, specializes in the R&D and industrialization of premium minimally invasive surgery (MIS) solutions worldwide. The company has been listed by Chinese Government as ""National high-tech enterprise"", ""National little giant enterprise"", ""National industrial brand cultivation demonstration enterprise"" . With a highly competitive product portfolio including surgical stapling series, surgical energy platform and surgical endoscopy platform, EziSurg is committed to improving surgical outcomes in general, bariatric, thoracic and colorectal procedures, to become a preferred global provider of reliable, accessible, and affordable comprehensive MIS solutions. To date, EziSurg Medical's self-developed products have achieved cumulative global sales of nearly 5 million units and have been used in over 1,400 hospitals across China, of which Grade A tertiary hospitals account for more than 40%. In the international front, EziSurg Medical has received entry approvals of more than 80 countries and regions worldwide. For more information, please visit: https://en.ezisurg.com/","EziSurg Medical Co., Ltd. (referred to as ""EziSurg Medical"") was established in November 2011 in Shanghai, specializes in the R&D and industrialization of premium minimally invasive surgery (MIS) solutions worldwide. The company has been listed by Chinese Government as ""National high-tech enterprise"", ""National little giant enterprise"", ""National industrial brand cultivation demonstration enterprise"" . With a highly competitive product portfolio including surgical stapling series, surgical energy platform and surgical endoscopy platform, EziSurg is committed to improving surgical outcomes in general, bariatric, thoracic and colorectal procedures, to become a preferred global provider of reliable, accessible, and affordable comprehensive MIS solutions. To date, EziSurg Medical's self-developed products have achieved cumulative global sales of nearly 5 million units and have been used in over 1,400 hospitals across China, of which Grade A tertiary hospitals account for more than 40%. In the international front, EziSurg Medical has received entry approvals of more than 80 countries and regions worldwide. For more information, please visit: https://en.ezisurg.com/",,Exhibitor,Hong Kong International Medical and Healthcare Fair 2025,3F-G27,Hospital Equipment and Digital Health,,1,,,"Surgical Instrument; Related Procedures: general, bariatric, thoracic, colorectal, gynecological, and other minimally invasive procedures
Portfolio: Surgical Staplers, Ultrasonic Scalpel System, Ureteroscope & Cysto-Nephroscope, Clip, Trocar; Others, OBM, OEM, ODM","Surgical Instrument; Related Procedures: general, bariatric, thoracic, colorectal, gynecological, and other minimally invasive procedures
Portfolio: Surgical Staplers, Ultrasonic Scalpel System, Ureteroscope & Cysto-Nephroscope, Clip, Trocar; Others, OBM, OEM, ODM",https://www.hktdc.com/event/hkmedicalfair/en/exhibitor/1S005MWGS,2,https://www.hktdc.com/event/hkmedicalfair/en/product/1Z03O2OOC; https://www.hktdc.com/event/hkmedicalfair/en/product/1Z03O2OOC
"Sinicline Technology Co., Ltd","Sinicline Technology Co., Ltd",Chinese Mainland,Medical Consumable,Medical Consumable,,Exhibitor,Hong Kong International Medical and Healthcare Fair 2025,3F-C17,Medical Supplies and Disposables,,1,,,"Medical Consumable; Packaging solution for Medical Packaging, Oral Care Packaging Solution, Health Care Products Packaging solution; OEM, ODM","Medical Consumable; Packaging solution for Medical Packaging, Oral Care Packaging Solution, Health Care Products Packaging solution; OEM, ODM",https://www.hktdc.com/event/hkmedicalfair/en/exhibitor/1S005L6UC,2,https://www.hktdc.com/event/hkmedicalfair/en/product/1Z03O2C3F; https://www.hktdc.com/event/hkmedicalfair/en/product/1Z03O2C3F
Health Care & Co.,Health Care & Co.,Hong Kong,"We are a wholesaler of a wide range of medical devices and health and wellness products established in Hong Kong since 1988. Over these years, we have successfully gained our reputation by introducing new medical supplies and equipment from overseas to Hong Kong and Macau. Our vision is to be the market leader in providing solutions based health care products with excellent services. Brings better body balance is our motto.","We are a wholesaler of a wide range of medical devices and health and wellness products established in Hong Kong since 1988. Over these years, we have successfully gained our reputation by introducing new medical supplies and equipment from overseas to Hong Kong and Macau. Our vision is to be the market leader in providing solutions based health care products with excellent services. Brings better body balance is our motto.",,Exhibitor,Hong Kong International Medical and Healthcare Fair 2025,3G-A04,Rehabilitation and Elderly Care,,1,,,"Elderly Care Product,Wheelchair,Nursing bed,Transfer and Lifting Aids,Fall Prevention and Preventive Care Solution,Physical Therapy Equipment,Walking Stick and Walker,Rehabilitation Equipment,Recreational Therapy Tool (Games and Toys),Compression Therapy; We are a wholesaler of a wide range of medical devices and health and wellness products established in Hong Kong since 1988. Over these years, we have successfully gained our reputation by introducing new medical supplies and equipment from overseas; OBM","Elderly Care Product,Wheelchair,Nursing bed,Transfer and Lifting Aids,Fall Prevention and Preventive Care Solution,Physical Therapy Equipment,Walking Stick and Walker,Rehabilitation Equipment,Recreational Therapy Tool (Games and Toys),Compression Therapy; We are a wholesaler of a wide range of medical devices and health and wellness products established in Hong Kong since 1988. Over these years, we have successfully gained our reputation by introducing new medical supplies and equipment from overseas; OBM",https://www.hktdc.com/event/hkmedicalfair/en/exhibitor/1S005IW4S,32,https://www.hktdc.com/event/hkmedicalfair/en/product/1X25GRM5; https://www.hktdc.com/event/hkmedicalfair/en/product/1X25GRM5; https://www.hktdc.com/event/hkmedicalfair/en/product/1X25GRL6; https://www.hktdc.com/event/hkmedicalfair/en/product/1X25GRL6; https://www.hktdc.com/event/hkmedicalfair/en/product/1X25GRK7; https://www.hktdc.com/event/hkmedicalfair/en/product/1X25GRK7; https://www.hktdc.com/event/hkmedicalfair/en/product/1X25GRJ8; https://www.hktdc.com/event/hkmedicalfair/en/product/1X25GRJ8; https://www.hktdc.com/event/hkmedicalfair/en/product/1X24OAKM; https://www.hktdc.com/event/hkmedicalfair/en/product/1X24OAKM; https://www.hktdc.com/event/hkmedicalfair/en/product/1X24OAES; https://www.hktdc.com/event/hkmedicalfair/en/product/1X24OAES; https://www.hktdc.com/event/hkmedicalfair/en/product/1X24OA9X; https://www.hktdc.com/event/hkmedicalfair/en/product/1X24OA9X; https://www.hktdc.com/event/hkmedicalfair/en/product/1X23ANDQ; https://www.hktdc.com/event/hkmedicalfair/en/product/1X23ANDQ; https://www.hktdc.com/event/hkmedicalfair/en/product/1X23ANCR; https://www.hktdc.com/event/hkmedicalfair/en/product/1X23ANCR; https://www.hktdc.com/event/hkmedicalfair/en/product/1X23AN5Y; https://www.hktdc.com/event/hkmedicalfair/en/product/1X23AN5Y; https://www.hktdc.com/event/hkmedicalfair/en/product/1X23AN4Z; https://www.hktdc.com/event/hkmedicalfair/en/product/1X23AN4Z; https://www.hktdc.com/event/hkmedicalfair/en/product/1X1WXBGN; https://www.hktdc.com/event/hkmedicalfair/en/product/1X1WXBGN; https://www.hktdc.com/event/hkmedicalfair/en/product/1X1WXB7W; https://www.hktdc.com/event/hkmedicalfair/en/product/1X1WXB7W; https://www.hktdc.com/event/hkmedicalfair/en/product/1X1WXAZ7; https://www.hktdc.com/event/hkmedicalfair/en/product/1X1WXAZ7; https://www.hktdc.com/event/hkmedicalfair/en/product/1Z03KARR0; https://www.hktdc.com/event/hkmedicalfair/en/product/1Z03KARR0; https://www.hktdc.com/event/hkmedicalfair/en/product/1Z03J2FU3; https://www.hktdc.com/event/hkmedicalfair/en/product/1Z03J2FU3
HKCSS - Jockey Club “age at home” Gerontech Education and Rental Service,HKCSS - Jockey Club “age at home” Gerontech Education and Rental Service,Hong Kong,"The HKCSS is a statutory body established in 1947. Together with our Agency Members, we uphold social justice and equality in our mission to advance the well-being of the Hong Kong community. The HKCSS is committed to building an impact-oriented, collaborative and innovative social service sector, and co-creating a better society with stakeholders across different sectors. The HKCSS has over 520 Agency Members, with service units throughout Hong Kong, providing high-quality social services to those in need. Strategic Directions: (1) Co-Creation Develop: Engage stakeholders from different sectors, through a more agile, open, exploratory, and experimental approach, to collectively create impact-driven solutions to address various social issues. (2) Tech-Enablement: Develop and apply innovative technologies to enhance the effectiveness and efficiency of various social services, thereby providing more timely and appropriate support to the public. (3) Talent Development: Through diverse development and training programmes, the professional capabilities of the social service sector are enhanced, allowing talented individuals to contribute their strengths, and promoting the sustainable development of the sector.","The HKCSS is a statutory body established in 1947. Together with our Agency Members, we uphold social justice and equality in our mission to advance the well-being of the Hong Kong community. The HKCSS is committed to building an impact-oriented, collaborative and innovative social service sector, and co-creating a better society with stakeholders across different sectors. The HKCSS has over 520 Agency Members, with service units throughout Hong Kong, providing high-quality social services to those in need. Strategic Directions: (1) Co-Creation Develop: Engage stakeholders from different sectors, through a more agile, open, exploratory, and experimental approach, to collectively create impact-driven solutions to address various social issues. (2) Tech-Enablement: Develop and apply innovative technologies to enhance the effectiveness and efficiency of various social services, thereby providing more timely and appropriate support to the public. (3) Talent Development: Through diverse development and training programmes, the professional capabilities of the social service sector are enhanced, allowing talented individuals to contribute their strengths, and promoting the sustainable development of the sector.",,Exhibitor,Hong Kong International Medical and Healthcare Fair 2025,3G-B15,Rehabilitation and Elderly Care,,1,,,"Wheelchair,Fall Prevention and Preventive Care Solution,Companion and Caring Robot; A pilot scheme aiming to enhance the understanding on gerontechnology and its applications, in order to build up the capability and confidence of ""ageing in place"" among older persons and their carers.; Others","Wheelchair,Fall Prevention and Preventive Care Solution,Companion and Caring Robot; A pilot scheme aiming to enhance the understanding on gerontechnology and its applications, in order to build up the capability and confidence of ""ageing in place"" among older persons and their carers.; Others",https://www.hktdc.com/event/hkmedicalfair/en/exhibitor/1S005MSNB,0,
JCare Medical Technology Co. Limited,JCare Medical Technology Co. Limited,Hong Kong,"Incorporated in 2017, we are a company specialising in distributing advanced wound care, lymphology, orthopaedics, and physiotherapy products in HK and Macau. Our major customers include Hospital Authority Hospitals and Clinics, Private Hospitals and Clinics, Key Sport institutions and private Physiotherapy centres. We have a professional and experienced Senior Management team with more than 20 years of experience in Healthcare and Pharmaceutical industries from companies like Smith and Nephew, Paul Hartmann, Zuellig Pharma and Kerry Pharma.","Incorporated in 2017, we are a company specialising in distributing advanced wound care, lymphology, orthopaedics, and physiotherapy products in HK and Macau. Our major customers include Hospital Authority Hospitals and Clinics, Private Hospitals and Clinics, Key Sport institutions and private Physiotherapy centres. We have a professional and experienced Senior Management team with more than 20 years of experience in Healthcare and Pharmaceutical industries from companies like Smith and Nephew, Paul Hartmann, Zuellig Pharma and Kerry Pharma.",,Exhibitor,Hong Kong International Medical and Healthcare Fair 2025,3F-C16,Medical Supplies and Disposables,,1,,,"Therapeutic Devices & Accessories,UV Light Device,Antiseptic Products & Alcohol,Medical Consumable,Medical Dressing Set,Personal Hygiene Supplies; We are the local market leader specialising in the areas of Advanced Wound Care, Compression Therapy, Orthopaedics and UVC LED Disinfection products.  Offer high quality solutions for health professionals and patients.; OEM, OBM, ODM","Therapeutic Devices & Accessories,UV Light Device,Antiseptic Products & Alcohol,Medical Consumable,Medical Dressing Set,Personal Hygiene Supplies; We are the local market leader specialising in the areas of Advanced Wound Care, Compression Therapy, Orthopaedics and UVC LED Disinfection products.  Offer high quality solutions for health professionals and patients.; OEM, OBM, ODM",https://www.hktdc.com/event/hkmedicalfair/en/exhibitor/1S005ITP4,18,https://www.hktdc.com/event/hkmedicalfair/en/product/1Z03MDKYM; https://www.hktdc.com/event/hkmedicalfair/en/product/1Z03MDKYM; https://www.hktdc.com/event/hkmedicalfair/en/product/1Z03MCY4Q; https://www.hktdc.com/event/hkmedicalfair/en/product/1Z03MCY4Q; https://www.hktdc.com/event/hkmedicalfair/en/product/1Z03MDHXS; https://www.hktdc.com/event/hkmedicalfair/en/product/1Z03MDHXS; https://www.hktdc.com/event/hkmedicalfair/en/product/1Z03MD11W; https://www.hktdc.com/event/hkmedicalfair/en/product/1Z03MD11W; https://www.hktdc.com/event/hkmedicalfair/en/product/1Z03IZNKP; https://www.hktdc.com/event/hkmedicalfair/en/product/1Z03IZNKP; https://www.hktdc.com/event/hkmedicalfair/en/product/1Z03IZNE7; https://www.hktdc.com/event/hkmedicalfair/en/product/1Z03IZNE7; https://www.hktdc.com/event/hkmedicalfair/en/product/1Z03MCGOK; https://www.hktdc.com/event/hkmedicalfair/en/product/1Z03MCGOK; https://www.hktdc.com/event/hkmedicalfair/en/product/1Z03MCV4T; https://www.hktdc.com/event/hkmedicalfair/en/product/1Z03MCV4T; https://www.hktdc.com/event/hkmedicalfair/en/product/1Z03MCUVL; https://www.hktdc.com/event/hkmedicalfair/en/product/1Z03MCUVL
Janley Limited,Janley Limited,Hong Kong,Represent leading medical and rehabilitation manufacturers to provide latest technology and hospital furniture to hospitals and elderly homes.,Represent leading medical and rehabilitation manufacturers to provide latest technology and hospital furniture to hospitals and elderly homes.,,Exhibitor,Hong Kong International Medical and Healthcare Fair 2025,3F-G16,Hospital Equipment and Digital Health,,1,,,"Elderly Care Product,Wheelchair,Ward Facilities, Furniture and Supplies,Nursing bed,Transfer and Lifting Aids,Fall Prevention and Preventive Care Solution,Physical Therapy Equipment,Rehabilitation Equipment,Patient Monitoring System,Smart Delivery Robot; ICU beds, EIT monitor, Motion Analaysis Execisers, Kitchen and bathroom products, Rehabilitation Products. Hospital Furnitures, trolleys and pressure relieving mattresses and cushions.; OEM","Elderly Care Product,Wheelchair,Ward Facilities, Furniture and Supplies,Nursing bed,Transfer and Lifting Aids,Fall Prevention and Preventive Care Solution,Physical Therapy Equipment,Rehabilitation Equipment,Patient Monitoring System,Smart Delivery Robot; ICU beds, EIT monitor, Motion Analaysis Execisers, Kitchen and bathroom products, Rehabilitation Products. Hospital Furnitures, trolleys and pressure relieving mattresses and cushions.; OEM",https://www.hktdc.com/event/hkmedicalfair/en/exhibitor/1S005IVXE,18,https://www.hktdc.com/event/hkmedicalfair/en/product/1X239DU3; https://www.hktdc.com/event/hkmedicalfair/en/product/1X239DU3; https://www.hktdc.com/event/hkmedicalfair/en/product/1X239DT4; https://www.hktdc.com/event/hkmedicalfair/en/product/1X239DT4; https://www.hktdc.com/event/hkmedicalfair/en/product/1X239DS5; https://www.hktdc.com/event/hkmedicalfair/en/product/1X239DS5; https://www.hktdc.com/event/hkmedicalfair/en/product/1X1WLQM8; https://www.hktdc.com/event/hkmedicalfair/en/product/1X1WLQM8; https://www.hktdc.com/event/hkmedicalfair/en/product/1X1WLPR6; https://www.hktdc.com/event/hkmedicalfair/en/product/1X1WLPR6; https://www.hktdc.com/event/hkmedicalfair/en/product/1X1W1FHA; https://www.hktdc.com/event/hkmedicalfair/en/product/1X1W1FHA; https://www.hktdc.com/event/hkmedicalfair/en/product/1X1W1FGB; https://www.hktdc.com/event/hkmedicalfair/en/product/1X1W1FGB; https://www.hktdc.com/event/hkmedicalfair/en/product/1X1W1FFC; https://www.hktdc.com/event/hkmedicalfair/en/product/1X1W1FFC; https://www.hktdc.com/event/hkmedicalfair/en/product/1X1SNSK4; https://www.hktdc.com/event/hkmedicalfair/en/product/1X1SNSK4
Maliphant International Sales Ltd,Maliphant International Sales Ltd,Hong Kong,"Ward Facilities, Furniture and Supplies,Electronmedical Equipment","Ward Facilities, Furniture and Supplies,Electronmedical Equipment",,Exhibitor,Hong Kong International Medical and Healthcare Fair 2025,3F-F16,Hospital Equipment and Digital Health,,1,,,"Ward Facilities, Furniture and Supplies,Electronmedical Equipment; Hospital & Aged Care Furniture, Equipment, Disposable Items, Healthcare Products, Medication Management System and Pharmacy Refrigerator; Others","Ward Facilities, Furniture and Supplies,Electronmedical Equipment; Hospital & Aged Care Furniture, Equipment, Disposable Items, Healthcare Products, Medication Management System and Pharmacy Refrigerator; Others",https://www.hktdc.com/event/hkmedicalfair/en/exhibitor/1S005JMUW,2,https://www.hktdc.com/event/hkmedicalfair/en/product/1X23GNKJ; https://www.hktdc.com/event/hkmedicalfair/en/product/1X23GNKJ
Amber Medical Group Limited,Amber Medical Group Limited,Hong Kong,"Since 2022, Amber Medical has been committed to delivering exceptional, reliable ambulance services tailored to Hong Kong's needs. Our licensed fleet of non-emergency ambulances ensures smooth, point-to-point transfers ensure timely, safety, and efficient medical assistance. In contingency situations, Amber Medical team is also equipped to put the patients first.","Since 2022, Amber Medical has been committed to delivering exceptional, reliable ambulance services tailored to Hong Kong's needs. Our licensed fleet of non-emergency ambulances ensures smooth, point-to-point transfers ensure timely, safety, and efficient medical assistance. In contingency situations, Amber Medical team is also equipped to put the patients first.",,Exhibitor,Hong Kong International Medical and Healthcare Fair 2025,3F-H20,Hospital Equipment and Digital Health,,1,,,"Ward Facilities, Furniture and Supplies; Amber Medical offers a diversity of different ambulance services, which include:; Others","Ward Facilities, Furniture and Supplies; Amber Medical offers a diversity of different ambulance services, which include:; Others",https://www.hktdc.com/event/hkmedicalfair/en/exhibitor/1S005IWB7,2,https://www.hktdc.com/event/hkmedicalfair/en/product/1Z03NQMUW; https://www.hktdc.com/event/hkmedicalfair/en/product/1Z03NQMUW
Healthmark Medical Supply Company Limited,Healthmark Medical Supply Company Limited,Hong Kong,"Ward Facilities, Furniture and Supplies","Ward Facilities, Furniture and Supplies",,Exhibitor,Hong Kong International Medical and Healthcare Fair 2025,3F-G23,Hospital Equipment and Digital Health,,1,,,"Ward Facilities, Furniture and Supplies; Medical Cart, Utility Cart, Storage Cabinet, IV Stand, Equipment Stand; OBM","Ward Facilities, Furniture and Supplies; Medical Cart, Utility Cart, Storage Cabinet, IV Stand, Equipment Stand; OBM",https://www.hktdc.com/event/hkmedicalfair/en/exhibitor/1S005J1HK,20,https://www.hktdc.com/event/hkmedicalfair/en/product/1X1OEDO9; https://www.hktdc.com/event/hkmedicalfair/en/product/1X1OEDO9; https://www.hktdc.com/event/hkmedicalfair/en/product/1X1OEDNA; https://www.hktdc.com/event/hkmedicalfair/en/product/1X1OEDNA; https://www.hktdc.com/event/hkmedicalfair/en/product/1X1OEDMB; https://www.hktdc.com/event/hkmedicalfair/en/product/1X1OEDMB; https://www.hktdc.com/event/hkmedicalfair/en/product/1X1OEDLC; https://www.hktdc.com/event/hkmedicalfair/en/product/1X1OEDLC; https://www.hktdc.com/event/hkmedicalfair/en/product/1X1OEDKD; https://www.hktdc.com/event/hkmedicalfair/en/product/1X1OEDKD; https://www.hktdc.com/event/hkmedicalfair/en/product/1X1OEDJE; https://www.hktdc.com/event/hkmedicalfair/en/product/1X1OEDJE; https://www.hktdc.com/event/hkmedicalfair/en/product/1X1OEDIF; https://www.hktdc.com/event/hkmedicalfair/en/product/1X1OEDIF; https://www.hktdc.com/event/hkmedicalfair/en/product/1X18ZCEM; https://www.hktdc.com/event/hkmedicalfair/en/product/1X18ZCEM; https://www.hktdc.com/event/hkmedicalfair/en/product/1X18ZCDN; https://www.hktdc.com/event/hkmedicalfair/en/product/1X18ZCDN; https://www.hktdc.com/event/hkmedicalfair/en/product/1X18ZCCO; https://www.hktdc.com/event/hkmedicalfair/en/product/1X18ZCCO
Healthy Medical Company Limited,Healthy Medical Company Limited,Hong Kong,"Healthy Medical Co., Ltd. is the well-known medical distributor in HK. Over 13 years, we strive to offer a wide range of high-quality medical instruments, medical devices and medical consumable to the markets. Our business covers to both public and private hospitals, medical clinic, specialty clinic, veterinary centers and beauty centers in HK. Due to strong partnership with international medical brands and substantial knowledge and experience of the healthcare industry, we have built positive reputation and achieved sustainable growth in the market. We keep expanding our product offerings and improve our services quality thereby catering the needs of the healthcare professionals. We aims to be the leading supplier providing one-stop-shop high quality and comprehensive healthcare solutions to improve the overall quality of healthcare service in the community.","Healthy Medical Co., Ltd. is the well-known medical distributor in HK. Over 13 years, we strive to offer a wide range of high-quality medical instruments, medical devices and medical consumable to the markets. Our business covers to both public and private hospitals, medical clinic, specialty clinic, veterinary centers and beauty centers in HK. Due to strong partnership with international medical brands and substantial knowledge and experience of the healthcare industry, we have built positive reputation and achieved sustainable growth in the market. We keep expanding our product offerings and improve our services quality thereby catering the needs of the healthcare professionals. We aims to be the leading supplier providing one-stop-shop high quality and comprehensive healthcare solutions to improve the overall quality of healthcare service in the community.",,Exhibitor,Hong Kong International Medical and Healthcare Fair 2025,3F-F13,Hong Kong MedTech Association (HKMTA),Hong Kong MedTech Association Pavilion,1,,,"Ward Facilities, Furniture and Supplies,Drug Dispensing / Drug Compliance Monitoring System and Device,Sterilization, Disinfecting Devices and Supplies,Patient Monitoring System; Vaccine refrigerator, medication management solutions, patient monitoring solutions including the system and device, multifunctional chair, delivery bed, Gyne chair, examination table, OT table, OT & examination light, electrosurgical devices etc.; Others","Ward Facilities, Furniture and Supplies,Drug Dispensing / Drug Compliance Monitoring System and Device,Sterilization, Disinfecting Devices and Supplies,Patient Monitoring System; Vaccine refrigerator, medication management solutions, patient monitoring solutions including the system and device, multifunctional chair, delivery bed, Gyne chair, examination table, OT table, OT & examination light, electrosurgical devices etc.; Others",https://www.hktdc.com/event/hkmedicalfair/en/exhibitor/1S005ITRY,40,https://www.hktdc.com/event/hkmedicalfair/en/product/1Z03O386A; https://www.hktdc.com/event/hkmedicalfair/en/product/1Z03O386A; https://www.hktdc.com/event/hkmedicalfair/en/product/1Z03O37X2; https://www.hktdc.com/event/hkmedicalfair/en/product/1Z03O37X2; https://www.hktdc.com/event/hkmedicalfair/en/product/1Z03O380S; https://www.hktdc.com/event/hkmedicalfair/en/product/1Z03O380S; https://www.hktdc.com/event/hkmedicalfair/en/product/1Z03O38AY; https://www.hktdc.com/event/hkmedicalfair/en/product/1Z03O38AY; https://www.hktdc.com/event/hkmedicalfair/en/product/1Z03O2RNC; https://www.hktdc.com/event/hkmedicalfair/en/product/1Z03O2RNC; https://www.hktdc.com/event/hkmedicalfair/en/product/1Z03O2RUR; https://www.hktdc.com/event/hkmedicalfair/en/product/1Z03O2RUR; https://www.hktdc.com/event/hkmedicalfair/en/product/1Z03O2RQ3; https://www.hktdc.com/event/hkmedicalfair/en/product/1Z03O2RQ3; https://www.hktdc.com/event/hkmedicalfair/en/product/1Z03O2RSX; https://www.hktdc.com/event/hkmedicalfair/en/product/1Z03O2RSX; https://www.hktdc.com/event/hkmedicalfair/en/product/1Z03O2RP6; https://www.hktdc.com/event/hkmedicalfair/en/product/1Z03O2RP6; https://www.hktdc.com/event/hkmedicalfair/en/product/1Z03O35VA; https://www.hktdc.com/event/hkmedicalfair/en/product/1Z03O35VA; https://www.hktdc.com/event/hkmedicalfair/en/product/1Z03O2RGX; https://www.hktdc.com/event/hkmedicalfair/en/product/1Z03O2RGX; https://www.hktdc.com/event/hkmedicalfair/en/product/1Z03O36X3; https://www.hktdc.com/event/hkmedicalfair/en/product/1Z03O36X3; https://www.hktdc.com/event/hkmedicalfair/en/product/1Z03O2QXJ; https://www.hktdc.com/event/hkmedicalfair/en/product/1Z03O2QXJ; https://www.hktdc.com/event/hkmedicalfair/en/product/1Z03O2QWM; https://www.hktdc.com/event/hkmedicalfair/en/product/1Z03O2QWM; https://www.hktdc.com/event/hkmedicalfair/en/product/1Z03O2RJO; https://www.hktdc.com/event/hkmedicalfair/en/product/1Z03O2RJO; https://www.hktdc.com/event/hkmedicalfair/en/product/1Z03O2QUS; https://www.hktdc.com/event/hkmedicalfair/en/product/1Z03O2QUS; https://www.hktdc.com/event/hkmedicalfair/en/product/1Z03O2RC9; https://www.hktdc.com/event/hkmedicalfair/en/product/1Z03O2RC9; https://www.hktdc.com/event/hkmedicalfair/en/product/1X1S3PQ7; https://www.hktdc.com/event/hkmedicalfair/en/product/1X1S3PQ7; https://www.hktdc.com/event/hkmedicalfair/en/product/1Z03O2QQ4; https://www.hktdc.com/event/hkmedicalfair/en/product/1Z03O2QQ4; https://www.hktdc.com/event/hkmedicalfair/en/product/1Z03O2QOA; https://www.hktdc.com/event/hkmedicalfair/en/product/1Z03O2QOA
Life Sources Limited,Life Sources Limited,Hong Kong,"LIfe Sources Ltd is the manufacture, wholesaler and retailer of healthcare and medical equipment in Hong Kong and worldwide. We are looking for worldwide exclusive distributors & distributors. Our products include AI Quantum Spine Device which provide non-invasive treatment helping the alignment of the spine and pain relieve in 6- 15 minustes. We got worldwide invention patent rights. 5D-MRA(magnetic resonance analysis) device is based on the technology of Russia Space Administration which could detect the cell energy level and adjustment. Wearable AI quantum cell frequencies bracelet for cell detect and energy improvement. Bio-wave quantum chips for pain relieve. Electrical acupuncture device with FDA 510K approval .Anion Device fro improving micro-circulation. Healthcare supplements include NMN, Metabolic Enzyme, Digestive Enzyme, Slimming Enzyme, and Whitening Enzyme.","LIfe Sources Ltd is the manufacture, wholesaler and retailer of healthcare and medical equipment in Hong Kong and worldwide. We are looking for worldwide exclusive distributors & distributors. Our products include AI Quantum Spine Device which provide non-invasive treatment helping the alignment of the spine and pain relieve in 6- 15 minustes. We got worldwide invention patent rights. 5D-MRA(magnetic resonance analysis) device is based on the technology of Russia Space Administration which could detect the cell energy level and adjustment. Wearable AI quantum cell frequencies bracelet for cell detect and energy improvement. Bio-wave quantum chips for pain relieve. Electrical acupuncture device with FDA 510K approval .Anion Device fro improving micro-circulation. Healthcare supplements include NMN, Metabolic Enzyme, Digestive Enzyme, Slimming Enzyme, and Whitening Enzyme.",,Exhibitor,Hong Kong International Medical and Healthcare Fair 2025,3G-D15,World of Health and Wellness,,1,,,"Elderly Care Product,Electronmedical Equipment,Acupuncture Equipment,Healthcare Product,Joint & Bone Support,Health Supplement,Health Management and Consultancy,Health Related IoT/AI/VR,Diabetes Care,Medical and Healthcare Service; AI Quantumn Spine Device could balance the spine in 6-15 mins by non-invasive treatment. Aculife electrical acupuncture device got the FDA 510K approval to for pain relieve. Quantum Chips for pain relieve. Anion device improves micro-circulation; OEM, ODM","Elderly Care Product,Electronmedical Equipment,Acupuncture Equipment,Healthcare Product,Joint & Bone Support,Health Supplement,Health Management and Consultancy,Health Related IoT/AI/VR,Diabetes Care,Medical and Healthcare Service; AI Quantumn Spine Device could balance the spine in 6-15 mins by non-invasive treatment. Aculife electrical acupuncture device got the FDA 510K approval to for pain relieve. Quantum Chips for pain relieve. Anion device improves micro-circulation; OEM, ODM",https://www.hktdc.com/event/hkmedicalfair/en/exhibitor/1S005IYRT,6,https://www.hktdc.com/event/hkmedicalfair/en/product/1Z03IWZA7; https://www.hktdc.com/event/hkmedicalfair/en/product/1Z03IWZA7; https://www.hktdc.com/event/hkmedicalfair/en/product/1Z03IWZB4; https://www.hktdc.com/event/hkmedicalfair/en/product/1Z03IWZB4; https://www.hktdc.com/event/hkmedicalfair/en/product/1Z03IWWRV; https://www.hktdc.com/event/hkmedicalfair/en/product/1Z03IWWRV
Marksam Holdings Company Limited,Marksam Holdings Company Limited,Hong Kong,"With 30 years of history and experience in supplying rehabilitation care products to key markets in Europe, North America, Australia/NZ and Asia, we strive to help improve the quality of life for the elderly and less abler people in the home, hospital, and care environment.","With 30 years of history and experience in supplying rehabilitation care products to key markets in Europe, North America, Australia/NZ and Asia, we strive to help improve the quality of life for the elderly and less abler people in the home, hospital, and care environment.",,Exhibitor,Hong Kong International Medical and Healthcare Fair 2025,3G-B20,Rehabilitation and Elderly Care,,1,,,"Wheelchair,Ward Facilities, Furniture and Supplies,Medical Mask,Walking Stick and Walker,Rehabilitation Equipment; Mobility Aids, Toileting Aids, Bathroom Safety, Walking Aids, Living Room Aids, Rehabilitation Care, Moving & Handling, Ceiling Hoists & Slings; OEM","Wheelchair,Ward Facilities, Furniture and Supplies,Medical Mask,Walking Stick and Walker,Rehabilitation Equipment; Mobility Aids, Toileting Aids, Bathroom Safety, Walking Aids, Living Room Aids, Rehabilitation Care, Moving & Handling, Ceiling Hoists & Slings; OEM",https://www.hktdc.com/event/hkmedicalfair/en/exhibitor/1S005IW2Y,32,https://www.hktdc.com/event/hkmedicalfair/en/product/1Z03K7J7W; https://www.hktdc.com/event/hkmedicalfair/en/product/1Z03K7J7W; https://www.hktdc.com/event/hkmedicalfair/en/product/1Z03K86W6; https://www.hktdc.com/event/hkmedicalfair/en/product/1Z03K86W6; https://www.hktdc.com/event/hkmedicalfair/en/product/1Z03K86UC; https://www.hktdc.com/event/hkmedicalfair/en/product/1Z03K86UC; https://www.hktdc.com/event/hkmedicalfair/en/product/1Z03K83OX; https://www.hktdc.com/event/hkmedicalfair/en/product/1Z03K83OX; https://www.hktdc.com/event/hkmedicalfair/en/product/1Z03K7NG1; https://www.hktdc.com/event/hkmedicalfair/en/product/1Z03K7NG1; https://www.hktdc.com/event/hkmedicalfair/en/product/1Z03K82Y4; https://www.hktdc.com/event/hkmedicalfair/en/product/1Z03K82Y4; https://www.hktdc.com/event/hkmedicalfair/en/product/1X23GVWJ; https://www.hktdc.com/event/hkmedicalfair/en/product/1X23GVWJ; https://www.hktdc.com/event/hkmedicalfair/en/product/1Z03K86TF; https://www.hktdc.com/event/hkmedicalfair/en/product/1Z03K86TF; https://www.hktdc.com/event/hkmedicalfair/en/product/1Z03K83HI; https://www.hktdc.com/event/hkmedicalfair/en/product/1Z03K83HI; https://www.hktdc.com/event/hkmedicalfair/en/product/1Z03K83UF; https://www.hktdc.com/event/hkmedicalfair/en/product/1Z03K83UF; https://www.hktdc.com/event/hkmedicalfair/en/product/1Z03K7HXS; https://www.hktdc.com/event/hkmedicalfair/en/product/1Z03K7HXS; https://www.hktdc.com/event/hkmedicalfair/en/product/1Z03K83B0; https://www.hktdc.com/event/hkmedicalfair/en/product/1Z03K83B0; https://www.hktdc.com/event/hkmedicalfair/en/product/1Z03K837C; https://www.hktdc.com/event/hkmedicalfair/en/product/1Z03K837C; https://www.hktdc.com/event/hkmedicalfair/en/product/1Z03K83ER; https://www.hktdc.com/event/hkmedicalfair/en/product/1Z03K83ER; https://www.hktdc.com/event/hkmedicalfair/en/product/1Z03K7NAJ; https://www.hktdc.com/event/hkmedicalfair/en/product/1Z03K7NAJ; https://www.hktdc.com/event/hkmedicalfair/en/product/1Z03K83DU; https://www.hktdc.com/event/hkmedicalfair/en/product/1Z03K83DU
Relax & Recovery Specialist,Relax & Recovery Specialist,Hong Kong,"Introducing Relax & Recovery Specialist, an esteemed Australian brand pioneered by distinguished physiotherapists dedicated to facilitating optimal body relaxation and recovery. At the core of our ethos lies a commitment to sourcing top-tier, cost-effective products tailored to enhance well-being across various settings. Driven by a passion for excellence, our founders embarked on a quest to curate the most efficient and user-friendly solutions catering to professional sports and rehabilitation facilities, as well as personal home-based applications. Understanding the paramount importance of maintaining peak body function, our team scours for cutting-edge tools that promise effective outcomes for both clinical and everyday use. With a focus on elevating the standards of healthy living, Relax & Recovery Specialist is devoted to providing unparalleled solutions that harmonize convenience with efficacy. Join us on this transformative journey towards sustained wellness and peak performance, as we redefine the landscape of body relaxation and recovery for all individuals.","Introducing Relax & Recovery Specialist, an esteemed Australian brand pioneered by distinguished physiotherapists dedicated to facilitating optimal body relaxation and recovery. At the core of our ethos lies a commitment to sourcing top-tier, cost-effective products tailored to enhance well-being across various settings. Driven by a passion for excellence, our founders embarked on a quest to curate the most efficient and user-friendly solutions catering to professional sports and rehabilitation facilities, as well as personal home-based applications. Understanding the paramount importance of maintaining peak body function, our team scours for cutting-edge tools that promise effective outcomes for both clinical and everyday use. With a focus on elevating the standards of healthy living, Relax & Recovery Specialist is devoted to providing unparalleled solutions that harmonize convenience with efficacy. Join us on this transformative journey towards sustained wellness and peak performance, as we redefine the landscape of body relaxation and recovery for all individuals.",,Exhibitor,Hong Kong International Medical and Healthcare Fair 2025,3G-B16,Rehabilitation and Elderly Care,,1,,,"Weight Loss Product,Physical Therapy Equipment,Skin Care,Massager,Healthcare Product,Joint & Bone Support,Healthcare & Medical Science Course,Fitness Centre,Physiotherapy Treatment,Medical and Healthcare Service; Deep Muscle Stimulator
Rapid Release Therapy
Joints care massage cream
Far-infrared therapy joint protectors
Far-infrared Hair Cap; Others","Weight Loss Product,Physical Therapy Equipment,Skin Care,Massager,Healthcare Product,Joint & Bone Support,Healthcare & Medical Science Course,Fitness Centre,Physiotherapy Treatment,Medical and Healthcare Service; Deep Muscle Stimulator
Rapid Release Therapy
Joints care massage cream
Far-infrared therapy joint protectors
Far-infrared Hair Cap; Others",https://www.hktdc.com/event/hkmedicalfair/en/exhibitor/1S005JV05,6,https://www.hktdc.com/event/hkmedicalfair/en/product/1Z03O7NYJ; https://www.hktdc.com/event/hkmedicalfair/en/product/1Z03O7NYJ; https://www.hktdc.com/event/hkmedicalfair/en/product/1Z03O7NZG; https://www.hktdc.com/event/hkmedicalfair/en/product/1Z03O7NZG; https://www.hktdc.com/event/hkmedicalfair/en/product/1Z03O7O0C; https://www.hktdc.com/event/hkmedicalfair/en/product/1Z03O7O0C
Sonos Medical Limited,Sonos Medical Limited,Hong Kong,Ultrasound Equipment,Ultrasound Equipment,,Exhibitor,Hong Kong International Medical and Healthcare Fair 2025,3F-F20,Hospital Equipment and Digital Health,,1,,,Ultrasound Equipment; Diagnostic Ultrasound Scanning Systems; Others,Ultrasound Equipment; Diagnostic Ultrasound Scanning Systems; Others,https://www.hktdc.com/event/hkmedicalfair/en/exhibitor/1S005IWFV,4,https://www.hktdc.com/event/hkmedicalfair/en/product/1Z03K9V05; https://www.hktdc.com/event/hkmedicalfair/en/product/1Z03K9V05; https://www.hktdc.com/event/hkmedicalfair/en/product/1Z03K9UO6; https://www.hktdc.com/event/hkmedicalfair/en/product/1Z03K9UO6
Able Pride Limited,Able Pride Limited,Hong Kong,"HASPERO is a sister brand of the renowned ""HairAgain 2000"". Seeing that ""HairAgain 2000"" had beed regarded as a brand focusing on the men's hair care market, Able Pride Limited established HASPERO in 2020 and positioned it to be a high-level hair care and treatment center","HASPERO is a sister brand of the renowned ""HairAgain 2000"". Seeing that ""HairAgain 2000"" had beed regarded as a brand focusing on the men's hair care market, Able Pride Limited established HASPERO in 2020 and positioned it to be a high-level hair care and treatment center",,Exhibitor,Hong Kong International Medical and Healthcare Fair 2025,3G-D10,World of Health and Wellness,,1,,,"Hair Care,Healthcare Product; HASPERO selects precious Chinese herbal medicines and employs advanced technology to refine them into various shampoos and hair care products. With a pH value around 5.5 close to human skin, to target different scalp problems and hair type; OEM","Hair Care,Healthcare Product; HASPERO selects precious Chinese herbal medicines and employs advanced technology to refine them into various shampoos and hair care products. With a pH value around 5.5 close to human skin, to target different scalp problems and hair type; OEM",https://www.hktdc.com/event/hkmedicalfair/en/exhibitor/1S005IYFT,0,
Acc Biotech Limited,Acc Biotech Limited,Hong Kong,"Weight Loss Product,Healthcare Product,Chinese Medicated Oil,Joint & Bone Support,Health Supplement,Immune System Booster,Body Trimming and Shaping,Medical and Healthcare Service,Anti-Aging Supplement","Weight Loss Product,Healthcare Product,Chinese Medicated Oil,Joint & Bone Support,Health Supplement,Immune System Booster,Body Trimming and Shaping,Medical and Healthcare Service,Anti-Aging Supplement",,Exhibitor,Hong Kong International Medical and Healthcare Fair 2025,3F-D10,World of Health and Wellness,Greater Bay Area Health Industries Association Pavilion,1,,,"Weight Loss Product,Healthcare Product,Chinese Medicated Oil,Joint & Bone Support,Health Supplement,Immune System Booster,Body Trimming and Shaping,Medical and Healthcare Service,Anti-Aging Supplement; Krill Oil and a series of health supplements
Branded products and oem/odm services
Product formulation, design and distribution service; OEM, ODM","Weight Loss Product,Healthcare Product,Chinese Medicated Oil,Joint & Bone Support,Health Supplement,Immune System Booster,Body Trimming and Shaping,Medical and Healthcare Service,Anti-Aging Supplement; Krill Oil and a series of health supplements
Branded products and oem/odm services
Product formulation, design and distribution service; OEM, ODM",https://www.hktdc.com/event/hkmedicalfair/en/exhibitor/1S005JP32,2,https://www.hktdc.com/event/hkmedicalfair/en/product/1Z03OEAFH; https://www.hktdc.com/event/hkmedicalfair/en/product/1Z03OEAFH
"Alex International Co., Limited","Alex International Co., Limited",Hong Kong,Hearing Aid,Hearing Aid,,Exhibitor,Hong Kong International Medical and Healthcare Fair 2025,3G-B14,Rehabilitation and Elderly Care,,1,,,"Hearing Aid; Our original designed products cover bone conduction hearing aids headphones, in-ear hearing aids earphones and ear care products such as ear cleaner and ear dryer.; OBM, ODM, OEM","Hearing Aid; Our original designed products cover bone conduction hearing aids headphones, in-ear hearing aids earphones and ear care products such as ear cleaner and ear dryer.; OBM, ODM, OEM",https://www.hktdc.com/event/hkmedicalfair/en/exhibitor/1S005J6J9,0,
Angie International Limited,Angie International Limited,Hong Kong,"Personal Protective Equipment,Medical Protective Clothing","Personal Protective Equipment,Medical Protective Clothing",,Exhibitor,Hong Kong International Medical and Healthcare Fair 2025,3F-B18,Medical Supplies and Disposables,,1,,,"Personal Protective Equipment,Medical Protective Clothing; 本公司以品質為本，所有布料均經過認可實驗室的標準測試，並確保所採用的布料全有歐盟EN等專業品質認證，務求為客戶提供最優質之產品。本公司亦與香港理工大學合作研發「抗熱服」，成功以科研成果大量生產工程、建築及清潔界制服，揉合功能、舒適、設計於產品之中。

除了在品質上追求卓越，星妍更會了解客戶需要，由專業設計師負責設計提升企業或機構形象的制服，藉此為客戶打造目標的品牌形象。自2017年起，本公司向客戶提供倉存管理服務，為企業客戶大大減低營運本。以RFID系統控制管理服務，節省人力資源。所有制服經; Others","Personal Protective Equipment,Medical Protective Clothing; 本公司以品質為本，所有布料均經過認可實驗室的標準測試，並確保所採用的布料全有歐盟EN等專業品質認證，務求為客戶提供最優質之產品。本公司亦與香港理工大學合作研發「抗熱服」，成功以科研成果大量生產工程、建築及清潔界制服，揉合功能、舒適、設計於產品之中。

除了在品質上追求卓越，星妍更會了解客戶需要，由專業設計師負責設計提升企業或機構形象的制服，藉此為客戶打造目標的品牌形象。自2017年起，本公司向客戶提供倉存管理服務，為企業客戶大大減低營運本。以RFID系統控制管理服務，節省人力資源。所有制服經; Others",https://www.hktdc.com/event/hkmedicalfair/en/exhibitor/1S005N22S,0,
B.Y. Quantitative Medicine Limited,B.Y. Quantitative Medicine Limited,Hong Kong,Biomedical research on cancers and other diseases,Biomedical research on cancers and other diseases,,Exhibitor,Hong Kong International Medical and Healthcare Fair 2025,3F-E16,Hong Kong MedTech Association (HKMTA),Hong Kong MedTech Association Pavilion,1,,,"Medical Devices,Precision Medicine,Big Data Medical Application,Biotechnology; Quantitative Gene Co-expression Test (QGCT) on Cancers; Others","Medical Devices,Precision Medicine,Big Data Medical Application,Biotechnology; Quantitative Gene Co-expression Test (QGCT) on Cancers; Others",https://www.hktdc.com/event/hkmedicalfair/en/exhibitor/1S005ITNA,2,https://www.hktdc.com/event/hkmedicalfair/en/product/1Z03O3S4W; https://www.hktdc.com/event/hkmedicalfair/en/product/1Z03O3S4W
Bonnie Care Co Ltd,Bonnie Care Co Ltd,Hong Kong,"BONNIE CARE Co.,Limited founded In September 2011,is a young company,However, relevant personnel in charge of the promotion of physical therapy and chiropractic profession equipment for over 20 years practical experience. The saying goes,""posture is not correct ,vertebral has been bent"" ,only to make the vertebral side of the central antonomic nervous system normally dominate the health. In view of this ,our introduction of chiropractic manipulation equipment, 4G wire free sEME detector ,3D Auto-Motion spine therapy able (Mainland U.S.A. China and Taiwan patent),and these devices can help the people of hong kong to get better care of the body.","BONNIE CARE Co.,Limited founded In September 2011,is a young company,However, relevant personnel in charge of the promotion of physical therapy and chiropractic profession equipment for over 20 years practical experience. The saying goes,""posture is not correct ,vertebral has been bent"" ,only to make the vertebral side of the central antonomic nervous system normally dominate the health. In view of this ,our introduction of chiropractic manipulation equipment, 4G wire free sEME detector ,3D Auto-Motion spine therapy able (Mainland U.S.A. China and Taiwan patent),and these devices can help the people of hong kong to get better care of the body.",,Exhibitor,Hong Kong International Medical and Healthcare Fair 2025,3G-B21,Rehabilitation and Elderly Care,,1,,,"Rehabilitation Equipment; App 3D ChiroRobot Table : All Spine Motion, Dynamic Flexion, Dynamic Traction, Axial Rotation. Apply to:Orthopedics, Physical&Rehabilitation, Chiropractor center, chinese medical science, Sportsinjury rehabilitation, health care center.; ODM, OBM, OEM","Rehabilitation Equipment; App 3D ChiroRobot Table : All Spine Motion, Dynamic Flexion, Dynamic Traction, Axial Rotation. Apply to:Orthopedics, Physical&Rehabilitation, Chiropractor center, chinese medical science, Sportsinjury rehabilitation, health care center.; ODM, OBM, OEM",https://www.hktdc.com/event/hkmedicalfair/en/exhibitor/1S005IYLB,16,https://www.hktdc.com/event/hkmedicalfair/en/product/1X239XLO; https://www.hktdc.com/event/hkmedicalfair/en/product/1X239XLO; https://www.hktdc.com/event/hkmedicalfair/en/product/1X239XKP; https://www.hktdc.com/event/hkmedicalfair/en/product/1X239XKP; https://www.hktdc.com/event/hkmedicalfair/en/product/1X21CZLI; https://www.hktdc.com/event/hkmedicalfair/en/product/1X21CZLI; https://www.hktdc.com/event/hkmedicalfair/en/product/1X20209R; https://www.hktdc.com/event/hkmedicalfair/en/product/1X20209R; https://www.hktdc.com/event/hkmedicalfair/en/product/1X20208S; https://www.hktdc.com/event/hkmedicalfair/en/product/1X20208S; https://www.hktdc.com/event/hkmedicalfair/en/product/1X20207T; https://www.hktdc.com/event/hkmedicalfair/en/product/1X20207T; https://www.hktdc.com/event/hkmedicalfair/en/product/1X20204W; https://www.hktdc.com/event/hkmedicalfair/en/product/1X20204W; https://www.hktdc.com/event/hkmedicalfair/en/product/1X1MX909; https://www.hktdc.com/event/hkmedicalfair/en/product/1X1MX909
Doctor Now Limited,Doctor Now Limited,Hong Kong,"The co-founders of ""DoctorNow Group"" are medical professionals from Hong Kong who have in-depth knowledge of medical field and extensive network with various healthcare professionals and providers. DoctorNow is deeply rooted in Hong Kong, and has strived to promote innovation and reform in medical services. We design specialized services for different community groups. DoctorNow aims to promote Hong Kong's medical innovation and reform with designated services for different community groups. In order to enhance the overall quality of our healthcare-related services, we utilize latest technology to improve conventional medical model and integrate medical resources more effectively to benefit more people. Based on our conscience, we try to offer an excellent medical service platform for people in all classes.","The co-founders of ""DoctorNow Group"" are medical professionals from Hong Kong who have in-depth knowledge of medical field and extensive network with various healthcare professionals and providers. DoctorNow is deeply rooted in Hong Kong, and has strived to promote innovation and reform in medical services. We design specialized services for different community groups. DoctorNow aims to promote Hong Kong's medical innovation and reform with designated services for different community groups. In order to enhance the overall quality of our healthcare-related services, we utilize latest technology to improve conventional medical model and integrate medical resources more effectively to benefit more people. Based on our conscience, we try to offer an excellent medical service platform for people in all classes.",,Exhibitor,Hong Kong International Medical and Healthcare Fair 2025,3F-D20,World of Health and Wellness,,1,,,"Health Management Apps/Systems; DoctorNow App brings together professionals across disciplines, building a comprehensive and reliable medical service network.It leverages telemedicine to enable patients to find the best quality medical services.; Others","Health Management Apps/Systems; DoctorNow App brings together professionals across disciplines, building a comprehensive and reliable medical service network.It leverages telemedicine to enable patients to find the best quality medical services.; Others",https://www.hktdc.com/event/hkmedicalfair/en/exhibitor/1S005IYDZ,6,https://www.hktdc.com/event/hkmedicalfair/en/product/1Z03ME5PS; https://www.hktdc.com/event/hkmedicalfair/en/product/1Z03ME5PS; https://www.hktdc.com/event/hkmedicalfair/en/product/1Z03IWIH3; https://www.hktdc.com/event/hkmedicalfair/en/product/1Z03IWIH3; https://www.hktdc.com/event/hkmedicalfair/en/product/1Z03IWJ2B; https://www.hktdc.com/event/hkmedicalfair/en/product/1Z03IWJ2B
Dr. Ho's HK Limited,Dr. Ho's HK Limited,Hong Kong,"DR-HO'S brand was founded in 1989 by Dr. Michael Ho, a well-known Canada chiropractic expert. Over the past 30 years, Dr. Ho has devoted himself to research and found effective physical pain relief therapy for chronic pain in various parts of the body through a large number of clinical researches. Dr. Ho has developed a series of home pain relief therapy equipment for the problems of the cervical spine, lumbar spine, legs and feet, and joints. According to clinical researches, uses pain relief equipment for 20 minutes can help to improve blood circulation and nerve, and effectively relieve various pains. All the products have been certified by FDA of the United States, CE of the European Union, Canada Health Association, PMDA of Japan, TGA of Australia and MDSAP, and have obtained ISO13485 quality control certification for the medical equipment. DR-HO'S pain relief equipment are sold well in more than 30 countries and regions including the United States, Canada, South America, South Africa, Europe and Southeast Asia, and have helped more than ten million people with pains around the world to relieve their pains, make their life better. Helping others to improve their pains has become Dr. Ho's mission, and Dr. Ho is very happy to help those in need!","DR-HO'S brand was founded in 1989 by Dr. Michael Ho, a well-known Canada chiropractic expert. Over the past 30 years, Dr. Ho has devoted himself to research and found effective physical pain relief therapy for chronic pain in various parts of the body through a large number of clinical researches. Dr. Ho has developed a series of home pain relief therapy equipment for the problems of the cervical spine, lumbar spine, legs and feet, and joints. According to clinical researches, uses pain relief equipment for 20 minutes can help to improve blood circulation and nerve, and effectively relieve various pains. All the products have been certified by FDA of the United States, CE of the European Union, Canada Health Association, PMDA of Japan, TGA of Australia and MDSAP, and have obtained ISO13485 quality control certification for the medical equipment. DR-HO'S pain relief equipment are sold well in more than 30 countries and regions including the United States, Canada, South America, South Africa, Europe and Southeast Asia, and have helped more than ten million people with pains around the world to relieve their pains, make their life better. Helping others to improve their pains has become Dr. Ho's mission, and Dr. Ho is very happy to help those in need!",,Exhibitor,Hong Kong International Medical and Healthcare Fair 2025,3F-C15,Medical Supplies and Disposables,,1,,,"Medical Preparation & Production Equipment,Physical Therapy Equipment,Physiotherapy Treatment,Medical and Healthcare Service; Home use pain relief therapy products for neck & shoulder pain, back pain, foot & leg pain.; Others","Medical Preparation & Production Equipment,Physical Therapy Equipment,Physiotherapy Treatment,Medical and Healthcare Service; Home use pain relief therapy products for neck & shoulder pain, back pain, foot & leg pain.; Others",https://www.hktdc.com/event/hkmedicalfair/en/exhibitor/1S005ITLG,0,
E Medical Company Limited,E Medical Company Limited,Hong Kong,"Medical Consumable,Medical and Healthcare Service","Medical Consumable,Medical and Healthcare Service",,Exhibitor,Hong Kong International Medical and Healthcare Fair 2025,3G-C12,World of Health and Wellness,,1,,,"Medical Consumable,Medical and Healthcare Service; Medical consumer goods, supplements, clinical waste collection service provider, etc.; Others","Medical Consumable,Medical and Healthcare Service; Medical consumer goods, supplements, clinical waste collection service provider, etc.; Others",https://www.hktdc.com/event/hkmedicalfair/en/exhibitor/1S005IYM8,24,https://www.hktdc.com/event/hkmedicalfair/en/product/1Z03O2R09; https://www.hktdc.com/event/hkmedicalfair/en/product/1Z03O2R09; https://www.hktdc.com/event/hkmedicalfair/en/product/1Z03MDVST; https://www.hktdc.com/event/hkmedicalfair/en/product/1Z03MDVST; https://www.hktdc.com/event/hkmedicalfair/en/product/1Z03MD4OW; https://www.hktdc.com/event/hkmedicalfair/en/product/1Z03MD4OW; https://www.hktdc.com/event/hkmedicalfair/en/product/1Z03ME0C0; https://www.hktdc.com/event/hkmedicalfair/en/product/1Z03ME0C0; https://www.hktdc.com/event/hkmedicalfair/en/product/1Z03K9RSX; https://www.hktdc.com/event/hkmedicalfair/en/product/1Z03K9RSX; https://www.hktdc.com/event/hkmedicalfair/en/product/1Z03ME0B3; https://www.hktdc.com/event/hkmedicalfair/en/product/1Z03ME0B3; https://www.hktdc.com/event/hkmedicalfair/en/product/1Z03MD4X5; https://www.hktdc.com/event/hkmedicalfair/en/product/1Z03MD4X5; https://www.hktdc.com/event/hkmedicalfair/en/product/1Z03MDCU6; https://www.hktdc.com/event/hkmedicalfair/en/product/1Z03MDCU6; https://www.hktdc.com/event/hkmedicalfair/en/product/1Z03MDCQI; https://www.hktdc.com/event/hkmedicalfair/en/product/1Z03MDCQI; https://www.hktdc.com/event/hkmedicalfair/en/product/1Z03MDCNR; https://www.hktdc.com/event/hkmedicalfair/en/product/1Z03MDCNR; https://www.hktdc.com/event/hkmedicalfair/en/product/1Z03MD4K8; https://www.hktdc.com/event/hkmedicalfair/en/product/1Z03MD4K8; https://www.hktdc.com/event/hkmedicalfair/en/product/1Z03K9RVO; https://www.hktdc.com/event/hkmedicalfair/en/product/1Z03K9RVO
E-Health Therapy Limited,E-Health Therapy Limited,Hong Kong,"Physical Therapy Equipment,Rehabilitation Equipment,Physiotherapy Treatment,Medical and Healthcare Service","Physical Therapy Equipment,Rehabilitation Equipment,Physiotherapy Treatment,Medical and Healthcare Service",,Exhibitor,Hong Kong International Medical and Healthcare Fair 2025,3G-B11,Rehabilitation and Elderly Care,,1,,,"Physical Therapy Equipment,Rehabilitation Equipment,Physiotherapy Treatment,Medical and Healthcare Service; EECP體外反搏治療儀器, 是一種非侵入性的機械輔助循環裝置，以充氣特殊壓力褲配合心跳做下肢擠壓，靠機械作用提高主動脈舒張壓，減低主動脈收縮，使心臟冠脈血流量增加，進而改善心肌的代謝與功能。
長時間接受體外反搏治療，能增加心臟的血管新生，能進一步改善心肌功能。; OBM","Physical Therapy Equipment,Rehabilitation Equipment,Physiotherapy Treatment,Medical and Healthcare Service; EECP體外反搏治療儀器, 是一種非侵入性的機械輔助循環裝置，以充氣特殊壓力褲配合心跳做下肢擠壓，靠機械作用提高主動脈舒張壓，減低主動脈收縮，使心臟冠脈血流量增加，進而改善心肌的代謝與功能。
長時間接受體外反搏治療，能增加心臟的血管新生，能進一步改善心肌功能。; OBM",https://www.hktdc.com/event/hkmedicalfair/en/exhibitor/1S005IVUN,0,
E-Label Solutions Company Limited,E-Label Solutions Company Limited,Hong Kong,"Ward Facilities, Furniture and Supplies,Drug Dispensing / Drug Compliance Monitoring System and Device,Data Logger","Ward Facilities, Furniture and Supplies,Drug Dispensing / Drug Compliance Monitoring System and Device,Data Logger",,Exhibitor,Hong Kong International Medical and Healthcare Fair 2025,3G-A27,Hospital Equipment and Digital Health,,1,,,"Ward Facilities, Furniture and Supplies,Drug Dispensing / Drug Compliance Monitoring System and Device,Data Logger; E-Label Hardware; OBM","Ward Facilities, Furniture and Supplies,Drug Dispensing / Drug Compliance Monitoring System and Device,Data Logger; E-Label Hardware; OBM",https://www.hktdc.com/event/hkmedicalfair/en/exhibitor/1S005KX5O,10,https://www.hktdc.com/event/hkmedicalfair/en/product/1Z03NX8W4; https://www.hktdc.com/event/hkmedicalfair/en/product/1Z03NX8W4; https://www.hktdc.com/event/hkmedicalfair/en/product/1Z03NX9RI; https://www.hktdc.com/event/hkmedicalfair/en/product/1Z03NX9RI; https://www.hktdc.com/event/hkmedicalfair/en/product/1Z03NWFH6; https://www.hktdc.com/event/hkmedicalfair/en/product/1Z03NWFH6; https://www.hktdc.com/event/hkmedicalfair/en/product/1Z03NX94F; https://www.hktdc.com/event/hkmedicalfair/en/product/1Z03NX94F; https://www.hktdc.com/event/hkmedicalfair/en/product/1Z03NX983; https://www.hktdc.com/event/hkmedicalfair/en/product/1Z03NX983
"EasyMed Instruments Co., Limited","EasyMed Instruments Co., Limited",Hong Kong,"EasyMed, established in 2002, a manufacturer of medical instruments which aims to produce the medical electronic equipments of physiotherapy, rehabilitation and healthcare. As a trusted brand, EasyMed's products have been marketed and well accepted throughout the whole world in the past two decades. For years, EasyMed has developed various kinds of devices for customers, the OEM/ODM services become a very important part of the company activities. Through the operation of OEM/ODM platform, EasyMed has been developing and customizing many high quality products. With more than 20 years of development and manufacturing experience, Easymed has been providing lots of high quality and reliable medical stimulators and accessories across the country and oversea markets, such as: T.E.N.S. E.M.S. Incontinence Devices Micro Current Devices Interferential Current Devices Biofeedback Devices Hospital Equipments Accessories Certificate & Qualification: ISO 13485 MDSAP CE of Europe U.S. FDA CFDA of China TGA","EasyMed, established in 2002, a manufacturer of medical instruments which aims to produce the medical electronic equipments of physiotherapy, rehabilitation and healthcare. As a trusted brand, EasyMed's products have been marketed and well accepted throughout the whole world in the past two decades. For years, EasyMed has developed various kinds of devices for customers, the OEM/ODM services become a very important part of the company activities. Through the operation of OEM/ODM platform, EasyMed has been developing and customizing many high quality products. With more than 20 years of development and manufacturing experience, Easymed has been providing lots of high quality and reliable medical stimulators and accessories across the country and oversea markets, such as: T.E.N.S. E.M.S. Incontinence Devices Micro Current Devices Interferential Current Devices Biofeedback Devices Hospital Equipments Accessories Certificate & Qualification: ISO 13485 MDSAP CE of Europe U.S. FDA CFDA of China TGA",,Exhibitor,Hong Kong International Medical and Healthcare Fair 2025,3G-D19,World of Health and Wellness,,1,,,"Weight Loss Product,Treatment Equipment,Chinese Medical Equipment,Massager,Healthcare Product,Immune System Booster,E-Health,Health Management Apps/Systems,Fitness Centre,Medical and Healthcare Service; Our products sell all over the world and have good reputation, including:
T.E.N.S.
E.M.S.
Incontinence Devices
Micro Current Devices
Interferential Current Devices
Biofeedback Devices
Hospital Equipments
Accessories; OEM, ODM","Weight Loss Product,Treatment Equipment,Chinese Medical Equipment,Massager,Healthcare Product,Immune System Booster,E-Health,Health Management Apps/Systems,Fitness Centre,Medical and Healthcare Service; Our products sell all over the world and have good reputation, including:
T.E.N.S.
E.M.S.
Incontinence Devices
Micro Current Devices
Interferential Current Devices
Biofeedback Devices
Hospital Equipments
Accessories; OEM, ODM",https://www.hktdc.com/event/hkmedicalfair/en/exhibitor/1S005LCFF,0,
Eieling Technology Limited,Eieling Technology Limited,Hong Kong,"Eieling Technology is committed to transforming liver disease care through precision, innovation, and clinical relevance. Founded in 2018 at the Hong Kong Science Park, with a strong research foundation from The Hong Kong Polytechnic University. Eieling Technology is at the forefront of medical ultrasound technology, specializing in liver disease diagnostics. Eieling Technology is dedicated to advancing liver health through the seamless integration of cutting-edge technology and clinical medicine. Our pipelines are committed to providing healthcare providers with accurate, efficient, and reliable diagnostic solutions for liver disease managements.","Eieling Technology is committed to transforming liver disease care through precision, innovation, and clinical relevance. Founded in 2018 at the Hong Kong Science Park, with a strong research foundation from The Hong Kong Polytechnic University. Eieling Technology is at the forefront of medical ultrasound technology, specializing in liver disease diagnostics. Eieling Technology is dedicated to advancing liver health through the seamless integration of cutting-edge technology and clinical medicine. Our pipelines are committed to providing healthcare providers with accurate, efficient, and reliable diagnostic solutions for liver disease managements.",,Exhibitor,Hong Kong International Medical and Healthcare Fair 2025,3F-H16,Hospital Equipment and Digital Health,Hong Kong Science and Technology Parks Pavilion,1,,,"Ultrasound Equipment,Diagnostic Equipment; Liverscan is a portable liver elastography ultrasound diagnostic system, equipped with a patented B-type ultrasound image.Iit enables clinicians to assess subtle changes in quantified liver stiffness and fatty liver with precision and efficiency.; OBM","Ultrasound Equipment,Diagnostic Equipment; Liverscan is a portable liver elastography ultrasound diagnostic system, equipped with a patented B-type ultrasound image.Iit enables clinicians to assess subtle changes in quantified liver stiffness and fatty liver with precision and efficiency.; OBM",https://www.hktdc.com/event/hkmedicalfair/en/exhibitor/1S005IYO2,4,https://www.hktdc.com/event/hkmedicalfair/en/product/1Z03K993I; https://www.hktdc.com/event/hkmedicalfair/en/product/1Z03K993I; https://www.hktdc.com/event/hkmedicalfair/en/product/1Z03LWNF4; https://www.hktdc.com/event/hkmedicalfair/en/product/1Z03LWNF4
"Evergreen Union Enterprise Co., Limited","Evergreen Union Enterprise Co., Limited",Hong Kong,"We are Major for producing the Heat Patches, Detox Foot Patches and hydrogel Gel Patches,we have MDR CE ClassIIa, FDA.","We are Major for producing the Heat Patches, Detox Foot Patches and hydrogel Gel Patches,we have MDR CE ClassIIa, FDA.",,Exhibitor,Hong Kong International Medical and Healthcare Fair 2025,3G-D08,World of Health and Wellness,,1,,,"Medical Dressing Set,Cosmetics,Healthcare Product; Heat Patch for Release Pain
Neck & Shoulder Warmer
Knee & Elbow Heatwraps
Waist Belt for Back Pain
Self-Warming Steam Eye Mask
Hand warmer
Foot Insole Warmer
Toe Warmer
Detox Foot Pad
hydrogel Gel Mask; ODM, OEM, OBM","Medical Dressing Set,Cosmetics,Healthcare Product; Heat Patch for Release Pain
Neck & Shoulder Warmer
Knee & Elbow Heatwraps
Waist Belt for Back Pain
Self-Warming Steam Eye Mask
Hand warmer
Foot Insole Warmer
Toe Warmer
Detox Foot Pad
hydrogel Gel Mask; ODM, OEM, OBM",https://www.hktdc.com/event/hkmedicalfair/en/exhibitor/1S005K9AX,0,
Eyebright Medical Technology (Hong Kong) Limited,Eyebright Medical Technology (Hong Kong) Limited,Hong Kong,Ophthalmological Equipment,Ophthalmological Equipment,,Exhibitor,Hong Kong International Medical and Healthcare Fair 2025,3G-A15,Hospital Equipment and Digital Health,Hong Kong Science and Technology Parks Pavilion,1,,,"Ophthalmological Equipment; Eyebright Medical's balanced product portfolio spans three major areas of the ophthalmic field: cataract surgery, myopia management, and consumer vision care.; Others","Ophthalmological Equipment; Eyebright Medical's balanced product portfolio spans three major areas of the ophthalmic field: cataract surgery, myopia management, and consumer vision care.; Others",https://www.hktdc.com/event/hkmedicalfair/en/exhibitor/1S005JUZ9,0,
Fayeking Technology Limited,Fayeking Technology Limited,Hong Kong,"Fayeking Technology Limited is sole supplier of K-clean Antibacterial Fluid in China, Hong Kong and Macau market, has been supplying K-clean to renowned enterprises in Hong Kong, including Hong Kong Jockey Club, MTR, Hong Kong Electric, Government Departments, Schools & Kindergartens, clinics. Retail sales networks including Watsons, Yata, Sincere, Wing On, HKTV Mall etc...","Fayeking Technology Limited is sole supplier of K-clean Antibacterial Fluid in China, Hong Kong and Macau market, has been supplying K-clean to renowned enterprises in Hong Kong, including Hong Kong Jockey Club, MTR, Hong Kong Electric, Government Departments, Schools & Kindergartens, clinics. Retail sales networks including Watsons, Yata, Sincere, Wing On, HKTV Mall etc...",,Exhibitor,Hong Kong International Medical and Healthcare Fair 2025,3G-D24,World of Health and Wellness,,1,,,"Healthcare Product; K-clean Antibacterial Fluid is Medical grade pure Hypochlorous Acid (HClO) with pH5.0 (+/- 0.5), can kill all kinds of bacteria & virus, human-friendly, suitable for all ages, especially good for skin care and disinfection.; Others","Healthcare Product; K-clean Antibacterial Fluid is Medical grade pure Hypochlorous Acid (HClO) with pH5.0 (+/- 0.5), can kill all kinds of bacteria & virus, human-friendly, suitable for all ages, especially good for skin care and disinfection.; Others",https://www.hktdc.com/event/hkmedicalfair/en/exhibitor/1S005IYC2,10,https://www.hktdc.com/event/hkmedicalfair/en/product/1Z03IWXTO; https://www.hktdc.com/event/hkmedicalfair/en/product/1Z03IWXTO; https://www.hktdc.com/event/hkmedicalfair/en/product/1Z03IWXKF; https://www.hktdc.com/event/hkmedicalfair/en/product/1Z03IWXKF; https://www.hktdc.com/event/hkmedicalfair/en/product/1Z03IWX8F; https://www.hktdc.com/event/hkmedicalfair/en/product/1Z03IWX8F; https://www.hktdc.com/event/hkmedicalfair/en/product/1Z03IWXQX; https://www.hktdc.com/event/hkmedicalfair/en/product/1Z03IWXQX; https://www.hktdc.com/event/hkmedicalfair/en/product/1Z03IWXM9; https://www.hktdc.com/event/hkmedicalfair/en/product/1Z03IWXM9
Foremost Medical Limited,Foremost Medical Limited,Hong Kong,"Implant Material,Medical Consumable,Medical Dressing Set","Implant Material,Medical Consumable,Medical Dressing Set",,Exhibitor,Hong Kong International Medical and Healthcare Fair 2025,3F-B13,Medical Supplies and Disposables,,1,,,"Implant Material,Medical Consumable,Medical Dressing Set; BloodSTOP iX rapidly stops bleeding by forming a gel on contact with blood, aiding wound healing. Made from natural, non-toxic materials, its safe for various wounds and easily removable with water or saline, leaving no residue.; OEM, ODM","Implant Material,Medical Consumable,Medical Dressing Set; BloodSTOP iX rapidly stops bleeding by forming a gel on contact with blood, aiding wound healing. Made from natural, non-toxic materials, its safe for various wounds and easily removable with water or saline, leaving no residue.; OEM, ODM",https://www.hktdc.com/event/hkmedicalfair/en/exhibitor/1S005MWN7,0,
Fu Li Hong Kong International Limited,Fu Li Hong Kong International Limited,Hong Kong,"The ""Kinmen No. 1 Maghania Root'is moderate in nature, and the color of the root is red soil which is a unique color of Kinmen soil. The earliest way to cook is to cook it with water. The liquid can be taken daily as ordinary drink.Drinking the ""Kinmen No. 1 Maghania Root""liquid will help relax the muscle and improve blood circulation. Other benefits are to expel moisture from body, reduce fever and relieve pain. The ""Kinmen No. 1 Maghania Root"" can be used for treatment of sciatica, tendonitis, postpartum cold symptom, liver and kidney disease, and bone fracture. The root, stems, leaves and flowers from ""Kinmen No. 1 Maghania Root"" are all edible. The best growth period for the ""Kinmen No. 1 Maghania Root"" is between two to three years.","The ""Kinmen No. 1 Maghania Root'is moderate in nature, and the color of the root is red soil which is a unique color of Kinmen soil. The earliest way to cook is to cook it with water. The liquid can be taken daily as ordinary drink.Drinking the ""Kinmen No. 1 Maghania Root""liquid will help relax the muscle and improve blood circulation. Other benefits are to expel moisture from body, reduce fever and relieve pain. The ""Kinmen No. 1 Maghania Root"" can be used for treatment of sciatica, tendonitis, postpartum cold symptom, liver and kidney disease, and bone fracture. The root, stems, leaves and flowers from ""Kinmen No. 1 Maghania Root"" are all edible. The best growth period for the ""Kinmen No. 1 Maghania Root"" is between two to three years.",,Exhibitor,Hong Kong International Medical and Healthcare Fair 2025,3G-D30,World of Health and Wellness,,1,,,"Weight Loss Product,Healthcare Product,Immune System Booster,Medical and Healthcare Service; ""Kinmen No. 1 Maghania Root"" is planted at Zhushan Village in Kinmen. It is a perennial leguminous plant with a main root and the name No. 1 Maghania Root is derived from.
This is the precious herb to Kinmen people granted from God.; Others","Weight Loss Product,Healthcare Product,Immune System Booster,Medical and Healthcare Service; ""Kinmen No. 1 Maghania Root"" is planted at Zhushan Village in Kinmen. It is a perennial leguminous plant with a main root and the name No. 1 Maghania Root is derived from.
This is the precious herb to Kinmen people granted from God.; Others",https://www.hktdc.com/event/hkmedicalfair/en/exhibitor/1S005JWMA,0,
H. Buschkuehl Company,H. Buschkuehl Company,Hong Kong,"Since 1996, Bionic 880 series had been created by H. Buschkuehl Ltd in Germany, which produces innovative medical and health devices and products. These devices do not require injections, taking medicine, have no side effects and have safety certificates. It is certified according to ISO EN 13485. The Bionic 880, the original of the biophoton therapy, was awarded two years with the German Medical Industry Product price ""Best of 2008 and 2013”. The H. Buschkuehl Ltd Germany has designed and produced the Bionic series based on the scientific Biophoton theory from biophysicist and biophotonist, Prof. Dr. Fritz Popp, (1938-2018). The company had continuously worked with the German doctors to improve the function of the Bionic 880 series to prevent and heal many different types of sickness. The Bionic 880 series have been successfully using over 20 years worldwide by over 500 doctors and health practitioners all over Germany, other European and North America countries. The company has received numerous positive feedback on using the Bionic 880 series by doctors and patients. The Int’l Institute of Biophysics, had tested and presented a positive review on the Bionic 880 Photon produced by H. Buschkuehl Ltd in 2004","Since 1996, Bionic 880 series had been created by H. Buschkuehl Ltd in Germany, which produces innovative medical and health devices and products. These devices do not require injections, taking medicine, have no side effects and have safety certificates. It is certified according to ISO EN 13485. The Bionic 880, the original of the biophoton therapy, was awarded two years with the German Medical Industry Product price ""Best of 2008 and 2013”. The H. Buschkuehl Ltd Germany has designed and produced the Bionic series based on the scientific Biophoton theory from biophysicist and biophotonist, Prof. Dr. Fritz Popp, (1938-2018). The company had continuously worked with the German doctors to improve the function of the Bionic 880 series to prevent and heal many different types of sickness. The Bionic 880 series have been successfully using over 20 years worldwide by over 500 doctors and health practitioners all over Germany, other European and North America countries. The company has received numerous positive feedback on using the Bionic 880 series by doctors and patients. The Int’l Institute of Biophysics, had tested and presented a positive review on the Bionic 880 Photon produced by H. Buschkuehl Ltd in 2004",,Exhibitor,Hong Kong International Medical and Healthcare Fair 2025,3F-B21,Hospital Equipment and Digital Health,,1,,,"Weight Loss Product,Therapeutic Devices & Accessories,Diagnostic Equipment,Electronmedical Equipment,Medical Devices,Physical Therapy Equipment,Rehabilitation Equipment,Fitness Centre,Diabetes Care,Medical and Healthcare Service; These devices do not require injections, no medicine taking, have no side effects and have safety certificates. It is certified according to ISO EN 13485. It uses different types of low frequencies under 80 Hz to stimulate the body vital force.; OBM","Weight Loss Product,Therapeutic Devices & Accessories,Diagnostic Equipment,Electronmedical Equipment,Medical Devices,Physical Therapy Equipment,Rehabilitation Equipment,Fitness Centre,Diabetes Care,Medical and Healthcare Service; These devices do not require injections, no medicine taking, have no side effects and have safety certificates. It is certified according to ISO EN 13485. It uses different types of low frequencies under 80 Hz to stimulate the body vital force.; OBM",https://www.hktdc.com/event/hkmedicalfair/en/exhibitor/1S005MXA9,6,https://www.hktdc.com/event/hkmedicalfair/en/product/1Z03O3A4E; https://www.hktdc.com/event/hkmedicalfair/en/product/1Z03O3A4E; https://www.hktdc.com/event/hkmedicalfair/en/product/1Z03O3AAW; https://www.hktdc.com/event/hkmedicalfair/en/product/1Z03O3AAW; https://www.hktdc.com/event/hkmedicalfair/en/product/1Z03O3AHB; https://www.hktdc.com/event/hkmedicalfair/en/product/1Z03O3AHB
Harvest Land Industrial Limited,Harvest Land Industrial Limited,Hong Kong,Hair Care,Hair Care,,Exhibitor,Hong Kong International Medical and Healthcare Fair 2025,3G-D06,World of Health and Wellness,,1,,,"Hair Care; SHENGFA DING, compound formulated hair product extracted from Chinese herbs Effectively helps to improve and restore scalp & hair healthy.; Others","Hair Care; SHENGFA DING, compound formulated hair product extracted from Chinese herbs Effectively helps to improve and restore scalp & hair healthy.; Others",https://www.hktdc.com/event/hkmedicalfair/en/exhibitor/1S005IYEW,0,
Interomni Plus Limited,Interomni Plus Limited,Hong Kong,Interomni Plus Limited is a technical company to provide innovative clinic and hospital informaiton system to encourage digitization of the medical industry,Interomni Plus Limited is a technical company to provide innovative clinic and hospital informaiton system to encourage digitization of the medical industry,,Exhibitor,Hong Kong International Medical and Healthcare Fair 2025,3G-C14,World of Health and Wellness,,1,,,"E-Health,Health Related IoT/AI/VR,Health Management Apps/Systems; An innovative clinic management system integrated with an online-booking platform which has been serving 100+K users across HK and PRC.; Others","E-Health,Health Related IoT/AI/VR,Health Management Apps/Systems; An innovative clinic management system integrated with an online-booking platform which has been serving 100+K users across HK and PRC.; Others",https://www.hktdc.com/event/hkmedicalfair/en/exhibitor/1S005KX4R,2,https://www.hktdc.com/event/hkmedicalfair/en/product/1Z03O3HNM; https://www.hktdc.com/event/hkmedicalfair/en/product/1Z03O3HNM
Japan External Trade Organization (JETRO),Japan External Trade Organization (JETRO),Hong Kong,JETRO aims to contribute to the further development of Japan's economy and society through trade and investment promotion and research on developing countries.,JETRO aims to contribute to the further development of Japan's economy and society through trade and investment promotion and research on developing countries.,,Exhibitor,Hong Kong International Medical and Healthcare Fair 2025,3G-C17,Rehabilitation and Elderly Care,,1,,,Introduction of medical and elderly care products through an online platform.; Others,Introduction of medical and elderly care products through an online platform.; Others,https://www.hktdc.com/event/hkmedicalfair/en/exhibitor/1S005MSO8,0,
Kanpeki Concept Ltd.,Kanpeki Concept Ltd.,Hong Kong,"Kanpeki Medical is at the forefront of medical aesthetic laser and light technology. Kanpeki Medical's core value is to deliver superior quality and after-sales support to our customers. We are the official distributor of Criocuum and Zionic from Termosalud in Spain, and other Korean manufacturers including Hironic, Bluecore, Weero, Finemec, and JTS. Our innovative technology can be used to treat fat reduction, skin rejuvenation, acne treatment, scarring and a variety of skin conditions, hair removal, tattoo removal, and treatment of vascular and pigmented lesions, among other conditions. We have also been representing Australian and French skincare products.","Kanpeki Medical is at the forefront of medical aesthetic laser and light technology. Kanpeki Medical's core value is to deliver superior quality and after-sales support to our customers. We are the official distributor of Criocuum and Zionic from Termosalud in Spain, and other Korean manufacturers including Hironic, Bluecore, Weero, Finemec, and JTS. Our innovative technology can be used to treat fat reduction, skin rejuvenation, acne treatment, scarring and a variety of skin conditions, hair removal, tattoo removal, and treatment of vascular and pigmented lesions, among other conditions. We have also been representing Australian and French skincare products.",,Exhibitor,Hong Kong International Medical and Healthcare Fair 2025,3F-G33,Hospital Equipment and Digital Health,,1,,,"Ultrasound Equipment,Electronmedical Equipment,Treatment Equipment,Skin Care,E-Health; PENTAGON GLASS F, the CO2 fractional laser by scanner type, makes the beam divide into micro-sized units and
leaves normal tissues among the beams to reduce direct skin damages to shorten the down time and to allow the
skin to be cured faster.; Others","Ultrasound Equipment,Electronmedical Equipment,Treatment Equipment,Skin Care,E-Health; PENTAGON GLASS F, the CO2 fractional laser by scanner type, makes the beam divide into micro-sized units and
leaves normal tissues among the beams to reduce direct skin damages to shorten the down time and to allow the
skin to be cured faster.; Others",https://www.hktdc.com/event/hkmedicalfair/en/exhibitor/1S005IVQZ,14,https://www.hktdc.com/event/hkmedicalfair/en/product/1X1W16D5; https://www.hktdc.com/event/hkmedicalfair/en/product/1X1W16D5; https://www.hktdc.com/event/hkmedicalfair/en/product/1X1W16H1; https://www.hktdc.com/event/hkmedicalfair/en/product/1X1W16H1; https://www.hktdc.com/event/hkmedicalfair/en/product/1X1W16G2; https://www.hktdc.com/event/hkmedicalfair/en/product/1X1W16G2; https://www.hktdc.com/event/hkmedicalfair/en/product/1X1S5E6O; https://www.hktdc.com/event/hkmedicalfair/en/product/1X1S5E6O; https://www.hktdc.com/event/hkmedicalfair/en/product/1X1S5E5P; https://www.hktdc.com/event/hkmedicalfair/en/product/1X1S5E5P; https://www.hktdc.com/event/hkmedicalfair/en/product/1X1S5E4Q; https://www.hktdc.com/event/hkmedicalfair/en/product/1X1S5E4Q; https://www.hktdc.com/event/hkmedicalfair/en/product/1X1S5E3R; https://www.hktdc.com/event/hkmedicalfair/en/product/1X1S5E3R
Keychain Innovation Limited,Keychain Innovation Limited,Hong Kong,"Patient Monitoring System,Heart Rate Monitor","Patient Monitoring System,Heart Rate Monitor",,Exhibitor,Hong Kong International Medical and Healthcare Fair 2025,3F-G30,Hospital Equipment and Digital Health,,1,,,"Patient Monitoring System,Heart Rate Monitor; Our product including the ECG monitor and the monitoring system; OEM","Patient Monitoring System,Heart Rate Monitor; Our product including the ECG monitor and the monitoring system; OEM",https://www.hktdc.com/event/hkmedicalfair/en/exhibitor/1S005IWEY,0,
Milan Pacific Asia Limited,Milan Pacific Asia Limited,Hong Kong,"MILACARE is a professional high-tech agent and distributor focusing on IVD diagnosis and rapid detection. We provide high quality medical testing supplies and services. Collecting quality products from all over the world to provide customers with the best price and service. Our global procurement team has worked hard to search for well-known brands. Genetic Testing: We provide comprehensive genetic testing panels for various conditions, including cancer risk assessment, hereditary diseases and pharmacogenomics. Next-Generation Sequencing (NGS): Our NGS platform enable high-throughput sequencing for research, clinical diagnostics and drug discovery Bioinformatics Solutions: We offer advanced bioinformatics tools and pipelines for data analysis, variant interpretation and personalized medicine","MILACARE is a professional high-tech agent and distributor focusing on IVD diagnosis and rapid detection. We provide high quality medical testing supplies and services. Collecting quality products from all over the world to provide customers with the best price and service. Our global procurement team has worked hard to search for well-known brands. Genetic Testing: We provide comprehensive genetic testing panels for various conditions, including cancer risk assessment, hereditary diseases and pharmacogenomics. Next-Generation Sequencing (NGS): Our NGS platform enable high-throughput sequencing for research, clinical diagnostics and drug discovery Bioinformatics Solutions: We offer advanced bioinformatics tools and pipelines for data analysis, variant interpretation and personalized medicine",,Exhibitor,Hong Kong International Medical and Healthcare Fair 2025,3F-E27,Hong Kong MedTech Association (HKMTA),Hong Kong MedTech Association Pavilion,1,,,"Diagnostic Imaging and IVD,Antiseptic Products & Alcohol,Medical Mask,Medical Consumable,Medical Gloves,Medical Protective Clothing,Laboratory Equipment & Supplies,Precision Medicine,Rapid Test,Biotechnology; MILACARE is a professional high-tech agent and distributor focusing on IVD diagnosis and rapid detection. We provide high quality medical testing supplies and services.; OEM, ODM","Diagnostic Imaging and IVD,Antiseptic Products & Alcohol,Medical Mask,Medical Consumable,Medical Gloves,Medical Protective Clothing,Laboratory Equipment & Supplies,Precision Medicine,Rapid Test,Biotechnology; MILACARE is a professional high-tech agent and distributor focusing on IVD diagnosis and rapid detection. We provide high quality medical testing supplies and services.; OEM, ODM",https://www.hktdc.com/event/hkmedicalfair/en/exhibitor/1S005IWAA,6,https://www.hktdc.com/event/hkmedicalfair/en/product/1Z03O24BZ; https://www.hktdc.com/event/hkmedicalfair/en/product/1Z03O24BZ; https://www.hktdc.com/event/hkmedicalfair/en/product/1Z03O5DT8; https://www.hktdc.com/event/hkmedicalfair/en/product/1Z03O5DT8; https://www.hktdc.com/event/hkmedicalfair/en/product/1Z03O5ENP; https://www.hktdc.com/event/hkmedicalfair/en/product/1Z03O5ENP
Mitsui & Co. (Hong Kong) Ltd.,Mitsui & Co. (Hong Kong) Ltd.,Hong Kong,"Elderly Care Product,Healthcare Product,Health Supplement","Elderly Care Product,Healthcare Product,Health Supplement",,Exhibitor,Hong Kong International Medical and Healthcare Fair 2025,3G-B08,Rehabilitation and Elderly Care,,1,,,"Elderly Care Product,Healthcare Product,Health Supplement; We provide carefood products imported from Japan and Australia for dysphagia. These include soft meals, liquid thickeners, medication lubricant gel, high-calorie nutritional products(400Kcal/100mL), and IDDSI ready-to-drink thickened beverages etc.; OEM, Others","Elderly Care Product,Healthcare Product,Health Supplement; We provide carefood products imported from Japan and Australia for dysphagia. These include soft meals, liquid thickeners, medication lubricant gel, high-calorie nutritional products(400Kcal/100mL), and IDDSI ready-to-drink thickened beverages etc.; OEM, Others",https://www.hktdc.com/event/hkmedicalfair/en/exhibitor/1S005IZC1,4,https://www.hktdc.com/event/hkmedicalfair/en/product/1Z03O3HJY; https://www.hktdc.com/event/hkmedicalfair/en/product/1Z03O3HJY; https://www.hktdc.com/event/hkmedicalfair/en/product/1Z03O3HLS; https://www.hktdc.com/event/hkmedicalfair/en/product/1Z03O3HLS
One Belt One Road Eurasia Centre (HK) Limited,One Belt One Road Eurasia Centre (HK) Limited,Hong Kong,"The core technology of Bovis health products - high-frequency energy patches - will continue to demonstrate its powerful penetration and perfect resonance with the human body. With advancing technology, these patches will more precisely regulate and optimize the body's bio-magnetic field, stimulating and enhancing positive energy, promoting physical and mental well-being. They will significantly improve blood circulation and meridian repair, effectively clearing blood impurities and toxins, enhancing vascular elasticity, and repairing damaged meridian tissues. Bawis products will also break through in health maintenance, pain relief, brain flexibility, and beauty, offering comprehensive health care solutions, pain relief methods, improved brain elasticity and creativity, and promoting skin cell metabolism for a better complexion.","The core technology of Bovis health products - high-frequency energy patches - will continue to demonstrate its powerful penetration and perfect resonance with the human body. With advancing technology, these patches will more precisely regulate and optimize the body's bio-magnetic field, stimulating and enhancing positive energy, promoting physical and mental well-being. They will significantly improve blood circulation and meridian repair, effectively clearing blood impurities and toxins, enhancing vascular elasticity, and repairing damaged meridian tissues. Bawis products will also break through in health maintenance, pain relief, brain flexibility, and beauty, offering comprehensive health care solutions, pain relief methods, improved brain elasticity and creativity, and promoting skin cell metabolism for a better complexion.",,Exhibitor,Hong Kong International Medical and Healthcare Fair 2025,3F-D12,World of Health and Wellness,Greater Bay Area Health Industries Association Pavilion,1,,,"Skin Care,Healthcare Product,Health Food,Joint & Bone Support,Immune System Booster,Anti-Aging Supplement; Bovis Terahertz Stone contains a unique Terahertz energy. When its frequency resonance cooperates with the human body, it can effectively promote health, improve blood circulation and relieve pain.; Others","Skin Care,Healthcare Product,Health Food,Joint & Bone Support,Immune System Booster,Anti-Aging Supplement; Bovis Terahertz Stone contains a unique Terahertz energy. When its frequency resonance cooperates with the human body, it can effectively promote health, improve blood circulation and relieve pain.; Others",https://www.hktdc.com/event/hkmedicalfair/en/exhibitor/1S005ITKJ,2,https://www.hktdc.com/event/hkmedicalfair/en/product/1Z03IWV3W; https://www.hktdc.com/event/hkmedicalfair/en/product/1Z03IWV3W
Only Health Group Holdings Co. Limited,Only Health Group Holdings Co. Limited,Hong Kong,"Fall Prevention and Preventive Care Solution,Companion and Caring Robot","Fall Prevention and Preventive Care Solution,Companion and Caring Robot",,Exhibitor,Hong Kong International Medical and Healthcare Fair 2025,3G-A30,Rehabilitation and Elderly Care,,1,,,"Fall Prevention and Preventive Care Solution,Companion and Caring Robot; LUNA Cat - Fall prevention and AI companion robotic cat
LUNA 360 - Multi-person incident detection (Bed exit, fall, climb high and sedentary); Others","Fall Prevention and Preventive Care Solution,Companion and Caring Robot; LUNA Cat - Fall prevention and AI companion robotic cat
LUNA 360 - Multi-person incident detection (Bed exit, fall, climb high and sedentary); Others",https://www.hktdc.com/event/hkmedicalfair/en/exhibitor/1S005MWC4,0,
Pacific Care Ltd,Pacific Care Ltd,Hong Kong,Pacific Care Limited is specialized in the dental industry that can bring your idea to realty. We understand that product design can be the single most important factor in determining market success. Our collaborative and iterative approach to product design and development is proven to be effective and sustainable to support your growth. Our eye's are fixed firmly on the future and on providing tomorrow's innovative solutions.,Pacific Care Limited is specialized in the dental industry that can bring your idea to realty. We understand that product design can be the single most important factor in determining market success. Our collaborative and iterative approach to product design and development is proven to be effective and sustainable to support your growth. Our eye's are fixed firmly on the future and on providing tomorrow's innovative solutions.,,Exhibitor,Hong Kong International Medical and Healthcare Fair 2025,3G-D21,World of Health and Wellness,,1,,,"Oral Care; Micro Mist Scaling Device using the technology of mist to precisely remove initial dental plaque of elderly or disable people. The optimal air to water ratio remove the plaque in 10 sec., reducing the chance of suffocation with minimal water amount.; ODM, OEM, OBM","Oral Care; Micro Mist Scaling Device using the technology of mist to precisely remove initial dental plaque of elderly or disable people. The optimal air to water ratio remove the plaque in 10 sec., reducing the chance of suffocation with minimal water amount.; ODM, OEM, OBM",https://www.hktdc.com/event/hkmedicalfair/en/exhibitor/1S005IYHN,12,https://www.hktdc.com/event/hkmedicalfair/en/product/1Z03ME31U; https://www.hktdc.com/event/hkmedicalfair/en/product/1Z03ME31U; https://www.hktdc.com/event/hkmedicalfair/en/product/1Z03ME2ES; https://www.hktdc.com/event/hkmedicalfair/en/product/1Z03ME2ES; https://www.hktdc.com/event/hkmedicalfair/en/product/1Z03K9W11; https://www.hktdc.com/event/hkmedicalfair/en/product/1Z03K9W11; https://www.hktdc.com/event/hkmedicalfair/en/product/1Z03ME2DV; https://www.hktdc.com/event/hkmedicalfair/en/product/1Z03ME2DV; https://www.hktdc.com/event/hkmedicalfair/en/product/1Z03K9W5P; https://www.hktdc.com/event/hkmedicalfair/en/product/1Z03K9W5P; https://www.hktdc.com/event/hkmedicalfair/en/product/1Z03ME2SM; https://www.hktdc.com/event/hkmedicalfair/en/product/1Z03ME2SM
Prime Priority Technology Limited,Prime Priority Technology Limited,Hong Kong,"Patient Monitoring System,Heart Rate Monitor,Telemedicine Technology & Services","Patient Monitoring System,Heart Rate Monitor,Telemedicine Technology & Services",,Exhibitor,Hong Kong International Medical and Healthcare Fair 2025,3F-F10,Hospital Equipment and Digital Health,,1,,,"Patient Monitoring System,Heart Rate Monitor,Telemedicine Technology & Services; Our main product are mainly patient monitor, ECG monitor, Blood pressure monitor and the equipment accessories
We are also introducing the central monitoring system; Others","Patient Monitoring System,Heart Rate Monitor,Telemedicine Technology & Services; Our main product are mainly patient monitor, ECG monitor, Blood pressure monitor and the equipment accessories
We are also introducing the central monitoring system; Others",https://www.hktdc.com/event/hkmedicalfair/en/exhibitor/1S005IW3V,8,https://www.hktdc.com/event/hkmedicalfair/en/product/1X23JCZ1; https://www.hktdc.com/event/hkmedicalfair/en/product/1X23JCZ1; https://www.hktdc.com/event/hkmedicalfair/en/product/1X239DZY; https://www.hktdc.com/event/hkmedicalfair/en/product/1X239DZY; https://www.hktdc.com/event/hkmedicalfair/en/product/1X1ZQV5A; https://www.hktdc.com/event/hkmedicalfair/en/product/1X1ZQV5A; https://www.hktdc.com/event/hkmedicalfair/en/product/1X1ZQV4B; https://www.hktdc.com/event/hkmedicalfair/en/product/1X1ZQV4B
Rigenera Hong Kong Limited,Rigenera Hong Kong Limited,Hong Kong,"Rigenera is a cutting edge, one-of-a-kind made in Italy Technology that provides a quick and effective method for tissue regeneration by means of injection of the micrografts suspension. It is the result of more than 10 years of biotechnological research, which today is shedding new light on the field of regenerative medicine. Main core of Rigenera is a disposable, sterile Class IIa (CE mark) Medical Device specifically designed for an efficient mechanical disaggregation of small tissue biopsies (samples) to obtain micrografts in an autologous and homologous way, in a minimally invasive procedure lasting about 30 minutes. The Technology is currently applied in Wound Healing, for acute and chronic wounds, with a special focus on: Vascular/venous or Diabetic ulcers, Surgical dehiscence Post-surgical wound Oncological post-surgical wound Post-traumatic wound Non-healing wounds Burns. The Technology is also currently applied in other fields such as Oral & Maxillofacial Surgery and Plastic surgery.","Rigenera is a cutting edge, one-of-a-kind made in Italy Technology that provides a quick and effective method for tissue regeneration by means of injection of the micrografts suspension. It is the result of more than 10 years of biotechnological research, which today is shedding new light on the field of regenerative medicine. Main core of Rigenera is a disposable, sterile Class IIa (CE mark) Medical Device specifically designed for an efficient mechanical disaggregation of small tissue biopsies (samples) to obtain micrografts in an autologous and homologous way, in a minimally invasive procedure lasting about 30 minutes. The Technology is currently applied in Wound Healing, for acute and chronic wounds, with a special focus on: Vascular/venous or Diabetic ulcers, Surgical dehiscence Post-surgical wound Oncological post-surgical wound Post-traumatic wound Non-healing wounds Burns. The Technology is also currently applied in other fields such as Oral & Maxillofacial Surgery and Plastic surgery.",,Exhibitor,Hong Kong International Medical and Healthcare Fair 2025,3F-E15,Biotech and Lab Diagnostics,Hong Kong MedTech Association Pavilion,1,,,"Medical Devices,Dental Equipment,Biotechnology; Rigenera WOUND line sterile, disposable HOSPITAL (trauma,burns,vascular ulcer,diabetic foot) kits:
KIT-OS-S:TISSUE
KIT-TS-S:MAX TISSUE
ORAL&MAXILLO-FACIAL Strongbone kits:
KIT-RS-S:ORTHO
7945DS:RIGENERACONS DENTAL
NEW SHORE BONE GRANULAR BIOMATERIAL; OBM","Medical Devices,Dental Equipment,Biotechnology; Rigenera WOUND line sterile, disposable HOSPITAL (trauma,burns,vascular ulcer,diabetic foot) kits:
KIT-OS-S:TISSUE
KIT-TS-S:MAX TISSUE
ORAL&MAXILLO-FACIAL Strongbone kits:
KIT-RS-S:ORTHO
7945DS:RIGENERACONS DENTAL
NEW SHORE BONE GRANULAR BIOMATERIAL; OBM",https://www.hktdc.com/event/hkmedicalfair/en/exhibitor/1S005MHCJ,0,
Securitas Security Service (Hong Kong) Limited,Securitas Security Service (Hong Kong) Limited,Hong Kong,,,,Exhibitor,Hong Kong International Medical and Healthcare Fair 2025,3G-A33,Hospital Equipment and Digital Health,,1,,,Service; Others,Service; Others,https://www.hktdc.com/event/hkmedicalfair/en/exhibitor/1S005LCEI,0,
SilverX Limited,SilverX Limited,Hong Kong,"E-Health,Health Management Apps/Systems,Telemedicine Technology & Services","E-Health,Health Management Apps/Systems,Telemedicine Technology & Services",,Exhibitor,Hong Kong International Medical and Healthcare Fair 2025,3F-E37,Startup Zone,,1,,,"E-Health,Health Management Apps/Systems,Telemedicine Technology & Services; TikCare revolutionizes clinical practice by weaving in AI agents throughout the care journey to improve clinical efficiency and streamline patient engagement. We empower clinicians to focus on patient care and differentiate their practice.; Others","E-Health,Health Management Apps/Systems,Telemedicine Technology & Services; TikCare revolutionizes clinical practice by weaving in AI agents throughout the care journey to improve clinical efficiency and streamline patient engagement. We empower clinicians to focus on patient care and differentiate their practice.; Others",https://www.hktdc.com/event/hkmedicalfair/en/exhibitor/1S005MV5Q,0,
Sparkle Healthcare Company Limited,Sparkle Healthcare Company Limited,Hong Kong,"Company was established in 2018. We offer in-home nursing and healthcare service to patients and elderly in Hong Kong. Other than clients who fully pay for the service, our company is also an authorized service provider of 'Community Care Service Voucher' ('CCSV') run by Social Welfare Department of Hong Kong SAR where eligible elderly can receive our services using subsidies from HKSAR. Eligible CCSV elder can enjoy our in-home service as well as day care centre.","Company was established in 2018. We offer in-home nursing and healthcare service to patients and elderly in Hong Kong. Other than clients who fully pay for the service, our company is also an authorized service provider of 'Community Care Service Voucher' ('CCSV') run by Social Welfare Department of Hong Kong SAR where eligible elderly can receive our services using subsidies from HKSAR. Eligible CCSV elder can enjoy our in-home service as well as day care centre.",,Exhibitor,Hong Kong International Medical and Healthcare Fair 2025,3G-C21,Rehabilitation and Elderly Care,,1,,,Physiotherapy Treatment; Nursing and healthcare service; in-home healthcare service provider of HKSAR subsidy 'Community Care Service Voucher'; elderly day care centre under HKSAR subsidy 'Community Care Service Voucher'; Others,Physiotherapy Treatment; Nursing and healthcare service; in-home healthcare service provider of HKSAR subsidy 'Community Care Service Voucher'; elderly day care centre under HKSAR subsidy 'Community Care Service Voucher'; Others,https://www.hktdc.com/event/hkmedicalfair/en/exhibitor/1S005IW5P,2,https://www.hktdc.com/event/hkmedicalfair/en/product/1Z03ME3M3; https://www.hktdc.com/event/hkmedicalfair/en/product/1Z03ME3M3
The Chinese University of Hong Kong,The Chinese University of Hong Kong,Hong Kong,"Founded in 1963, The Chinese University of Hong Kong (CUHK) is a forward-looking comprehensive research university with a global vision and a mission to combine tradition with modernity, and to bring together China and the West. CUHK teachers and students hail from all around the world. CUHK undertakes a wide range of research programmes in many subject areas, and strives to provide scope for all academic staff to undertake consultancy and collaborative projects with industry. The University's insistence on the highest standards of research has won it an enviable research reputation. Hong Kong's University Grants Committee (UGC) provides preferential grant funding to the local tertiary institutions to conduct research into 28 selected Areas of Excellence (AoEs). Eleven of these AoEs are being led by researchers from CUHK. The University houses five state key laboratories which are entrusted by the Ministry of Science and Technology of China to produce research of international quality and carry out important national research tasks. The University also has an excellent record of published research, both in discipline-specific journals and in more high-profile publications such as Science, Nature, and The Lancet.","Founded in 1963, The Chinese University of Hong Kong (CUHK) is a forward-looking comprehensive research university with a global vision and a mission to combine tradition with modernity, and to bring together China and the West. CUHK teachers and students hail from all around the world. CUHK undertakes a wide range of research programmes in many subject areas, and strives to provide scope for all academic staff to undertake consultancy and collaborative projects with industry. The University's insistence on the highest standards of research has won it an enviable research reputation. Hong Kong's University Grants Committee (UGC) provides preferential grant funding to the local tertiary institutions to conduct research into 28 selected Areas of Excellence (AoEs). Eleven of these AoEs are being led by researchers from CUHK. The University houses five state key laboratories which are entrusted by the Ministry of Science and Technology of China to produce research of international quality and carry out important national research tasks. The University also has an excellent record of published research, both in discipline-specific journals and in more high-profile publications such as Science, Nature, and The Lancet.",,Exhibitor,Hong Kong International Medical and Healthcare Fair 2025,3F-H24,Hospital Equipment and Digital Health,,1,,,"Diagnostic Equipment,Biotechnology; Medical and Healthcare Devices
Inventions by project teams lead by CUHK Professors from different faculties including but not limited to Faculty of Medicine and Faculty of Engineering.; Others","Diagnostic Equipment,Biotechnology; Medical and Healthcare Devices
Inventions by project teams lead by CUHK Professors from different faculties including but not limited to Faculty of Medicine and Faculty of Engineering.; Others",https://www.hktdc.com/event/hkmedicalfair/en/exhibitor/1S005IVRW,6,https://www.hktdc.com/event/hkmedicalfair/en/product/1X1G4OJH; https://www.hktdc.com/event/hkmedicalfair/en/product/1X1G4OJH; https://www.hktdc.com/event/hkmedicalfair/en/product/1X1G4OII; https://www.hktdc.com/event/hkmedicalfair/en/product/1X1G4OII; https://www.hktdc.com/event/hkmedicalfair/en/product/1X1G4OHJ; https://www.hktdc.com/event/hkmedicalfair/en/product/1X1G4OHJ
Tongyu Technology Limited,Tongyu Technology Limited,Hong Kong,"Professional medical equipment battery manufacturer and distributor. The medical batteries we develop are used in monitors, ventilators, ultrasound equipment, anesthesia machines, AEDs, defibrillators, injection pumps, infusion pumps. We can customize any medical battery pack according to customer product equipment.","Professional medical equipment battery manufacturer and distributor. The medical batteries we develop are used in monitors, ventilators, ultrasound equipment, anesthesia machines, AEDs, defibrillators, injection pumps, infusion pumps. We can customize any medical battery pack according to customer product equipment.",,Exhibitor,Hong Kong International Medical and Healthcare Fair 2025,3F-F28,Hospital Equipment and Digital Health,,1,,,"Ultrasound Equipment,Electronmedical Equipment,First Aid Equipment,Dental Equipment,Patient Monitoring System; OEM/ODM; ODM, OEM","Ultrasound Equipment,Electronmedical Equipment,First Aid Equipment,Dental Equipment,Patient Monitoring System; OEM/ODM; ODM, OEM",https://www.hktdc.com/event/hkmedicalfair/en/exhibitor/1S005IYJH,12,https://www.hktdc.com/event/hkmedicalfair/en/product/1Z03O3PR2; https://www.hktdc.com/event/hkmedicalfair/en/product/1Z03O3PR2; https://www.hktdc.com/event/hkmedicalfair/en/product/1Z03O3ECM; https://www.hktdc.com/event/hkmedicalfair/en/product/1Z03O3ECM; https://www.hktdc.com/event/hkmedicalfair/en/product/1Z03O3C2I; https://www.hktdc.com/event/hkmedicalfair/en/product/1Z03O3C2I; https://www.hktdc.com/event/hkmedicalfair/en/product/1Z03O3BLY; https://www.hktdc.com/event/hkmedicalfair/en/product/1Z03O3BLY; https://www.hktdc.com/event/hkmedicalfair/en/product/1Z03O2X4R; https://www.hktdc.com/event/hkmedicalfair/en/product/1Z03O2X4R; https://www.hktdc.com/event/hkmedicalfair/en/product/1Z03O2X3U; https://www.hktdc.com/event/hkmedicalfair/en/product/1Z03O2X3U
Tronex (Hong Kong) Limited,Tronex (Hong Kong) Limited,Hong Kong,"Tronex International is a multiple award-winning, medical-based global enterprise, offering highly advanced medical-grade exam gloves and an extensive range of disposable head-to-toe personal protective solutions. As a leading supplier to hospitals, restaurants, hospitality, and government agencies, we proudly leverage an agile and adaptable business model.","Tronex International is a multiple award-winning, medical-based global enterprise, offering highly advanced medical-grade exam gloves and an extensive range of disposable head-to-toe personal protective solutions. As a leading supplier to hospitals, restaurants, hospitality, and government agencies, we proudly leverage an agile and adaptable business model.",,Exhibitor,Hong Kong International Medical and Healthcare Fair 2025,3F-C10,Medical Supplies and Disposables,,1,,,"Personal Protective Equipment,Medical Mask,Medical Gloves,Medical Protective Clothing,Personal Hygiene Supplies; Disposable head-to-toe personal protective equipment.
Products including Exam gloves, Face masks, Isolation Gowns, Bouffant Caps, Coverall apparel, shoe covers.; OBM","Personal Protective Equipment,Medical Mask,Medical Gloves,Medical Protective Clothing,Personal Hygiene Supplies; Disposable head-to-toe personal protective equipment.
Products including Exam gloves, Face masks, Isolation Gowns, Bouffant Caps, Coverall apparel, shoe covers.; OBM",https://www.hktdc.com/event/hkmedicalfair/en/exhibitor/1S005ITQ1,10,https://www.hktdc.com/event/hkmedicalfair/en/product/1Z03NFHBM; https://www.hktdc.com/event/hkmedicalfair/en/product/1Z03NFHBM; https://www.hktdc.com/event/hkmedicalfair/en/product/1Z03O2B81; https://www.hktdc.com/event/hkmedicalfair/en/product/1Z03O2B81; https://www.hktdc.com/event/hkmedicalfair/en/product/1Z03O2BOP; https://www.hktdc.com/event/hkmedicalfair/en/product/1Z03O2BOP; https://www.hktdc.com/event/hkmedicalfair/en/product/1Z03O2BLY; https://www.hktdc.com/event/hkmedicalfair/en/product/1Z03O2BLY; https://www.hktdc.com/event/hkmedicalfair/en/product/1Z03O2BI7; https://www.hktdc.com/event/hkmedicalfair/en/product/1Z03O2BI7
U-Med Products Ltd,U-Med Products Ltd,Hong Kong,"We are a company established in the Year of 2013.Our management team is experienced in medical field for more than 38 years. We are mainly manufacturer, wholesaler and exporter of various Geriatric Chairs, Ward Furniture, Foam Care Products and Patient Chairs in OEM and ODM products.","We are a company established in the Year of 2013.Our management team is experienced in medical field for more than 38 years. We are mainly manufacturer, wholesaler and exporter of various Geriatric Chairs, Ward Furniture, Foam Care Products and Patient Chairs in OEM and ODM products.",,Exhibitor,Hong Kong International Medical and Healthcare Fair 2025,3G-A28,Rehabilitation and Elderly Care,,1,,,"Elderly Care Product,Ward Facilities, Furniture and Supplies,Rehabilitation Equipment; 1) Geriatric /Healthcare Chair (Rigid, Mobile, Recline and Eletric etc.) 2) Ward Furniture (Overbed Table, Locker and Folding Screen etc.) 3) Patient Chairs 4) Foam Care Products 5) Others (Arm Board, Belly Board, Oncology Positioning Foam etc.); OEM, ODM","Elderly Care Product,Ward Facilities, Furniture and Supplies,Rehabilitation Equipment; 1) Geriatric /Healthcare Chair (Rigid, Mobile, Recline and Eletric etc.) 2) Ward Furniture (Overbed Table, Locker and Folding Screen etc.) 3) Patient Chairs 4) Foam Care Products 5) Others (Arm Board, Belly Board, Oncology Positioning Foam etc.); OEM, ODM",https://www.hktdc.com/event/hkmedicalfair/en/exhibitor/1S005IWC4,32,https://www.hktdc.com/event/hkmedicalfair/en/product/1X25GCQA; https://www.hktdc.com/event/hkmedicalfair/en/product/1X25GCQA; https://www.hktdc.com/event/hkmedicalfair/en/product/1X25GCLF; https://www.hktdc.com/event/hkmedicalfair/en/product/1X25GCLF; https://www.hktdc.com/event/hkmedicalfair/en/product/1X25G07T; https://www.hktdc.com/event/hkmedicalfair/en/product/1X25G07T; https://www.hktdc.com/event/hkmedicalfair/en/product/1X25FZX6; https://www.hktdc.com/event/hkmedicalfair/en/product/1X25FZX6; https://www.hktdc.com/event/hkmedicalfair/en/product/1X25GCU6; https://www.hktdc.com/event/hkmedicalfair/en/product/1X25GCU6; https://www.hktdc.com/event/hkmedicalfair/en/product/1X25GCND; https://www.hktdc.com/event/hkmedicalfair/en/product/1X25GCND; https://www.hktdc.com/event/hkmedicalfair/en/product/1X25FZZ4; https://www.hktdc.com/event/hkmedicalfair/en/product/1X25FZZ4; https://www.hktdc.com/event/hkmedicalfair/en/product/1X25GDAN; https://www.hktdc.com/event/hkmedicalfair/en/product/1X25GDAN; https://www.hktdc.com/event/hkmedicalfair/en/product/1X25GDEJ; https://www.hktdc.com/event/hkmedicalfair/en/product/1X25GDEJ; https://www.hktdc.com/event/hkmedicalfair/en/product/1X25H4O0; https://www.hktdc.com/event/hkmedicalfair/en/product/1X25H4O0; https://www.hktdc.com/event/hkmedicalfair/en/product/1X25GCY2; https://www.hktdc.com/event/hkmedicalfair/en/product/1X25GCY2; https://www.hktdc.com/event/hkmedicalfair/en/product/1X25G0QA; https://www.hktdc.com/event/hkmedicalfair/en/product/1X25G0QA; https://www.hktdc.com/event/hkmedicalfair/en/product/1X25G08S; https://www.hktdc.com/event/hkmedicalfair/en/product/1X25G08S; https://www.hktdc.com/event/hkmedicalfair/en/product/1X25G02Y; https://www.hktdc.com/event/hkmedicalfair/en/product/1X25G02Y; https://www.hktdc.com/event/hkmedicalfair/en/product/1X25FZY5; https://www.hktdc.com/event/hkmedicalfair/en/product/1X25FZY5; https://www.hktdc.com/event/hkmedicalfair/en/product/1X25FZW7; https://www.hktdc.com/event/hkmedicalfair/en/product/1X25FZW7
Uranus Group Limited,Uranus Group Limited,Hong Kong,"Uranus Group ltd It is a theropod technology company specializing in the rehabilitation sector after stroke, cerebral infarction and cancer treatment. Provide advanced rehabilitation equipment.","Uranus Group ltd It is a theropod technology company specializing in the rehabilitation sector after stroke, cerebral infarction and cancer treatment. Provide advanced rehabilitation equipment.",,Exhibitor,Hong Kong International Medical and Healthcare Fair 2025,3G-A29,Hospital Equipment and Digital Health,,1,,,"Diagnostic Equipment,Medical Preparation & Production Equipment,Electronmedical Equipment,Medical Device Development Consulting Service,Treatment Equipment,Physical Therapy Equipment,Rehabilitation Equipment,Precision Medicine,Nutritional Manufacturing/ Processing Service,Big Data Medical Application; 1，以調節自律神經，改善呼吸的，可以有改善睡眠呼吸UG369，無副作用。
2，UG新氧機2.0是市面上獨創的，可以定位供養，不產生肺水腫和自由基。
3，UG全面營養素 打造身體營養平衡
4，小分子肽容易吸收
等等; ODM, OBM, OEM","Diagnostic Equipment,Medical Preparation & Production Equipment,Electronmedical Equipment,Medical Device Development Consulting Service,Treatment Equipment,Physical Therapy Equipment,Rehabilitation Equipment,Precision Medicine,Nutritional Manufacturing/ Processing Service,Big Data Medical Application; 1，以調節自律神經，改善呼吸的，可以有改善睡眠呼吸UG369，無副作用。
2，UG新氧機2.0是市面上獨創的，可以定位供養，不產生肺水腫和自由基。
3，UG全面營養素 打造身體營養平衡
4，小分子肽容易吸收
等等; ODM, OBM, OEM",https://www.hktdc.com/event/hkmedicalfair/en/exhibitor/1S005MWRV,0,
Wheelchair88.com Limited,Wheelchair88.com Limited,Hong Kong,"Our goal is to provide innovative mobility-related products to empower wheelchair users to become more independent, healthier, and regain a sense of freedom. We started the business in 2013 and we grew the operation slowly from R&D, production, sales and after sales services, product by product. We have our original designed products, and we also distribute some branded products as sole distributor in the region. We have more than 10,000 customers over 50 countries worldwide. Currently we have retail shops in Malaysia, Hong Kong, Japan, Indonesia and Singapore. And each country is in charged by a very knowledgeable business partner. Although we are still a small company, we are financially healthy with no debts at all, and growing humbly with stable steps.","Our goal is to provide innovative mobility-related products to empower wheelchair users to become more independent, healthier, and regain a sense of freedom. We started the business in 2013 and we grew the operation slowly from R&D, production, sales and after sales services, product by product. We have our original designed products, and we also distribute some branded products as sole distributor in the region. We have more than 10,000 customers over 50 countries worldwide. Currently we have retail shops in Malaysia, Hong Kong, Japan, Indonesia and Singapore. And each country is in charged by a very knowledgeable business partner. Although we are still a small company, we are financially healthy with no debts at all, and growing humbly with stable steps.",,Exhibitor,Hong Kong International Medical and Healthcare Fair 2025,3G-B29,Rehabilitation and Elderly Care,,1,,,"Wheelchair,Walking Stick and Walker; We develop our product concepts in Malaysia because we are expert in manufacturing process as well as the requirement of different disabled users.
We produce the parts and assemble them into a complete product in house (under our brand).; OBM","Wheelchair,Walking Stick and Walker; We develop our product concepts in Malaysia because we are expert in manufacturing process as well as the requirement of different disabled users.
We produce the parts and assemble them into a complete product in house (under our brand).; OBM",https://www.hktdc.com/event/hkmedicalfair/en/exhibitor/1S005MVMB,2,https://www.hktdc.com/event/hkmedicalfair/en/product/1Z03O3IS6; https://www.hktdc.com/event/hkmedicalfair/en/product/1Z03O3IS6
YSH Technology Limited,YSH Technology Limited,Hong Kong,"We're not selling products, we're selling time. TIMESHOP is an oral technology anti-aging brand, led by Nobel Prize-winning scientist Jeffrey C. Hall Jeffrey Hall's top scientific research team gathered in Hong Kong to set up a special R&D center, closely follow the international scientific research results, explore the research and development of effective anti-aging ingredients around the world, and is committed to helping more people improve the quality of life. At the same time, the brand attaches great importance to product quality and user experience, and the products are made of high-quality raw materials from all over the world, and the factories that far exceed international standards are selected for cooperative production. We are committed to strictly following international testing standards and developing high-quality products.","We're not selling products, we're selling time. TIMESHOP is an oral technology anti-aging brand, led by Nobel Prize-winning scientist Jeffrey C. Hall Jeffrey Hall's top scientific research team gathered in Hong Kong to set up a special R&D center, closely follow the international scientific research results, explore the research and development of effective anti-aging ingredients around the world, and is committed to helping more people improve the quality of life. At the same time, the brand attaches great importance to product quality and user experience, and the products are made of high-quality raw materials from all over the world, and the factories that far exceed international standards are selected for cooperative production. We are committed to strictly following international testing standards and developing high-quality products.",,Exhibitor,Hong Kong International Medical and Healthcare Fair 2025,3G-D26,World of Health and Wellness,,1,,,"Treatment Equipment,Health Supplement,Health Management and Consultancy,Anti-Aging Supplement; TIMESHOP has a wide range of ageing interventions, with products that can precisely target different parts of the body, allowing users to meet their anti-ageing needs, one-stop.; OEM","Treatment Equipment,Health Supplement,Health Management and Consultancy,Anti-Aging Supplement; TIMESHOP has a wide range of ageing interventions, with products that can precisely target different parts of the body, allowing users to meet their anti-ageing needs, one-stop.; OEM",https://www.hktdc.com/event/hkmedicalfair/en/exhibitor/1S005KZ7G,0,
British Consulate-General Hong Kong,British Consulate-General Hong Kong,United Kingdom,,,,Exhibitor,Hong Kong International Medical and Healthcare Fair 2025,3F-H15,Hospital Equipment and Digital Health,British Pavilion,1,,,Others,Others,https://www.hktdc.com/event/hkmedicalfair/en/exhibitor/1S005JMXN,8,https://www.hktdc.com/event/hkmedicalfair/en/product/1Z03O3PGZ; https://www.hktdc.com/event/hkmedicalfair/en/product/1Z03O3PGZ; https://www.hktdc.com/event/hkmedicalfair/en/product/1Z03O3PF2; https://www.hktdc.com/event/hkmedicalfair/en/product/1Z03O3PF2; https://www.hktdc.com/event/hkmedicalfair/en/product/1Z03O3PE5; https://www.hktdc.com/event/hkmedicalfair/en/product/1Z03O3PE5; https://www.hktdc.com/event/hkmedicalfair/en/product/1Z03O3PD8; https://www.hktdc.com/event/hkmedicalfair/en/product/1Z03O3PD8
Consulate General of Hungary in Hong Kong,Consulate General of Hungary in Hong Kong,Hungary,Diagnostic Equipment,Diagnostic Equipment,,Exhibitor,Hong Kong International Medical and Healthcare Fair 2025,3G-A19,Hospital Equipment and Digital Health,Hungary Pavilion,1,,,Diagnostic Equipment; National booth for exhibitors from Hungary.; Others,Diagnostic Equipment; National booth for exhibitors from Hungary.; Others,https://www.hktdc.com/event/hkmedicalfair/en/exhibitor/1S005MPIT,0,
CorDx Inc.,CorDx Inc.,Chinese Mainland,"CorDx is transforming the global diagnostics industry with innovative R&D solutions, a vertically integrated supply chain, and manufacturing footprints in the United States and around the world. With nearly two decades of IVD experience, CorDx is a leader in IVD research and development, manufacturing, and supply chain. Our proprietary line of rapid diagnostic products is recognized by families and medical professionals for reliability, affordability, and rapid results.","CorDx is transforming the global diagnostics industry with innovative R&D solutions, a vertically integrated supply chain, and manufacturing footprints in the United States and around the world. With nearly two decades of IVD experience, CorDx is a leader in IVD research and development, manufacturing, and supply chain. Our proprietary line of rapid diagnostic products is recognized by families and medical professionals for reliability, affordability, and rapid results.",,Exhibitor,Hong Kong International Medical and Healthcare Fair 2025,3F-D16,Biotech and Lab Diagnostics,,1,,,"Diagnostic Equipment,Medical Devices,Smart Health Platform & Solution,Rapid Test,Biotechnology; CorDx is a leader in IVD research and development, manufacturing, and supply chain. Our proprietary line of rapid diagnostic products is recognized by families and medical professionals for reliability, affordability, and rapid results.; OEM, Others","Diagnostic Equipment,Medical Devices,Smart Health Platform & Solution,Rapid Test,Biotechnology; CorDx is a leader in IVD research and development, manufacturing, and supply chain. Our proprietary line of rapid diagnostic products is recognized by families and medical professionals for reliability, affordability, and rapid results.; OEM, Others",https://www.hktdc.com/event/hkmedicalfair/en/exhibitor/1S005MVQZ,0,
Israel Pavilion,Israel Pavilion,Israel,"Diagnostic Equipment,X-Ray Machine,Radiology Equipment,Electronmedical Equipment,Treatment Equipment,Telemedicine Technology & Services","Diagnostic Equipment,X-Ray Machine,Radiology Equipment,Electronmedical Equipment,Treatment Equipment,Telemedicine Technology & Services",,Exhibitor,Hong Kong International Medical and Healthcare Fair 2025,3F-H28,Hospital Equipment and Digital Health,Israel Pavilion,1,,,"Diagnostic Equipment,X-Ray Machine,Radiology Equipment,Electronmedical Equipment,Treatment Equipment,Telemedicine Technology & Services; Theranica(Nerivio) : Neuromodulation-based Patch for Migraine Relief
RhinoCare : Heat Therapy Device for Treating Sinus Congestion
Spectrum Dynamics Medical : High-definition Functional Nuclear Imaging; ODM","Diagnostic Equipment,X-Ray Machine,Radiology Equipment,Electronmedical Equipment,Treatment Equipment,Telemedicine Technology & Services; Theranica(Nerivio) : Neuromodulation-based Patch for Migraine Relief
RhinoCare : Heat Therapy Device for Treating Sinus Congestion
Spectrum Dynamics Medical : High-definition Functional Nuclear Imaging; ODM",https://www.hktdc.com/event/hkmedicalfair/en/exhibitor/1S005MYRT,0,
Thailand Center of Excellence for Life Sciences (TCELS),Thailand Center of Excellence for Life Sciences (TCELS),Thailand,"Diagnostic Equipment,Healthcare Product,Medical and Healthcare Service,Biotechnology","Diagnostic Equipment,Healthcare Product,Medical and Healthcare Service,Biotechnology",,Exhibitor,Hong Kong International Medical and Healthcare Fair 2025,3G-C25,World of Health and Wellness,Thailand Pavilion,1,,,"Diagnostic Equipment,Healthcare Product,Medical and Healthcare Service,Biotechnology; We proud to present the 4 life sciences companies that present the biotechnology and innovation products in the event. 

for more information please join us at booth.; OEM, OBM, ODM","Diagnostic Equipment,Healthcare Product,Medical and Healthcare Service,Biotechnology; We proud to present the 4 life sciences companies that present the biotechnology and innovation products in the event. 

for more information please join us at booth.; OEM, OBM, ODM",https://www.hktdc.com/event/hkmedicalfair/en/exhibitor/1S005MWSS,0,
"YOUNG-IN Biotech Co., Ltd.","YOUNG-IN Biotech Co., Ltd.","Korea, Republic Of","Young-in Biotech is a company established in 2007 specializing in the development and manufacture of medical devices, physical therapy instruments and external shock wave therapy instruments, beauty instruments.Our products are very popular in Southeast Asia and overseas, Hong Kong, China and other regions and countries.Our company in Seoul, South Korea, has its own company building from the ground floor to the ground 4 floors, office building and raw factory plant and parts warehouse, complete product warehouse, after-sales maintenance department are all together.Dealers are welcome to visit the company at any time.","Young-in Biotech is a company established in 2007 specializing in the development and manufacture of medical devices, physical therapy instruments and external shock wave therapy instruments, beauty instruments.Our products are very popular in Southeast Asia and overseas, Hong Kong, China and other regions and countries.Our company in Seoul, South Korea, has its own company building from the ground floor to the ground 4 floors, office building and raw factory plant and parts warehouse, complete product warehouse, after-sales maintenance department are all together.Dealers are welcome to visit the company at any time.",,Exhibitor,Hong Kong International Medical and Healthcare Fair 2025,3G-B23,Rehabilitation and Elderly Care,,1,,,"Physical Therapy Equipment,Rehabilitation Equipment; Young-in Biotech's beauty products, shape design, structural design and technology are all made to the technical standards of medical devices, and the frequency, output strength, and stimulation mode have accurate standard specifications.; ODM, OEM","Physical Therapy Equipment,Rehabilitation Equipment; Young-in Biotech's beauty products, shape design, structural design and technology are all made to the technical standards of medical devices, and the frequency, output strength, and stimulation mode have accurate standard specifications.; ODM, OEM",https://www.hktdc.com/event/hkmedicalfair/en/exhibitor/1S005IYN5,0,
"Ankiya Bio Tec Co., Ltd.","Ankiya Bio Tec Co., Ltd.",Chinese Mainland,"ANKIYA establishes in Sanchang industry park, Haimen District, Nantong city, Jiangsu Province, in Jan 2022, with superior geographical location, convenient transportation to Shanghai Port. Main business is cosmetics wholesale, retail, Medical equipment, protective equipment. Relying on the research and development and design strength of HIGHFINE GROUP, the company is committed to the research and development of biotechnology.","ANKIYA establishes in Sanchang industry park, Haimen District, Nantong city, Jiangsu Province, in Jan 2022, with superior geographical location, convenient transportation to Shanghai Port. Main business is cosmetics wholesale, retail, Medical equipment, protective equipment. Relying on the research and development and design strength of HIGHFINE GROUP, the company is committed to the research and development of biotechnology.",,Exhibitor,Hong Kong International Medical and Healthcare Fair 2025,3F-D19,Medical Supplies and Disposables,,1,,,"Antiseptic Products & Alcohol,Medical Consumable,Personal Hygiene Supplies; ANKIYA has become one of the largest BFS products OEM with more than 20 BFS machines, focuses on PREFILLED HUMIDIFIER and NASAL SALINE SOLUTION, planning to be the world's largest oxygen production base to contribute to human  respiratory health.; OEM","Antiseptic Products & Alcohol,Medical Consumable,Personal Hygiene Supplies; ANKIYA has become one of the largest BFS products OEM with more than 20 BFS machines, focuses on PREFILLED HUMIDIFIER and NASAL SALINE SOLUTION, planning to be the world's largest oxygen production base to contribute to human  respiratory health.; OEM",https://www.hktdc.com/event/hkmedicalfair/en/exhibitor/1S005MM35,0,
"Baishan Huangfeng Village Liquor Industry Co., Ltd","Baishan Huangfeng Village Liquor Industry Co., Ltd",Chinese Mainland,"Health Food,Health Supplement","Health Food,Health Supplement",,Exhibitor,Hong Kong International Medical and Healthcare Fair 2025,3G-C08,World of Health and Wellness,Chinese Mainland (Jilin),1,,,"Health Food,Health Supplement; 人参酒、鹿鞭酒、松茸酒、鹿血酒等东北特产 我们是生产企业 要招合作经销商 代理商以及采购单位; OBM","Health Food,Health Supplement; 人参酒、鹿鞭酒、松茸酒、鹿血酒等东北特产 我们是生产企业 要招合作经销商 代理商以及采购单位; OBM",https://www.hktdc.com/event/hkmedicalfair/en/exhibitor/1S005NA82,8,https://www.hktdc.com/event/hkmedicalfair/en/product/1Z03MJUAC; https://www.hktdc.com/event/hkmedicalfair/en/product/1Z03MJUAC; https://www.hktdc.com/event/hkmedicalfair/en/product/1Z03KF9OR; https://www.hktdc.com/event/hkmedicalfair/en/product/1Z03KF9OR; https://www.hktdc.com/event/hkmedicalfair/en/product/1Z03MJU5R; https://www.hktdc.com/event/hkmedicalfair/en/product/1Z03MJU5R; https://www.hktdc.com/event/hkmedicalfair/en/product/1Z03MJQ6S; https://www.hktdc.com/event/hkmedicalfair/en/product/1Z03MJQ6S
"Chongqing Haoyuan Biopharmaceutical Co., Ltd","Chongqing Haoyuan Biopharmaceutical Co., Ltd",Chinese Mainland,"Manufacturing Solution,Biotechnology Engineering,Biotechnology","Manufacturing Solution,Biotechnology Engineering,Biotechnology",,Exhibitor,Hong Kong International Medical and Healthcare Fair 2025,3F-E30,Biotech and Lab Diagnostics,,1,,,"Manufacturing Solution,Biotechnology Engineering,Biotechnology; One Stop end-to-end CDMO service solutions for Antibodies and ADCs.
Providing antibodies, payload linkers, conjugates and drug products to biotech & pharma from R&D to commercialization.; OEM","Manufacturing Solution,Biotechnology Engineering,Biotechnology; One Stop end-to-end CDMO service solutions for Antibodies and ADCs.
Providing antibodies, payload linkers, conjugates and drug products to biotech & pharma from R&D to commercialization.; OEM",https://www.hktdc.com/event/hkmedicalfair/en/exhibitor/1S005NC66,0,
"Dunhua Runlv Agriculture Technology Co., Ltd","Dunhua Runlv Agriculture Technology Co., Ltd",Chinese Mainland,Immune System Booster,Immune System Booster,,Exhibitor,Hong Kong International Medical and Healthcare Fair 2025,3G-D03,World of Health and Wellness,Chinese Mainland (Jilin),1,,,"Immune System Booster; zhanpin:hongshenjingao.jingzhifuhegao.heishenyuanye.renshenmipian.hongshenzao; ODM, OEM","Immune System Booster; zhanpin:hongshenjingao.jingzhifuhegao.heishenyuanye.renshenmipian.hongshenzao; ODM, OEM",https://www.hktdc.com/event/hkmedicalfair/en/exhibitor/1S005NB74,0,
"E-ROD (Shenzhen) Health Biotechnology Co., Ltd","E-ROD (Shenzhen) Health Biotechnology Co., Ltd",Chinese Mainland,"Sanpu International Group was established in 1994 and entered the Chinese Mainland in 2000. At the early stage, it was specialized in electronic component trade and provided technical support and supporting services. Based on the production, manufacturing, and R&D outsourcing of high-end products such as 3C, Netcom, and Bluetooth systems. We have over 20 factories worldwide. Our business philosophy is to provide customers with high-quality products, reasonable prices, professional technology, and excellent after-sales service! The group is also committed to a centralized procurement system for passive components, providing customers with the most complete procurement and cost reduction solutions, achieving a win-win situation with customers Our goal is to become one of the largest passive electronic component suppliers in the Asia Pacific region! As a pioneer in the industry, we are committed to giving our all and working closely with our supplier partners to provide customers with the highest quality products and services! In order to provide fast services, the group company has established multiple bases in various places to facilitate the service of consumers: In response to the rapid growth of import and export business, Hong Kong Zhuozhu Electronic Technology Co","Sanpu International Group was established in 1994 and entered the Chinese Mainland in 2000. At the early stage, it was specialized in electronic component trade and provided technical support and supporting services. Based on the production, manufacturing, and R&D outsourcing of high-end products such as 3C, Netcom, and Bluetooth systems. We have over 20 factories worldwide. Our business philosophy is to provide customers with high-quality products, reasonable prices, professional technology, and excellent after-sales service! The group is also committed to a centralized procurement system for passive components, providing customers with the most complete procurement and cost reduction solutions, achieving a win-win situation with customers Our goal is to become one of the largest passive electronic component suppliers in the Asia Pacific region! As a pioneer in the industry, we are committed to giving our all and working closely with our supplier partners to provide customers with the highest quality products and services! In order to provide fast services, the group company has established multiple bases in various places to facilitate the service of consumers: In response to the rapid growth of import and export business, Hong Kong Zhuozhu Electronic Technology Co",,Exhibitor,Hong Kong International Medical and Healthcare Fair 2025,3G-C29,World of Health and Wellness,,1,,,"Skin Care,E-Health,Health Management and Consultancy,Medical and Healthcare Service; 一代一棒負離子儀是國內首支“手持可擕式多功能美膚儀”，採用高新技術提取空氣中的低濃度臭氧及高濃度負離子，通過一代一棒負離子儀傳導給肌膚，使健康的肌膚活性增加百分之八十。臭氧給受傷的肌膚表面殺菌消毒，同時增強受傷肌膚現有活性，加速血液迴圈，促進細胞活化恢復正常，能幫助人們解決大多數皮膚問題。; ODM","Skin Care,E-Health,Health Management and Consultancy,Medical and Healthcare Service; 一代一棒負離子儀是國內首支“手持可擕式多功能美膚儀”，採用高新技術提取空氣中的低濃度臭氧及高濃度負離子，通過一代一棒負離子儀傳導給肌膚，使健康的肌膚活性增加百分之八十。臭氧給受傷的肌膚表面殺菌消毒，同時增強受傷肌膚現有活性，加速血液迴圈，促進細胞活化恢復正常，能幫助人們解決大多數皮膚問題。; ODM",https://www.hktdc.com/event/hkmedicalfair/en/exhibitor/1S005MWO4,2,https://www.hktdc.com/event/hkmedicalfair/en/product/1Z03O2USU; https://www.hktdc.com/event/hkmedicalfair/en/product/1Z03O2USU
EuNatur Pharma GmbH,EuNatur Pharma GmbH,Germany,"EuNatur Pharma GmbH, with over 24 years of market experience and strong resource integration capabilities, offers a wide range of leading products and solutions in OTC drugs, prescription drugs, oncology medications, chemotherapy drugs, herbal medicines, and stem cell technologies. As the exclusive general agent and primary distributor in Asia for renowned pharmaceutical brands such as Germany's YSAT and SANDOZ, we are committed to providing high-quality pharmaceutical products and cutting-edge technologies, contributing to the advancement of global healthcare. Bringing premium pharmaceutical resources within reach, empowering a healthier future.","EuNatur Pharma GmbH, with over 24 years of market experience and strong resource integration capabilities, offers a wide range of leading products and solutions in OTC drugs, prescription drugs, oncology medications, chemotherapy drugs, herbal medicines, and stem cell technologies. As the exclusive general agent and primary distributor in Asia for renowned pharmaceutical brands such as Germany's YSAT and SANDOZ, we are committed to providing high-quality pharmaceutical products and cutting-edge technologies, contributing to the advancement of global healthcare. Bringing premium pharmaceutical resources within reach, empowering a healthier future.",,Exhibitor,Hong Kong International Medical and Healthcare Fair 2025,3F-E07,Biotech and Lab Diagnostics,,1,,,"Biotechnology; Cancer Drugs, Gout, Urinary Tract Infections, Pharyngitis, Immunosuppressants, Blood Sugar/Blood Pressure/Lipid Reduction, Parkinson's Disease, Arthritis, Leukaemia, Depression, Epilepsy, Cardiovascular Diseases, Gastrointestinal Diseases, Neurologic; Others","Biotechnology; Cancer Drugs, Gout, Urinary Tract Infections, Pharyngitis, Immunosuppressants, Blood Sugar/Blood Pressure/Lipid Reduction, Parkinson's Disease, Arthritis, Leukaemia, Depression, Epilepsy, Cardiovascular Diseases, Gastrointestinal Diseases, Neurologic; Others",https://www.hktdc.com/event/hkmedicalfair/en/exhibitor/1S005JB67,0,
Freshening Industries Pte Ltd,Freshening Industries Pte Ltd,Singapore,"Freshening proudly serves a portfolio of over 5,000 clients across healthcare, food & beverage, and hospitality industries, developing thousands of private label and contract manufacturing products. Today, we are Asia's leading manufacturer of wet wipes, disinfectants, and other hygiene solutions. Trusted by more than 80% of hospitals and healthcare facilities in Singapore, Freshening has been recognized with the Healthcare Supplier Award for two consecutive years. With three manufacturing plants and five global offices located in Singapore, Indonesia, China, Malaysia, and Hong Kong, our products are available in over 37 countries worldwide.","Freshening proudly serves a portfolio of over 5,000 clients across healthcare, food & beverage, and hospitality industries, developing thousands of private label and contract manufacturing products. Today, we are Asia's leading manufacturer of wet wipes, disinfectants, and other hygiene solutions. Trusted by more than 80% of hospitals and healthcare facilities in Singapore, Freshening has been recognized with the Healthcare Supplier Award for two consecutive years. With three manufacturing plants and five global offices located in Singapore, Indonesia, China, Malaysia, and Hong Kong, our products are available in over 37 countries worldwide.",,Exhibitor,Hong Kong International Medical and Healthcare Fair 2025,3F-B12,Medical Supplies and Disposables,,1,,,"Elderly Care Product,Adult Diaper,Antiseptic Products & Alcohol,Medical Mask,Medical Gloves,Medical Protective Clothing,Personal Hygiene Supplies; Our portfolio includes high-quality medical-grade disinfectant wipes & sprays - alcohol, water-based, sporicidal wipes and biodegradable. Other products include adult body wipes, adult diapers, antiseptic wipes and sprays, and many more!; ODM, OBM, OEM","Elderly Care Product,Adult Diaper,Antiseptic Products & Alcohol,Medical Mask,Medical Gloves,Medical Protective Clothing,Personal Hygiene Supplies; Our portfolio includes high-quality medical-grade disinfectant wipes & sprays - alcohol, water-based, sporicidal wipes and biodegradable. Other products include adult body wipes, adult diapers, antiseptic wipes and sprays, and many more!; ODM, OBM, OEM",https://www.hktdc.com/event/hkmedicalfair/en/exhibitor/1S005JQE4,12,https://www.hktdc.com/event/hkmedicalfair/en/product/1Z03NQVFW; https://www.hktdc.com/event/hkmedicalfair/en/product/1Z03NQVFW; https://www.hktdc.com/event/hkmedicalfair/en/product/1Z03NQU20; https://www.hktdc.com/event/hkmedicalfair/en/product/1Z03NQU20; https://www.hktdc.com/event/hkmedicalfair/en/product/1Z03NQUHR; https://www.hktdc.com/event/hkmedicalfair/en/product/1Z03NQUHR; https://www.hktdc.com/event/hkmedicalfair/en/product/1Z03NQT9G; https://www.hktdc.com/event/hkmedicalfair/en/product/1Z03NQT9G; https://www.hktdc.com/event/hkmedicalfair/en/product/1Z03NQV12; https://www.hktdc.com/event/hkmedicalfair/en/product/1Z03NQV12; https://www.hktdc.com/event/hkmedicalfair/en/product/1Z03NQWZ7; https://www.hktdc.com/event/hkmedicalfair/en/product/1Z03NQWZ7
"Hangzhou Mone Technology Co., Ltd","Hangzhou Mone Technology Co., Ltd",Chinese Mainland,"Physical Therapy Equipment,Rehabilitation Equipment,Physiotherapy Treatment","Physical Therapy Equipment,Rehabilitation Equipment,Physiotherapy Treatment",,Exhibitor,Hong Kong International Medical and Healthcare Fair 2025,3G-B33,Rehabilitation and Elderly Care,,1,,,"Physical Therapy Equipment,Rehabilitation Equipment,Physiotherapy Treatment; Mone Technology is a highly innovative design and development company.It has had more than 10 years of experience in the research and development of home health and physical therapy products. We provide ODM and OEM services.; ODM, OEM","Physical Therapy Equipment,Rehabilitation Equipment,Physiotherapy Treatment; Mone Technology is a highly innovative design and development company.It has had more than 10 years of experience in the research and development of home health and physical therapy products. We provide ODM and OEM services.; ODM, OEM",https://www.hktdc.com/event/hkmedicalfair/en/exhibitor/1S005JJDE,0,
"Hubei Aiai Tie Health Technology Co., Ltd","Hubei Aiai Tie Health Technology Co., Ltd",Chinese Mainland,"Chinese Medical Equipment,Healthcare Product,Chinese Medicated Oil,Chinese Medicated Ointment,Health Supplement,Immune System Booster,Health Management and Consultancy,Healthcare & Medical Science Course,Body Trimming and Shaping","Chinese Medical Equipment,Healthcare Product,Chinese Medicated Oil,Chinese Medicated Ointment,Health Supplement,Immune System Booster,Health Management and Consultancy,Healthcare & Medical Science Course,Body Trimming and Shaping",,Exhibitor,Hong Kong International Medical and Healthcare Fair 2025,3F-B05,World of Health and Wellness,Chinese Mainland (Huanggang),1,,,"Chinese Medical Equipment,Healthcare Product,Chinese Medicated Oil,Chinese Medicated Ointment,Health Supplement,Immune System Booster,Health Management and Consultancy,Healthcare & Medical Science Course,Body Trimming and Shaping; With mugwort as the core, the products include traditional moxa wool, moxa sticks, extracted mugwort essential oil and hydrosol, as well as derived skin care products, cosmetics and other different products.; OEM, OBM, ODM","Chinese Medical Equipment,Healthcare Product,Chinese Medicated Oil,Chinese Medicated Ointment,Health Supplement,Immune System Booster,Health Management and Consultancy,Healthcare & Medical Science Course,Body Trimming and Shaping; With mugwort as the core, the products include traditional moxa wool, moxa sticks, extracted mugwort essential oil and hydrosol, as well as derived skin care products, cosmetics and other different products.; OEM, OBM, ODM",https://www.hktdc.com/event/hkmedicalfair/en/exhibitor/1S005NB9Y,6,https://www.hktdc.com/event/hkmedicalfair/en/product/1Z03O3EH7; https://www.hktdc.com/event/hkmedicalfair/en/product/1Z03O3EH7; https://www.hktdc.com/event/hkmedicalfair/en/product/1Z03O3D2H; https://www.hktdc.com/event/hkmedicalfair/en/product/1Z03O3D2H; https://www.hktdc.com/event/hkmedicalfair/en/product/1Z03O3D3E; https://www.hktdc.com/event/hkmedicalfair/en/product/1Z03O3D3E
"Jilin Hengyue Food Co., Ltd.","Jilin Hengyue Food Co., Ltd.",Chinese Mainland,"Jilin Hengyue Food Co., Ltd. was established on April 14, 2021 with a registered capital of RMB 2 million. The legal representative of the company is Qu Yafeng (who also serves as the Chairman of the Board).","Jilin Hengyue Food Co., Ltd. was established on April 14, 2021 with a registered capital of RMB 2 million. The legal representative of the company is Qu Yafeng (who also serves as the Chairman of the Board).",,Exhibitor,Hong Kong International Medical and Healthcare Fair 2025,3G-D07,World of Health and Wellness,Chinese Mainland (Jilin),1,,,"Health Food; Main business operations:
- Food production
- Beverage production
- Alcoholic beverage production
- Food sales
- Health products production and sales
- Domestic trade agency
- Import and export agency
- Online food sales (e-commerce); OEM","Health Food; Main business operations:
- Food production
- Beverage production
- Alcoholic beverage production
- Food sales
- Health products production and sales
- Domestic trade agency
- Import and export agency
- Online food sales (e-commerce); OEM",https://www.hktdc.com/event/hkmedicalfair/en/exhibitor/1S005NB67,0,
"Jilin Province Bainong Import and Export Co., Ltd","Jilin Province Bainong Import and Export Co., Ltd",Chinese Mainland,Health Food,Health Food,,Exhibitor,Hong Kong International Medical and Healthcare Fair 2025,3G-C02,World of Health and Wellness,Chinese Mainland (Jilin),1,,,"Health Food; 吉林省柏農進出口有限公司位於風景旖旎的長白山腳下。是專業的長白山藍莓深加工企業，公司產品包括藍莓幹（幹品散裝及壓縮,罐裝）、藍莓汁及薇乾菜，產品已遍佈國內外市場，國外已遠銷到馬來西亞、沙烏地阿拉伯等；國內的市場有上海、山東、南京和江蘇等 。今年年初我公司已在松花江畔長白山生態保護圈內建立了自己的藍莓種植基地。並於（基地備案號為：220282syj00001），成為吉林省具有基地備案的藍莓深加工企業。; OEM","Health Food; 吉林省柏農進出口有限公司位於風景旖旎的長白山腳下。是專業的長白山藍莓深加工企業，公司產品包括藍莓幹（幹品散裝及壓縮,罐裝）、藍莓汁及薇乾菜，產品已遍佈國內外市場，國外已遠銷到馬來西亞、沙烏地阿拉伯等；國內的市場有上海、山東、南京和江蘇等 。今年年初我公司已在松花江畔長白山生態保護圈內建立了自己的藍莓種植基地。並於（基地備案號為：220282syj00001），成為吉林省具有基地備案的藍莓深加工企業。; OEM",https://www.hktdc.com/event/hkmedicalfair/en/exhibitor/1S005NA9Z,6,https://www.hktdc.com/event/hkmedicalfair/en/product/1Z03MIX7I; https://www.hktdc.com/event/hkmedicalfair/en/product/1Z03MIX7I; https://www.hktdc.com/event/hkmedicalfair/en/product/1Z03MIX4R; https://www.hktdc.com/event/hkmedicalfair/en/product/1Z03MIX4R; https://www.hktdc.com/event/hkmedicalfair/en/product/1Z03MIX2X; https://www.hktdc.com/event/hkmedicalfair/en/product/1Z03MIX2X
"Jilin Province Everbright Pharmaceutical Co., Ltd.","Jilin Province Everbright Pharmaceutical Co., Ltd.",Chinese Mainland,"Healthcare Product,Chinese Medicated Oil,Chinese Medicated Ointment,Health Food,Health Supplement","Healthcare Product,Chinese Medicated Oil,Chinese Medicated Ointment,Health Food,Health Supplement",,Exhibitor,Hong Kong International Medical and Healthcare Fair 2025,3G-D05,World of Health and Wellness,Chinese Mainland (Jilin),1,,,"Healthcare Product,Chinese Medicated Oil,Chinese Medicated Ointment,Health Food,Health Supplement; A variety of natural herbs and Chinese herbal extracts of health products and health foods; OBM, OEM, ODM","Healthcare Product,Chinese Medicated Oil,Chinese Medicated Ointment,Health Food,Health Supplement; A variety of natural herbs and Chinese herbal extracts of health products and health foods; OBM, OEM, ODM",https://www.hktdc.com/event/hkmedicalfair/en/exhibitor/1S005NABT,40,https://www.hktdc.com/event/hkmedicalfair/en/product/1Z03O3JIZ; https://www.hktdc.com/event/hkmedicalfair/en/product/1Z03O3JIZ; https://www.hktdc.com/event/hkmedicalfair/en/product/1Z03O3JJW; https://www.hktdc.com/event/hkmedicalfair/en/product/1Z03O3JJW; https://www.hktdc.com/event/hkmedicalfair/en/product/1Z03O3K51; https://www.hktdc.com/event/hkmedicalfair/en/product/1Z03O3K51; https://www.hktdc.com/event/hkmedicalfair/en/product/1Z03O3JCH; https://www.hktdc.com/event/hkmedicalfair/en/product/1Z03O3JCH; https://www.hktdc.com/event/hkmedicalfair/en/product/1Z03O3IOI; https://www.hktdc.com/event/hkmedicalfair/en/product/1Z03O3IOI; https://www.hktdc.com/event/hkmedicalfair/en/product/1Z03O3JLQ; https://www.hktdc.com/event/hkmedicalfair/en/product/1Z03O3JLQ; https://www.hktdc.com/event/hkmedicalfair/en/product/1Z03O3J52; https://www.hktdc.com/event/hkmedicalfair/en/product/1Z03O3J52; https://www.hktdc.com/event/hkmedicalfair/en/product/1Z03O3JR8; https://www.hktdc.com/event/hkmedicalfair/en/product/1Z03O3JR8; https://www.hktdc.com/event/hkmedicalfair/en/product/1Z03O3J38; https://www.hktdc.com/event/hkmedicalfair/en/product/1Z03O3J38; https://www.hktdc.com/event/hkmedicalfair/en/product/1Z03O3K9P; https://www.hktdc.com/event/hkmedicalfair/en/product/1Z03O3K9P; https://www.hktdc.com/event/hkmedicalfair/en/product/1Z03O3K0G; https://www.hktdc.com/event/hkmedicalfair/en/product/1Z03O3K0G; https://www.hktdc.com/event/hkmedicalfair/en/product/1Z03O3J0H; https://www.hktdc.com/event/hkmedicalfair/en/product/1Z03O3J0H; https://www.hktdc.com/event/hkmedicalfair/en/product/1Z03O3JKT; https://www.hktdc.com/event/hkmedicalfair/en/product/1Z03O3JKT; https://www.hktdc.com/event/hkmedicalfair/en/product/1Z03O3KAM; https://www.hktdc.com/event/hkmedicalfair/en/product/1Z03O3KAM; https://www.hktdc.com/event/hkmedicalfair/en/product/1Z03O3K37; https://www.hktdc.com/event/hkmedicalfair/en/product/1Z03O3K37; https://www.hktdc.com/event/hkmedicalfair/en/product/1Z03O3JUZ; https://www.hktdc.com/event/hkmedicalfair/en/product/1Z03O3JUZ; https://www.hktdc.com/event/hkmedicalfair/en/product/1Z03O3JMN; https://www.hktdc.com/event/hkmedicalfair/en/product/1Z03O3JMN; https://www.hktdc.com/event/hkmedicalfair/en/product/1Z03O3JXQ; https://www.hktdc.com/event/hkmedicalfair/en/product/1Z03O3JXQ; https://www.hktdc.com/event/hkmedicalfair/en/product/1Z03O3JS5; https://www.hktdc.com/event/hkmedicalfair/en/product/1Z03O3JS5; https://www.hktdc.com/event/hkmedicalfair/en/product/1Z03O3K44; https://www.hktdc.com/event/hkmedicalfair/en/product/1Z03O3K44
"Jingyu County Yikangyuan Medicinal Materials Technology Co., Ltd.","Jingyu County Yikangyuan Medicinal Materials Technology Co., Ltd.",Chinese Mainland,,,,Exhibitor,Hong Kong International Medical and Healthcare Fair 2025,3G-C04,Medical Supplies and Disposables,Chinese Mainland (Jilin),1,,,"Ginseng, Deer Antler, American Ginseng ,Eleutherococcus Senticosus, Radix Astragali, Radix Changll, Radix Angelicae Sinensis, Dry Ginger, Herba Epimedii, Honey And Bee Product; Others","Ginseng, Deer Antler, American Ginseng ,Eleutherococcus Senticosus, Radix Astragali, Radix Changll, Radix Angelicae Sinensis, Dry Ginger, Herba Epimedii, Honey And Bee Product; Others",https://www.hktdc.com/event/hkmedicalfair/en/exhibitor/1S005NB81,0,
"Ningbo Runmai Medical Technology Co., Ltd","Ningbo Runmai Medical Technology Co., Ltd",Chinese Mainland,Medical Consumable,Medical Consumable,,Exhibitor,Hong Kong International Medical and Healthcare Fair 2025,3F-C05,Medical Supplies and Disposables,,1,,,"Medical Consumable; Oxygen mask series: oxygen masks, oxygen bag masks, and Venturi masks   Nebulizer Series: Nebulizer Mask, Nebulizer Mouthpiece, Cut-Out Mask; OBM, OEM, ODM","Medical Consumable; Oxygen mask series: oxygen masks, oxygen bag masks, and Venturi masks   Nebulizer Series: Nebulizer Mask, Nebulizer Mouthpiece, Cut-Out Mask; OBM, OEM, ODM",https://www.hktdc.com/event/hkmedicalfair/en/exhibitor/1S005JMVT,0,
"Olivashow Co., Limited","Olivashow Co., Limited",Chinese Mainland,"Physical Therapy Equipment,Walking Stick and Walker,Rehabilitation Equipment","Physical Therapy Equipment,Walking Stick and Walker,Rehabilitation Equipment",,Exhibitor,Hong Kong International Medical and Healthcare Fair 2025,3G-B10,Rehabilitation and Elderly Care,,1,,,"Physical Therapy Equipment,Walking Stick and Walker,Rehabilitation Equipment; Health Care Product; OEM, OBM, Others, ODM","Physical Therapy Equipment,Walking Stick and Walker,Rehabilitation Equipment; Health Care Product; OEM, OBM, Others, ODM",https://www.hktdc.com/event/hkmedicalfair/en/exhibitor/1S005LUQ0,0,
Promopharm S.A.,Promopharm S.A.,Luxembourg,"Weight Loss Product,Healthcare Product,Health Food,Health Supplement,Immune System Booster,Anti-Aging Supplement","Weight Loss Product,Healthcare Product,Health Food,Health Supplement,Immune System Booster,Anti-Aging Supplement",,Exhibitor,Hong Kong International Medical and Healthcare Fair 2025,3G-E28,World of Health and Wellness,,1,,,"Weight Loss Product,Healthcare Product,Health Food,Health Supplement,Immune System Booster,Anti-Aging Supplement; Hevert supplements
Made in Germany
All Natural; Others","Weight Loss Product,Healthcare Product,Health Food,Health Supplement,Immune System Booster,Anti-Aging Supplement; Hevert supplements
Made in Germany
All Natural; Others",https://www.hktdc.com/event/hkmedicalfair/en/exhibitor/1S005MXB6,0,
"Shenzhen Luckcome Technology Inc., Ltd.","Shenzhen Luckcome Technology Inc., Ltd.",Chinese Mainland,Patient Monitoring System,Patient Monitoring System,,Exhibitor,Hong Kong International Medical and Healthcare Fair 2025,3F-G24,Hospital Equipment and Digital Health,,1,,,"Patient Monitoring System; Fetal monitor, Fetal doppler, Bilirubin meter; OBM, ODM, OEM","Patient Monitoring System; Fetal monitor, Fetal doppler, Bilirubin meter; OBM, ODM, OEM",https://www.hktdc.com/event/hkmedicalfair/en/exhibitor/1S005IVVK,0,
Shenzhen Skyforever Technology Limited,Shenzhen Skyforever Technology Limited,Chinese Mainland,"Shenzhen Skyforever Technology Co., Ltd. is a professional manufacturer which is located in Longhua District, Shenzhen city. with convenient transportation and customer service. We mainly studies, develops and produces four series of products: physiotherapy electrodes (button and wire), silica gel electrodes, conductive viscose electrodes and physiotherapy wires. No side effects and irritations are produced when using our products as we have done cytotoxicity, sensitization, skin irritation experiments and successfully obtained the biocompatibility test report. Our products sold throughout the home market and exported to Europe and the United States and other countries and regions, are well received by customers. The physical therapy electrodes produced by our company have passed the biocompatibility test report, obtained CE and ISO13485 certificates, obtained the qualifications for the production of a class of medical devices, possessed a complete scientific quality management system, always strictly controlled the quality, and won the recognition and welcome of the vast number of consumers with the right price, honesty and trustworthiness. we also can provide sample (OEM/ODM) custom-made!","Shenzhen Skyforever Technology Co., Ltd. is a professional manufacturer which is located in Longhua District, Shenzhen city. with convenient transportation and customer service. We mainly studies, develops and produces four series of products: physiotherapy electrodes (button and wire), silica gel electrodes, conductive viscose electrodes and physiotherapy wires. No side effects and irritations are produced when using our products as we have done cytotoxicity, sensitization, skin irritation experiments and successfully obtained the biocompatibility test report. Our products sold throughout the home market and exported to Europe and the United States and other countries and regions, are well received by customers. The physical therapy electrodes produced by our company have passed the biocompatibility test report, obtained CE and ISO13485 certificates, obtained the qualifications for the production of a class of medical devices, possessed a complete scientific quality management system, always strictly controlled the quality, and won the recognition and welcome of the vast number of consumers with the right price, honesty and trustworthiness. we also can provide sample (OEM/ODM) custom-made!",,Exhibitor,Hong Kong International Medical and Healthcare Fair 2025,3F-C06,Medical Supplies and Disposables,,1,,,"Medical Consumable; Tens pads, Tens cables, Gel pads, Sillicone pads, Ecg electrode, Esu grounding pads, Massager and so on.; ODM, OBM, OEM, Others","Medical Consumable; Tens pads, Tens cables, Gel pads, Sillicone pads, Ecg electrode, Esu grounding pads, Massager and so on.; ODM, OBM, OEM, Others",https://www.hktdc.com/event/hkmedicalfair/en/exhibitor/1S005JJEB,40,https://www.hktdc.com/event/hkmedicalfair/en/product/1Z03O3P0B; https://www.hktdc.com/event/hkmedicalfair/en/product/1Z03O3P0B; https://www.hktdc.com/event/hkmedicalfair/en/product/1Z03O3OVR; https://www.hktdc.com/event/hkmedicalfair/en/product/1Z03O3OVR; https://www.hktdc.com/event/hkmedicalfair/en/product/1Z03O3OJR; https://www.hktdc.com/event/hkmedicalfair/en/product/1Z03O3OJR; https://www.hktdc.com/event/hkmedicalfair/en/product/1Z03O3OCC; https://www.hktdc.com/event/hkmedicalfair/en/product/1Z03O3OCC; https://www.hktdc.com/event/hkmedicalfair/en/product/1Z03O3P25; https://www.hktdc.com/event/hkmedicalfair/en/product/1Z03O3P25; https://www.hktdc.com/event/hkmedicalfair/en/product/1Z03O3MNH; https://www.hktdc.com/event/hkmedicalfair/en/product/1Z03O3MNH; https://www.hktdc.com/event/hkmedicalfair/en/product/1Z03O3OZF; https://www.hktdc.com/event/hkmedicalfair/en/product/1Z03O3OZF; https://www.hktdc.com/event/hkmedicalfair/en/product/1Z03O3PJQ; https://www.hktdc.com/event/hkmedicalfair/en/product/1Z03O3PJQ; https://www.hktdc.com/event/hkmedicalfair/en/product/1Z03O3OQ6; https://www.hktdc.com/event/hkmedicalfair/en/product/1Z03O3OQ6; https://www.hktdc.com/event/hkmedicalfair/en/product/1Z03O3ONF; https://www.hktdc.com/event/hkmedicalfair/en/product/1Z03O3ONF; https://www.hktdc.com/event/hkmedicalfair/en/product/1Z03O3OF3; https://www.hktdc.com/event/hkmedicalfair/en/product/1Z03O3OF3; https://www.hktdc.com/event/hkmedicalfair/en/product/1Z03O3OD9; https://www.hktdc.com/event/hkmedicalfair/en/product/1Z03O3OD9; https://www.hktdc.com/event/hkmedicalfair/en/product/1Z03O3O0C; https://www.hktdc.com/event/hkmedicalfair/en/product/1Z03O3O0C; https://www.hktdc.com/event/hkmedicalfair/en/product/1Z03O3NXM; https://www.hktdc.com/event/hkmedicalfair/en/product/1Z03O3NXM; https://www.hktdc.com/event/hkmedicalfair/en/product/1Z03O3OP9; https://www.hktdc.com/event/hkmedicalfair/en/product/1Z03O3OP9; https://www.hktdc.com/event/hkmedicalfair/en/product/1Z03O3NYJ; https://www.hktdc.com/event/hkmedicalfair/en/product/1Z03O3NYJ; https://www.hktdc.com/event/hkmedicalfair/en/product/1Z03O3OMI; https://www.hktdc.com/event/hkmedicalfair/en/product/1Z03O3OMI; https://www.hktdc.com/event/hkmedicalfair/en/product/1Z03O3OYI; https://www.hktdc.com/event/hkmedicalfair/en/product/1Z03O3OYI; https://www.hktdc.com/event/hkmedicalfair/en/product/1Z03O3NTY; https://www.hktdc.com/event/hkmedicalfair/en/product/1Z03O3NTY; https://www.hktdc.com/event/hkmedicalfair/en/product/1Z03O3NR4; https://www.hktdc.com/event/hkmedicalfair/en/product/1Z03O3NR4
"Shenzhen Yishunwankang Biotech Co., Ltd.","Shenzhen Yishunwankang Biotech Co., Ltd.",Chinese Mainland,"Shenzhen Yishunwankang Biotech Co., Ltd. was established in 2021,with its headquarters located in the heart of Chinas technological innovation-Shenzhen.As an active participant in the big health industry and biotechnology field,we are committed to providing comprehensive health management solutions for fast-paced modern urban populations.Our product line covers a wide range of plant-based beverages,dietary supplements,health teas,and wellness products,aiming to promote healthy living through the combination of science and nature.Our team has gathered a group of experienced R&D experts who are committed to integrating modern cutting-edge biotechnology with traditional Chinese medicine and health wisdom to create high-quality nutritional and herbal supplements for consumers.","Shenzhen Yishunwankang Biotech Co., Ltd. was established in 2021,with its headquarters located in the heart of Chinas technological innovation-Shenzhen.As an active participant in the big health industry and biotechnology field,we are committed to providing comprehensive health management solutions for fast-paced modern urban populations.Our product line covers a wide range of plant-based beverages,dietary supplements,health teas,and wellness products,aiming to promote healthy living through the combination of science and nature.Our team has gathered a group of experienced R&D experts who are committed to integrating modern cutting-edge biotechnology with traditional Chinese medicine and health wisdom to create high-quality nutritional and herbal supplements for consumers.",,Exhibitor,Hong Kong International Medical and Healthcare Fair 2025,3G-C16,World of Health and Wellness,,1,,,"Health Food,Health Supplement; BNH), established in 2023, builds on over 10 years of experience in naturopathy formula research and development.
Eye Empower/Speed Sleep/Bowel Breeze/Libido Lift/Muscle Mellow/Breath Boost/Slim Simple; OEM","Health Food,Health Supplement; BNH), established in 2023, builds on over 10 years of experience in naturopathy formula research and development.
Eye Empower/Speed Sleep/Bowel Breeze/Libido Lift/Muscle Mellow/Breath Boost/Slim Simple; OEM",https://www.hktdc.com/event/hkmedicalfair/en/exhibitor/1S005JJF8,10,https://www.hktdc.com/event/hkmedicalfair/en/product/1Z03O3QIS; https://www.hktdc.com/event/hkmedicalfair/en/product/1Z03O3QIS; https://www.hktdc.com/event/hkmedicalfair/en/product/1Z03O3QHV; https://www.hktdc.com/event/hkmedicalfair/en/product/1Z03O3QHV; https://www.hktdc.com/event/hkmedicalfair/en/product/1Z03O3QGY; https://www.hktdc.com/event/hkmedicalfair/en/product/1Z03O3QGY; https://www.hktdc.com/event/hkmedicalfair/en/product/1Z03O3QJP; https://www.hktdc.com/event/hkmedicalfair/en/product/1Z03O3QJP; https://www.hktdc.com/event/hkmedicalfair/en/product/1Z03O3QKM; https://www.hktdc.com/event/hkmedicalfair/en/product/1Z03O3QKM
"Tianjin Didao Biotechnology Co., Ltd.","Tianjin Didao Biotechnology Co., Ltd.",Chinese Mainland,"Therapeutic Devices & Accessories,Rehabilitation Equipment,Physiotherapy Treatment","Therapeutic Devices & Accessories,Rehabilitation Equipment,Physiotherapy Treatment",,Exhibitor,Hong Kong International Medical and Healthcare Fair 2025,3F-C07,Medical Supplies and Disposables,,1,,,"Therapeutic Devices & Accessories,Rehabilitation Equipment,Physiotherapy Treatment; Located in Tianjin City. It is an enterprise mainly engaged in science and technology promotion and application service industry; Others","Therapeutic Devices & Accessories,Rehabilitation Equipment,Physiotherapy Treatment; Located in Tianjin City. It is an enterprise mainly engaged in science and technology promotion and application service industry; Others",https://www.hktdc.com/event/hkmedicalfair/en/exhibitor/1S005JB4D,0,
"Yuyao Guangjing Medical Instrument Co., Ltd","Yuyao Guangjing Medical Instrument Co., Ltd",Chinese Mainland,"Yuyao Guangjing, located in Yuyao, Ningbo, is a growing manufacturerand international supplier, offering high-quality medical products such asdisposable tourniquet, medical esmarch bandage, anaesthetic head strapand so on. We have import and export right and products have been exported worldwide.We have advanced machines and professional talents,to provide the bestproducts and the best service at very competitive prices for our customers.OEM is highly welcomed and we are more than happy to accommodateto customers' requests. Look forward to your cooperation. sale1@yygjmedical.com or sale2@yygjmedical.com , and we'll get backto you within 24hours.","Yuyao Guangjing, located in Yuyao, Ningbo, is a growing manufacturerand international supplier, offering high-quality medical products such asdisposable tourniquet, medical esmarch bandage, anaesthetic head strapand so on. We have import and export right and products have been exported worldwide.We have advanced machines and professional talents,to provide the bestproducts and the best service at very competitive prices for our customers.OEM is highly welcomed and we are more than happy to accommodateto customers' requests. Look forward to your cooperation. sale1@yygjmedical.com or sale2@yygjmedical.com , and we'll get backto you within 24hours.",,Exhibitor,Hong Kong International Medical and Healthcare Fair 2025,3F-C08,Medical Supplies and Disposables,,1,,,"Medical Consumable,Medical Dressing Set; Disposable tourniquet buckle tourniquet military tourniquet catheter; OEM, Others, ODM","Medical Consumable,Medical Dressing Set; Disposable tourniquet buckle tourniquet military tourniquet catheter; OEM, Others, ODM",https://www.hktdc.com/event/hkmedicalfair/en/exhibitor/1S005JMYK,30,https://www.hktdc.com/event/hkmedicalfair/en/product/1Z03O34RN; https://www.hktdc.com/event/hkmedicalfair/en/product/1Z03O34RN; https://www.hktdc.com/event/hkmedicalfair/en/product/1Z03O34K8; https://www.hktdc.com/event/hkmedicalfair/en/product/1Z03O34K8; https://www.hktdc.com/event/hkmedicalfair/en/product/1Z03O34CW; https://www.hktdc.com/event/hkmedicalfair/en/product/1Z03O34CW; https://www.hktdc.com/event/hkmedicalfair/en/product/1Z03O347B; https://www.hktdc.com/event/hkmedicalfair/en/product/1Z03O347B; https://www.hktdc.com/event/hkmedicalfair/en/product/1Z03O3488; https://www.hktdc.com/event/hkmedicalfair/en/product/1Z03O3488; https://www.hktdc.com/event/hkmedicalfair/en/product/1Z03O33Z0; https://www.hktdc.com/event/hkmedicalfair/en/product/1Z03O33Z0; https://www.hktdc.com/event/hkmedicalfair/en/product/1Z03O34UE; https://www.hktdc.com/event/hkmedicalfair/en/product/1Z03O34UE; https://www.hktdc.com/event/hkmedicalfair/en/product/1Z03O33Y3; https://www.hktdc.com/event/hkmedicalfair/en/product/1Z03O33Y3; https://www.hktdc.com/event/hkmedicalfair/en/product/1Z03O34JB; https://www.hktdc.com/event/hkmedicalfair/en/product/1Z03O34JB; https://www.hktdc.com/event/hkmedicalfair/en/product/1Z03O34NZ; https://www.hktdc.com/event/hkmedicalfair/en/product/1Z03O34NZ; https://www.hktdc.com/event/hkmedicalfair/en/product/1Z03O343N; https://www.hktdc.com/event/hkmedicalfair/en/product/1Z03O343N; https://www.hktdc.com/event/hkmedicalfair/en/product/1Z03O33X6; https://www.hktdc.com/event/hkmedicalfair/en/product/1Z03O33X6; https://www.hktdc.com/event/hkmedicalfair/en/product/1Z03O34W8; https://www.hktdc.com/event/hkmedicalfair/en/product/1Z03O34W8; https://www.hktdc.com/event/hkmedicalfair/en/product/1Z03O34VB; https://www.hktdc.com/event/hkmedicalfair/en/product/1Z03O34VB; https://www.hktdc.com/event/hkmedicalfair/en/product/1Z03O33W9; https://www.hktdc.com/event/hkmedicalfair/en/product/1Z03O33W9
"Zhejiang Relaxsmith Elderly Care Technology Co., Ltd","Zhejiang Relaxsmith Elderly Care Technology Co., Ltd",Chinese Mainland,Walking Stick and Walker,Walking Stick and Walker,,Exhibitor,Hong Kong International Medical and Healthcare Fair 2025,3G-B27,Rehabilitation and Elderly Care,,1,,,"Walking Stick and Walker; Walkers/Rollators/we provide OEM and ODM service for all clients.; OEM, ODM","Walking Stick and Walker; Walkers/Rollators/we provide OEM and ODM service for all clients.; OEM, ODM",https://www.hktdc.com/event/hkmedicalfair/en/exhibitor/1S005MWP1,10,https://www.hktdc.com/event/hkmedicalfair/en/product/1Z03O3MUW; https://www.hktdc.com/event/hkmedicalfair/en/product/1Z03O3MUW; https://www.hktdc.com/event/hkmedicalfair/en/product/1Z03O3DAT; https://www.hktdc.com/event/hkmedicalfair/en/product/1Z03O3DAT; https://www.hktdc.com/event/hkmedicalfair/en/product/1Z03O3CK0; https://www.hktdc.com/event/hkmedicalfair/en/product/1Z03O3CK0; https://www.hktdc.com/event/hkmedicalfair/en/product/1Z03O3CYU; https://www.hktdc.com/event/hkmedicalfair/en/product/1Z03O3CYU; https://www.hktdc.com/event/hkmedicalfair/en/product/1Z03O3CDL; https://www.hktdc.com/event/hkmedicalfair/en/product/1Z03O3CDL
Pantheon Lab Limited,Pantheon Lab Limited,Hong Kong,,,,Exhibitor,Hong Kong International Medical and Healthcare Fair 2025,3F-G04,Hospital Equipment and Digital Health,Hong Kong Science and Technology Parks Pavilion,1,,,"Digital Human combines cutting-edge generative AI with hyper-realistic avatars to create immersive, interactive experiences which excel as a tool for internal and external application","Digital Human combines cutting-edge generative AI with hyper-realistic avatars to create immersive, interactive experiences which excel as a tool for internal and external application",https://www.hktdc.com/event/hkmedicalfair/en/exhibitor/1S005LICI,4,https://www.hktdc.com/event/hkmedicalfair/en/product/1Z03NVHH4; https://www.hktdc.com/event/hkmedicalfair/en/product/1Z03NVHH4; https://www.hktdc.com/event/hkmedicalfair/en/product/1Z03NVHFA; https://www.hktdc.com/event/hkmedicalfair/en/product/1Z03NVHFA
BNET-TECH Company Limited,BNET-TECH Company Limited,Hong Kong,,,,Exhibitor,Hong Kong International Medical and Healthcare Fair 2025,3F-G04,Hospital Equipment and Digital Health,Hong Kong Science and Technology Parks Pavilion,1,,,"AI fall detection technology, applicable to toilets, is designed to detect fall or abnormal events and promptly issue an alarm once detected.","AI fall detection technology, applicable to toilets, is designed to detect fall or abnormal events and promptly issue an alarm once detected.",https://www.hktdc.com/event/hkmedicalfair/en/exhibitor/1S005LHWV,2,https://www.hktdc.com/event/hkmedicalfair/en/product/1Z03NWLF6; https://www.hktdc.com/event/hkmedicalfair/en/product/1Z03NWLF6
Medmind Technology Limited,Medmind Technology Limited,Hong Kong,,,,Exhibitor,Hong Kong International Medical and Healthcare Fair 2025,3F-G04,Hospital Equipment and Digital Health,Hong Kong Science and Technology Parks Pavilion,1,,,"“NeuroGym” & ""PhysioPlay"" are interactive training, monitoring and gaming platforms. It allows caretakers, elderly centers and healthcare professionals to better monitor and assess their conditions and provide timely treatment.","“NeuroGym” & ""PhysioPlay"" are interactive training, monitoring and gaming platforms. It allows caretakers, elderly centers and healthcare professionals to better monitor and assess their conditions and provide timely treatment.",https://www.hktdc.com/event/hkmedicalfair/en/exhibitor/1S005LIDF,0,
RHT Industries Limited,RHT Industries Limited,Hong Kong,,,,Exhibitor,Hong Kong International Medical and Healthcare Fair 2025,3F-G04,Hospital Equipment and Digital Health,Hong Kong Science and Technology Parks Pavilion,1,,,"The device eliminates harmful pollutants like VOCs, formaldehyde, and airborne pathogens, ensuring a clean and odor-free environment critical for patient care and staff comfort.","The device eliminates harmful pollutants like VOCs, formaldehyde, and airborne pathogens, ensuring a clean and odor-free environment critical for patient care and staff comfort.",https://www.hktdc.com/event/hkmedicalfair/en/exhibitor/1S005MQXJ,6,https://www.hktdc.com/event/hkmedicalfair/en/product/1Z03J2MLN; https://www.hktdc.com/event/hkmedicalfair/en/product/1Z03J2MLN; https://www.hktdc.com/event/hkmedicalfair/en/product/1Z03J2MF5; https://www.hktdc.com/event/hkmedicalfair/en/product/1Z03J2MF5; https://www.hktdc.com/event/hkmedicalfair/en/product/1Z03J2LVU; https://www.hktdc.com/event/hkmedicalfair/en/product/1Z03J2LVU
The Hong Kong Polytechnic University,The Hong Kong Polytechnic University,Hong Kong,"PolyVentures is the University's signature technology start-up ecosystem tailored for aspiring entrepreneurs among PolyU students, alumni, academics, and research staff. It aims to foster an entrepreneurial mindset, and to accelerate the translation of innovations and technologies from the University to the marketplace, thereby creating impact. Through the PolyVentures ecosystem, PolyU nurtures the start-up teams and accelerates them throughout their entrepreneurial journeys, and equips them for long-term success.","PolyVentures is the University's signature technology start-up ecosystem tailored for aspiring entrepreneurs among PolyU students, alumni, academics, and research staff. It aims to foster an entrepreneurial mindset, and to accelerate the translation of innovations and technologies from the University to the marketplace, thereby creating impact. Through the PolyVentures ecosystem, PolyU nurtures the start-up teams and accelerates them throughout their entrepreneurial journeys, and equips them for long-term success.",,Exhibitor,Hong Kong International Medical and Healthcare Fair 2025,3F-F37,Startup Zone,,1,,,"Medical Device Global Registration Consulting Service; PolyVentures is the University's signature technology start-up ecosystem tailored for aspiring entrepreneurs among PolyU students, alumni, academics, and research staff. It aims to foster an entrepreneurial mindset, and to accelerate the translation; ODM, OEM, Others, OBM","Medical Device Global Registration Consulting Service; PolyVentures is the University's signature technology start-up ecosystem tailored for aspiring entrepreneurs among PolyU students, alumni, academics, and research staff. It aims to foster an entrepreneurial mindset, and to accelerate the translation; ODM, OEM, Others, OBM",https://www.hktdc.com/event/hkmedicalfair/en/exhibitor/1S005NB4D,0,
Hong Kong Baptist University,Hong Kong Baptist University,Hong Kong,"Healthcare Product,Health Supplement,Medical and Healthcare Service,Biotechnology,Anti-Aging Supplement","Healthcare Product,Health Supplement,Medical and Healthcare Service,Biotechnology,Anti-Aging Supplement",,Exhibitor,Hong Kong International Medical and Healthcare Fair 2025,3F-G38,Startup Zone,,1,,,"Healthcare Product,Health Supplement,Medical and Healthcare Service,Biotechnology,Anti-Aging Supplement; to be confirmed; Others","Healthcare Product,Health Supplement,Medical and Healthcare Service,Biotechnology,Anti-Aging Supplement; to be confirmed; Others",https://www.hktdc.com/event/hkmedicalfair/en/exhibitor/1S005MW9D,0,
Hong Kong Metropolitan University,Hong Kong Metropolitan University,Hong Kong,Medical Devices,Medical Devices,,Exhibitor,Hong Kong International Medical and Healthcare Fair 2025,3F-H38,Startup Zone,,1,,,"Medical Devices; 1. Cardiac Screening 
2. Digital Wellness
3. Chinese Medicines testing; Others","Medical Devices; 1. Cardiac Screening 
2. Digital Wellness
3. Chinese Medicines testing; Others",https://www.hktdc.com/event/hkmedicalfair/en/exhibitor/1S005MU06,0,
Lingnan University,Lingnan University,Hong Kong,"Wheelchair,Medical Mask,Air Purifier","Wheelchair,Medical Mask,Air Purifier",,Exhibitor,Hong Kong International Medical and Healthcare Fair 2025,3F-F38,Startup Zone,,1,,,"Wheelchair,Medical Mask,Air Purifier; humanitarian technology innovative product development; Others","Wheelchair,Medical Mask,Air Purifier; humanitarian technology innovative product development; Others",https://www.hktdc.com/event/hkmedicalfair/en/exhibitor/1S005MWAA,0,
The University of Hong Kong Techno-Entrepreneurship Core,The University of Hong Kong Techno-Entrepreneurship Core,Hong Kong,"Elderly Care Product,Medical Devices,Dental Equipment,Oral Care,Precision Medicine,Smart Health Platform & Solution,Big Data Medical Application","Elderly Care Product,Medical Devices,Dental Equipment,Oral Care,Precision Medicine,Smart Health Platform & Solution,Big Data Medical Application",,Exhibitor,Hong Kong International Medical and Healthcare Fair 2025,3F-E38,Startup Zone,,1,,,"Elderly Care Product,Medical Devices,Dental Equipment,Oral Care,Precision Medicine,Smart Health Platform & Solution,Big Data Medical Application; Techno-Entrepreneurship Core
HKU Entrepreneurship Resource Hub
Techno-Entrepreneurship Core (TEC) is the coordinating office to synergise and enhance HKU efforts in promoting innovation and entrepreneurship to build a vibrant ecosystem.; OBM","Elderly Care Product,Medical Devices,Dental Equipment,Oral Care,Precision Medicine,Smart Health Platform & Solution,Big Data Medical Application; Techno-Entrepreneurship Core
HKU Entrepreneurship Resource Hub
Techno-Entrepreneurship Core (TEC) is the coordinating office to synergise and enhance HKU efforts in promoting innovation and entrepreneurship to build a vibrant ecosystem.; OBM",https://www.hktdc.com/event/hkmedicalfair/en/exhibitor/1S005NB3G,0,
"Shenzhen Sinoco Medical Equipment Co., Ltd.","Shenzhen Sinoco Medical Equipment Co., Ltd.",Chinese Mainland,"Sinoco have been engaging in research, development, production and sales of LED products over 20 years. The factory located in Shenzhen covering 10000 square meters. Sinoco is an innovation-driven high speed development enterprise, the R&D talents keep output, it owns more than 30 national patents. Priority: We stay ahead of market trends and prioritizes customer satisfaction. Commitment: Focused on improving product quality, services, and technological innovation to advance human health. Vision: To become a global leader in high-performance LED medical devices, offering comprehensive solutions. Facilities: A 10,000-square-meter factory in Shenzhen and a branch in Hong Kong. Support: Offering professional, academic, technical, and after-sales support to ensure high-quality products and services.","Sinoco have been engaging in research, development, production and sales of LED products over 20 years. The factory located in Shenzhen covering 10000 square meters. Sinoco is an innovation-driven high speed development enterprise, the R&D talents keep output, it owns more than 30 national patents. Priority: We stay ahead of market trends and prioritizes customer satisfaction. Commitment: Focused on improving product quality, services, and technological innovation to advance human health. Vision: To become a global leader in high-performance LED medical devices, offering comprehensive solutions. Facilities: A 10,000-square-meter factory in Shenzhen and a branch in Hong Kong. Support: Offering professional, academic, technical, and after-sales support to ensure high-quality products and services.",,Exhibitor,Hong Kong International Medical and Healthcare Fair 2025,3G-C13,Rehabilitation and Elderly Care,,1,,,"Treatment Equipment,Physical Therapy Equipment,Skin Care,Healthcare Product,Immune System Booster,Physiotherapy Treatment; Comprehensive product range for both human and horse, offering full-spectrum health support.
Quick response and personalized support to meet specific customer needs.
Professional after-sales service and guidance to ensure customer satisfaction.; OEM, OBM, ODM","Treatment Equipment,Physical Therapy Equipment,Skin Care,Healthcare Product,Immune System Booster,Physiotherapy Treatment; Comprehensive product range for both human and horse, offering full-spectrum health support.
Quick response and personalized support to meet specific customer needs.
Professional after-sales service and guidance to ensure customer satisfaction.; OEM, OBM, ODM",https://www.hktdc.com/event/hkmedicalfair/en/exhibitor/1S005MVRW,0,
"Jilin Tisiqi Healthy and Techonology Co., Ltd","Jilin Tisiqi Healthy and Techonology Co., Ltd",Chinese Mainland,Smart Health Platform & Solution,Smart Health Platform & Solution,,Exhibitor,Hong Kong International Medical and Healthcare Fair 2025,3G-C06,Biotech and Lab Diagnostics,Chinese Mainland (Jilin),1,,,Smart Health Platform & Solution; Ai Medical; OBM,Smart Health Platform & Solution; Ai Medical; OBM,https://www.hktdc.com/event/hkmedicalfair/en/exhibitor/1S005NAAW,0,
Kamei Product Ltd,Kamei Product Ltd,Chinese Mainland,"Elderly Care Product,Adult Diaper","Elderly Care Product,Adult Diaper",,Exhibitor,Hong Kong International Medical and Healthcare Fair 2025,3G-A32,Rehabilitation and Elderly Care,,1,,,"Elderly Care Product,Adult Diaper; Adult diapers, elderly care products, medical consumables, personal hygiene products; ODM, OEM, OBM","Elderly Care Product,Adult Diaper; Adult diapers, elderly care products, medical consumables, personal hygiene products; ODM, OEM, OBM",https://www.hktdc.com/event/hkmedicalfair/en/exhibitor/1S005MVLE,0,
Mesh Bio Pte Ltd,Mesh Bio Pte Ltd,Singapore,"Mesh Bio is a fast growing digital health startup focused on addressing the growing challenges in care delivery. Mesh Bio develops AI powered clinical decision support, analytics and automation solutions for healthcare providers to transform healthcare delivery with digital solutions. At Mesh Bio, we actively build an environment for personal excellence and career growth. We encourage diversity of experiences/backgrounds and want team members to thrive in their domain of professional expertise.","Mesh Bio is a fast growing digital health startup focused on addressing the growing challenges in care delivery. Mesh Bio develops AI powered clinical decision support, analytics and automation solutions for healthcare providers to transform healthcare delivery with digital solutions. At Mesh Bio, we actively build an environment for personal excellence and career growth. We encourage diversity of experiences/backgrounds and want team members to thrive in their domain of professional expertise.",,Exhibitor,Hong Kong International Medical and Healthcare Fair 2025,3F-E19,Biotech and Lab Diagnostics,,1,,,"Smart Health Platform & Solution; DARA's Health Screening Module revolutionalises health digitalisation by translating clinical data and numbers into actionable insights that help patients better manage their health, lifestyle, and disease risk through Predictive Analytics & Clinical; OBM","Smart Health Platform & Solution; DARA's Health Screening Module revolutionalises health digitalisation by translating clinical data and numbers into actionable insights that help patients better manage their health, lifestyle, and disease risk through Predictive Analytics & Clinical; OBM",https://www.hktdc.com/event/hkmedicalfair/en/exhibitor/1S005MHDG,0,
"Shenzhen JIFU Medical Technology Co., Ltd","Shenzhen JIFU Medical Technology Co., Ltd",Chinese Mainland,"Shenzhen JIFU Medical Technology Co., Ltd., founded in 2011, is a high-tech company focusing on the research, production and a sale of high-end medical products for GI tract. The headquarter is in High-tech industrial zone of Nanshan district,Shenzhen.And has set up a modern production base in Guangming district,Established a Good manufacturing practice of medical products(GMP),which was certified by ISO13485 quality management stystem. We established a professional R&D team and management platform,obtained numbers of both city and national level technological innovation projects,and as well as more than 400 national patents. Insisting on the spirit of innovation and workmanship,Dasheng capsule endoscopy system has been certified by NMPA of Class III medical device registration certification and as well as CE certification.Our product are widely praised among medical institutions. We insisting on the principle that using advanced technology,scientific process and innovative products to provide our clients with safe,effective and reliable medical care.Our aim is to become an honourable medical company,and keep contributing to human health.","Shenzhen JIFU Medical Technology Co., Ltd., founded in 2011, is a high-tech company focusing on the research, production and a sale of high-end medical products for GI tract. The headquarter is in High-tech industrial zone of Nanshan district,Shenzhen.And has set up a modern production base in Guangming district,Established a Good manufacturing practice of medical products(GMP),which was certified by ISO13485 quality management stystem. We established a professional R&D team and management platform,obtained numbers of both city and national level technological innovation projects,and as well as more than 400 national patents. Insisting on the spirit of innovation and workmanship,Dasheng capsule endoscopy system has been certified by NMPA of Class III medical device registration certification and as well as CE certification.Our product are widely praised among medical institutions. We insisting on the principle that using advanced technology,scientific process and innovative products to provide our clients with safe,effective and reliable medical care.Our aim is to become an honourable medical company,and keep contributing to human health.",,Exhibitor,Hong Kong International Medical and Healthcare Fair 2025,3F-F27,Hospital Equipment and Digital Health,,1,,,"Diagnostic Equipment,Diagnostic Imaging and IVD; Dasheng? capsule magnet controlled endoscopy system,he capsule can be finished in 10-15mins by swallowing a 2.7g weight capsule. Painless. noninvasive and safe, without anesthesia.; OEM, ODM, OBM","Diagnostic Equipment,Diagnostic Imaging and IVD; Dasheng? capsule magnet controlled endoscopy system,he capsule can be finished in 10-15mins by swallowing a 2.7g weight capsule. Painless. noninvasive and safe, without anesthesia.; OEM, ODM, OBM",https://www.hktdc.com/event/hkmedicalfair/en/exhibitor/1S005MVP2,0,
Telefield Medical Imaging Limited,Telefield Medical Imaging Limited,Hong Kong,,,,Exhibitor,Hong Kong International Medical and Healthcare Fair 2025,3F-G04,Hospital Equipment and Digital Health,Hong Kong Science and Technology Parks Pavilion,1,,,Scolioscan Air provides a safer modality for scoliosis assessment that is radiation-free. The device facilitates frequent treatment feedback and timely progression of monitoring.,Scolioscan Air provides a safer modality for scoliosis assessment that is radiation-free. The device facilitates frequent treatment feedback and timely progression of monitoring.,https://www.hktdc.com/event/hkmedicalfair/en/exhibitor/1S005LI8U,0,
365 Technologies Holding Limited,365 Technologies Holding Limited,Hong Kong,System designed to provide comprehensive assistance for patients and dedicated careers.,System designed to provide comprehensive assistance for patients and dedicated careers.,,Exhibitor,Hong Kong International Medical and Healthcare Fair 2025,3F-G04,Hospital Equipment and Digital Health,Hong Kong Science and Technology Parks Pavilion,1,,,"For patients dealing with dementia, urinary incontinence, severe conditions, and cognitive impairments related to defecation, our Smart Healthcare Bowel Sensor Operation System offers improved management.","For patients dealing with dementia, urinary incontinence, severe conditions, and cognitive impairments related to defecation, our Smart Healthcare Bowel Sensor Operation System offers improved management.",https://www.hktdc.com/event/hkmedicalfair/en/exhibitor/1S005LHRA,0,
Applied Technology Group Limited,Applied Technology Group Limited,Hong Kong,,,,Exhibitor,Hong Kong International Medical and Healthcare Fair 2025,3F-G04,Hospital Equipment and Digital Health,Hong Kong Science and Technology Parks Pavilion,1,,,One stop healthcare and mental wellness hub for AI powered relaxation and health screening services,One stop healthcare and mental wellness hub for AI powered relaxation and health screening services,https://www.hktdc.com/event/hkmedicalfair/en/exhibitor/1S005LIEC,0,
Asia Pacific Medical Technology Development Co. Ltd.,Asia Pacific Medical Technology Development Co. Ltd.,Hong Kong,Pump driver and display console for use during ExtraCorporeal Life Support (ECLS) / ExtraCorporeal Membrane Oxygenation (ECMO) procedures for life-support.,Pump driver and display console for use during ExtraCorporeal Life Support (ECLS) / ExtraCorporeal Membrane Oxygenation (ECMO) procedures for life-support.,,Exhibitor,Hong Kong International Medical and Healthcare Fair 2025,3F-G04,Hospital Equipment and Digital Health,Hong Kong Science and Technology Parks Pavilion,1,,,ANIVIA 體外循環設備 SG1000,ANIVIA 體外循環設備 SG1000,https://www.hktdc.com/event/hkmedicalfair/en/exhibitor/1S005LHS7,0,
Auiset Biotechnology Company Limited,Auiset Biotechnology Company Limited,Hong Kong,Addresses the need for convenient and accurate health monitoring solutions for both individuals and their pets,Addresses the need for convenient and accurate health monitoring solutions for both individuals and their pets,,Exhibitor,Hong Kong International Medical and Healthcare Fair 2025,3F-G04,Hospital Equipment and Digital Health,Hong Kong Science and Technology Parks Pavilion,1,,,"Seize the Turning Point: Prevent Liver Fibrosis, Cirrhosis, and Cancer
Requiring only Finger-tip blood sample for testing, making it simpler, quicker, and more reliable than traditional liver fibrosis diagnostic techniques.","Seize the Turning Point: Prevent Liver Fibrosis, Cirrhosis, and Cancer
Requiring only Finger-tip blood sample for testing, making it simpler, quicker, and more reliable than traditional liver fibrosis diagnostic techniques.",https://www.hktdc.com/event/hkmedicalfair/en/exhibitor/1S005LHT4,0,
AusMed Global Limited,AusMed Global Limited,Hong Kong,Offers quick screening of DKA/EDKA for diabetes care,Offers quick screening of DKA/EDKA for diabetes care,,Exhibitor,Hong Kong International Medical and Healthcare Fair 2025,3F-G04,Hospital Equipment and Digital Health,Hong Kong Science and Technology Parks Pavilion,1,,,"Life-changing device for diabetes&fat loss management on horizon
Non-invasive: Needle-free & pain-free
High accuracy and selectivity: No interference from alcohol & food
Personal wellness report empowered by AI diet management system and app","Life-changing device for diabetes&fat loss management on horizon
Non-invasive: Needle-free & pain-free
High accuracy and selectivity: No interference from alcohol & food
Personal wellness report empowered by AI diet management system and app",https://www.hktdc.com/event/hkmedicalfair/en/exhibitor/1S005LHU1,0,
Belun Technology Company Limited,Belun Technology Company Limited,Hong Kong,"Belun is a data technology company with Preventive Healthcare Solutions powered by billions of health fingerprints and proprietary AI algorithms. We develop medical-grade wearables & solutions for remote patient monitoring, screening of sleep health (sleep apnea risk), evaluating treatment effectiveness for chronic disease patients & predicting health risks.","Belun is a data technology company with Preventive Healthcare Solutions powered by billions of health fingerprints and proprietary AI algorithms. We develop medical-grade wearables & solutions for remote patient monitoring, screening of sleep health (sleep apnea risk), evaluating treatment effectiveness for chronic disease patients & predicting health risks.",,Exhibitor,Hong Kong International Medical and Healthcare Fair 2025,3F-G04,Hospital Equipment and Digital Health,Hong Kong Science and Technology Parks Pavilion,1,,,Belun Sleep Platform is the only AI-enabled medical-grade system for sleep apnea testing and digital sleep diary. Clinically validated in accredited sleep labs to provide accurate AHI and sleep stages.,Belun Sleep Platform is the only AI-enabled medical-grade system for sleep apnea testing and digital sleep diary. Clinically validated in accredited sleep labs to provide accurate AHI and sleep stages.,https://www.hktdc.com/event/hkmedicalfair/en/exhibitor/1S005LHVY,0,
Bone's Technology Limited,Bone's Technology Limited,Hong Kong,1st phantomless tool for Bone Mineral Density (BMD) measurement using QCT datasets,1st phantomless tool for Bone Mineral Density (BMD) measurement using QCT datasets,,Exhibitor,Hong Kong International Medical and Healthcare Fair 2025,3F-G04,Hospital Equipment and Digital Health,Hong Kong Science and Technology Parks Pavilion,1,,,"Three-dimensionallocalBMD measurement.Accuracy:99%
Transaction institutions: hospitals and private institutions with CT scanning equipmentBones","Three-dimensionallocalBMD measurement.Accuracy:99%
Transaction institutions: hospitals and private institutions with CT scanning equipmentBones",https://www.hktdc.com/event/hkmedicalfair/en/exhibitor/1S005LHXS,0,
Brainaurora (HK) Medical Technology Limited,Brainaurora (HK) Medical Technology Limited,Hong Kong,AI-based digital system for cognitive assessment and training,AI-based digital system for cognitive assessment and training,,Exhibitor,Hong Kong International Medical and Healthcare Fair 2025,3F-G04,Hospital Equipment and Digital Health,Hong Kong Science and Technology Parks Pavilion,1,,,An evidence-based medicine,An evidence-based medicine,https://www.hktdc.com/event/hkmedicalfair/en/exhibitor/1S005LHYP,0,
C2iTech Limited,C2iTech Limited,Hong Kong,,,,Exhibitor,Hong Kong International Medical and Healthcare Fair 2025,3F-G04,Hospital Equipment and Digital Health,Hong Kong Science and Technology Parks Pavilion,1,,,Personalized organoid platform,Personalized organoid platform,https://www.hktdc.com/event/hkmedicalfair/en/exhibitor/1S005LIBL,0,
Codex Genetics Limited,Codex Genetics Limited,Hong Kong,,,,Exhibitor,Hong Kong International Medical and Healthcare Fair 2025,3F-G04,Hospital Equipment and Digital Health,Hong Kong Science and Technology Parks Pavilion,1,,,"An AI-empowered clinical management system handling patient health data in various formats, from digital to written, and from medical records to laboratory test results, radiography, and genomic data.","An AI-empowered clinical management system handling patient health data in various formats, from digital to written, and from medical records to laboratory test results, radiography, and genomic data.",https://www.hktdc.com/event/hkmedicalfair/en/exhibitor/1S005MQVP,0,
Dresio Limited,Dresio Limited,Hong Kong,"Accudex Movement Analysis System ""Democratizing Movement Analysis for Better Care""","Accudex Movement Analysis System ""Democratizing Movement Analysis for Better Care""",,Exhibitor,Hong Kong International Medical and Healthcare Fair 2025,3F-G04,Hospital Equipment and Digital Health,Hong Kong Science and Technology Parks Pavilion,1,,,"Accudex measures 3D human movement with unparalleled precision using only a 2D camera. It provides real-time biomechanics analysis to enable the evaluation of balance, gait, range-of-motion, and motor function.","Accudex measures 3D human movement with unparalleled precision using only a 2D camera. It provides real-time biomechanics analysis to enable the evaluation of balance, gait, range-of-motion, and motor function.",https://www.hktdc.com/event/hkmedicalfair/en/exhibitor/1S005LHZM,0,
Exaapp Limited,Exaapp Limited,Hong Kong,"Patient Workflow and Queuing System, Appointment System","Patient Workflow and Queuing System, Appointment System",,Exhibitor,Hong Kong International Medical and Healthcare Fair 2025,3F-G04,Hospital Equipment and Digital Health,Hong Kong Science and Technology Parks Pavilion,1,,,"Streamlines patient management by addressing inefficiencies in appointment scheduling, patient workflows, and queue management","Streamlines patient management by addressing inefficiencies in appointment scheduling, patient workflows, and queue management",https://www.hktdc.com/event/hkmedicalfair/en/exhibitor/1S005LI1F,0,
Hopebotics Limited,Hopebotics Limited,Hong Kong,,,,Exhibitor,Hong Kong International Medical and Healthcare Fair 2025,3F-G04,Hospital Equipment and Digital Health,Hong Kong Science and Technology Parks Pavilion,1,,,"Hopebotics HandTasker, used one of the FIRST Portable Wearable Flexible Actuator and 3D printing technology to fit the Soft Robotic Hand for Training Daily Tasks with natural hand movements","Hopebotics HandTasker, used one of the FIRST Portable Wearable Flexible Actuator and 3D printing technology to fit the Soft Robotic Hand for Training Daily Tasks with natural hand movements",https://www.hktdc.com/event/hkmedicalfair/en/exhibitor/1S005LI2C,0,
Novelte Robotics Limited,Novelte Robotics Limited,Hong Kong,,,,Exhibitor,Hong Kong International Medical and Healthcare Fair 2025,3F-G04,Hospital Equipment and Digital Health,Hong Kong Science and Technology Parks Pavilion,1,,,C3 Delivery Robot - Developed an advanced lift and door integration system to enable seamless cross-floor deliveries and navigation through automatic doors. This system has been successfully integrated with major manufacturers.,C3 Delivery Robot - Developed an advanced lift and door integration system to enable seamless cross-floor deliveries and navigation through automatic doors. This system has been successfully integrated with major manufacturers.,https://www.hktdc.com/event/hkmedicalfair/en/exhibitor/1S005LIF9,0,
OPH Health Limited,OPH Health Limited,Hong Kong,AIl-in-One GP WORKSTATION/全科醫生工作站,AIl-in-One GP WORKSTATION/全科醫生工作站,,Exhibitor,Hong Kong International Medical and Healthcare Fair 2025,3F-G04,Hospital Equipment and Digital Health,Hong Kong Science and Technology Parks Pavilion,1,,,"AIl-in-One GP WORKSTATION product is designed to tackle key challenges faced by grassroots medical practitioners, such as inadequate diagnostic skills, insufficient digital capabilities, low service efficiency, and limited scope of practice.","AIl-in-One GP WORKSTATION product is designed to tackle key challenges faced by grassroots medical practitioners, such as inadequate diagnostic skills, insufficient digital capabilities, low service efficiency, and limited scope of practice.",https://www.hktdc.com/event/hkmedicalfair/en/exhibitor/1S005LI39,0,
OUR United（HK）International Corporation Limited,OUR United（HK）International Corporation Limited,Hong Kong,"TAICHI RT enables co-locaed operation, dual-core drive, conformal enhancement and radiosurgery, modalities can be flexibly combined to develop the best personalized treatment plan. The device realizes advanced treatment technologies such as SRS, SBRT, SABR, IMRT, VMAT, ART, and so on.","TAICHI RT enables co-locaed operation, dual-core drive, conformal enhancement and radiosurgery, modalities can be flexibly combined to develop the best personalized treatment plan. The device realizes advanced treatment technologies such as SRS, SBRT, SABR, IMRT, VMAT, ART, and so on.",,Exhibitor,Hong Kong International Medical and Healthcare Fair 2025,3F-G04,Hospital Equipment and Digital Health,Hong Kong Science and Technology Parks Pavilion,1,,,"TAICHI RT is the breakthrough of existing technology and the exploration of future modes, blooming the light of hope for life. Patients only needs to be setup once to complete a treatment that would otherwise be obtained on multiple machines.","TAICHI RT is the breakthrough of existing technology and the exploration of future modes, blooming the light of hope for life. Patients only needs to be setup once to complete a treatment that would otherwise be obtained on multiple machines.",https://www.hktdc.com/event/hkmedicalfair/en/exhibitor/1S005MQWM,0,
Orange Biotech Limited,Orange Biotech Limited,Hong Kong,DetectChip - A home-based nucleic acid solution,DetectChip - A home-based nucleic acid solution,,Exhibitor,Hong Kong International Medical and Healthcare Fair 2025,3F-G04,Hospital Equipment and Digital Health,Hong Kong Science and Technology Parks Pavilion,1,,,"We offer a home-based nucleic acid solution to all the people with health concerns for early diagnosis.
Our solution offers a higher sensitivity and specificity to the most rapid antigen tests in Asia","We offer a home-based nucleic acid solution to all the people with health concerns for early diagnosis.
Our solution offers a higher sensitivity and specificity to the most rapid antigen tests in Asia",https://www.hktdc.com/event/hkmedicalfair/en/exhibitor/1S005LI46,0,
PanopticAI Limited,PanopticAI Limited,Hong Kong,Hong Kong's leading health technology company revolutionizing vital signs monitoring with its clinically validated remote photoplethysmography (rPPG) technology,Hong Kong's leading health technology company revolutionizing vital signs monitoring with its clinically validated remote photoplethysmography (rPPG) technology,,Exhibitor,Hong Kong International Medical and Healthcare Fair 2025,3F-G04,Hospital Equipment and Digital Health,Hong Kong Science and Technology Parks Pavilion,1,,,"Vitals, powered by PanopticAI, is an award-winning camera-based health and wellness monitoring solution that makes measuring, interpreting and managing personal health contactless, affordable and as easy as smiling at a camera.","Vitals, powered by PanopticAI, is an award-winning camera-based health and wellness monitoring solution that makes measuring, interpreting and managing personal health contactless, affordable and as easy as smiling at a camera.",https://www.hktdc.com/event/hkmedicalfair/en/exhibitor/1S005LI53,0,
Sharpsight Limited,Sharpsight Limited,Hong Kong,"World’s first AI-driven multimodal rehabilitation system with visual, auditory, and neurostimulation technologies","World’s first AI-driven multimodal rehabilitation system with visual, auditory, and neurostimulation technologies",,Exhibitor,Hong Kong International Medical and Healthcare Fair 2025,3F-G04,Hospital Equipment and Digital Health,Hong Kong Science and Technology Parks Pavilion,1,,,"The masquer series products are professional rehab equipment designed for patients with neurological disorders. They provide automated assessment, personalized training, and digital mgt, offering comprehensive support for clinical rehab needs","The masquer series products are professional rehab equipment designed for patients with neurological disorders. They provide automated assessment, personalized training, and digital mgt, offering comprehensive support for clinical rehab needs",https://www.hktdc.com/event/hkmedicalfair/en/exhibitor/1S005LI60,0,
Sramek Insight Limited,Sramek Insight Limited,Hong Kong,"Sramek Insight focuses on the research and development of non-invasive cardiovascular measurement by hemodynamics with our patented home use medical devices: Cardiax Home and Cardiax Skin. Sramek Insight has the vision to bring ICU-graded hemodynamic technologies to the public, and alert awareness on treating cardiovascular issues with a non-drug approach.","Sramek Insight focuses on the research and development of non-invasive cardiovascular measurement by hemodynamics with our patented home use medical devices: Cardiax Home and Cardiax Skin. Sramek Insight has the vision to bring ICU-graded hemodynamic technologies to the public, and alert awareness on treating cardiovascular issues with a non-drug approach.",,Exhibitor,Hong Kong International Medical and Healthcare Fair 2025,3F-G04,Hospital Equipment and Digital Health,Hong Kong Science and Technology Parks Pavilion,1,,,"Cardiax Home is a home-use medical device for continuous cardiovascular screening, and alerts cardiovascular risk in real time","Cardiax Home is a home-use medical device for continuous cardiovascular screening, and alerts cardiovascular risk in real time",https://www.hktdc.com/event/hkmedicalfair/en/exhibitor/1S005LI7X,0,
Torrus Limited,Torrus Limited,Hong Kong,Corneal Biomechanical Analysis System,Corneal Biomechanical Analysis System,,Exhibitor,Hong Kong International Medical and Healthcare Fair 2025,3F-G04,Hospital Equipment and Digital Health,Hong Kong Science and Technology Parks Pavilion,1,,,,,https://www.hktdc.com/event/hkmedicalfair/en/exhibitor/1S005LI9R,0,
High Quality Medicinal Support Company Limited,High Quality Medicinal Support Company Limited,Hong Kong,"High Quality Medicinal Support (HQMS) is a CUHK TSSSU start-up. Relying on 25 years of research experience from the Institute of Chinese Medicine (ICM) and over HK$156 million in funding support (including Hong Kong Government (AOE, GRF, HMRF, ITF) and the Ministry of Science and Technology), we focus on researching health supplements for special medical purposes based on scientific evidence, and addressing the health challenges of an aging population with the support of clinical evidence and scientific data. With ICM's strong academic background and support from global partners, HQMS seeks to bridge traditional Chinese medicine and modern healthcare, providing innovative, high-quality solutions to meet increasing global health needs.","High Quality Medicinal Support (HQMS) is a CUHK TSSSU start-up. Relying on 25 years of research experience from the Institute of Chinese Medicine (ICM) and over HK$156 million in funding support (including Hong Kong Government (AOE, GRF, HMRF, ITF) and the Ministry of Science and Technology), we focus on researching health supplements for special medical purposes based on scientific evidence, and addressing the health challenges of an aging population with the support of clinical evidence and scientific data. With ICM's strong academic background and support from global partners, HQMS seeks to bridge traditional Chinese medicine and modern healthcare, providing innovative, high-quality solutions to meet increasing global health needs.",,Exhibitor,Hong Kong International Medical and Healthcare Fair 2025,3F-H37,Startup Zone,,1,,,"Adult Diaper,Healthcare Product,Precision Medicine,Joint & Bone Support,Health Supplement,Immune System Booster,Biotechnology,Anti-Aging Supplement; Cardiovascular Tonic
Osteoporosis Prevention Products
Sleep Tonic
Metabolic Syndrome Control
Brain Health Capsule
Energizer for Rehabilitation
Swelling Control Powder 
Bone Setting Patch
Atopic Dermatitis Capsules
Immuno-boosting Granules; OBM, ODM, OEM","Adult Diaper,Healthcare Product,Precision Medicine,Joint & Bone Support,Health Supplement,Immune System Booster,Biotechnology,Anti-Aging Supplement; Cardiovascular Tonic
Osteoporosis Prevention Products
Sleep Tonic
Metabolic Syndrome Control
Brain Health Capsule
Energizer for Rehabilitation
Swelling Control Powder 
Bone Setting Patch
Atopic Dermatitis Capsules
Immuno-boosting Granules; OBM, ODM, OEM",https://www.hktdc.com/event/hkmedicalfair/en/exhibitor/1S005N7RK,0,
ThingX Technologies Limited,ThingX Technologies Limited,Hong Kong,"Fall Prevention and Preventive Care Solution,Wearable Device/Sensor","Fall Prevention and Preventive Care Solution,Wearable Device/Sensor",,Exhibitor,Hong Kong International Medical and Healthcare Fair 2025,3F-H37,Startup Zone,,1,,,"Fall Prevention and Preventive Care Solution,Wearable Device/Sensor; THINGX leverages nearly 20 years of research in multimodal perception and embedded AI to provide comprehensive health monitoring solutions, including wearable devices.; ODM, OEM, OBM","Fall Prevention and Preventive Care Solution,Wearable Device/Sensor; THINGX leverages nearly 20 years of research in multimodal perception and embedded AI to provide comprehensive health monitoring solutions, including wearable devices.; ODM, OEM, OBM",https://www.hktdc.com/event/hkmedicalfair/en/exhibitor/1S005N7SH,0,
Digital Wellness,Digital Wellness,Hong Kong,,,,Exhibitor,Hong Kong International Medical and Healthcare Fair 2025,3F-H38,Startup Zone,,1,,,"The Digital Wellness Team enhances healthcare with AI and big data,
creating personalized tools that combine top science and teaching with
best practices. Our solutions integrate wearables and apps to deliver
real-time health insights.; Others","The Digital Wellness Team enhances healthcare with AI and big data,
creating personalized tools that combine top science and teaching with
best practices. Our solutions integrate wearables and apps to deliver
real-time health insights.; Others",https://www.hktdc.com/event/hkmedicalfair/en/exhibitor/1S005N0WC,0,
EC Bot Limited,EC Bot Limited,Hong Kong,"Smart Health Platform & Solution,Big Data Medical Application","Smart Health Platform & Solution,Big Data Medical Application",,Exhibitor,Hong Kong International Medical and Healthcare Fair 2025,3F-G38,Startup Zone,,1,,,"Smart Health Platform & Solution,Big Data Medical Application; EC Bot Limited is a Hong Kong-based health-tech startup that bridges the wisdom of traditional Chinese medicine (TCM) with cutting-edge technological innovation. Specializing in freeze-dried herbal soups and a health recommendation platform based on; OEM","Smart Health Platform & Solution,Big Data Medical Application; EC Bot Limited is a Hong Kong-based health-tech startup that bridges the wisdom of traditional Chinese medicine (TCM) with cutting-edge technological innovation. Specializing in freeze-dried herbal soups and a health recommendation platform based on; OEM",https://www.hktdc.com/event/hkmedicalfair/en/exhibitor/1S005N7NW,0,
Filix Medtech Limited,Filix Medtech Limited,Hong Kong,,,,Exhibitor,Hong Kong International Medical and Healthcare Fair 2025,3F-H38,Startup Zone,,1,,,"Chinese Medicines Traceability and Verification Platform is ideal for qualitative identification, stability assessment, and some quantitative analyses. It enables rapid testing across various settings in the Chinese medicine industry.; Others","Chinese Medicines Traceability and Verification Platform is ideal for qualitative identification, stability assessment, and some quantitative analyses. It enables rapid testing across various settings in the Chinese medicine industry.; Others",https://www.hktdc.com/event/hkmedicalfair/en/exhibitor/1S005N7QN,0,
Hong Kong Medical and Healthcare Device Industries Association,Hong Kong Medical and Healthcare Device Industries Association,Hong Kong,"Founded in 2003, the Hong Kong Medical and Healthcare Device Industries Association (HKMHDIA) is a professional organization dedicated to representing the MedTech industry in Hong Kong. We serve as a platform for the MedTech ecosystem. We facilitate connections among policy makers, industry stakeholders, academia, research and development entities. Our membership comprises innovators, manufacturers, importers, exporters, logistics providers, regulatory bodies, legal professionals, and others involved in the field.","Founded in 2003, the Hong Kong Medical and Healthcare Device Industries Association (HKMHDIA) is a professional organization dedicated to representing the MedTech industry in Hong Kong. We serve as a platform for the MedTech ecosystem. We facilitate connections among policy makers, industry stakeholders, academia, research and development entities. Our membership comprises innovators, manufacturers, importers, exporters, logistics providers, regulatory bodies, legal professionals, and others involved in the field.",,Exhibitor,Hong Kong International Medical and Healthcare Fair 2025,3F-E29,Hong Kong MedTech Association (HKMTA),Hong Kong MedTech Association Pavilion,1,,,"Founded in 2003, the Hong Kong Medical and Healthcare Device Industries Association (HKMHDIA) is a professional organization dedicated to representing the MedTech industry in Hong Kong.; Others","Founded in 2003, the Hong Kong Medical and Healthcare Device Industries Association (HKMHDIA) is a professional organization dedicated to representing the MedTech industry in Hong Kong.; Others",https://www.hktdc.com/event/hkmedicalfair/en/exhibitor/1S005MU13,0,
"Hong Kong University of Science & Technology, Entrepreneurship Center","Hong Kong University of Science & Technology, Entrepreneurship Center",Hong Kong,,,,Exhibitor,Hong Kong International Medical and Healthcare Fair 2025,3F-G37,Startup Zone,,1,,,"The HKUST Entrepreneurship Center was established in 1999, making it the first of its kind in Hong Kong's universities. At our core, we have world-leading research and a commitment to becoming a global leader in entrepreneurship.; Others","The HKUST Entrepreneurship Center was established in 1999, making it the first of its kind in Hong Kong's universities. At our core, we have world-leading research and a commitment to becoming a global leader in entrepreneurship.; Others",https://www.hktdc.com/event/hkmedicalfair/en/exhibitor/1S005NB5A,0,
Lightware Visual Engineering,Lightware Visual Engineering,Hong Kong,,,,Exhibitor,Hong Kong International Medical and Healthcare Fair 2025,3G-A19,Hospital Equipment and Digital Health,Hungary Pavilion,1,,,"USB-C expert for one cable solution 
USB-C Cable Management Tool","USB-C expert for one cable solution 
USB-C Cable Management Tool",https://www.hktdc.com/event/hkmedicalfair/en/exhibitor/1S005MWHP,0,
Nexrehabs Limited,Nexrehabs Limited,Hong Kong,"Elderly Care Product,Speech & Hearing Therapy Equipment,Monitoring Support Device and Solution,Treatment Equipment,Rehabilitation Equipment,Oral Care,Wearable Device/Sensor,E-Health,Health Related IoT/AI/VR,Health Management Apps/Systems","Elderly Care Product,Speech & Hearing Therapy Equipment,Monitoring Support Device and Solution,Treatment Equipment,Rehabilitation Equipment,Oral Care,Wearable Device/Sensor,E-Health,Health Related IoT/AI/VR,Health Management Apps/Systems",,Exhibitor,Hong Kong International Medical and Healthcare Fair 2025,3F-F37,Startup Zone,,1,,,"Elderly Care Product,Speech & Hearing Therapy Equipment,Monitoring Support Device and Solution,Treatment Equipment,Rehabilitation Equipment,Oral Care,Wearable Device/Sensor,E-Health,Health Related IoT/AI/VR,Health Management Apps/Systems; Holistic oral motor rehabilitation and diagnosis solutions empowered by patented AI and XR in one go.Especially for stroke or dementia patient treatment or rehabilitation to assist hospitals or elderly care related gerontechnology industry.; OBM, OEM, ODM","Elderly Care Product,Speech & Hearing Therapy Equipment,Monitoring Support Device and Solution,Treatment Equipment,Rehabilitation Equipment,Oral Care,Wearable Device/Sensor,E-Health,Health Related IoT/AI/VR,Health Management Apps/Systems; Holistic oral motor rehabilitation and diagnosis solutions empowered by patented AI and XR in one go.Especially for stroke or dementia patient treatment or rehabilitation to assist hospitals or elderly care related gerontechnology industry.; OBM, OEM, ODM",https://www.hktdc.com/event/hkmedicalfair/en/exhibitor/1S005N7PQ,0,
Nordia Biotech & Pharmaceuticals HK Limited,Nordia Biotech & Pharmaceuticals HK Limited,Hong Kong,"Nordia Biotech & Pharmaceuticals is a spin-off company from LKS Faculty of Medicine, HKU. It was founded on 2023.12, by Prof. ZHOU Zhongjun, the Chui Fook-Chuen Endowed Professor from HKUMed with over 30 years of experiences in development, aging and age-associated diseases, together with his former PhD student, HE Yi who developed the core technology. Our team members are very experienced in investment, financing, transformation and operation. Nordia Biotech finished its 7M HKD Series Angel led by HKX, started the 30M HKD Pre-A. We applied the projects of TSSSU+ and HKSTP Incu-Bio, and will receive support from them soon.","Nordia Biotech & Pharmaceuticals is a spin-off company from LKS Faculty of Medicine, HKU. It was founded on 2023.12, by Prof. ZHOU Zhongjun, the Chui Fook-Chuen Endowed Professor from HKUMed with over 30 years of experiences in development, aging and age-associated diseases, together with his former PhD student, HE Yi who developed the core technology. Our team members are very experienced in investment, financing, transformation and operation. Nordia Biotech finished its 7M HKD Series Angel led by HKX, started the 30M HKD Pre-A. We applied the projects of TSSSU+ and HKSTP Incu-Bio, and will receive support from them soon.",,Exhibitor,Hong Kong International Medical and Healthcare Fair 2025,3F-E38,Startup Zone,,1,,,"Medical and Healthcare Service,Biotechnology; Sorry, we have no samples to show at present. We are currently developing cell therapy.; Others","Medical and Healthcare Service,Biotechnology; Sorry, we have no samples to show at present. We are currently developing cell therapy.; Others",https://www.hktdc.com/event/hkmedicalfair/en/exhibitor/1S005N7OT,0,
PressLogic Limited,PressLogic Limited,Hong Kong,"Health Management and Consultancy,Health Related IoT/AI/VR","Health Management and Consultancy,Health Related IoT/AI/VR",,Exhibitor,Hong Kong International Medical and Healthcare Fair 2025,3G-D12,Trade Services and Publications,,1,,,"Health Management and Consultancy,Health Related IoT/AI/VR; [新一代都市人都關心的 · 健康生活新態度]
「UrbanLife Health 健康新態度」集合新一代都市人對健康生活的嚮往，資深編輯團隊為讀者搜羅各專科醫生意見和醫藥新知，放送最多、最新的疾病醫療、保健養生、運動修身和健康生活資訊，期待與您一起實現健康生活新態度。; Others","Health Management and Consultancy,Health Related IoT/AI/VR; [新一代都市人都關心的 · 健康生活新態度]
「UrbanLife Health 健康新態度」集合新一代都市人對健康生活的嚮往，資深編輯團隊為讀者搜羅各專科醫生意見和醫藥新知，放送最多、最新的疾病醫療、保健養生、運動修身和健康生活資訊，期待與您一起實現健康生活新態度。; Others",https://www.hktdc.com/event/hkmedicalfair/en/exhibitor/1S005N23P,0,
"Aquatrek Solution Co., Ltd","Aquatrek Solution Co., Ltd",Thailand,,,,Exhibitor,Hong Kong International Medical and Healthcare Fair 2025,3G-C25,World of Health and Wellness,Thailand Pavilion,1,,,Underwater treadmill: Low-impact exercise and rehab using water's properties for joint and muscle safety.,Underwater treadmill: Low-impact exercise and rehab using water's properties for joint and muscle safety.,https://www.hktdc.com/event/hkmedicalfair/en/exhibitor/1S005MY3T,0,
Cantabio Pharmaceuticals,Cantabio Pharmaceuticals,Hungary,Precision in vitro blood based diagnostic for oxidative stress damage quantification for assessment of health status,Precision in vitro blood based diagnostic for oxidative stress damage quantification for assessment of health status,,Exhibitor,Hong Kong International Medical and Healthcare Fair 2025,3G-A19,Hospital Equipment and Digital Health,Hungary Pavilion,1,,,A blood test for oxidative stress damage assessment,A blood test for oxidative stress damage assessment,https://www.hktdc.com/event/hkmedicalfair/en/exhibitor/1S005MU4U,0,
"Centre for Translational Medicine, Semmelweis University","Centre for Translational Medicine, Semmelweis University",Hungary,"The master's and PhD programmes offered by the Centre for Translational Medicine represent a breakthrough in scientific and medical education. The training is built on the principle that research questions should arise directly from clinical practice, and students are equipped with cutting-edge scientific tools to find answers. The knowledge gained is then translated back into healthcare – embodying the Centre’s core vision: science into healthcare. The programmes promote interdisciplinary collaboration, a practice-oriented approach, and offer a research environment that meets the highest international standards.","The master's and PhD programmes offered by the Centre for Translational Medicine represent a breakthrough in scientific and medical education. The training is built on the principle that research questions should arise directly from clinical practice, and students are equipped with cutting-edge scientific tools to find answers. The knowledge gained is then translated back into healthcare – embodying the Centre’s core vision: science into healthcare. The programmes promote interdisciplinary collaboration, a practice-oriented approach, and offer a research environment that meets the highest international standards.",,Exhibitor,Hong Kong International Medical and Healthcare Fair 2025,3G-A19,Hospital Equipment and Digital Health,Hungary Pavilion,1,,,Science into healthcare,Science into healthcare,https://www.hktdc.com/event/hkmedicalfair/en/exhibitor/1S005MU3X,0,
EveryBaby Ltd,EveryBaby Ltd,United Kingdom,"EveryBaby develops a medical device for diagnosing preterm birth risks, enabling healthcare professionals to provide timely and appropriate interventions. By improving diagnostic accuracy, their solution helps reduce complications associated with preterm births.","EveryBaby develops a medical device for diagnosing preterm birth risks, enabling healthcare professionals to provide timely and appropriate interventions. By improving diagnostic accuracy, their solution helps reduce complications associated with preterm births.",,Exhibitor,Hong Kong International Medical and Healthcare Fair 2025,3F-H15,Hospital Equipment and Digital Health,British Pavilion,1,,,,,https://www.hktdc.com/event/hkmedicalfair/en/exhibitor/1S005LKMM,0,
Haemoband Surgical Ltd,Haemoband Surgical Ltd,United Kingdom,Haemoband Surgical specialises in the development and supply of Colorectal & Proctology products.,Haemoband Surgical specialises in the development and supply of Colorectal & Proctology products.,,Exhibitor,Hong Kong International Medical and Healthcare Fair 2025,3F-H15,Hospital Equipment and Digital Health,British Pavilion,1,,,"The primary device is the Haemoband-Plus device, the first multi-action, preloaded disposable ligator for the treatment of haemorrhoids. Developed by Consultant Surgeon and company Clinical Director, Essam Ghareeb.","The primary device is the Haemoband-Plus device, the first multi-action, preloaded disposable ligator for the treatment of haemorrhoids. Developed by Consultant Surgeon and company Clinical Director, Essam Ghareeb.",https://www.hktdc.com/event/hkmedicalfair/en/exhibitor/1S005LKAM,0,
"Hubei LuxinYuan Agricultural Development Co., Ltd.","Hubei LuxinYuan Agricultural Development Co., Ltd.",Chinese Mainland,"Healthcare Product,Chinese Medicated Ointment,Health Food","Healthcare Product,Chinese Medicated Ointment,Health Food",,Exhibitor,Hong Kong International Medical and Healthcare Fair 2025,3F-B09,World of Health and Wellness,Chinese Mainland (Huanggang),1,,,"Healthcare Product,Chinese Medicated Ointment,Health Food; Chinese herbal medicine; Others","Healthcare Product,Chinese Medicated Ointment,Health Food; Chinese herbal medicine; Others",https://www.hktdc.com/event/hkmedicalfair/en/exhibitor/1S005NBCP,0,
"Hubei Weierkang Modern Chinese Medicine Co., Ltd.","Hubei Weierkang Modern Chinese Medicine Co., Ltd.",Chinese Mainland,"Elderly Care Product,Skin Care,Oral Care,Health Food,Medical and Healthcare Service","Elderly Care Product,Skin Care,Oral Care,Health Food,Medical and Healthcare Service",,Exhibitor,Hong Kong International Medical and Healthcare Fair 2025,3F-B07,World of Health and Wellness,Chinese Mainland (Huanggang),1,,,"Elderly Care Product,Skin Care,Oral Care,Health Food,Medical and Healthcare Service; Fuling, chrysanthemum, tianma, astragalus, American ginseng tablets, etc.; Others","Elderly Care Product,Skin Care,Oral Care,Health Food,Medical and Healthcare Service; Fuling, chrysanthemum, tianma, astragalus, American ginseng tablets, etc.; Others",https://www.hktdc.com/event/hkmedicalfair/en/exhibitor/1S005NBAV,0,
"Hubei Zongkun Dendrobium Science and Technology Development Co., Ltd.","Hubei Zongkun Dendrobium Science and Technology Development Co., Ltd.",Chinese Mainland,"Elderly Care Product,Chinese Medicated Oil,Chinese Medicated Ointment,Health Food,Medical and Healthcare Service","Elderly Care Product,Chinese Medicated Oil,Chinese Medicated Ointment,Health Food,Medical and Healthcare Service",,Exhibitor,Hong Kong International Medical and Healthcare Fair 2025,3F-B09,Rehabilitation and Elderly Care,Chinese Mainland (Huanggang),1,,,"Elderly Care Product,Chinese Medicated Oil,Chinese Medicated Ointment,Health Food,Medical and Healthcare Service; Dendrobiu (Shi Hu); Others","Elderly Care Product,Chinese Medicated Oil,Chinese Medicated Ointment,Health Food,Medical and Healthcare Service; Dendrobiu (Shi Hu); Others",https://www.hktdc.com/event/hkmedicalfair/en/exhibitor/1S005NBBS,0,
LightOx Ltd,LightOx Ltd,United Kingdom,"LightOx has developed a light-activated drug for the treatment of oral cancers. The gel product is applied directly to lesions in the mouth and is activated using a simple light source. This treatment is designed for use in an outpatient ""chair-side"" scenario, allowing for the treatment of multiple lesions and repeat applications as patients present with additional lesion formation.","LightOx has developed a light-activated drug for the treatment of oral cancers. The gel product is applied directly to lesions in the mouth and is activated using a simple light source. This treatment is designed for use in an outpatient ""chair-side"" scenario, allowing for the treatment of multiple lesions and repeat applications as patients present with additional lesion formation.",,Exhibitor,Hong Kong International Medical and Healthcare Fair 2025,3F-H15,Hospital Equipment and Digital Health,British Pavilion,1,,,"The company is developing a wound gel drug that is applied directly to wound sites. This gel targets bacterial pathogens, specifically ESKAPE pathogens, and aims to reduce bacterial load in both chronic and acute wounds.","The company is developing a wound gel drug that is applied directly to wound sites. This gel targets bacterial pathogens, specifically ESKAPE pathogens, and aims to reduce bacterial load in both chronic and acute wounds.",https://www.hktdc.com/event/hkmedicalfair/en/exhibitor/1S005LKBJ,0,
London Medical Exchange,London Medical Exchange,United Kingdom,"London Medical Exchange (LEM) is a leader in providing comprehensive managed services tailored to the dynamic needs of the medical sector, offering UK and overseas partners a solution to expand their business objectives. Founded in London LEM’s network covers Europe, Africa, Middle East and Asia.","London Medical Exchange (LEM) is a leader in providing comprehensive managed services tailored to the dynamic needs of the medical sector, offering UK and overseas partners a solution to expand their business objectives. Founded in London LEM’s network covers Europe, Africa, Middle East and Asia.",,Exhibitor,Hong Kong International Medical and Healthcare Fair 2025,3F-H15,Hospital Equipment and Digital Health,British Pavilion,1,,,"LEM are creating the world’s first fully automated, AI-powered patient monitoring system, giving medical teams worldwide the ability to prevent illnesses before they start.","LEM are creating the world’s first fully automated, AI-powered patient monitoring system, giving medical teams worldwide the ability to prevent illnesses before they start.",https://www.hktdc.com/event/hkmedicalfair/en/exhibitor/1S005LKCG,0,
Luxury Anti Age,Luxury Anti Age,Hungary,,,,Exhibitor,Hong Kong International Medical and Healthcare Fair 2025,3G-A19,Hospital Equipment and Digital Health,Hungary Pavilion,1,,,"100% Natural Luxury Cosmetics
Instant rejuvenating skin renewal with 100% natural HighTech cosmetics.","100% Natural Luxury Cosmetics
Instant rejuvenating skin renewal with 100% natural HighTech cosmetics.",https://www.hktdc.com/event/hkmedicalfair/en/exhibitor/1S005MU5R,0,
"MP Group (Thailand) Co., Ltd.","MP Group (Thailand) Co., Ltd.",Thailand,,,,Exhibitor,Hong Kong International Medical and Healthcare Fair 2025,3G-C25,World of Health and Wellness,Thailand Pavilion,1,,,Live An Excellent Life,Live An Excellent Life,https://www.hktdc.com/event/hkmedicalfair/en/exhibitor/1S005MY5N,0,
National Academy of Scientist Education,National Academy of Scientist Education,Hungary,"The main aims of the National Academy of Scientist Education are to sensitize talented young people to science, help them to develop in their undergraduate years and teach them how to turn scientific knowledge to society’s benefit.","The main aims of the National Academy of Scientist Education are to sensitize talented young people to science, help them to develop in their undergraduate years and teach them how to turn scientific knowledge to society’s benefit.",,Exhibitor,Hong Kong International Medical and Healthcare Fair 2025,3G-A19,Hospital Equipment and Digital Health,Hungary Pavilion,1,,,"From Science to Society
From Curiosity to Career","From Science to Society
From Curiosity to Career",https://www.hktdc.com/event/hkmedicalfair/en/exhibitor/1S005MU20,0,
Nerivio - Theranica,Nerivio - Theranica,Chinese Mainland,,,,Exhibitor,Hong Kong International Medical and Healthcare Fair 2025,3F-H28,Hospital Equipment and Digital Health,Israel Pavilion,1,,,Remote Electrical Neuromodulation Wearable Device for Migraine Acute & Preventative Treatment for Patients 12 Years Old & Above,Remote Electrical Neuromodulation Wearable Device for Migraine Acute & Preventative Treatment for Patients 12 Years Old & Above,https://www.hktdc.com/event/hkmedicalfair/en/exhibitor/1S005N0VF,0,
Neurovalens Ltd,Neurovalens Ltd,United Kingdom,"Neurovalens is a global health-tech company focused on developing non-invasive neurostimulation products to solve some of the world’s most significant health challenges. Its Modius technology is FDA-cleared, non-invasive, and influences the deep parts of the brain with a small and safe electrical pulse. The non-invasive approach removes the need for surgical implantation and allows much earlier intervention in the treatment pathway.","Neurovalens is a global health-tech company focused on developing non-invasive neurostimulation products to solve some of the world’s most significant health challenges. Its Modius technology is FDA-cleared, non-invasive, and influences the deep parts of the brain with a small and safe electrical pulse. The non-invasive approach removes the need for surgical implantation and allows much earlier intervention in the treatment pathway.",,Exhibitor,Hong Kong International Medical and Healthcare Fair 2025,3F-H15,Hospital Equipment and Digital Health,British Pavilion,1,,,"The first product, Modius Sleep, was launched in October 2024. Modius Calm, a non-invasive, drug-free treatment for Generalised Anxiety Disorder, is set to launch later in 2025.","The first product, Modius Sleep, was launched in October 2024. Modius Calm, a non-invasive, drug-free treatment for Generalised Anxiety Disorder, is set to launch later in 2025.",https://www.hktdc.com/event/hkmedicalfair/en/exhibitor/1S005LKDD,0,
Nine Health Global Ltd,Nine Health Global Ltd,United Kingdom,"Nine Health Global Limited (NHG) specialises in healthcare big data analysis and is a pioneer in this field, having played a leading role in the EU-funded Virtual Physiological Human project. The core NHG team comprises professionals who previously held senior positions within the National Health Service (NHS). Their sister company, Nine Health CIC, is a Community Interest Company with an NHS organisational code, enabling it to manage NHS patient data securely.","Nine Health Global Limited (NHG) specialises in healthcare big data analysis and is a pioneer in this field, having played a leading role in the EU-funded Virtual Physiological Human project. The core NHG team comprises professionals who previously held senior positions within the National Health Service (NHS). Their sister company, Nine Health CIC, is a Community Interest Company with an NHS organisational code, enabling it to manage NHS patient data securely.",,Exhibitor,Hong Kong International Medical and Healthcare Fair 2025,3F-H15,Hospital Equipment and Digital Health,British Pavilion,1,,,"Woubot is an AI predictive system designed for patients with chronic lower limb wounds
Virtual Dementia Centres (VDC) aims to provide patients, including those living with dementia, access to the latest products and techniques for dementia prevention","Woubot is an AI predictive system designed for patients with chronic lower limb wounds
Virtual Dementia Centres (VDC) aims to provide patients, including those living with dementia, access to the latest products and techniques for dementia prevention",https://www.hktdc.com/event/hkmedicalfair/en/exhibitor/1S005LKEA,0,
P3 Medical Limited,P3 Medical Limited,United Kingdom,"P3 Medical is a UK-based designer, manufacturer, and supplier of high-quality, single-use medical devices, specialising in airway management and general surgery. With a strong focus on innovation, precision engineering, and regulatory excellence, the company supplies the NHS and exports to over 60 countries worldwide. P3 Medical is expanding its market in Asia with two patented products: • Steerable Tracheal Intubation Guide (STIG): A revolutionary device for precise airway intubation, enhancing patient safety and clinician control. • TracheSeal: A first-of-its-kind post-decannulation wound dressing.","P3 Medical is a UK-based designer, manufacturer, and supplier of high-quality, single-use medical devices, specialising in airway management and general surgery. With a strong focus on innovation, precision engineering, and regulatory excellence, the company supplies the NHS and exports to over 60 countries worldwide. P3 Medical is expanding its market in Asia with two patented products: • Steerable Tracheal Intubation Guide (STIG): A revolutionary device for precise airway intubation, enhancing patient safety and clinician control. • TracheSeal: A first-of-its-kind post-decannulation wound dressing.",,Exhibitor,Hong Kong International Medical and Healthcare Fair 2025,3F-H15,Hospital Equipment and Digital Health,British Pavilion,1,,,,,https://www.hktdc.com/event/hkmedicalfair/en/exhibitor/1S005LKIY,0,
Paxman Coolers Ltd,Paxman Coolers Ltd,United Kingdom,Paxman is a leading medical technology company specialising in scalp cooling solutions. Their Paxman Scalp Cooling System (PSCS) effectively minimises hair loss associated with chemotherapy treatment.,Paxman is a leading medical technology company specialising in scalp cooling solutions. Their Paxman Scalp Cooling System (PSCS) effectively minimises hair loss associated with chemotherapy treatment.,,Exhibitor,Hong Kong International Medical and Healthcare Fair 2025,3F-H15,Hospital Equipment and Digital Health,British Pavilion,1,,,"Scalp cooling has strong clinical support and is a fully established therapy in several countries, including the UK, Scandinavia, the Netherlands, Belgium, and Australia. This 
treatment is recognised as part of comprehensive cancer care.","Scalp cooling has strong clinical support and is a fully established therapy in several countries, including the UK, Scandinavia, the Netherlands, Belgium, and Australia. This 
treatment is recognised as part of comprehensive cancer care.",https://www.hktdc.com/event/hkmedicalfair/en/exhibitor/1S005LKF7,0,
Peachy Healthcare Ltd,Peachy Healthcare Ltd,United Kingdom,"Peachy Healthcare specialises in pharmacogenomic (PGx) testing, providing valuable insights into how a patient’s genetic makeup influences their response to medications. The company has developed innovative software that translates PGx reports into easy-to-understand, clinically actionable insights. This enables healthcare providers to make faster and more informed prescribing decisions.","Peachy Healthcare specialises in pharmacogenomic (PGx) testing, providing valuable insights into how a patient’s genetic makeup influences their response to medications. The company has developed innovative software that translates PGx reports into easy-to-understand, clinically actionable insights. This enables healthcare providers to make faster and more informed prescribing decisions.",,Exhibitor,Hong Kong International Medical and Healthcare Fair 2025,3F-H15,Hospital Equipment and Digital Health,British Pavilion,1,,,,,https://www.hktdc.com/event/hkmedicalfair/en/exhibitor/1S005LKG4,0,
Plexaa Ltd,Plexaa Ltd,United Kingdom,"Plexaa Ltd has developed BLOOM43, an FDA-registered platform that preconditions the skin before breast surgery to prevent wound healing complications. While initially focused on breast cancer surgery, the platform’s innovative preconditioning technology has potential applications across all surgical specialties.","Plexaa Ltd has developed BLOOM43, an FDA-registered platform that preconditions the skin before breast surgery to prevent wound healing complications. While initially focused on breast cancer surgery, the platform’s innovative preconditioning technology has potential applications across all surgical specialties.",,Exhibitor,Hong Kong International Medical and Healthcare Fair 2025,3F-H15,Hospital Equipment and Digital Health,British Pavilion,1,,,BLOOM43 is the world’s first medical device that allows patients to safely precondition their skin at home the night before surgery.This FDA-registered technology utilises prehabilitation and advanced preconditioning to help patients for surgery.,BLOOM43 is the world’s first medical device that allows patients to safely precondition their skin at home the night before surgery.This FDA-registered technology utilises prehabilitation and advanced preconditioning to help patients for surgery.,https://www.hktdc.com/event/hkmedicalfair/en/exhibitor/1S005LKH1,0,
"Prove InnoMed Co., Ltd.","Prove InnoMed Co., Ltd.",Thailand,We commit to deliver the scientifically proved innovative products for good health and well-being,We commit to deliver the scientifically proved innovative products for good health and well-being,,Exhibitor,Hong Kong International Medical and Healthcare Fair 2025,3G-C25,World of Health and Wellness,Thailand Pavilion,1,,,"An innovative beverage that can prevent kidney stone formation, helps extend lifespan and delays ageing","An innovative beverage that can prevent kidney stone formation, helps extend lifespan and delays ageing",https://www.hktdc.com/event/hkmedicalfair/en/exhibitor/1S005MY4Q,0,
Randox Laboratories Ltd,Randox Laboratories Ltd,United Kingdom,"Randox is one of the market leaders in the in vitro diagnostics industry, developing innovative diagnostic solutions for hospitals, clinical and research laboratories, molecular labs, food testing, forensic toxicology, veterinary labs, and life sciences. With offices and distribution in over 145 countries, Randox provides customers with improved efficiency, quality, costeffectiveness, and flexibility. With more than 1,300 employees globally, Randox is dedicated to meeting testing needs.","Randox is one of the market leaders in the in vitro diagnostics industry, developing innovative diagnostic solutions for hospitals, clinical and research laboratories, molecular labs, food testing, forensic toxicology, veterinary labs, and life sciences. With offices and distribution in over 145 countries, Randox provides customers with improved efficiency, quality, costeffectiveness, and flexibility. With more than 1,300 employees globally, Randox is dedicated to meeting testing needs.",,Exhibitor,Hong Kong International Medical and Healthcare Fair 2025,3F-H15,Hospital Equipment and Digital Health,British Pavilion,1,,,,,https://www.hktdc.com/event/hkmedicalfair/en/exhibitor/1S005LKNJ,0,
Resysten Ph,Resysten Ph,Philippines,,,,Exhibitor,Hong Kong International Medical and Healthcare Fair 2025,3G-A19,Hospital Equipment and Digital Health,Hungary Pavilion,1,,,"Safe and effective solution to the harmful bacteria
Antimicrobial Nanotechnology Spray solution","Safe and effective solution to the harmful bacteria
Antimicrobial Nanotechnology Spray solution",https://www.hktdc.com/event/hkmedicalfair/en/exhibitor/1S005MWD1,0,
RhinoCare Ltd,RhinoCare Ltd,"Korea, Republic Of",,,,Exhibitor,Hong Kong International Medical and Healthcare Fair 2025,3F-H28,Hospital Equipment and Digital Health,Israel Pavilion,1,,,,,https://www.hktdc.com/event/hkmedicalfair/en/exhibitor/1S005MZQV,0,
Schultz Medical (UK) Ltd,Schultz Medical (UK) Ltd,United Kingdom,"Schultz Medical is a British-based manufacturer and supplier of CE-certified single-use and reusable medical instruments. With accreditations in ISO 9001 and ISO 13485, as well as FDA approval, the company demonstrates a commitment to high-quality standards.","Schultz Medical is a British-based manufacturer and supplier of CE-certified single-use and reusable medical instruments. With accreditations in ISO 9001 and ISO 13485, as well as FDA approval, the company demonstrates a commitment to high-quality standards.",,Exhibitor,Hong Kong International Medical and Healthcare Fair 2025,3F-H15,Hospital Equipment and Digital Health,British Pavilion,1,,,"The devices are specifically designed for various medical fields, including gynaecology, laparoscopy, electro-surgery, and general surgery.","The devices are specifically designed for various medical fields, including gynaecology, laparoscopy, electro-surgery, and general surgery.",https://www.hktdc.com/event/hkmedicalfair/en/exhibitor/1S005LKJV,0,
Spectrum Dynamics Medical,Spectrum Dynamics Medical,Chinese Mainland,,,,Exhibitor,Hong Kong International Medical and Healthcare Fair 2025,3F-H28,Hospital Equipment and Digital Health,Israel Pavilion,1,,,,,https://www.hktdc.com/event/hkmedicalfair/en/exhibitor/1S005MZPY,0,
The New Clinic,The New Clinic,United Kingdom,"The New Clinic was recently established in Hong Kong by the partners of Hong Kong Surgical Specialists. This team of specialist doctors and practitioners, who have extensive overseas training and years of experience in Hong Kong, utilises the latest techniques and technologies to provide optimal patient care. The clinic specialises in several areas, including otorhinolaryngology, general surgery, hernia treatment, and physiotherapy. Additionally, a wellbeing programme is led by Dr Donald Greig, one of the practitioners. This programme focuses on actively engaging participants in activities and strategies designed to enhance their mental, physical, and emotional health through TED-style talks","The New Clinic was recently established in Hong Kong by the partners of Hong Kong Surgical Specialists. This team of specialist doctors and practitioners, who have extensive overseas training and years of experience in Hong Kong, utilises the latest techniques and technologies to provide optimal patient care. The clinic specialises in several areas, including otorhinolaryngology, general surgery, hernia treatment, and physiotherapy. Additionally, a wellbeing programme is led by Dr Donald Greig, one of the practitioners. This programme focuses on actively engaging participants in activities and strategies designed to enhance their mental, physical, and emotional health through TED-style talks",,Exhibitor,Hong Kong International Medical and Healthcare Fair 2025,3F-H15,Hospital Equipment and Digital Health,British Pavilion,1,,,,,https://www.hktdc.com/event/hkmedicalfair/en/exhibitor/1S005LKKS,0,
Tuspark Holdings (UK),Tuspark Holdings (UK),United Kingdom,"TusPark is a leading global ecosystem in comprehensive innovation service. In the UK, TusPark has launched two science parks - TusPark Cambridge and TusPark Newcastle. Tuspark Cambridge is a landmark £200 million joint venture with Trinity College, University of Cambridge, which includes 350,000 sq. ft of office/lab space that is developed over five new buildings, including the aforementioned state-of-the-art Bio-Innovation Centre. Together with a few other facilities to be built in the Cambridge Science Park, the Bio-Innovation Centre is expected to provide space, business support and global opportunities for life science start-ups and scale-ups. In addition to the science parks, TusPark UK has also made equity investments into a few Cambridge life science startups as well as the Cambridge Innovation Capital. It partnered with Innovate UK on helping British start-ups soft-land and accelerate in China and will continue to work with UK and Chinese governments, businesses, associations, universities, and institutions on cross-border collaborations.","TusPark is a leading global ecosystem in comprehensive innovation service. In the UK, TusPark has launched two science parks - TusPark Cambridge and TusPark Newcastle. Tuspark Cambridge is a landmark £200 million joint venture with Trinity College, University of Cambridge, which includes 350,000 sq. ft of office/lab space that is developed over five new buildings, including the aforementioned state-of-the-art Bio-Innovation Centre. Together with a few other facilities to be built in the Cambridge Science Park, the Bio-Innovation Centre is expected to provide space, business support and global opportunities for life science start-ups and scale-ups. In addition to the science parks, TusPark UK has also made equity investments into a few Cambridge life science startups as well as the Cambridge Innovation Capital. It partnered with Innovate UK on helping British start-ups soft-land and accelerate in China and will continue to work with UK and Chinese governments, businesses, associations, universities, and institutions on cross-border collaborations.",,Exhibitor,Hong Kong International Medical and Healthcare Fair 2025,3F-H15,Hospital Equipment and Digital Health,British Pavilion,1,,,,,https://www.hktdc.com/event/hkmedicalfair/en/exhibitor/1S005LKLP,0,
"Winona International Co., Ltd.","Winona International Co., Ltd.",Thailand,,,,Exhibitor,Hong Kong International Medical and Healthcare Fair 2025,3G-C25,World of Health and Wellness,Thailand Pavilion,1,,,"Probiotics, Alive and Active
Award-Winning Probiotics
Probiotics—Above and beyond bowel movements","Probiotics, Alive and Active
Award-Winning Probiotics
Probiotics—Above and beyond bowel movements",https://www.hktdc.com/event/hkmedicalfair/en/exhibitor/1S005MY2W,0,
eXroid International Ltd,eXroid International Ltd,United Kingdom,"eXroid is a pioneering medical technology company focusing on providing innovative, minimally invasive treatments for haemorrhoids.","eXroid is a pioneering medical technology company focusing on providing innovative, minimally invasive treatments for haemorrhoids.",,Exhibitor,Hong Kong International Medical and Healthcare Fair 2025,3F-H15,Hospital Equipment and Digital Health,British Pavilion,1,,,The device utilises advanced electrotherapy technology to treat internal haemorrhoids. This innovative approach applies direct current electrotherapy to interrupt blood flow and shrink haemorrhoids without penetrating the mucosa.,The device utilises advanced electrotherapy technology to treat internal haemorrhoids. This innovative approach applies direct current electrotherapy to interrupt blood flow and shrink haemorrhoids without penetrating the mucosa.,https://www.hktdc.com/event/hkmedicalfair/en/exhibitor/1S005LK9P,0,
