NAME_KR,NAME_EN,COUNTRY,INTRO_KR,INTRO_EN,WEBSITE,PARTICIPATION_TYPE,EXHIBITION_NAME_EN,BOOTH_NAME,HALL_NAME,PAVILION_NAME,FLOOR,X_COORD,Y_COORD,INDUSTRY_NAME_KR,INDUSTRY_NAME_EN,DETAIL_URL,PRODUCT_COUNT,PRODUCT_LIST
"Fujian Dehua Faith Win Ceramic Co., Ltd.","Fujian Dehua Faith Win Ceramic Co., Ltd.",Chinese Mainland,"Cup & Plate Set,Tabletop Accessories,Tableware,Resin Crafts,Ceramic Crafts","Cup & Plate Set,Tabletop Accessories,Tableware,Resin Crafts,Ceramic Crafts",,Exhibitor,Hong Kong Home InStyle 2025,3C-F02,Group Pavilions,Chinese Mainland (Quanzhou) Pavilion,1,,,"Cup & Plate Set,Tabletop Accessories,Tableware,Resin Crafts,Ceramic Crafts; Ceramics, Photo Frame, Decoration; ODM, OEM, OBM","Cup & Plate Set,Tabletop Accessories,Tableware,Resin Crafts,Ceramic Crafts; Ceramics, Photo Frame, Decoration; ODM, OEM, OBM",https://www.hktdc.com/event/homeinstyle/en/exhibitor/1S005L0RR,38,https://www.hktdc.com/event/homeinstyle/en/product/1Z03NVHAP; https://www.hktdc.com/event/homeinstyle/en/product/1Z03NVHAP; https://www.hktdc.com/event/homeinstyle/en/product/1Z03NV1B2; https://www.hktdc.com/event/homeinstyle/en/product/1Z03NV1B2; https://www.hktdc.com/event/homeinstyle/en/product/1Z03NUJ52; https://www.hktdc.com/event/homeinstyle/en/product/1Z03NUJ52; https://www.hktdc.com/event/homeinstyle/en/product/1Z03NUI60; https://www.hktdc.com/event/homeinstyle/en/product/1Z03NUI60; https://www.hktdc.com/event/homeinstyle/en/product/1Z03NUHVY; https://www.hktdc.com/event/homeinstyle/en/product/1Z03NUHVY; https://www.hktdc.com/event/homeinstyle/en/product/1Z03NUC9X; https://www.hktdc.com/event/homeinstyle/en/product/1Z03NUC9X; https://www.hktdc.com/event/homeinstyle/en/product/1Z03NU778; https://www.hktdc.com/event/homeinstyle/en/product/1Z03NU778; https://www.hktdc.com/event/homeinstyle/en/product/1Z03NU66C; https://www.hktdc.com/event/homeinstyle/en/product/1Z03NU66C; https://www.hktdc.com/event/homeinstyle/en/product/1Z03NU5DS; https://www.hktdc.com/event/homeinstyle/en/product/1Z03NU5DS; https://www.hktdc.com/event/homeinstyle/en/product/1Z03NS3N0; https://www.hktdc.com/event/homeinstyle/en/product/1Z03NS3N0; https://www.hktdc.com/event/homeinstyle/en/product/1Z03NDXSR; https://www.hktdc.com/event/homeinstyle/en/product/1Z03NDXSR; https://www.hktdc.com/event/homeinstyle/en/product/1Z03NA792; https://www.hktdc.com/event/homeinstyle/en/product/1Z03NA792; https://www.hktdc.com/event/homeinstyle/en/product/1Z03NA7GH; https://www.hktdc.com/event/homeinstyle/en/product/1Z03NA7GH; https://www.hktdc.com/event/homeinstyle/en/product/1Z03NAC1L; https://www.hktdc.com/event/homeinstyle/en/product/1Z03NAC1L; https://www.hktdc.com/event/homeinstyle/en/product/1Z03NA7CT; https://www.hktdc.com/event/homeinstyle/en/product/1Z03NA7CT; https://www.hktdc.com/event/homeinstyle/en/product/1X2345H4; https://www.hktdc.com/event/homeinstyle/en/product/1X2345H4; https://www.hktdc.com/event/homeinstyle/en/product/1X2345D8; https://www.hktdc.com/event/homeinstyle/en/product/1X2345D8; https://www.hktdc.com/event/homeinstyle/en/product/1X2345BA; https://www.hktdc.com/event/homeinstyle/en/product/1X2345BA; https://www.hktdc.com/event/homeinstyle/en/product/1X1WHMQG; https://www.hktdc.com/event/homeinstyle/en/product/1X1WHMQG
Tsai Thing Int'l Technology Ltd.,Tsai Thing Int'l Technology Ltd.,Taiwan,Tsai Thing is a leading professional plastic injection factory in Taiwan for more than 50 years. we have long-term well cooperated ironworks and hardware factory. we design produce and sell products by ourselves with competitive price.,Tsai Thing is a leading professional plastic injection factory in Taiwan for more than 50 years. we have long-term well cooperated ironworks and hardware factory. we design produce and sell products by ourselves with competitive price.,,Exhibitor,Hong Kong Home InStyle 2025,3D-C06,Group Pavilions,Taiwan Pavilion,1,,,"Storage Box,Storage Rack,Household Hook,Storage Basket,Hanger,Drying Rack,Home Storage & Organisation,Desk Organiser,Towel Rail,Computer Peripherals & Accessories; Multifunction Lazy Susan, Foldable Invisible Hook, Bed Side Table. etc., storage shelf and organizer.; OEM, Others, OBM, ODM","Storage Box,Storage Rack,Household Hook,Storage Basket,Hanger,Drying Rack,Home Storage & Organisation,Desk Organiser,Towel Rail,Computer Peripherals & Accessories; Multifunction Lazy Susan, Foldable Invisible Hook, Bed Side Table. etc., storage shelf and organizer.; OEM, Others, OBM, ODM",https://www.hktdc.com/event/homeinstyle/en/exhibitor/1S005GBU7,40,https://www.hktdc.com/event/homeinstyle/en/product/1Z03HC3HI; https://www.hktdc.com/event/homeinstyle/en/product/1Z03HC3HI; https://www.hktdc.com/event/homeinstyle/en/product/1Z03HA4UE; https://www.hktdc.com/event/homeinstyle/en/product/1Z03HA4UE; https://www.hktdc.com/event/homeinstyle/en/product/1Z03O6JCH; https://www.hktdc.com/event/homeinstyle/en/product/1Z03O6JCH; https://www.hktdc.com/event/homeinstyle/en/product/1Z03K3RBC; https://www.hktdc.com/event/homeinstyle/en/product/1Z03K3RBC; https://www.hktdc.com/event/homeinstyle/en/product/1X22T9CX; https://www.hktdc.com/event/homeinstyle/en/product/1X22T9CX; https://www.hktdc.com/event/homeinstyle/en/product/1Z03JM8FJ; https://www.hktdc.com/event/homeinstyle/en/product/1Z03JM8FJ; https://www.hktdc.com/event/homeinstyle/en/product/1Z03O6JG5; https://www.hktdc.com/event/homeinstyle/en/product/1Z03O6JG5; https://www.hktdc.com/event/homeinstyle/en/product/1Z03NMIDF; https://www.hktdc.com/event/homeinstyle/en/product/1Z03NMIDF; https://www.hktdc.com/event/homeinstyle/en/product/1Z03NGQAG; https://www.hktdc.com/event/homeinstyle/en/product/1Z03NGQAG; https://www.hktdc.com/event/homeinstyle/en/product/1Z03JMB0P; https://www.hktdc.com/event/homeinstyle/en/product/1Z03JMB0P; https://www.hktdc.com/event/homeinstyle/en/product/1Z03NMIF9; https://www.hktdc.com/event/homeinstyle/en/product/1Z03NMIF9; https://www.hktdc.com/event/homeinstyle/en/product/1Z03JM9HC; https://www.hktdc.com/event/homeinstyle/en/product/1Z03JM9HC; https://www.hktdc.com/event/homeinstyle/en/product/1X1ZCUKY; https://www.hktdc.com/event/homeinstyle/en/product/1X1ZCUKY; https://www.hktdc.com/event/homeinstyle/en/product/1X1ZCULX; https://www.hktdc.com/event/homeinstyle/en/product/1X1ZCULX; https://www.hktdc.com/event/homeinstyle/en/product/1Z03HA4TH; https://www.hktdc.com/event/homeinstyle/en/product/1Z03HA4TH; https://www.hktdc.com/event/homeinstyle/en/product/1X1WYO9R; https://www.hktdc.com/event/homeinstyle/en/product/1X1WYO9R; https://www.hktdc.com/event/homeinstyle/en/product/1X22T9AZ; https://www.hktdc.com/event/homeinstyle/en/product/1X22T9AZ; https://www.hktdc.com/event/homeinstyle/en/product/1X22XDJE; https://www.hktdc.com/event/homeinstyle/en/product/1X22XDJE; https://www.hktdc.com/event/homeinstyle/en/product/1X1EUC7T; https://www.hktdc.com/event/homeinstyle/en/product/1X1EUC7T; https://www.hktdc.com/event/homeinstyle/en/product/1X0A0QAK; https://www.hktdc.com/event/homeinstyle/en/product/1X0A0QAK
Carrara International Ltd.,Carrara International Ltd.,Taiwan,"Clock,Furniture & Furnishing Accessory","Clock,Furniture & Furnishing Accessory",,Exhibitor,Hong Kong Home InStyle 2025,3D-B11,Home Decor & Accessories,,1,,,"Clock,Furniture & Furnishing Accessory; CARRARA INTERNATIONAL LTD. have been specialized in clock designing and developing for more than 20 years. We aim to create various types of quartz clocks for different styles of living spaces.

Our brand is CARRARA. The diversified CARRARA clock; OEM, ODM","Clock,Furniture & Furnishing Accessory; CARRARA INTERNATIONAL LTD. have been specialized in clock designing and developing for more than 20 years. We aim to create various types of quartz clocks for different styles of living spaces.

Our brand is CARRARA. The diversified CARRARA clock; OEM, ODM",https://www.hktdc.com/event/homeinstyle/en/exhibitor/1S005J80S,12,https://www.hktdc.com/event/homeinstyle/en/product/1Z03HJ0Y6; https://www.hktdc.com/event/homeinstyle/en/product/1Z03HJ0Y6; https://www.hktdc.com/event/homeinstyle/en/product/1Z03J1R30; https://www.hktdc.com/event/homeinstyle/en/product/1Z03J1R30; https://www.hktdc.com/event/homeinstyle/en/product/1Z03J1R7O; https://www.hktdc.com/event/homeinstyle/en/product/1Z03J1R7O; https://www.hktdc.com/event/homeinstyle/en/product/1Z03HJ10Z; https://www.hktdc.com/event/homeinstyle/en/product/1Z03HJ10Z; https://www.hktdc.com/event/homeinstyle/en/product/1Z03J1R4X; https://www.hktdc.com/event/homeinstyle/en/product/1Z03J1R4X; https://www.hktdc.com/event/homeinstyle/en/product/1Z03HJ0VF; https://www.hktdc.com/event/homeinstyle/en/product/1Z03HJ0VF
"Hunan Legend Porcelain Industry Co., Ltd","Hunan Legend Porcelain Industry Co., Ltd",Chinese Mainland,"Cutlery Set,Kitchen Utensil,Cup,Mug,Cup & Plate Set,Tableware","Cutlery Set,Kitchen Utensil,Cup,Mug,Cup & Plate Set,Tableware",,Exhibitor,Hong Kong Home InStyle 2025,3D-C18,Group Pavilions,Chinese Mainland (Hunan) Pavilion,1,,,"Cutlery Set,Kitchen Utensil,Cup,Mug,Cup & Plate Set,Tableware; Ceramic; OEM, OBM, ODM, Others","Cutlery Set,Kitchen Utensil,Cup,Mug,Cup & Plate Set,Tableware; Ceramic; OEM, OBM, ODM, Others",https://www.hktdc.com/event/homeinstyle/en/exhibitor/1S005L4PT,2,https://www.hktdc.com/event/homeinstyle/en/product/1Z03OELH0; https://www.hktdc.com/event/homeinstyle/en/product/1Z03OELH0
"Taizhou Feirong Glasses Co., Ltd.","Taizhou Feirong Glasses Co., Ltd.",Chinese Mainland,Camping & Picnic Equipment,Camping & Picnic Equipment,,Exhibitor,Hong Kong Home InStyle 2025,3C-A24,Group Pavilions,Chinese Mainland (Jiaojiang) Pavilion,1,,,"Camping & Picnic Equipment; Sunglasses; ODM, OEM","Camping & Picnic Equipment; Sunglasses; ODM, OEM",https://www.hktdc.com/event/homeinstyle/en/exhibitor/1S005MLE9,40,https://www.hktdc.com/event/homeinstyle/en/product/1X26Q7OR; https://www.hktdc.com/event/homeinstyle/en/product/1X26Q7OR; https://www.hktdc.com/event/homeinstyle/en/product/1Z03G1UWI; https://www.hktdc.com/event/homeinstyle/en/product/1Z03G1UWI; https://www.hktdc.com/event/homeinstyle/en/product/1X27GY24; https://www.hktdc.com/event/homeinstyle/en/product/1X27GY24; https://www.hktdc.com/event/homeinstyle/en/product/1X27G0JH; https://www.hktdc.com/event/homeinstyle/en/product/1X27G0JH; https://www.hktdc.com/event/homeinstyle/en/product/1X275EL9; https://www.hktdc.com/event/homeinstyle/en/product/1X275EL9; https://www.hktdc.com/event/homeinstyle/en/product/1X273EM8; https://www.hktdc.com/event/homeinstyle/en/product/1X273EM8; https://www.hktdc.com/event/homeinstyle/en/product/1X26Q9DW; https://www.hktdc.com/event/homeinstyle/en/product/1X26Q9DW; https://www.hktdc.com/event/homeinstyle/en/product/1X26Q5H4; https://www.hktdc.com/event/homeinstyle/en/product/1X26Q5H4; https://www.hktdc.com/event/homeinstyle/en/product/1X26PNAT; https://www.hktdc.com/event/homeinstyle/en/product/1X26PNAT; https://www.hktdc.com/event/homeinstyle/en/product/1X26BCY2; https://www.hktdc.com/event/homeinstyle/en/product/1X26BCY2; https://www.hktdc.com/event/homeinstyle/en/product/1X26BCX3; https://www.hktdc.com/event/homeinstyle/en/product/1X26BCX3; https://www.hktdc.com/event/homeinstyle/en/product/1X26BCV5; https://www.hktdc.com/event/homeinstyle/en/product/1X26BCV5; https://www.hktdc.com/event/homeinstyle/en/product/1Z03G7LKR; https://www.hktdc.com/event/homeinstyle/en/product/1Z03G7LKR; https://www.hktdc.com/event/homeinstyle/en/product/1X279UG2; https://www.hktdc.com/event/homeinstyle/en/product/1X279UG2; https://www.hktdc.com/event/homeinstyle/en/product/1X279OOC; https://www.hktdc.com/event/homeinstyle/en/product/1X279OOC; https://www.hktdc.com/event/homeinstyle/en/product/1X279KQM; https://www.hktdc.com/event/homeinstyle/en/product/1X279KQM; https://www.hktdc.com/event/homeinstyle/en/product/1X279884; https://www.hktdc.com/event/homeinstyle/en/product/1X279884; https://www.hktdc.com/event/homeinstyle/en/product/1Z03G7LPC; https://www.hktdc.com/event/homeinstyle/en/product/1Z03G7LPC; https://www.hktdc.com/event/homeinstyle/en/product/1Z03G4IU0; https://www.hktdc.com/event/homeinstyle/en/product/1Z03G4IU0; https://www.hktdc.com/event/homeinstyle/en/product/1Z03G2PVQ; https://www.hktdc.com/event/homeinstyle/en/product/1Z03G2PVQ
Hong Kong Productivity Council,Hong Kong Productivity Council,Hong Kong,"The Hong Kong Productivity Council (HKPC) is a multi-disciplinary organisation established by statute in 1967, to promote productivity excellence through relentless drive of world-class advanced technologies and innovative service offerings to support Hong Kong enterprises. As a nationwide leader in innovative, market-driven research and development (R&D) internationally, specialising in leading technologies and all-rounded manufacturing services, HKPC promotes new industrialisation in Hong Kong and the Greater Bay Area and facilitates the development of new productive forces, leveraging innovation and technology (I&T), as well as bolstering Hong Kong to be an international innovation and technology centre and a smart city. The Council offers comprehensive innovative solutions for Hong Kong industries and enterprises, enabling them to achieve resources and productivity utilisation, effectiveness and cost reduction, and enhance competitiveness in both local and overseas marketplace. The Council partners and collaborates with local industries and enterprises and world-class R&D institutes to develop applied technology solutions for value creation.","The Hong Kong Productivity Council (HKPC) is a multi-disciplinary organisation established by statute in 1967, to promote productivity excellence through relentless drive of world-class advanced technologies and innovative service offerings to support Hong Kong enterprises. As a nationwide leader in innovative, market-driven research and development (R&D) internationally, specialising in leading technologies and all-rounded manufacturing services, HKPC promotes new industrialisation in Hong Kong and the Greater Bay Area and facilitates the development of new productive forces, leveraging innovation and technology (I&T), as well as bolstering Hong Kong to be an international innovation and technology centre and a smart city. The Council offers comprehensive innovative solutions for Hong Kong industries and enterprises, enabling them to achieve resources and productivity utilisation, effectiveness and cost reduction, and enhance competitiveness in both local and overseas marketplace. The Council partners and collaborates with local industries and enterprises and world-class R&D institutes to develop applied technology solutions for value creation.",,Exhibitor,Hong Kong Home InStyle 2025,5E-A08,Health & Wellness,Gerontech Living Pavilion,1,,,"Elderly Care; The Healing Horizon: A Journey into Immersive Healthcare combines hand-eye coordination with floral arrangement in a mixed reality (MR) game, utilizing cognitive stimulation therapy to restore muscle and brain functions; Others","Elderly Care; The Healing Horizon: A Journey into Immersive Healthcare combines hand-eye coordination with floral arrangement in a mixed reality (MR) game, utilizing cognitive stimulation therapy to restore muscle and brain functions; Others",https://www.hktdc.com/event/homeinstyle/en/exhibitor/1S005L6TF,0,
Hongkong Liveon Kitchen Technology Limited,Hongkong Liveon Kitchen Technology Limited,Hong Kong,"Kitchen Knife,Cutlery Set,Table Knife,Cutting Board,Salt Pepper Grinder,Kitchen Utensil,Tableware,Coaster,Metal Craft,Can Opener","Kitchen Knife,Cutlery Set,Table Knife,Cutting Board,Salt Pepper Grinder,Kitchen Utensil,Tableware,Coaster,Metal Craft,Can Opener",,Exhibitor,Hong Kong Home InStyle 2025,3E-D01,World of Fine Dining,,1,,,"Kitchen Knife,Cutlery Set,Table Knife,Cutting Board,Salt Pepper Grinder,Kitchen Utensil,Tableware,Coaster,Metal Craft,Can Opener; HONGKONG LIVEON KITCHEN TECHNOLOGY LIMITED main products:
knives, tablewares, BAMBOO WOOD ARTICLES, Kitchen
miscellaneous.; ODM, OBM","Kitchen Knife,Cutlery Set,Table Knife,Cutting Board,Salt Pepper Grinder,Kitchen Utensil,Tableware,Coaster,Metal Craft,Can Opener; HONGKONG LIVEON KITCHEN TECHNOLOGY LIMITED main products:
knives, tablewares, BAMBOO WOOD ARTICLES, Kitchen
miscellaneous.; ODM, OBM",https://www.hktdc.com/event/homeinstyle/en/exhibitor/1S005G0Z3,6,https://www.hktdc.com/event/homeinstyle/en/product/1Z03N5I46; https://www.hktdc.com/event/homeinstyle/en/product/1Z03N5I46; https://www.hktdc.com/event/homeinstyle/en/product/1Z03N4J6Z; https://www.hktdc.com/event/homeinstyle/en/product/1Z03N4J6Z; https://www.hktdc.com/event/homeinstyle/en/product/1Z03N5IU0; https://www.hktdc.com/event/homeinstyle/en/product/1Z03N5IU0
Huangyan Import & Export Corporation Zhejiang,Huangyan Import & Export Corporation Zhejiang,Chinese Mainland,Towel Rail,Towel Rail,,Exhibitor,Hong Kong Home InStyle 2025,3C-B28,Group Pavilions,Chinese Mainland (Huangyan) Pavilion,1,,,"Towel Rail; GIFT; ODM, OEM","Towel Rail; GIFT; ODM, OEM",https://www.hktdc.com/event/homeinstyle/en/exhibitor/1S005LUGU,40,https://www.hktdc.com/event/homeinstyle/en/product/1Z03FQFH6; https://www.hktdc.com/event/homeinstyle/en/product/1Z03FQFH6; https://www.hktdc.com/event/homeinstyle/en/product/1Z03IBTBA; https://www.hktdc.com/event/homeinstyle/en/product/1Z03IBTBA; https://www.hktdc.com/event/homeinstyle/en/product/1Z03FRNYJ; https://www.hktdc.com/event/homeinstyle/en/product/1Z03FRNYJ; https://www.hktdc.com/event/homeinstyle/en/product/1Z03LQYEW; https://www.hktdc.com/event/homeinstyle/en/product/1Z03LQYEW; https://www.hktdc.com/event/homeinstyle/en/product/1Z03MJNZG; https://www.hktdc.com/event/homeinstyle/en/product/1Z03MJNZG; https://www.hktdc.com/event/homeinstyle/en/product/1Z03MJ7K5; https://www.hktdc.com/event/homeinstyle/en/product/1Z03MJ7K5; https://www.hktdc.com/event/homeinstyle/en/product/1Z03MK4M2; https://www.hktdc.com/event/homeinstyle/en/product/1Z03MK4M2; https://www.hktdc.com/event/homeinstyle/en/product/1Z03MJ4BZ; https://www.hktdc.com/event/homeinstyle/en/product/1Z03MJ4BZ; https://www.hktdc.com/event/homeinstyle/en/product/1Z03IB72N; https://www.hktdc.com/event/homeinstyle/en/product/1Z03IB72N; https://www.hktdc.com/event/homeinstyle/en/product/1Z03MJTRY; https://www.hktdc.com/event/homeinstyle/en/product/1Z03MJTRY; https://www.hktdc.com/event/homeinstyle/en/product/1Z03LPRP6; https://www.hktdc.com/event/homeinstyle/en/product/1Z03LPRP6; https://www.hktdc.com/event/homeinstyle/en/product/1Z03IAEJ1; https://www.hktdc.com/event/homeinstyle/en/product/1Z03IAEJ1; https://www.hktdc.com/event/homeinstyle/en/product/1Z03MJDKZ; https://www.hktdc.com/event/homeinstyle/en/product/1Z03MJDKZ; https://www.hktdc.com/event/homeinstyle/en/product/1Z03LQXY9; https://www.hktdc.com/event/homeinstyle/en/product/1Z03LQXY9; https://www.hktdc.com/event/homeinstyle/en/product/1Z03LXSE2; https://www.hktdc.com/event/homeinstyle/en/product/1Z03LXSE2; https://www.hktdc.com/event/homeinstyle/en/product/1Z03MJ6V9; https://www.hktdc.com/event/homeinstyle/en/product/1Z03MJ6V9; https://www.hktdc.com/event/homeinstyle/en/product/1Z03MJOZF; https://www.hktdc.com/event/homeinstyle/en/product/1Z03MJOZF; https://www.hktdc.com/event/homeinstyle/en/product/1Z03MJ2JD; https://www.hktdc.com/event/homeinstyle/en/product/1Z03MJ2JD; https://www.hktdc.com/event/homeinstyle/en/product/1Z03MK1TK; https://www.hktdc.com/event/homeinstyle/en/product/1Z03MK1TK; https://www.hktdc.com/event/homeinstyle/en/product/1Z03MJ0HL; https://www.hktdc.com/event/homeinstyle/en/product/1Z03MJ0HL
"Ningbo Flyingking Import & Export Co., Ltd.","Ningbo Flyingking Import & Export Co., Ltd.",Chinese Mainland,Stationery,Stationery,,Exhibitor,Hong Kong Home InStyle 2025,3C-B27,Group Pavilions,Chinese Mainland (Ninghai) Pavilion,1,,,"Stationery; Stationery; OBM, OEM","Stationery; Stationery; OBM, OEM",https://www.hktdc.com/event/homeinstyle/en/exhibitor/1S005MLJU,40,https://www.hktdc.com/event/homeinstyle/en/product/1Z03H5AQK; https://www.hktdc.com/event/homeinstyle/en/product/1Z03H5AQK; https://www.hktdc.com/event/homeinstyle/en/product/1Z03H06IC; https://www.hktdc.com/event/homeinstyle/en/product/1Z03H06IC; https://www.hktdc.com/event/homeinstyle/en/product/1Z03H3KR7; https://www.hktdc.com/event/homeinstyle/en/product/1Z03H3KR7; https://www.hktdc.com/event/homeinstyle/en/product/1Z03GVDH8; https://www.hktdc.com/event/homeinstyle/en/product/1Z03GVDH8; https://www.hktdc.com/event/homeinstyle/en/product/1Z03H4BV4; https://www.hktdc.com/event/homeinstyle/en/product/1Z03H4BV4; https://www.hktdc.com/event/homeinstyle/en/product/1Z03H5AK2; https://www.hktdc.com/event/homeinstyle/en/product/1Z03H5AK2; https://www.hktdc.com/event/homeinstyle/en/product/1Z03GVDJ2; https://www.hktdc.com/event/homeinstyle/en/product/1Z03GVDJ2; https://www.hktdc.com/event/homeinstyle/en/product/1Z03H4BW1; https://www.hktdc.com/event/homeinstyle/en/product/1Z03H4BW1; https://www.hktdc.com/event/homeinstyle/en/product/1Z03GZAAW; https://www.hktdc.com/event/homeinstyle/en/product/1Z03GZAAW; https://www.hktdc.com/event/homeinstyle/en/product/1Z03H5B9Y; https://www.hktdc.com/event/homeinstyle/en/product/1Z03H5B9Y; https://www.hktdc.com/event/homeinstyle/en/product/1Z03H4ZWD; https://www.hktdc.com/event/homeinstyle/en/product/1Z03H4ZWD; https://www.hktdc.com/event/homeinstyle/en/product/1Z03H0T5S; https://www.hktdc.com/event/homeinstyle/en/product/1Z03H0T5S; https://www.hktdc.com/event/homeinstyle/en/product/1Z03H0RQ3; https://www.hktdc.com/event/homeinstyle/en/product/1Z03H0RQ3; https://www.hktdc.com/event/homeinstyle/en/product/1Z03GVLH0; https://www.hktdc.com/event/homeinstyle/en/product/1Z03GVLH0; https://www.hktdc.com/event/homeinstyle/en/product/1Z03GXOWO; https://www.hktdc.com/event/homeinstyle/en/product/1Z03GXOWO; https://www.hktdc.com/event/homeinstyle/en/product/1Z03H2UTR; https://www.hktdc.com/event/homeinstyle/en/product/1Z03H2UTR; https://www.hktdc.com/event/homeinstyle/en/product/1Z03H46W6; https://www.hktdc.com/event/homeinstyle/en/product/1Z03H46W6; https://www.hktdc.com/event/homeinstyle/en/product/1Z03GYSTT; https://www.hktdc.com/event/homeinstyle/en/product/1Z03GYSTT; https://www.hktdc.com/event/homeinstyle/en/product/1Z03H3KLP; https://www.hktdc.com/event/homeinstyle/en/product/1Z03H3KLP; https://www.hktdc.com/event/homeinstyle/en/product/1Z03H2ULF; https://www.hktdc.com/event/homeinstyle/en/product/1Z03H2ULF
Bzyoo International Inc.,Bzyoo International Inc.,Taiwan,"Thermal Flask,Thermal Mug,Kitchen Utensil,Tabletop Accessories,Tableware,Mixing Bowl,Plate,Bowl,Food Container,Food Box","Thermal Flask,Thermal Mug,Kitchen Utensil,Tabletop Accessories,Tableware,Mixing Bowl,Plate,Bowl,Food Container,Food Box",,Exhibitor,Hong Kong Home InStyle 2025,3E-B02,World of Fine Dining,,1,,,"Thermal Flask,Thermal Mug,Kitchen Utensil,Tabletop Accessories,Tableware,Mixing Bowl,Plate,Bowl,Food Container,Food Box; Dinnerware, Serveware, Kitchen Accessories, Hydration, Bento, Food Storage; OEM, ODM","Thermal Flask,Thermal Mug,Kitchen Utensil,Tabletop Accessories,Tableware,Mixing Bowl,Plate,Bowl,Food Container,Food Box; Dinnerware, Serveware, Kitchen Accessories, Hydration, Bento, Food Storage; OEM, ODM",https://www.hktdc.com/event/homeinstyle/en/exhibitor/1S005HH2D,8,https://www.hktdc.com/event/homeinstyle/en/product/1Z03O1PAH; https://www.hktdc.com/event/homeinstyle/en/product/1Z03O1PAH; https://www.hktdc.com/event/homeinstyle/en/product/1Z03NSZ3S; https://www.hktdc.com/event/homeinstyle/en/product/1Z03NSZ3S; https://www.hktdc.com/event/homeinstyle/en/product/1Z03NSY8E; https://www.hktdc.com/event/homeinstyle/en/product/1Z03NSY8E; https://www.hktdc.com/event/homeinstyle/en/product/1Z03NSZ5M; https://www.hktdc.com/event/homeinstyle/en/product/1Z03NSZ5M
Shaoxing Shangyu Xiaoyue Bosen Art Work Factory,Shaoxing Shangyu Xiaoyue Bosen Art Work Factory,Chinese Mainland,Party Supplies,Party Supplies,,Exhibitor,Hong Kong Home InStyle 2025,3B-F02,Group Pavilions,Chinese Mainland (Shangyu) Pavilion,1,,,"Party Supplies; Party decorations; OEM, ODM","Party Supplies; Party decorations; OEM, ODM",https://www.hktdc.com/event/homeinstyle/en/exhibitor/1S005M5BY,14,https://www.hktdc.com/event/homeinstyle/en/product/1X1VWQCI; https://www.hktdc.com/event/homeinstyle/en/product/1X1VWQCI; https://www.hktdc.com/event/homeinstyle/en/product/1X1VWQBJ; https://www.hktdc.com/event/homeinstyle/en/product/1X1VWQBJ; https://www.hktdc.com/event/homeinstyle/en/product/1Z03EJ7CT; https://www.hktdc.com/event/homeinstyle/en/product/1Z03EJ7CT; https://www.hktdc.com/event/homeinstyle/en/product/1Z03EJ884; https://www.hktdc.com/event/homeinstyle/en/product/1Z03EJ884; https://www.hktdc.com/event/homeinstyle/en/product/1Z03EJ7X2; https://www.hktdc.com/event/homeinstyle/en/product/1Z03EJ7X2; https://www.hktdc.com/event/homeinstyle/en/product/1Z03EJ6TF; https://www.hktdc.com/event/homeinstyle/en/product/1Z03EJ6TF; https://www.hktdc.com/event/homeinstyle/en/product/1Z03EJJOH; https://www.hktdc.com/event/homeinstyle/en/product/1Z03EJJOH
Zhejiang Delijia Stationery Co Ltd,Zhejiang Delijia Stationery Co Ltd,Chinese Mainland,Paper Crafts,Paper Crafts,,Exhibitor,Hong Kong Home InStyle 2025,3C-B02,Group Pavilions,Chinese Mainland (Huangyan) Pavilion,1,,,"Paper Crafts; Notebook; OEM, ODM","Paper Crafts; Notebook; OEM, ODM",https://www.hktdc.com/event/homeinstyle/en/exhibitor/1S005LTGV,6,https://www.hktdc.com/event/homeinstyle/en/product/1X0D2M33; https://www.hktdc.com/event/homeinstyle/en/product/1X0D2M33; https://www.hktdc.com/event/homeinstyle/en/product/1X0D2M24; https://www.hktdc.com/event/homeinstyle/en/product/1X0D2M24; https://www.hktdc.com/event/homeinstyle/en/product/1X0D2M15; https://www.hktdc.com/event/homeinstyle/en/product/1X0D2M15
AT-Vibe Technology Limited,AT-Vibe Technology Limited,Hong Kong,"AT-Vibe Technology Limited was established in 2020 as a high-tech company committed to promoting the development of smart cities. Our core business covers areas such as automation intelligence, the Internet of Things (IoT), artificial intelligence (AI), and big data applications. We offer comprehensive intelligent solutions to our customers in areas including smart infrastructure, smart offices, and innovative healthcare. Our team has rich professional knowledge and technical expertise, and we are constantly exploring innovation and technology to realize the vision of a smart city. We are dedicated to creating smart and secure cities, using technology to improve people's lives and the social environment.","AT-Vibe Technology Limited was established in 2020 as a high-tech company committed to promoting the development of smart cities. Our core business covers areas such as automation intelligence, the Internet of Things (IoT), artificial intelligence (AI), and big data applications. We offer comprehensive intelligent solutions to our customers in areas including smart infrastructure, smart offices, and innovative healthcare. Our team has rich professional knowledge and technical expertise, and we are constantly exploring innovation and technology to realize the vision of a smart city. We are dedicated to creating smart and secure cities, using technology to improve people's lives and the social environment.",,Exhibitor,Hong Kong Home InStyle 2025,5E-A08,Health & Wellness,Gerontech Living Pavilion,1,,,"Elderly Care; Vitals Detection Radar,Fall Detection Radar,Smart Watch,SOS Button,Smart Love - Smart Elderly Care Ecological Solution; OEM","Elderly Care; Vitals Detection Radar,Fall Detection Radar,Smart Watch,SOS Button,Smart Love - Smart Elderly Care Ecological Solution; OEM",https://www.hktdc.com/event/homeinstyle/en/exhibitor/1S005L1DW,0,
Aloha Medical Limited,Aloha Medical Limited,Hong Kong,"Alohalife provides the product range of four categories: Healthy living, Sports, Children's development and Medical equipment. We source products which are efficiency, evidence-based, fashion from high-quality global suppliers and creative launch platforms. Just like the meaning of 'ALOHA' in our name: hope, love, peace and happiness, sincerely hope that you will find your own ALOHA LIFE in the life!","Alohalife provides the product range of four categories: Healthy living, Sports, Children's development and Medical equipment. We source products which are efficiency, evidence-based, fashion from high-quality global suppliers and creative launch platforms. Just like the meaning of 'ALOHA' in our name: hope, love, peace and happiness, sincerely hope that you will find your own ALOHA LIFE in the life!",,Exhibitor,Hong Kong Home InStyle 2025,5E-A08,Health & Wellness,Gerontech Living Pavilion,1,,,"Fitness Product,Oral Care,Healthcare Product,Elderly Care; Electric suction toothbrush G100 presents a simple yet effective oral care solution for the caregivers and care-receivers who are unable to practice oral hygiene by themselves, due to the sickness, disability, or injury.; Others","Fitness Product,Oral Care,Healthcare Product,Elderly Care; Electric suction toothbrush G100 presents a simple yet effective oral care solution for the caregivers and care-receivers who are unable to practice oral hygiene by themselves, due to the sickness, disability, or injury.; Others",https://www.hktdc.com/event/homeinstyle/en/exhibitor/1S005L198,26,https://www.hktdc.com/event/homeinstyle/en/product/1X25MEHD; https://www.hktdc.com/event/homeinstyle/en/product/1X25MEHD; https://www.hktdc.com/event/homeinstyle/en/product/1X25MCPB; https://www.hktdc.com/event/homeinstyle/en/product/1X25MCPB; https://www.hktdc.com/event/homeinstyle/en/product/1X25LRGB; https://www.hktdc.com/event/homeinstyle/en/product/1X25LRGB; https://www.hktdc.com/event/homeinstyle/en/product/1X25LQL9; https://www.hktdc.com/event/homeinstyle/en/product/1X25LQL9; https://www.hktdc.com/event/homeinstyle/en/product/1X25LNQD; https://www.hktdc.com/event/homeinstyle/en/product/1X25LNQD; https://www.hktdc.com/event/homeinstyle/en/product/1X25LMQG; https://www.hktdc.com/event/homeinstyle/en/product/1X25LMQG; https://www.hktdc.com/event/homeinstyle/en/product/1X25GSK4; https://www.hktdc.com/event/homeinstyle/en/product/1X25GSK4; https://www.hktdc.com/event/homeinstyle/en/product/1X25GSJ5; https://www.hktdc.com/event/homeinstyle/en/product/1X25GSJ5; https://www.hktdc.com/event/homeinstyle/en/product/1X25GSI6; https://www.hktdc.com/event/homeinstyle/en/product/1X25GSI6; https://www.hktdc.com/event/homeinstyle/en/product/1X25GSH7; https://www.hktdc.com/event/homeinstyle/en/product/1X25GSH7; https://www.hktdc.com/event/homeinstyle/en/product/1X25GSG8; https://www.hktdc.com/event/homeinstyle/en/product/1X25GSG8; https://www.hktdc.com/event/homeinstyle/en/product/1X25GSF9; https://www.hktdc.com/event/homeinstyle/en/product/1X25GSF9; https://www.hktdc.com/event/homeinstyle/en/product/1X25GSEA; https://www.hktdc.com/event/homeinstyle/en/product/1X25GSEA
Jms Group (Hong Kong) Limited,Jms Group (Hong Kong) Limited,Hong Kong,,,,Exhibitor,Hong Kong Home InStyle 2025,5E-A08,Health & Wellness,Gerontech Living Pavilion,1,,,"此健康梳化，可以隨用者們身體狀況的改變而自行調整的梳化。梳化使用了具強大防水、防污、耐磨及耐抓的優質多功能皮革生產，適合不同年齡及身體狀況，以致寵物一同享用，完全共融既省錢、省時又環保。
我們的設計中加入了可調節的扶手，可以移動到梳化的中央位置，方便使用者利用雙手的力量站起來。此外，我們發現頭頸部的支撐也非常重要，因此我們特別設計了一個長圓筒形的小頸墊，能夠軟熟地包裹頸部，支撐頭部和頸部，提供更舒適的坐姿。坐墊採用多層不同硬度的海綿，再於面層加上的羽絨，發揮減輕上半身的壓力之餘，同時保持舒適。; OBM","此健康梳化，可以隨用者們身體狀況的改變而自行調整的梳化。梳化使用了具強大防水、防污、耐磨及耐抓的優質多功能皮革生產，適合不同年齡及身體狀況，以致寵物一同享用，完全共融既省錢、省時又環保。
我們的設計中加入了可調節的扶手，可以移動到梳化的中央位置，方便使用者利用雙手的力量站起來。此外，我們發現頭頸部的支撐也非常重要，因此我們特別設計了一個長圓筒形的小頸墊，能夠軟熟地包裹頸部，支撐頭部和頸部，提供更舒適的坐姿。坐墊採用多層不同硬度的海綿，再於面層加上的羽絨，發揮減輕上半身的壓力之餘，同時保持舒適。; OBM",https://www.hktdc.com/event/homeinstyle/en/exhibitor/1S005MSME,0,
KnitWarm Limited,KnitWarm Limited,Hong Kong,"Functional Fabric,Knitting Crafts,Fabric Crafts,Consumer Electronics,Blankets,Cushion Cases,Cushions,Product Research and Development Service,Elderly Care","Functional Fabric,Knitting Crafts,Fabric Crafts,Consumer Electronics,Blankets,Cushion Cases,Cushions,Product Research and Development Service,Elderly Care",,Exhibitor,Hong Kong Home InStyle 2025,5E-A08,Health & Wellness,Gerontech Living Pavilion,1,,,"Functional Fabric,Knitting Crafts,Fabric Crafts,Consumer Electronics,Blankets,Cushion Cases,Cushions,Product Research and Development Service,Elderly Care; KnitWarm's products enhance everyday life, particularly through textiles designed for thermal comfort and well-being. KnitWarm product reflects a dedication to meaningful design, blending function and beauty to empower wearers with comfort and style.; OEM, ODM","Functional Fabric,Knitting Crafts,Fabric Crafts,Consumer Electronics,Blankets,Cushion Cases,Cushions,Product Research and Development Service,Elderly Care; KnitWarm's products enhance everyday life, particularly through textiles designed for thermal comfort and well-being. KnitWarm product reflects a dedication to meaningful design, blending function and beauty to empower wearers with comfort and style.; OEM, ODM",https://www.hktdc.com/event/homeinstyle/en/exhibitor/1S005L1ET,8,https://www.hktdc.com/event/homeinstyle/en/product/1Z03O1DYT; https://www.hktdc.com/event/homeinstyle/en/product/1Z03O1DYT; https://www.hktdc.com/event/homeinstyle/en/product/1Z03O1E1J; https://www.hktdc.com/event/homeinstyle/en/product/1Z03O1E1J; https://www.hktdc.com/event/homeinstyle/en/product/1Z03KA0EU; https://www.hktdc.com/event/homeinstyle/en/product/1Z03KA0EU; https://www.hktdc.com/event/homeinstyle/en/product/1Z03MMZ5M; https://www.hktdc.com/event/homeinstyle/en/product/1Z03MMZ5M
PREN Limited,PREN Limited,Hong Kong,"Established in Hong Kong, PREN Limited is an automation solutions company, specialized in robotics solutions, hardware machines and software systems. During the pandemic, HYAB-supported PolyU Maker Fund sponsored the development of social innovation","Established in Hong Kong, PREN Limited is an automation solutions company, specialized in robotics solutions, hardware machines and software systems. During the pandemic, HYAB-supported PolyU Maker Fund sponsored the development of social innovation",,Exhibitor,Hong Kong Home InStyle 2025,5E-A08,Health & Wellness,Gerontech Living Pavilion,1,,,"Elderly Care; Caretakers assist elderly or disabled individuals with bedside toileting between 2 to 5 times per day. The manual nature of conventional commodes increases repetitive work, infection hazards and staffing shortages.  allcareAI smart anti-infection mob; ODM, OBM","Elderly Care; Caretakers assist elderly or disabled individuals with bedside toileting between 2 to 5 times per day. The manual nature of conventional commodes increases repetitive work, infection hazards and staffing shortages.  allcareAI smart anti-infection mob; ODM, OBM",https://www.hktdc.com/event/homeinstyle/en/exhibitor/1S005L1CZ,4,https://www.hktdc.com/event/homeinstyle/en/product/1Z03KACRF; https://www.hktdc.com/event/homeinstyle/en/product/1Z03KACRF; https://www.hktdc.com/event/homeinstyle/en/product/1Z03KACYU; https://www.hktdc.com/event/homeinstyle/en/product/1Z03KACYU
SmartAge Intelligence Limited,SmartAge Intelligence Limited,Hong Kong,"SmartAge Intelligence Limited is transforming elderly care with innovative telenursing solutions powered by AI technology. Their mission is to support elderly individuals living independently with minimal assistance. Using advanced technology and nursing expertise, they offer services that promote aging in place and empower seniors. The SmartAge Home System analyzes daily activity patterns, generates health alerts, and provides guidance, ensuring family support regardless of location. Telenurses use this data and AI to identify needs, offer triage services, and connect seniors with community resources. Supported by organizations like Cyberport and SIE Fund, SmartAge blends technology and nursing to enhance elderly well-being and drive positive change.","SmartAge Intelligence Limited is transforming elderly care with innovative telenursing solutions powered by AI technology. Their mission is to support elderly individuals living independently with minimal assistance. Using advanced technology and nursing expertise, they offer services that promote aging in place and empower seniors. The SmartAge Home System analyzes daily activity patterns, generates health alerts, and provides guidance, ensuring family support regardless of location. Telenurses use this data and AI to identify needs, offer triage services, and connect seniors with community resources. Supported by organizations like Cyberport and SIE Fund, SmartAge blends technology and nursing to enhance elderly well-being and drive positive change.",,Exhibitor,Hong Kong Home InStyle 2025,5E-A08,Health & Wellness,Gerontech Living Pavilion,1,,,"Elderly Care; The SmartAge ecosystem connects a sensor network with care services to enhance elder care. Data flows to the cloud, powering an app that provides insights and telenursing support for informed, responsive senior care.; ODM","Elderly Care; The SmartAge ecosystem connects a sensor network with care services to enhance elder care. Data flows to the cloud, powering an app that provides insights and telenursing support for informed, responsive senior care.; ODM",https://www.hktdc.com/event/homeinstyle/en/exhibitor/1S005L1B2,4,https://www.hktdc.com/event/homeinstyle/en/product/1Z03NUCH9; https://www.hktdc.com/event/homeinstyle/en/product/1Z03NUCH9; https://www.hktdc.com/event/homeinstyle/en/product/1Z03NUZ2V; https://www.hktdc.com/event/homeinstyle/en/product/1Z03NUZ2V
Solar-Med Limited,Solar-Med Limited,Hong Kong,We are an established medical device distributor with over 20 years of experience in medical device market in Hong Kong.,We are an established medical device distributor with over 20 years of experience in medical device market in Hong Kong.,,Exhibitor,Hong Kong Home InStyle 2025,5E-A08,Health & Wellness,Gerontech Living Pavilion,1,,,Elderly Care; Equipment and consumable product; Others,Elderly Care; Equipment and consumable product; Others,https://www.hktdc.com/event/homeinstyle/en/exhibitor/1S005LOBF,0,
"Fujian Dehua Life Concept Ceramics Co., Ltd.","Fujian Dehua Life Concept Ceramics Co., Ltd.",Chinese Mainland,"Making tableware is our speciality; we believe that the dishes we bring to your table should be impactful, original, and have as big a connection to nature as the food served on them.. The Life Concept collection will enhance any culinary creation with designs that excite as we strive to reflect the abundant and inspiring richness of the natural world. Styles may change but the quality of our collections, which are made by skilled craftspeople with love and meticulous attention to detail, will remain.","Making tableware is our speciality; we believe that the dishes we bring to your table should be impactful, original, and have as big a connection to nature as the food served on them.. The Life Concept collection will enhance any culinary creation with designs that excite as we strive to reflect the abundant and inspiring richness of the natural world. Styles may change but the quality of our collections, which are made by skilled craftspeople with love and meticulous attention to detail, will remain.",,Exhibitor,Hong Kong Home InStyle 2025,3E-E20,World of Fine Dining,,1,,,"Coffee Set,Cup,Cup & Plate Set,Tableware,Dish,Plate,Bowl,Tea Set; - Ceramic tableware for home & hospitality.
- Original designs with unique clays & glazes.
- Own brand Life Concept selling worldwide.
- OBM, ODM, OEM acceptable.; OEM, ODM, OBM","Coffee Set,Cup,Cup & Plate Set,Tableware,Dish,Plate,Bowl,Tea Set; - Ceramic tableware for home & hospitality.
- Original designs with unique clays & glazes.
- Own brand Life Concept selling worldwide.
- OBM, ODM, OEM acceptable.; OEM, ODM, OBM",https://www.hktdc.com/event/homeinstyle/en/exhibitor/1S005GY3T,16,https://www.hktdc.com/event/homeinstyle/en/product/1Z03NUFYR; https://www.hktdc.com/event/homeinstyle/en/product/1Z03NUFYR; https://www.hktdc.com/event/homeinstyle/en/product/1Z03NUFS9; https://www.hktdc.com/event/homeinstyle/en/product/1Z03NUFS9; https://www.hktdc.com/event/homeinstyle/en/product/1Z03NUEPJ; https://www.hktdc.com/event/homeinstyle/en/product/1Z03NUEPJ; https://www.hktdc.com/event/homeinstyle/en/product/1Z03NUFDI; https://www.hktdc.com/event/homeinstyle/en/product/1Z03NUFDI; https://www.hktdc.com/event/homeinstyle/en/product/1Z03NUFAR; https://www.hktdc.com/event/homeinstyle/en/product/1Z03NUFAR; https://www.hktdc.com/event/homeinstyle/en/product/1Z03NUFXU; https://www.hktdc.com/event/homeinstyle/en/product/1Z03NUFXU; https://www.hktdc.com/event/homeinstyle/en/product/1Z03NUFH6; https://www.hktdc.com/event/homeinstyle/en/product/1Z03NUFH6; https://www.hktdc.com/event/homeinstyle/en/product/1Z03NTV7K; https://www.hktdc.com/event/homeinstyle/en/product/1Z03NTV7K
"Shaoxing Golden Umbrella Co., Ltd.","Shaoxing Golden Umbrella Co., Ltd.",Chinese Mainland,Umbrella,Umbrella,,Exhibitor,Hong Kong Home InStyle 2025,3B-F10,Group Pavilions,Chinese Mainland (Shangyu) Pavilion,1,,,"Umbrella; Advertising Umbrella, Golf Umbrella, Foldable Umbrella; ODM, OEM","Umbrella; Advertising Umbrella, Golf Umbrella, Foldable Umbrella; ODM, OEM",https://www.hktdc.com/event/homeinstyle/en/exhibitor/1S005LT8J,0,
"Shaoxing Haoxinqing Outdoor Products Co., Ltd.","Shaoxing Haoxinqing Outdoor Products Co., Ltd.",Chinese Mainland,Umbrella,Umbrella,,Exhibitor,Hong Kong Home InStyle 2025,3B-F24,Group Pavilions,Chinese Mainland (Shangyu) Pavilion,1,,,"Umbrella; Rain umbrella, sun umbrella, gift umbrella, promotion umbrella, beach umbrella; OEM, ODM","Umbrella; Rain umbrella, sun umbrella, gift umbrella, promotion umbrella, beach umbrella; OEM, ODM",https://www.hktdc.com/event/homeinstyle/en/exhibitor/1S005LU06,6,https://www.hktdc.com/event/homeinstyle/en/product/1Z03JV2KA; https://www.hktdc.com/event/homeinstyle/en/product/1Z03JV2KA; https://www.hktdc.com/event/homeinstyle/en/product/1Z03JV0TL; https://www.hktdc.com/event/homeinstyle/en/product/1Z03JV0TL; https://www.hktdc.com/event/homeinstyle/en/product/1Z03K943N; https://www.hktdc.com/event/homeinstyle/en/product/1Z03K943N
"Shaoxing Shangyu North Electron Manufacture Co., Ltd.","Shaoxing Shangyu North Electron Manufacture Co., Ltd.",Chinese Mainland,Camping & Picnic Equipment,Camping & Picnic Equipment,,Exhibitor,Hong Kong Home InStyle 2025,3B-F06,Group Pavilions,Chinese Mainland (Shangyu) Pavilion,1,,,"Camping & Picnic Equipment; Mini fridge, Ice maker; OEM, ODM","Camping & Picnic Equipment; Mini fridge, Ice maker; OEM, ODM",https://www.hktdc.com/event/homeinstyle/en/exhibitor/1S005M594,6,https://www.hktdc.com/event/homeinstyle/en/product/1Z03JRKYM; https://www.hktdc.com/event/homeinstyle/en/product/1Z03JRKYM; https://www.hktdc.com/event/homeinstyle/en/product/1Z03JRL0F; https://www.hktdc.com/event/homeinstyle/en/product/1Z03JRL0F; https://www.hktdc.com/event/homeinstyle/en/product/1Z03JRKZJ; https://www.hktdc.com/event/homeinstyle/en/product/1Z03JRKZJ
Shaoxing Shangyu Yiyuan Woven Handicraft Factory,Shaoxing Shangyu Yiyuan Woven Handicraft Factory,Chinese Mainland,Knitting Crafts,Knitting Crafts,,Exhibitor,Hong Kong Home InStyle 2025,3B-F18,Group Pavilions,Chinese Mainland (Shangyu) Pavilion,1,,,"Knitting Crafts; Hat, Straw Hat, Paper Hat....; OEM, ODM","Knitting Crafts; Hat, Straw Hat, Paper Hat....; OEM, ODM",https://www.hktdc.com/event/homeinstyle/en/exhibitor/1S005LT7M,0,
"Taizhou Huangyan Huayu Toy Co., Ltd.","Taizhou Huangyan Huayu Toy Co., Ltd.",Chinese Mainland,Baby Play Mat,Baby Play Mat,,Exhibitor,Hong Kong Home InStyle 2025,3C-B38,Group Pavilions,Chinese Mainland (Huangyan) Pavilion,1,,,"Baby Play Mat; Wooden chess, table games, intellective, toys; OEM, ODM","Baby Play Mat; Wooden chess, table games, intellective, toys; OEM, ODM",https://www.hktdc.com/event/homeinstyle/en/exhibitor/1S005LTUP,0,
"Zhejiang Goodluck Creative Industries Co., Ltd.","Zhejiang Goodluck Creative Industries Co., Ltd.",Chinese Mainland,Knitting Crafts,Knitting Crafts,,Exhibitor,Hong Kong Home InStyle 2025,3C-D19,Group Pavilions,Chinese Mainland (Huangyan) Pavilion,1,,,"Knitting Crafts; Seasonal decoration and craft kit; ODM, OEM","Knitting Crafts; Seasonal decoration and craft kit; ODM, OEM",https://www.hktdc.com/event/homeinstyle/en/exhibitor/1S005LTZA,0,
Zhejiang Haizhou Umbrella Co Ltd,Zhejiang Haizhou Umbrella Co Ltd,Chinese Mainland,Umbrella,Umbrella,,Exhibitor,Hong Kong Home InStyle 2025,3C-A23,Group Pavilions,Chinese Mainland (Shangyu) Pavilion,1,,,"Umbrella; Beach umbrella, straight umbrella, garden umbrella; ODM, OEM","Umbrella; Beach umbrella, straight umbrella, garden umbrella; ODM, OEM",https://www.hktdc.com/event/homeinstyle/en/exhibitor/1S005LT5S,6,https://www.hktdc.com/event/homeinstyle/en/product/1Z03JRQKM; https://www.hktdc.com/event/homeinstyle/en/product/1Z03JRQKM; https://www.hktdc.com/event/homeinstyle/en/product/1Z03JRQJP; https://www.hktdc.com/event/homeinstyle/en/product/1Z03JRQJP; https://www.hktdc.com/event/homeinstyle/en/product/1Z03JRQHV; https://www.hktdc.com/event/homeinstyle/en/product/1Z03JRQHV
"Zhejiang Hengyang Umbrella Co., Ltd.","Zhejiang Hengyang Umbrella Co., Ltd.",Chinese Mainland,"Umbrella,Parasol","Umbrella,Parasol",,Exhibitor,Hong Kong Home InStyle 2025,3B-F36,Group Pavilions,Chinese Mainland (Shangyu) Pavilion,1,,,"Umbrella,Parasol; Umbrella Tent; OEM, ODM","Umbrella,Parasol; Umbrella Tent; OEM, ODM",https://www.hktdc.com/event/homeinstyle/en/exhibitor/1S005M5A1,24,https://www.hktdc.com/event/homeinstyle/en/product/1Z03EMP4Z; https://www.hktdc.com/event/homeinstyle/en/product/1Z03EMP4Z; https://www.hktdc.com/event/homeinstyle/en/product/1Z03EMMLN; https://www.hktdc.com/event/homeinstyle/en/product/1Z03EMMLN; https://www.hktdc.com/event/homeinstyle/en/product/1X1WER2P; https://www.hktdc.com/event/homeinstyle/en/product/1X1WER2P; https://www.hktdc.com/event/homeinstyle/en/product/1X1WER1Q; https://www.hktdc.com/event/homeinstyle/en/product/1X1WER1Q; https://www.hktdc.com/event/homeinstyle/en/product/1X1Q3VGZ; https://www.hktdc.com/event/homeinstyle/en/product/1X1Q3VGZ; https://www.hktdc.com/event/homeinstyle/en/product/1X1Q3VF0; https://www.hktdc.com/event/homeinstyle/en/product/1X1Q3VF0; https://www.hktdc.com/event/homeinstyle/en/product/1X1Q3VE1; https://www.hktdc.com/event/homeinstyle/en/product/1X1Q3VE1; https://www.hktdc.com/event/homeinstyle/en/product/1X1MUI0I; https://www.hktdc.com/event/homeinstyle/en/product/1X1MUI0I; https://www.hktdc.com/event/homeinstyle/en/product/1Z03EI2Z1; https://www.hktdc.com/event/homeinstyle/en/product/1Z03EI2Z1; https://www.hktdc.com/event/homeinstyle/en/product/1Z03EMNBG; https://www.hktdc.com/event/homeinstyle/en/product/1Z03EMNBG; https://www.hktdc.com/event/homeinstyle/en/product/1Z03EMMWQ; https://www.hktdc.com/event/homeinstyle/en/product/1Z03EMMWQ; https://www.hktdc.com/event/homeinstyle/en/product/1Z03EMNVS; https://www.hktdc.com/event/homeinstyle/en/product/1Z03EMNVS
Zhejiang Huangyan Hongxing Crafts Factory,Zhejiang Huangyan Hongxing Crafts Factory,Chinese Mainland,Baby Play Mat,Baby Play Mat,,Exhibitor,Hong Kong Home InStyle 2025,3C-B18,Group Pavilions,Chinese Mainland (Huangyan) Pavilion,1,,,"Baby Play Mat; Wooden toys; ODM, OEM","Baby Play Mat; Wooden toys; ODM, OEM",https://www.hktdc.com/event/homeinstyle/en/exhibitor/1S005LTNA,0,
"Zhejiang Jiemei Umbrella Co., Ltd.","Zhejiang Jiemei Umbrella Co., Ltd.",Chinese Mainland,Umbrella,Umbrella,,Exhibitor,Hong Kong Home InStyle 2025,3B-F08,Group Pavilions,Chinese Mainland (Shangyu) Pavilion,1,,,"Umbrella; Umbrella; ODM, OEM","Umbrella; Umbrella; ODM, OEM",https://www.hktdc.com/event/homeinstyle/en/exhibitor/1S005LT9G,0,
"Zhejiang Ruyi Industry Co., Ltd.","Zhejiang Ruyi Industry Co., Ltd.",Chinese Mainland,Baby Play Mat,Baby Play Mat,,Exhibitor,Hong Kong Home InStyle 2025,3C-B06,Group Pavilions,Chinese Mainland (Huangyan) Pavilion,1,,,"Baby Play Mat; Wooden Toys; ODM, OEM","Baby Play Mat; Wooden Toys; ODM, OEM",https://www.hktdc.com/event/homeinstyle/en/exhibitor/1S005LTHS,4,https://www.hktdc.com/event/homeinstyle/en/product/1Z03I71RQ; https://www.hktdc.com/event/homeinstyle/en/product/1Z03I71RQ; https://www.hktdc.com/event/homeinstyle/en/product/1Z03I72VD; https://www.hktdc.com/event/homeinstyle/en/product/1Z03I72VD
"Ningbo Fomo Household Products Co., Ltd.","Ningbo Fomo Household Products Co., Ltd.",Chinese Mainland,"Photo Frame,Picture Frame","Photo Frame,Picture Frame",,Exhibitor,Hong Kong Home InStyle 2025,3C-B35,Group Pavilions,Chinese Mainland (Ninghai) Pavilion,1,,,"Photo Frame,Picture Frame; Whiteboard, photo frame, seal; ODM, OEM","Photo Frame,Picture Frame; Whiteboard, photo frame, seal; ODM, OEM",https://www.hktdc.com/event/homeinstyle/en/exhibitor/1S005M5GJ,8,https://www.hktdc.com/event/homeinstyle/en/product/1Z03NYOR3; https://www.hktdc.com/event/homeinstyle/en/product/1Z03NYOR3; https://www.hktdc.com/event/homeinstyle/en/product/1Z03NYSSW; https://www.hktdc.com/event/homeinstyle/en/product/1Z03NYSSW; https://www.hktdc.com/event/homeinstyle/en/product/1Z03NYR23; https://www.hktdc.com/event/homeinstyle/en/product/1Z03NYR23; https://www.hktdc.com/event/homeinstyle/en/product/1Z03NYXA9; https://www.hktdc.com/event/homeinstyle/en/product/1Z03NYXA9
"Ningbo Kun-Guang Stationery Co., Ltd.","Ningbo Kun-Guang Stationery Co., Ltd.",Chinese Mainland,Stationery,Stationery,,Exhibitor,Hong Kong Home InStyle 2025,3C-B25,Group Pavilions,Chinese Mainland (Ninghai) Pavilion,1,,,"Stationery; Solid watercolor paint, watercolour; ODM, OEM","Stationery; Solid watercolor paint, watercolour; ODM, OEM",https://www.hktdc.com/event/homeinstyle/en/exhibitor/1S005M5L4,0,
Ningbo Praise Stationery Co Ltd,Ningbo Praise Stationery Co Ltd,Chinese Mainland,"Storage Box,Storage Rack","Storage Box,Storage Rack",,Exhibitor,Hong Kong Home InStyle 2025,3C-B05,Group Pavilions,Chinese Mainland (Ninghai) Pavilion,1,,,"Storage Box,Storage Rack; Office storage box; ODM, OEM","Storage Box,Storage Rack; Office storage box; ODM, OEM",https://www.hktdc.com/event/homeinstyle/en/exhibitor/1S005M5PS,2,https://www.hktdc.com/event/homeinstyle/en/product/1X0IK2L9; https://www.hktdc.com/event/homeinstyle/en/product/1X0IK2L9
"Shaoxing Heybei Automotive Co., Ltd.","Shaoxing Heybei Automotive Co., Ltd.",Chinese Mainland,Cleaning Appliance,Cleaning Appliance,,Exhibitor,Hong Kong Home InStyle 2025,3C-A15,Group Pavilions,Chinese Mainland (Shangyu) Pavilion,1,,,"Cleaning Appliance; CAR AIR COMPRESSOR, CAR VACUUM CLEANER; ODM, OEM","Cleaning Appliance; CAR AIR COMPRESSOR, CAR VACUUM CLEANER; ODM, OEM",https://www.hktdc.com/event/homeinstyle/en/exhibitor/1S005LU20,0,
Shaoxing Lotus Umbrella Company Limited,Shaoxing Lotus Umbrella Company Limited,Chinese Mainland,Umbrella,Umbrella,,Exhibitor,Hong Kong Home InStyle 2025,3C-A37,Group Pavilions,Chinese Mainland (Shangyu) Pavilion,1,,,"Umbrella; Umbrella; OEM, ODM","Umbrella; Umbrella; OEM, ODM",https://www.hktdc.com/event/homeinstyle/en/exhibitor/1S005LTBA,6,https://www.hktdc.com/event/homeinstyle/en/product/1Z03K9UKI; https://www.hktdc.com/event/homeinstyle/en/product/1Z03K9UKI; https://www.hktdc.com/event/homeinstyle/en/product/1Z03KA2B1; https://www.hktdc.com/event/homeinstyle/en/product/1Z03KA2B1; https://www.hktdc.com/event/homeinstyle/en/product/1Z03KA2A4; https://www.hktdc.com/event/homeinstyle/en/product/1Z03KA2A4
"Taizhou Biumart E-Tech Co., Ltd.","Taizhou Biumart E-Tech Co., Ltd.",Chinese Mainland,Decorative Lamp,Decorative Lamp,,Exhibitor,Hong Kong Home InStyle 2025,3C-B14,Group Pavilions,Chinese Mainland (Huangyan) Pavilion,1,,,"Decorative Lamp; Night light; OEM, ODM","Decorative Lamp; Night light; OEM, ODM",https://www.hktdc.com/event/homeinstyle/en/exhibitor/1S005LTKJ,2,https://www.hktdc.com/event/homeinstyle/en/product/1Z03N1DBQ; https://www.hktdc.com/event/homeinstyle/en/product/1Z03N1DBQ
"Taizhou Guangjia Crafts Co., Ltd.","Taizhou Guangjia Crafts Co., Ltd.",Chinese Mainland,Halloween Supply,Halloween Supply,,Exhibitor,Hong Kong Home InStyle 2025,3C-B16,Group Pavilions,Chinese Mainland (Huangyan) Pavilion,1,,,"Halloween Supply; Holiday Gifts; ODM, OEM","Halloween Supply; Holiday Gifts; ODM, OEM",https://www.hktdc.com/event/homeinstyle/en/exhibitor/1S005LTLG,38,https://www.hktdc.com/event/homeinstyle/en/product/1Z03NRD1K; https://www.hktdc.com/event/homeinstyle/en/product/1Z03NRD1K; https://www.hktdc.com/event/homeinstyle/en/product/1Z03NRSRZ; https://www.hktdc.com/event/homeinstyle/en/product/1Z03NRSRZ; https://www.hktdc.com/event/homeinstyle/en/product/1Z03NRI9R; https://www.hktdc.com/event/homeinstyle/en/product/1Z03NRI9R; https://www.hktdc.com/event/homeinstyle/en/product/1Z03LMWWG; https://www.hktdc.com/event/homeinstyle/en/product/1Z03LMWWG; https://www.hktdc.com/event/homeinstyle/en/product/1Z03LMYPZ; https://www.hktdc.com/event/homeinstyle/en/product/1Z03LMYPZ; https://www.hktdc.com/event/homeinstyle/en/product/1Z03NRBTA; https://www.hktdc.com/event/homeinstyle/en/product/1Z03NRBTA; https://www.hktdc.com/event/homeinstyle/en/product/1Z03NRJ1E; https://www.hktdc.com/event/homeinstyle/en/product/1Z03NRJ1E; https://www.hktdc.com/event/homeinstyle/en/product/1Z03NRXRU; https://www.hktdc.com/event/homeinstyle/en/product/1Z03NRXRU; https://www.hktdc.com/event/homeinstyle/en/product/1Z03NRIU0; https://www.hktdc.com/event/homeinstyle/en/product/1Z03NRIU0; https://www.hktdc.com/event/homeinstyle/en/product/1Z03NRIT3; https://www.hktdc.com/event/homeinstyle/en/product/1Z03NRIT3; https://www.hktdc.com/event/homeinstyle/en/product/1Z03LMZIJ; https://www.hktdc.com/event/homeinstyle/en/product/1Z03LMZIJ; https://www.hktdc.com/event/homeinstyle/en/product/1Z03LPF9U; https://www.hktdc.com/event/homeinstyle/en/product/1Z03LPF9U; https://www.hktdc.com/event/homeinstyle/en/product/1Z03NRXP0; https://www.hktdc.com/event/homeinstyle/en/product/1Z03NRXP0; https://www.hktdc.com/event/homeinstyle/en/product/1Z03LMYFT; https://www.hktdc.com/event/homeinstyle/en/product/1Z03LMYFT; https://www.hktdc.com/event/homeinstyle/en/product/1Z03LMZN4; https://www.hktdc.com/event/homeinstyle/en/product/1Z03LMZN4; https://www.hktdc.com/event/homeinstyle/en/product/1Z03NRIXR; https://www.hktdc.com/event/homeinstyle/en/product/1Z03NRIXR; https://www.hktdc.com/event/homeinstyle/en/product/1Z03NRCZR; https://www.hktdc.com/event/homeinstyle/en/product/1Z03NRCZR; https://www.hktdc.com/event/homeinstyle/en/product/1Z03LMZEV; https://www.hktdc.com/event/homeinstyle/en/product/1Z03LMZEV; https://www.hktdc.com/event/homeinstyle/en/product/1Z03NRIZL; https://www.hktdc.com/event/homeinstyle/en/product/1Z03NRIZL
"Zhejiang Huangyan Donghai Handicraft Co., Ltd","Zhejiang Huangyan Donghai Handicraft Co., Ltd",Chinese Mainland,"Decorative Lamp,Christmas Supply","Decorative Lamp,Christmas Supply",,Exhibitor,Hong Kong Home InStyle 2025,3C-D15,Group Pavilions,Chinese Mainland (Huangyan) Pavilion,1,,,"Decorative Lamp,Christmas Supply; Wooden decorations; Christmas, Halloween, Easter, Valentine's Day and other festive decoration gifts; OEM, OBM","Decorative Lamp,Christmas Supply; Wooden decorations; Christmas, Halloween, Easter, Valentine's Day and other festive decoration gifts; OEM, OBM",https://www.hktdc.com/event/homeinstyle/en/exhibitor/1S005MOXL,0,
Koopman International Hong Kong Limited,Koopman International Hong Kong Limited,Hong Kong,"Camping & Picnic Equipment,Barbecue Tool,Bakeware,Kitchen Utensil,Cup & Plate Set,Tableware,Barware Set,Household Cleaning Tool,Stationery,Pet Toy","Camping & Picnic Equipment,Barbecue Tool,Bakeware,Kitchen Utensil,Cup & Plate Set,Tableware,Barware Set,Household Cleaning Tool,Stationery,Pet Toy",,Exhibitor,Hong Kong Home InStyle 2025,3C-E02,World of Fine Decor,,1,,,"Camping & Picnic Equipment,Barbecue Tool,Bakeware,Kitchen Utensil,Cup & Plate Set,Tableware,Barware Set,Household Cleaning Tool,Stationery,Pet Toy; HOUSEHOLD PRODUCTS; Others","Camping & Picnic Equipment,Barbecue Tool,Bakeware,Kitchen Utensil,Cup & Plate Set,Tableware,Barware Set,Household Cleaning Tool,Stationery,Pet Toy; HOUSEHOLD PRODUCTS; Others",https://www.hktdc.com/event/homeinstyle/en/exhibitor/1S005HS7N,10,https://www.hktdc.com/event/homeinstyle/en/product/1Z03G6DXW; https://www.hktdc.com/event/homeinstyle/en/product/1Z03G6DXW; https://www.hktdc.com/event/homeinstyle/en/product/1Z03G6DRE; https://www.hktdc.com/event/homeinstyle/en/product/1Z03G6DRE; https://www.hktdc.com/event/homeinstyle/en/product/1Z03G6DAT; https://www.hktdc.com/event/homeinstyle/en/product/1Z03G6DAT; https://www.hktdc.com/event/homeinstyle/en/product/1Z03G6E2G; https://www.hktdc.com/event/homeinstyle/en/product/1Z03G6E2G; https://www.hktdc.com/event/homeinstyle/en/product/1Z03G6DJ2; https://www.hktdc.com/event/homeinstyle/en/product/1Z03G6DJ2
"Fujian Shaowu Bamboo Cube Brand Operation Co., Ltd","Fujian Shaowu Bamboo Cube Brand Operation Co., Ltd",Chinese Mainland,"Hanger,Chair,Hotel & Clubhouse Furniture,Bedroom Furniture,Wood Crafts,Picture Frame,Wall Decoration & Hangings","Hanger,Chair,Hotel & Clubhouse Furniture,Bedroom Furniture,Wood Crafts,Picture Frame,Wall Decoration & Hangings",,Exhibitor,Hong Kong Home InStyle 2025,3C-E24,Group Pavilions,Chinese Mainland (Nanping) Pavilion,1,,,"Hanger,Chair,Hotel & Clubhouse Furniture,Bedroom Furniture,Wood Crafts,Picture Frame,Wall Decoration & Hangings; Bamboo products; OBM, ODM, OEM","Hanger,Chair,Hotel & Clubhouse Furniture,Bedroom Furniture,Wood Crafts,Picture Frame,Wall Decoration & Hangings; Bamboo products; OBM, ODM, OEM",https://www.hktdc.com/event/homeinstyle/en/exhibitor/1S005LYVH,0,
Longquan Economic and Commercial Bureau,Longquan Economic and Commercial Bureau,Chinese Mainland,"Tea Set,Ceramic Crafts","Tea Set,Ceramic Crafts",,Exhibitor,Hong Kong Home InStyle 2025,3C-C02,Group Pavilions,Chinese Mainland (Longquan) Pavilion,1,,,"Tea Set,Ceramic Crafts; Gift; OEM, ODM","Tea Set,Ceramic Crafts; Gift; OEM, ODM",https://www.hktdc.com/event/homeinstyle/en/exhibitor/1S005MOYI,0,
"Zhangjiajie Chidu Culture And Art Co., Ltd","Zhangjiajie Chidu Culture And Art Co., Ltd",Chinese Mainland,"Knitting Crafts,Fabric Crafts,Fabric Decoration,Art & Collectibles,Wall Decoration & Hangings","Knitting Crafts,Fabric Crafts,Fabric Decoration,Art & Collectibles,Wall Decoration & Hangings",,Exhibitor,Hong Kong Home InStyle 2025,3D-B02,Group Pavilions,Chinese Mainland (Hunan) Pavilion,1,,,"Knitting Crafts,Fabric Crafts,Fabric Decoration,Art & Collectibles,Wall Decoration & Hangings; Tujia brocade is the handicraft honored with the National Intangible Cultural Heritage list,it is with 3,000 years history,Tujia brocade is the origin of the texture, and also the wordless epic of the ancient Tujia minority people.; Others, OEM, OBM, ODM","Knitting Crafts,Fabric Crafts,Fabric Decoration,Art & Collectibles,Wall Decoration & Hangings; Tujia brocade is the handicraft honored with the National Intangible Cultural Heritage list,it is with 3,000 years history,Tujia brocade is the origin of the texture, and also the wordless epic of the ancient Tujia minority people.; Others, OEM, OBM, ODM",https://www.hktdc.com/event/homeinstyle/en/exhibitor/1S005LFCL,4,https://www.hktdc.com/event/homeinstyle/en/product/1Z03NY4SK; https://www.hktdc.com/event/homeinstyle/en/product/1Z03NY4SK; https://www.hktdc.com/event/homeinstyle/en/product/1Z03NY4L5; https://www.hktdc.com/event/homeinstyle/en/product/1Z03NY4L5
Homede Design And Production Company Limited,Homede Design And Production Company Limited,Hong Kong,"We have been designing and producing home decor for over 20 years. Homede believes your home is an extension of who you are and wants to create products designed for living. We aim to create ranges that inspire, are sophisticated, and are on trend while constantly innovating to minimize our environmental impact. We hope you love our product as much as we do!","We have been designing and producing home decor for over 20 years. Homede believes your home is an extension of who you are and wants to create products designed for living. We aim to create ranges that inspire, are sophisticated, and are on trend while constantly innovating to minimize our environmental impact. We hope you love our product as much as we do!",,Exhibitor,Hong Kong Home InStyle 2025,3D-D20,World of Fine Decor,,1,,,"Bathroom Accessories,Home Storage & Organisation; Bathroom accessories and storage baskets; Others, OEM","Bathroom Accessories,Home Storage & Organisation; Bathroom accessories and storage baskets; Others, OEM",https://www.hktdc.com/event/homeinstyle/en/exhibitor/1S005HBSD,0,
ATTA Technologies Limited,ATTA Technologies Limited,Hong Kong,"ATTA Technologies, a sports tech company, was founded to revolutionize the world of sports through technology. We aim to empower players and enthusiasts with cutting-edge AI-driven motion detection technology solutions that revolutionize sports training and touchless gaming entertainment. Using movement analytics and data, we help players enhance and monitor performance and experience the new in immersive and inclusive sports training and entertainment experiences.","ATTA Technologies, a sports tech company, was founded to revolutionize the world of sports through technology. We aim to empower players and enthusiasts with cutting-edge AI-driven motion detection technology solutions that revolutionize sports training and touchless gaming entertainment. Using movement analytics and data, we help players enhance and monitor performance and experience the new in immersive and inclusive sports training and entertainment experiences.",,Exhibitor,Hong Kong Home InStyle 2025,,Health & Wellness,Gerontech Living Pavilion,1,,,"Fitness Product; The Progress Tracker is a PE and sports training system combined with ATTA's proprietary AI system that collects, analyses, and quantifies sports activity into data and insights with performance metrics and videos.; OBM","Fitness Product; The Progress Tracker is a PE and sports training system combined with ATTA's proprietary AI system that collects, analyses, and quantifies sports activity into data and insights with performance metrics and videos.; OBM",https://www.hktdc.com/event/homeinstyle/en/exhibitor/1S005MVKH,0,
Qilu craftsman rhyme,Qilu craftsman rhyme,Chinese Mainland,"Dried Flower,Candlestick Holder,Paper Crafts,Candle,Picture Frame,Knitting Crafts,Painting & Print,Art & Collectibles,Wall Decoration & Hangings,Home Fragrance","Dried Flower,Candlestick Holder,Paper Crafts,Candle,Picture Frame,Knitting Crafts,Painting & Print,Art & Collectibles,Wall Decoration & Hangings,Home Fragrance",,Exhibitor,Hong Kong Home InStyle 2025,5E-B16,Cultural and Creative Avenue,Chinese Mainland (Shandong) Pavilion,1,,,"Dried Flower,Candlestick Holder,Paper Crafts,Candle,Picture Frame,Knitting Crafts,Painting & Print,Art & Collectibles,Wall Decoration & Hangings,Home Fragrance; Wenchuang ornaments; ODM, OBM, OEM","Dried Flower,Candlestick Holder,Paper Crafts,Candle,Picture Frame,Knitting Crafts,Painting & Print,Art & Collectibles,Wall Decoration & Hangings,Home Fragrance; Wenchuang ornaments; ODM, OBM, OEM",https://www.hktdc.com/event/homeinstyle/en/exhibitor/1S005MDEH,2,https://www.hktdc.com/event/homeinstyle/en/product/1X238RQ1; https://www.hktdc.com/event/homeinstyle/en/product/1X238RQ1
"Taizhou Huangyan Haipu Industry Co., Ltd","Taizhou Huangyan Haipu Industry Co., Ltd",Chinese Mainland,Spice Container,Spice Container,,Exhibitor,Hong Kong Home InStyle 2025,3C-B24,Group Pavilions,Chinese Mainland (Huangyan) Pavilion,1,,,"Spice Container; Plastic products; OEM, ODM","Spice Container; Plastic products; OEM, ODM",https://www.hktdc.com/event/homeinstyle/en/exhibitor/1S005LTP4,0,
"Taizhou Huangyan Pengxin Plastic Co., Ltd.","Taizhou Huangyan Pengxin Plastic Co., Ltd.",Chinese Mainland,Cup,Cup,,Exhibitor,Hong Kong Home InStyle 2025,3C-B20,Group Pavilions,Chinese Mainland (Huangyan) Pavilion,1,,,"Cup; Plastic sports bottle and plastic household items; OEM, ODM","Cup; Plastic sports bottle and plastic household items; OEM, ODM",https://www.hktdc.com/event/homeinstyle/en/exhibitor/1S005MTXG,0,
"Taizhou Xinpai Plastic & Mould Co., Ltd","Taizhou Xinpai Plastic & Mould Co., Ltd",Chinese Mainland,"Kitchen Utensil,Food Container","Kitchen Utensil,Food Container",,Exhibitor,Hong Kong Home InStyle 2025,3C-C24,Group Pavilions,Chinese Mainland (Huangyan) Pavilion,1,,,"Kitchen Utensil,Food Container; Kitchenware, outdoors goods; OBM, OEM","Kitchen Utensil,Food Container; Kitchenware, outdoors goods; OBM, OEM",https://www.hktdc.com/event/homeinstyle/en/exhibitor/1S005MOVR,0,
BNET-TECH Company Limited,BNET-TECH Company Limited,Hong Kong,"BNET-TECH Company Limited uses the fall-detect patented smart walking cane STICKu as the starting point. To increase the safety and mobility of the elderly and reduce the risk of falls by using innovative technology and shorten the distance between the elderly and family. In addition to walking assistance, after pairing it with a smartphone, STICKu features fall alert, emergency alert, incoming call vibration, and a smart torch. Every product and service we offer aims to meet three targets: Simple, Easy, and Convenient!","BNET-TECH Company Limited uses the fall-detect patented smart walking cane STICKu as the starting point. To increase the safety and mobility of the elderly and reduce the risk of falls by using innovative technology and shorten the distance between the elderly and family. In addition to walking assistance, after pairing it with a smartphone, STICKu features fall alert, emergency alert, incoming call vibration, and a smart torch. Every product and service we offer aims to meet three targets: Simple, Easy, and Convenient!",,Exhibitor,Hong Kong Home InStyle 2025,5E-A08,Health & Wellness,Gerontech Living Pavilion,1,,,"Personal Care Product,Elderly Care; STICKu is a multi-functional smart walking stick that not only provides walking assistance but also offers a range of advanced features. Additionally, STICKu can be connected to its mobile application to provide users with comprehensive services.; OEM","Personal Care Product,Elderly Care; STICKu is a multi-functional smart walking stick that not only provides walking assistance but also offers a range of advanced features. Additionally, STICKu can be connected to its mobile application to provide users with comprehensive services.; OEM",https://www.hktdc.com/event/homeinstyle/en/exhibitor/1S005L1A5,2,https://www.hktdc.com/event/homeinstyle/en/product/1Z03NWLF6; https://www.hktdc.com/event/homeinstyle/en/product/1Z03NWLF6
Dai3mimi Health-Tech Limited,Dai3mimi Health-Tech Limited,Hong Kong,"Dai3mimi Health-Tech Limited, based in Hong Kong, is a leading technology company specializing in hearing health innovation. We proudly introduce Dai3mimi, an award-winning hearing aid that revolutionizes sound delivery to the inner ear. It utilizes patented acoustic technology, combining advanced metal and plastic materials for direct skull conduction. This method bypasses the outer, middle ear, and eardrum, areas vulnerable to infection and damage, making it more effective than traditional aids for many users.","Dai3mimi Health-Tech Limited, based in Hong Kong, is a leading technology company specializing in hearing health innovation. We proudly introduce Dai3mimi, an award-winning hearing aid that revolutionizes sound delivery to the inner ear. It utilizes patented acoustic technology, combining advanced metal and plastic materials for direct skull conduction. This method bypasses the outer, middle ear, and eardrum, areas vulnerable to infection and damage, making it more effective than traditional aids for many users.",,Exhibitor,Hong Kong Home InStyle 2025,5E-A08,Health & Wellness,Gerontech Living Pavilion,1,,,"Consumer Electronics,Elderly Care; Unlike conventional hearing aids that amplify sound through the ear canal, Dai3mimi uses a vibrotactile module to transmit sound vibrations directly to the inner ear.; OBM","Consumer Electronics,Elderly Care; Unlike conventional hearing aids that amplify sound through the ear canal, Dai3mimi uses a vibrotactile module to transmit sound vibrations directly to the inner ear.; OBM",https://www.hktdc.com/event/homeinstyle/en/exhibitor/1S005L14N,0,
"JKL i-Healthcare Co., Ltd.","JKL i-Healthcare Co., Ltd.",Hong Kong,Elderly Care,Elderly Care,,Exhibitor,Hong Kong Home InStyle 2025,5E-A08,Health & Wellness,Gerontech Living Pavilion,1,,,"Elderly Care; We offer innovative solutions for healthcare professionals to deliver quality customer services in their workplace
Specialized in
Medical Equipment, Medical Consumables, and Sensors Technology
The air bag can be folded and reused (about10-15 times; Others","Elderly Care; We offer innovative solutions for healthcare professionals to deliver quality customer services in their workplace
Specialized in
Medical Equipment, Medical Consumables, and Sensors Technology
The air bag can be folded and reused (about10-15 times; Others",https://www.hktdc.com/event/homeinstyle/en/exhibitor/1S005L1M5,0,
NEC Hong Kong Limited,NEC Hong Kong Limited,Hong Kong,"NEC Hong Kong Limited (NECHK), established in 1984, is a wholly owned subsidiary of NEC Corporation. NECHK has been rapidly expanding its activities to meet growing customer demands in Hong Kong, Macau and mainland China. As a leading information and communications technology provider, NECHK provides innovative solutions and infrastructure to promote safety, security and enhance the quality of life for individuals and the community. NECHK's expertise includes solutions for biometric identification, smart city, artificial intelligence, public safety, smart aviation solutions, smart transportation solutions, enterprise applications and infrastructure. With a comprehensive range of technical experts and resources. With our extensive products and services, we continuously deliver business value to customers globally. NECHK offers professional tailored solutions to meet the dynamic needs of customers in various industries. NECHK is the one-stop answer for innovative technological excellence.","NEC Hong Kong Limited (NECHK), established in 1984, is a wholly owned subsidiary of NEC Corporation. NECHK has been rapidly expanding its activities to meet growing customer demands in Hong Kong, Macau and mainland China. As a leading information and communications technology provider, NECHK provides innovative solutions and infrastructure to promote safety, security and enhance the quality of life for individuals and the community. NECHK's expertise includes solutions for biometric identification, smart city, artificial intelligence, public safety, smart aviation solutions, smart transportation solutions, enterprise applications and infrastructure. With a comprehensive range of technical experts and resources. With our extensive products and services, we continuously deliver business value to customers globally. NECHK offers professional tailored solutions to meet the dynamic needs of customers in various industries. NECHK is the one-stop answer for innovative technological excellence.",,Exhibitor,Hong Kong Home InStyle 2025,5E-A08,Health & Wellness,Gerontech Living Pavilion,1,,,"Elderly Care; NEC Home Based Aged Care Solution is an innovative all-in-one solution that provides Companionship Services, Safety and Health Monitoring and Smart Home Assistant for the elderly to improve the quality of life by personalized home based care.; OBM","Elderly Care; NEC Home Based Aged Care Solution is an innovative all-in-one solution that provides Companionship Services, Safety and Health Monitoring and Smart Home Assistant for the elderly to improve the quality of life by personalized home based care.; OBM",https://www.hktdc.com/event/homeinstyle/en/exhibitor/1S005L17E,0,
Science International Corporation,Science International Corporation,Hong Kong,"Fitness Product,Oral Care,Personal Care Product","Fitness Product,Oral Care,Personal Care Product",,Exhibitor,Hong Kong Home InStyle 2025,5E-A08,Health & Wellness,Gerontech Living Pavilion,1,,,"Fitness Product,Oral Care,Personal Care Product; Dr. Pik is a newly developed oral healthcare device to remove plaque and food debris between teeth in an innovative way. Dr. Pik has a silicone mouthpiece connected to water flow tubes from the body of the product. Teeth are cleaned by high-pressure; Others","Fitness Product,Oral Care,Personal Care Product; Dr. Pik is a newly developed oral healthcare device to remove plaque and food debris between teeth in an innovative way. Dr. Pik has a silicone mouthpiece connected to water flow tubes from the body of the product. Teeth are cleaned by high-pressure; Others",https://www.hktdc.com/event/homeinstyle/en/exhibitor/1S005L1L8,0,
Taschen Hong Kong Limited,Taschen Hong Kong Limited,Hong Kong,"TASCHEN is a leading art-book publisher known for its dazzling and audacious world of eye-catching coffee table books spanning architecture, aphrodisia, art, design, fashion, photography, pop culture, style, and travel.","TASCHEN is a leading art-book publisher known for its dazzling and audacious world of eye-catching coffee table books spanning architecture, aphrodisia, art, design, fashion, photography, pop culture, style, and travel.",,Exhibitor,Hong Kong Home InStyle 2025,,Cultural and Creative Avenue,,1,,,"Design Services & Brand Strategy; TASCHEN is a leading art-book publisher known for its dazzling and audacious world of eye-catching coffee table books spanning architecture, aphrodisia, art, design, fashion, photography, pop culture, style, and travel.; OBM","Design Services & Brand Strategy; TASCHEN is a leading art-book publisher known for its dazzling and audacious world of eye-catching coffee table books spanning architecture, aphrodisia, art, design, fashion, photography, pop culture, style, and travel.; OBM",https://www.hktdc.com/event/homeinstyle/en/exhibitor/1S005MRUR,0,
Wheelchair88.com Limited,Wheelchair88.com Limited,Hong Kong,,,,Exhibitor,Hong Kong Home InStyle 2025,5E-A08,Health & Wellness,Gerontech Living Pavilion,1,,,"Our capabilities include R&D, sourcing parts, mold making, welding, CNC, surface treatments, etc. Before starting this company, I had more than a decade of experience in product manufacturing.; Others","Our capabilities include R&D, sourcing parts, mold making, welding, CNC, surface treatments, etc. Before starting this company, I had more than a decade of experience in product manufacturing.; Others",https://www.hktdc.com/event/homeinstyle/en/exhibitor/1S005MO0C,2,https://www.hktdc.com/event/homeinstyle/en/product/1Z03O3IS6; https://www.hktdc.com/event/homeinstyle/en/product/1Z03O3IS6
"Ningbo Linjia Plastic Co., Ltd","Ningbo Linjia Plastic Co., Ltd",Chinese Mainland,Stationery,Stationery,,Exhibitor,Hong Kong Home InStyle 2025,3C-B07,Group Pavilions,Chinese Mainland (Ninghai) Pavilion,1,,,"Stationery; Cutter, Binder clips, Silicone table ware; OEM, ODM","Stationery; Cutter, Binder clips, Silicone table ware; OEM, ODM",https://www.hktdc.com/event/homeinstyle/en/exhibitor/1S005M5OV,0,
"Ningbo Yunzhe Trading Co., Ltd.","Ningbo Yunzhe Trading Co., Ltd.",Chinese Mainland,Stationery,Stationery,,Exhibitor,Hong Kong Home InStyle 2025,3C-B19,Group Pavilions,Chinese Mainland (Ninghai) Pavilion,1,,,"Stationery; Seat cushions, headrests, lumbar support and furniture supplies, notebooks, stationery and office supplies; ODM, OEM","Stationery; Seat cushions, headrests, lumbar support and furniture supplies, notebooks, stationery and office supplies; ODM, OEM",https://www.hktdc.com/event/homeinstyle/en/exhibitor/1S005MLKR,0,
"Ninghai Ruihai Electric Appliance Co,. Ltd.","Ninghai Ruihai Electric Appliance Co,. Ltd.",Chinese Mainland,Desk Lamp,Desk Lamp,,Exhibitor,Hong Kong Home InStyle 2025,3C-B29,Group Pavilions,Chinese Mainland (Ninghai) Pavilion,1,,,"Desk Lamp; LED lamps; OEM, OBM","Desk Lamp; LED lamps; OEM, OBM",https://www.hktdc.com/event/homeinstyle/en/exhibitor/1S005M5FM,6,https://www.hktdc.com/event/homeinstyle/en/product/1X1ZOEQ4; https://www.hktdc.com/event/homeinstyle/en/product/1X1ZOEQ4; https://www.hktdc.com/event/homeinstyle/en/product/1X1ZOEP5; https://www.hktdc.com/event/homeinstyle/en/product/1X1ZOEP5; https://www.hktdc.com/event/homeinstyle/en/product/1X1ZOEO6; https://www.hktdc.com/event/homeinstyle/en/product/1X1ZOEO6
"Shaoxing Chuancheng Umbrella Co., Ltd.","Shaoxing Chuancheng Umbrella Co., Ltd.",Chinese Mainland,Umbrella,Umbrella,,Exhibitor,Hong Kong Home InStyle 2025,3C-A11,Group Pavilions,Chinese Mainland (Shangyu) Pavilion,1,,,"Umbrella; Umbrella; ODM, OEM","Umbrella; Umbrella; ODM, OEM",https://www.hktdc.com/event/homeinstyle/en/exhibitor/1S005LTAD,0,
"Shaoxing Datong E-Commerce Co., Ltd","Shaoxing Datong E-Commerce Co., Ltd",Chinese Mainland,Glass Crafts,Glass Crafts,,Exhibitor,Hong Kong Home InStyle 2025,3C-A02,Group Pavilions,Chinese Mainland (Shangyu) Pavilion,1,,,"Glass Crafts; Corporate gifts; ODM, OEM","Glass Crafts; Corporate gifts; ODM, OEM",https://www.hktdc.com/event/homeinstyle/en/exhibitor/1S005LUFX,0,
"Shaoxing Nuerhong Brewing Co., Ltd.","Shaoxing Nuerhong Brewing Co., Ltd.",Chinese Mainland,Wine Glass,Wine Glass,,Exhibitor,Hong Kong Home InStyle 2025,3C-A19,Group Pavilions,Chinese Mainland (Shangyu) Pavilion,1,,,"Wine Glass; SHAOXING WINE (NU ER HONG); OEM, ODM","Wine Glass; SHAOXING WINE (NU ER HONG); OEM, ODM",https://www.hktdc.com/event/homeinstyle/en/exhibitor/1S005LU5R,0,
"Shaoxing Shangyu Camper Outdoor Products Co., Ltd","Shaoxing Shangyu Camper Outdoor Products Co., Ltd",Chinese Mainland,Tent,Tent,,Exhibitor,Hong Kong Home InStyle 2025,3C-A27,Group Pavilions,Chinese Mainland (Shangyu) Pavilion,1,,,"Tent; Tent，Outdoor equipment; ODM, OEM","Tent; Tent，Outdoor equipment; ODM, OEM",https://www.hktdc.com/event/homeinstyle/en/exhibitor/1S005LU9F,0,
"Shaoxing Shangyu Yaoxin Umbrella Co., Ltd.","Shaoxing Shangyu Yaoxin Umbrella Co., Ltd.",Chinese Mainland,Umbrella,Umbrella,,Exhibitor,Hong Kong Home InStyle 2025,3B-F20,Group Pavilions,Chinese Mainland (Shangyu) Pavilion,1,,,"Umbrella; umbrella; OEM, ODM","Umbrella; umbrella; OEM, ODM",https://www.hktdc.com/event/homeinstyle/en/exhibitor/1S005M587,0,
"Shaoxing Yongjin Umbrella Co., Ltd","Shaoxing Yongjin Umbrella Co., Ltd",Chinese Mainland,Umbrella,Umbrella,,Exhibitor,Hong Kong Home InStyle 2025,3C-A10,Group Pavilions,Chinese Mainland (Shangyu) Pavilion,1,,,"Umbrella; UMBRELLA; OEM, ODM","Umbrella; UMBRELLA; OEM, ODM",https://www.hktdc.com/event/homeinstyle/en/exhibitor/1S005LU3X,0,
"Taizhou Chuangying Craft Co., Ltd.","Taizhou Chuangying Craft Co., Ltd.",Chinese Mainland,Christmas Supply,Christmas Supply,,Exhibitor,Hong Kong Home InStyle 2025,3C-B36,Group Pavilions,Chinese Mainland (Huangyan) Pavilion,1,,,"Christmas Supply; Wooden laser cut Christmas light，Plastic Windmill; ODM, OEM","Christmas Supply; Wooden laser cut Christmas light，Plastic Windmill; ODM, OEM",https://www.hktdc.com/event/homeinstyle/en/exhibitor/1S005LTTS,2,https://www.hktdc.com/event/homeinstyle/en/product/1Z03LBVHQ; https://www.hktdc.com/event/homeinstyle/en/product/1Z03LBVHQ
"Taizhou Huangyan Boyue Plastic & Mould Co., Ltd","Taizhou Huangyan Boyue Plastic & Mould Co., Ltd",Chinese Mainland,Food Container,Food Container,,Exhibitor,Hong Kong Home InStyle 2025,3C-B42,Group Pavilions,Chinese Mainland (Huangyan) Pavilion,1,,,"Food Container; Plastic gift box; ODM, OEM","Food Container; Plastic gift box; ODM, OEM",https://www.hktdc.com/event/homeinstyle/en/exhibitor/1S005LTWJ,0,
"Taizhou Yuansheng Gift Co., Ltd.","Taizhou Yuansheng Gift Co., Ltd.",Chinese Mainland,Paper Crafts,Paper Crafts,,Exhibitor,Hong Kong Home InStyle 2025,3C-B08,Group Pavilions,Chinese Mainland (Huangyan) Pavilion,1,,,"Paper Crafts; GIFT; OEM, ODM","Paper Crafts; GIFT; OEM, ODM",https://www.hktdc.com/event/homeinstyle/en/exhibitor/1S005LTIP,0,
Zhejiang Ayan Biotech Co Ltd,Zhejiang Ayan Biotech Co Ltd,Chinese Mainland,"Shopping Bag,Home Storage & Organisation","Shopping Bag,Home Storage & Organisation",,Exhibitor,Hong Kong Home InStyle 2025,3C-B01,Group Pavilions,Chinese Mainland (Ninghai) Pavilion,1,,,"Shopping Bag,Home Storage & Organisation; Luggage, electronic products, groceries; OEM, ODM","Shopping Bag,Home Storage & Organisation; Luggage, electronic products, groceries; OEM, ODM",https://www.hktdc.com/event/homeinstyle/en/exhibitor/1S005M5NY,0,
"Zhejiang Chingleung New Material Technology Co., Ltd.","Zhejiang Chingleung New Material Technology Co., Ltd.",Chinese Mainland,Resin Crafts,Resin Crafts,,Exhibitor,Hong Kong Home InStyle 2025,3C-A06,Group Pavilions,Chinese Mainland (Shangyu) Pavilion,1,,,"Resin Crafts; 3D Printing Craftwork; OEM, ODM","Resin Crafts; 3D Printing Craftwork; OEM, ODM",https://www.hktdc.com/event/homeinstyle/en/exhibitor/1S005LUE0,0,
"Zhejiang Huangyan Fanxing Paper Co., Ltd.","Zhejiang Huangyan Fanxing Paper Co., Ltd.",Chinese Mainland,Stationery,Stationery,,Exhibitor,Hong Kong Home InStyle 2025,3C-B34,Group Pavilions,Chinese Mainland (Huangyan) Pavilion,1,,,"Stationery; Notebook, Gifts; OEM, ODM","Stationery; Notebook, Gifts; OEM, ODM",https://www.hktdc.com/event/homeinstyle/en/exhibitor/1S005LTSV,0,
Zhejiang Huangyan Xinchao Stationery Company Limited,Zhejiang Huangyan Xinchao Stationery Company Limited,Chinese Mainland,Stationery,Stationery,,Exhibitor,Hong Kong Home InStyle 2025,3C-B12,Group Pavilions,Chinese Mainland (Huangyan) Pavilion,1,,,"Stationery; Notebook; ODM, OEM","Stationery; Notebook; ODM, OEM",https://www.hktdc.com/event/homeinstyle/en/exhibitor/1S005LTMD,0,
"Zhejiang Huifeng Plastic Houseware Co., Ltd.","Zhejiang Huifeng Plastic Houseware Co., Ltd.",Chinese Mainland,"Kitchen Utensil,Hanger","Kitchen Utensil,Hanger",,Exhibitor,Hong Kong Home InStyle 2025,3C-B10,Group Pavilions,Chinese Mainland (Huangyan) Pavilion,1,,,"Kitchen Utensil,Hanger; Plastic clothes hanger, Plastic household products, Plastic kitchen products, Plastic bathroom product; OEM, ODM","Kitchen Utensil,Hanger; Plastic clothes hanger, Plastic household products, Plastic kitchen products, Plastic bathroom product; OEM, ODM",https://www.hktdc.com/event/homeinstyle/en/exhibitor/1S005LT4V,6,https://www.hktdc.com/event/homeinstyle/en/product/1Z03O07QN; https://www.hktdc.com/event/homeinstyle/en/product/1Z03O07QN; https://www.hktdc.com/event/homeinstyle/en/product/1Z03O07W5; https://www.hktdc.com/event/homeinstyle/en/product/1Z03O07W5; https://www.hktdc.com/event/homeinstyle/en/product/1Z03O07TE; https://www.hktdc.com/event/homeinstyle/en/product/1Z03O07TE
"Zhejiang Orient Industry & Trade Co.,Ltd","Zhejiang Orient Industry & Trade Co.,Ltd",Chinese Mainland,Baby Play Mat,Baby Play Mat,,Exhibitor,Hong Kong Home InStyle 2025,3C-B40,Group Pavilions,Chinese Mainland (Huangyan) Pavilion,1,,,"Baby Play Mat; Wooden toys, Wooden puzzle; OEM, ODM","Baby Play Mat; Wooden toys, Wooden puzzle; OEM, ODM",https://www.hktdc.com/event/homeinstyle/en/exhibitor/1S005LTVM,0,
"Zhejiang Royal Palace Culture Development Co., Ltd.","Zhejiang Royal Palace Culture Development Co., Ltd.",Chinese Mainland,Metal Craft,Metal Craft,,Exhibitor,Hong Kong Home InStyle 2025,3C-A16,Group Pavilions,Chinese Mainland (Shangyu) Pavilion,1,,,"Metal Craft; Precious metal decorative painting, precious metal gift/craft; OEM, ODM","Metal Craft; Precious metal decorative painting, precious metal gift/craft; OEM, ODM",https://www.hktdc.com/event/homeinstyle/en/exhibitor/1S005MOUU,0,
"Zhejiang Xingke Electronics Co., Ltd.","Zhejiang Xingke Electronics Co., Ltd.",Chinese Mainland,Candle,Candle,,Exhibitor,Hong Kong Home InStyle 2025,3B-F34,Group Pavilions,Chinese Mainland (Shangyu) Pavilion,1,,,"Candle; LED candle,eon Light, Lantern; OEM, ODM","Candle; LED candle,eon Light, Lantern; OEM, ODM",https://www.hktdc.com/event/homeinstyle/en/exhibitor/1S005LU8I,0,
"Zhejiang Zhanggong Technology Co., Ltd","Zhejiang Zhanggong Technology Co., Ltd",Chinese Mainland,Storage Basket,Storage Basket,,Exhibitor,Hong Kong Home InStyle 2025,3C-C20,Group Pavilions,Chinese Mainland (Huangyan) Pavilion,1,,,"Storage Basket; Storage Organizer; OEM, ODM","Storage Basket; Storage Organizer; OEM, ODM",https://www.hktdc.com/event/homeinstyle/en/exhibitor/1S005LTYD,2,https://www.hktdc.com/event/homeinstyle/en/product/1Z03JGGWW; https://www.hktdc.com/event/homeinstyle/en/product/1Z03JGGWW
"Ningbo Bingfeng Stationery Co., Ltd.","Ningbo Bingfeng Stationery Co., Ltd.",Chinese Mainland,"Paper Crafts,Photo Frame,Picture Frame","Paper Crafts,Photo Frame,Picture Frame",,Exhibitor,Hong Kong Home InStyle 2025,3C-B13,Group Pavilions,Chinese Mainland (Ninghai) Pavilion,1,,,"Paper Crafts,Photo Frame,Picture Frame; Environmental notebooks, notice stickers, notepad, coil notebooks, etc; OEM, ODM","Paper Crafts,Photo Frame,Picture Frame; Environmental notebooks, notice stickers, notepad, coil notebooks, etc; OEM, ODM",https://www.hktdc.com/event/homeinstyle/en/exhibitor/1S005M5EP,4,https://www.hktdc.com/event/homeinstyle/en/product/1X1QSB12; https://www.hktdc.com/event/homeinstyle/en/product/1X1QSB12; https://www.hktdc.com/event/homeinstyle/en/product/1X1QSAZ7; https://www.hktdc.com/event/homeinstyle/en/product/1X1QSAZ7
"Ningbo Hehe Stationery Gift Co., Ltd.","Ningbo Hehe Stationery Gift Co., Ltd.",Chinese Mainland,Stationery,Stationery,,Exhibitor,Hong Kong Home InStyle 2025,3C-B23,Group Pavilions,Chinese Mainland (Ninghai) Pavilion,1,,,"Stationery; CARD BAG; STATIONERY SET;; OEM, ODM","Stationery; CARD BAG; STATIONERY SET;; OEM, ODM",https://www.hktdc.com/event/homeinstyle/en/exhibitor/1S005M5K7,20,https://www.hktdc.com/event/homeinstyle/en/product/1X1O3LFU; https://www.hktdc.com/event/homeinstyle/en/product/1X1O3LFU; https://www.hktdc.com/event/homeinstyle/en/product/1X1O3LEV; https://www.hktdc.com/event/homeinstyle/en/product/1X1O3LEV; https://www.hktdc.com/event/homeinstyle/en/product/1X1O3LDW; https://www.hktdc.com/event/homeinstyle/en/product/1X1O3LDW; https://www.hktdc.com/event/homeinstyle/en/product/1X1O3LCX; https://www.hktdc.com/event/homeinstyle/en/product/1X1O3LCX; https://www.hktdc.com/event/homeinstyle/en/product/1X1O3LBY; https://www.hktdc.com/event/homeinstyle/en/product/1X1O3LBY; https://www.hktdc.com/event/homeinstyle/en/product/1X1O3LAZ; https://www.hktdc.com/event/homeinstyle/en/product/1X1O3LAZ; https://www.hktdc.com/event/homeinstyle/en/product/1X1W1E9L; https://www.hktdc.com/event/homeinstyle/en/product/1X1W1E9L; https://www.hktdc.com/event/homeinstyle/en/product/1X1W1E8M; https://www.hktdc.com/event/homeinstyle/en/product/1X1W1E8M; https://www.hktdc.com/event/homeinstyle/en/product/1X1W1E7N; https://www.hktdc.com/event/homeinstyle/en/product/1X1W1E7N; https://www.hktdc.com/event/homeinstyle/en/product/1X1W1E6O; https://www.hktdc.com/event/homeinstyle/en/product/1X1W1E6O
"Ningbo Henglang Import & Export Co., Ltd.","Ningbo Henglang Import & Export Co., Ltd.",Chinese Mainland,Party Supplies,Party Supplies,,Exhibitor,Hong Kong Home InStyle 2025,3C-B43,Group Pavilions,Chinese Mainland (Ninghai) Pavilion,1,,,"Party Supplies; LED Light, Gift Light; ODM, OEM","Party Supplies; LED Light, Gift Light; ODM, OEM",https://www.hktdc.com/event/homeinstyle/en/exhibitor/1S005M5HG,0,
Ningbo Hope Houseware International,Ningbo Hope Houseware International,Chinese Mainland,Storage Box,Storage Box,,Exhibitor,Hong Kong Home InStyle 2025,3C-B39,Group Pavilions,Chinese Mainland (Ninghai) Pavilion,1,,,"Storage Box; Food container, kitchen storage, silicone kitchen items; ODM, OEM","Storage Box; Food container, kitchen storage, silicone kitchen items; ODM, OEM",https://www.hktdc.com/event/homeinstyle/en/exhibitor/1S005M5M1,8,https://www.hktdc.com/event/homeinstyle/en/product/1Z03NU9MX; https://www.hktdc.com/event/homeinstyle/en/product/1Z03NU9MX; https://www.hktdc.com/event/homeinstyle/en/product/1Z03NSEEG; https://www.hktdc.com/event/homeinstyle/en/product/1Z03NSEEG; https://www.hktdc.com/event/homeinstyle/en/product/1Z03NU93I; https://www.hktdc.com/event/homeinstyle/en/product/1Z03NU93I; https://www.hktdc.com/event/homeinstyle/en/product/1Z03NU976; https://www.hktdc.com/event/homeinstyle/en/product/1Z03NU976
"Ningbo Junxing Toys and Technology Co., Ltd","Ningbo Junxing Toys and Technology Co., Ltd",Chinese Mainland,Stationery,Stationery,,Exhibitor,Hong Kong Home InStyle 2025,3C-B11,Group Pavilions,Chinese Mainland (Ninghai) Pavilion,1,,,"Stationery; PUTTY, CLAY, SAND AND CHEMICAL PRODUCTS; OBM, ODM, OEM","Stationery; PUTTY, CLAY, SAND AND CHEMICAL PRODUCTS; OBM, ODM, OEM",https://www.hktdc.com/event/homeinstyle/en/exhibitor/1S005MGI2,0,
"Ningbo Juxiang Stationery Co., Ltd.","Ningbo Juxiang Stationery Co., Ltd.",Chinese Mainland,Stationery,Stationery,,Exhibitor,Hong Kong Home InStyle 2025,3C-B37,Group Pavilions,Chinese Mainland (Ninghai) Pavilion,1,,,"Stationery; Stationery; OEM, OBM","Stationery; Stationery; OEM, OBM",https://www.hktdc.com/event/homeinstyle/en/exhibitor/1S005M5ID,4,https://www.hktdc.com/event/homeinstyle/en/product/1X1WV2U0; https://www.hktdc.com/event/homeinstyle/en/product/1X1WV2U0; https://www.hktdc.com/event/homeinstyle/en/product/1X1WKXXC; https://www.hktdc.com/event/homeinstyle/en/product/1X1WKXXC
"Ningbo Senjun New Materials Co., Ltd.","Ningbo Senjun New Materials Co., Ltd.",Chinese Mainland,Stationery,Stationery,,Exhibitor,Hong Kong Home InStyle 2025,3C-B41,Group Pavilions,Chinese Mainland (Ninghai) Pavilion,1,,,"Stationery; Notebook and paper products; OEM, ODM","Stationery; Notebook and paper products; OEM, ODM",https://www.hktdc.com/event/homeinstyle/en/exhibitor/1S005M5JA,0,
"Ningbo Shuangmin Daily Necessities Co., Ltd","Ningbo Shuangmin Daily Necessities Co., Ltd",Chinese Mainland,"Coffee Set,Food Container","Coffee Set,Food Container",,Exhibitor,Hong Kong Home InStyle 2025,3C-B17,Group Pavilions,Chinese Mainland (Ninghai) Pavilion,1,,,"Coffee Set,Food Container; Plastic coffee cup, plastic lunch box; OEM, OBM","Coffee Set,Food Container; Plastic coffee cup, plastic lunch box; OEM, OBM",https://www.hktdc.com/event/homeinstyle/en/exhibitor/1S005M5DS,0,
Ningbo Yaxi Home Creations Co Ltd,Ningbo Yaxi Home Creations Co Ltd,Chinese Mainland,Mirror,Mirror,,Exhibitor,Hong Kong Home InStyle 2025,3C-B15,Group Pavilions,Chinese Mainland (Ninghai) Pavilion,1,,,"Mirror; Cosmetic Mirror, Storage Box; OEM, OBM","Mirror; Cosmetic Mirror, Storage Box; OEM, OBM",https://www.hktdc.com/event/homeinstyle/en/exhibitor/1S005M5RM,0,
"Ningbo Yongxin Import and Export Co.,Ltd.","Ningbo Yongxin Import and Export Co.,Ltd.",Chinese Mainland,"Kitchen Utensil,Food Container,Cling Wrap","Kitchen Utensil,Food Container,Cling Wrap",,Exhibitor,Hong Kong Home InStyle 2025,3C-B33,Group Pavilions,Chinese Mainland (Ninghai) Pavilion,1,,,"Kitchen Utensil,Food Container,Cling Wrap; CAVAS BOARD, CAVAS FRAME, PAINTING BY NUMBER; ODM, OEM","Kitchen Utensil,Food Container,Cling Wrap; CAVAS BOARD, CAVAS FRAME, PAINTING BY NUMBER; ODM, OEM",https://www.hktdc.com/event/homeinstyle/en/exhibitor/1S005M5SJ,0,
"Shaoxing Chenrui Gift Co., Ltd","Shaoxing Chenrui Gift Co., Ltd",Chinese Mainland,"Umbrella,Tent","Umbrella,Tent",,Exhibitor,Hong Kong Home InStyle 2025,3B-F42,Group Pavilions,Chinese Mainland (Shangyu) Pavilion,1,,,"Umbrella,Tent; Outside tent, umbrella,sun umbrella,raincoat; OEM, ODM","Umbrella,Tent; Outside tent, umbrella,sun umbrella,raincoat; OEM, ODM",https://www.hktdc.com/event/homeinstyle/en/exhibitor/1S005LUC6,0,
"Shaoxing Kaitai Umbrella Co., Ltd.","Shaoxing Kaitai Umbrella Co., Ltd.",Chinese Mainland,Umbrella,Umbrella,,Exhibitor,Hong Kong Home InStyle 2025,3C-A20,Group Pavilions,Chinese Mainland (Shangyu) Pavilion,1,,,"Umbrella; Umbrella Gift; OEM, ODM","Umbrella; Umbrella Gift; OEM, ODM",https://www.hktdc.com/event/homeinstyle/en/exhibitor/1S005MRIR,0,
"Shaoxing Liangcheng Raingear Co., Ltd","Shaoxing Liangcheng Raingear Co., Ltd",Chinese Mainland,Umbrella,Umbrella,,Exhibitor,Hong Kong Home InStyle 2025,3B-F44,Group Pavilions,Chinese Mainland (Shangyu) Pavilion,1,,,"Umbrella; Umbrella; ODM, OEM","Umbrella; Umbrella; ODM, OEM",https://www.hktdc.com/event/homeinstyle/en/exhibitor/1S005LUB9,0,
"Shaoxing Naichuan Socks Industry Co., Ltd.","Shaoxing Naichuan Socks Industry Co., Ltd.",Chinese Mainland,Slippers,Slippers,,Exhibitor,Hong Kong Home InStyle 2025,3C-A14,Group Pavilions,Chinese Mainland (Shangyu) Pavilion,1,,,"Slippers; Socks; OEM, ODM","Slippers; Socks; OEM, ODM",https://www.hktdc.com/event/homeinstyle/en/exhibitor/1S005M4X5,0,
Shaoxing Qiu Long Umbrella Company Limited,Shaoxing Qiu Long Umbrella Company Limited,Chinese Mainland,Umbrella,Umbrella,,Exhibitor,Hong Kong Home InStyle 2025,3C-A31,Group Pavilions,Chinese Mainland (Shangyu) Pavilion,1,,,"Umbrella; Umbrella; ODM, OEM","Umbrella; Umbrella; ODM, OEM",https://www.hktdc.com/event/homeinstyle/en/exhibitor/1S005LU4U,6,https://www.hktdc.com/event/homeinstyle/en/product/1Z03O0IR9; https://www.hktdc.com/event/homeinstyle/en/product/1Z03O0IR9; https://www.hktdc.com/event/homeinstyle/en/product/1Z03O0DSB; https://www.hktdc.com/event/homeinstyle/en/product/1Z03O0DSB; https://www.hktdc.com/event/homeinstyle/en/product/1Z03O0E8Y; https://www.hktdc.com/event/homeinstyle/en/product/1Z03O0E8Y
"Shaoxing Shangyu Jiangjing Copper Co., Ltd","Shaoxing Shangyu Jiangjing Copper Co., Ltd",Chinese Mainland,Metal Craft,Metal Craft,,Exhibitor,Hong Kong Home InStyle 2025,3B-F38,Group Pavilions,Chinese Mainland (Shangyu) Pavilion,1,,,"Metal Craft; Copper Artwork, Copper Tube for Decoration; ODM, OEM","Metal Craft; Copper Artwork, Copper Tube for Decoration; ODM, OEM",https://www.hktdc.com/event/homeinstyle/en/exhibitor/1S005LUAC,0,
"Shaoxing Shangyu Jirui Trade Co., Ltd","Shaoxing Shangyu Jirui Trade Co., Ltd",Chinese Mainland,Umbrella,Umbrella,,Exhibitor,Hong Kong Home InStyle 2025,3C-A39,Group Pavilions,Chinese Mainland (Shangyu) Pavilion,1,,,"Umbrella; Beach umbrella, straight umbrella, garden umbrella; ODM, OEM","Umbrella; Beach umbrella, straight umbrella, garden umbrella; ODM, OEM",https://www.hktdc.com/event/homeinstyle/en/exhibitor/1S005MRE3,0,
"Shaoxing Shangyu Yongchang Wood Industry Co., Ltd","Shaoxing Shangyu Yongchang Wood Industry Co., Ltd",Chinese Mainland,Knitting Crafts,Knitting Crafts,,Exhibitor,Hong Kong Home InStyle 2025,3B-F40,Group Pavilions,Chinese Mainland (Shangyu) Pavilion,1,,,"Knitting Crafts; Wooden crafts, pet products, textile products, children's products; OEM, ODM","Knitting Crafts; Wooden crafts, pet products, textile products, children's products; OEM, ODM",https://www.hktdc.com/event/homeinstyle/en/exhibitor/1S005MLLO,0,
"Shaoxing Shiheng Outdoor Products Co., Ltd.","Shaoxing Shiheng Outdoor Products Co., Ltd.",Chinese Mainland,Tent,Tent,,Exhibitor,Hong Kong Home InStyle 2025,3C-A41,Group Pavilions,Chinese Mainland (Shangyu) Pavilion,1,,,"Tent; Camping tents, camping tables and chairs, canopies, pergolas, sleeping bags, etc.; OEM, ODM","Tent; Camping tents, camping tables and chairs, canopies, pergolas, sleeping bags, etc.; OEM, ODM",https://www.hktdc.com/event/homeinstyle/en/exhibitor/1S005LU13,0,
Shaoxing Sunshine Flying Tourism Products Co Ltd,Shaoxing Sunshine Flying Tourism Products Co Ltd,Chinese Mainland,"Umbrella,Tent","Umbrella,Tent",,Exhibitor,Hong Kong Home InStyle 2025,3C-A22,Group Pavilions,Chinese Mainland (Shangyu) Pavilion,1,,,"Umbrella,Tent; BEACH UMBRELLA, BEACH SHELTER, BEACH CHAIR; OEM, ODM","Umbrella,Tent; BEACH UMBRELLA, BEACH SHELTER, BEACH CHAIR; OEM, ODM",https://www.hktdc.com/event/homeinstyle/en/exhibitor/1S005MOWO,0,
"Shaoxing Yiqiang Electric Appliance Technology Co.,Ltd","Shaoxing Yiqiang Electric Appliance Technology Co.,Ltd",Chinese Mainland,Hair Care Product,Hair Care Product,,Exhibitor,Hong Kong Home InStyle 2025,3C-A43,Group Pavilions,Chinese Mainland (Shangyu) Pavilion,1,,,"Hair Care Product; Hair Dryer, Hair Straightener, Hair Curler, Brush; ODM, OEM","Hair Care Product; Hair Dryer, Hair Straightener, Hair Curler, Brush; ODM, OEM",https://www.hktdc.com/event/homeinstyle/en/exhibitor/1S005LUD3,0,
"Taizhou Huangyan Jingying Mould Co., Ltd","Taizhou Huangyan Jingying Mould Co., Ltd",Chinese Mainland,Cleaning Appliance,Cleaning Appliance,,Exhibitor,Hong Kong Home InStyle 2025,3C-B30,Group Pavilions,Chinese Mainland (Huangyan) Pavilion,1,,,"Cleaning Appliance; Pool cleaner; OEM, ODM","Cleaning Appliance; Pool cleaner; OEM, ODM",https://www.hktdc.com/event/homeinstyle/en/exhibitor/1S005LTQ1,0,
"Taizhou Jiaojiang Jiazhifeng Garment Co., Ltd","Taizhou Jiaojiang Jiazhifeng Garment Co., Ltd",Chinese Mainland,"Functional Fabric,Fabric Crafts","Functional Fabric,Fabric Crafts",,Exhibitor,Hong Kong Home InStyle 2025,3C-A34,Group Pavilions,Chinese Mainland (Jiaojiang) Pavilion,1,,,"Functional Fabric,Fabric Crafts; Loungewear; OBM, OEM","Functional Fabric,Fabric Crafts; Loungewear; OBM, OEM",https://www.hktdc.com/event/homeinstyle/en/exhibitor/1S005MSC8,0,
"Taizhou Jiaojiang Yingxing Electronic Co., Ltd","Taizhou Jiaojiang Yingxing Electronic Co., Ltd",Chinese Mainland,"Decorative Lamp,Christmas Supply","Decorative Lamp,Christmas Supply",,Exhibitor,Hong Kong Home InStyle 2025,3C-A32,Group Pavilions,Chinese Mainland (Jiaojiang) Pavilion,1,,,"Decorative Lamp,Christmas Supply; Christmas Light, Contrillers; OEM, ODM","Decorative Lamp,Christmas Supply; Christmas Light, Contrillers; OEM, ODM",https://www.hktdc.com/event/homeinstyle/en/exhibitor/1S005MLG3,0,
"Taizhou Real Houseware Co., Ltd.","Taizhou Real Houseware Co., Ltd.",Chinese Mainland,"Tabletop Accessories,Placemat","Tabletop Accessories,Placemat",,Exhibitor,Hong Kong Home InStyle 2025,3C-A28,Group Pavilions,Chinese Mainland (Jiaojiang) Pavilion,1,,,"Tabletop Accessories,Placemat; Placemats; ODM, OEM","Tabletop Accessories,Placemat; Placemats; ODM, OEM",https://www.hktdc.com/event/homeinstyle/en/exhibitor/1S005MLF6,0,
"Taizhou Suao Import & Export Co., Ltd","Taizhou Suao Import & Export Co., Ltd",Chinese Mainland,Spice Container,Spice Container,,Exhibitor,Hong Kong Home InStyle 2025,3C-B44,Group Pavilions,Chinese Mainland (Huangyan) Pavilion,1,,,"Spice Container; Brush, Plastic-glass bottle; OEM, ODM","Spice Container; Brush, Plastic-glass bottle; OEM, ODM",https://www.hktdc.com/event/homeinstyle/en/exhibitor/1S005LTXG,0,
"Zhejiang Hanser Technology Co., Ltd.","Zhejiang Hanser Technology Co., Ltd.",Chinese Mainland,"Bathroom Rack,Hanger","Bathroom Rack,Hanger",,Exhibitor,Hong Kong Home InStyle 2025,3C-A30,Group Pavilions,Chinese Mainland (Jiaojiang) Pavilion,1,,,"Bathroom Rack,Hanger; Hanger, Storage Box, Kitchen Series; ODM, OEM","Bathroom Rack,Hanger; Hanger, Storage Box, Kitchen Series; ODM, OEM",https://www.hktdc.com/event/homeinstyle/en/exhibitor/1S005MLDC,0,
Zhejiang Taizhou Diya Houseware Co Ltd,Zhejiang Taizhou Diya Houseware Co Ltd,Chinese Mainland,Wood Crafts,Wood Crafts,,Exhibitor,Hong Kong Home InStyle 2025,3C-B32,Group Pavilions,Chinese Mainland (Huangyan) Pavilion,1,,,"Wood Crafts; Wooden home decoration, Crafts, Easter decoration; ODM, OEM","Wood Crafts; Wooden home decoration, Crafts, Easter decoration; ODM, OEM",https://www.hktdc.com/event/homeinstyle/en/exhibitor/1S005LTRY,4,https://www.hktdc.com/event/homeinstyle/en/product/1X23M82A; https://www.hktdc.com/event/homeinstyle/en/product/1X23M82A; https://www.hktdc.com/event/homeinstyle/en/product/1X238XNM; https://www.hktdc.com/event/homeinstyle/en/product/1X238XNM
"Wise Industrial Co., Ltd.","Wise Industrial Co., Ltd.",Hong Kong,"Kettle,Food Container,Food Box","Kettle,Food Container,Food Box",,Exhibitor,Hong Kong Home InStyle 2025,3E-C36,Cook & Dine,,1,,,"Kettle,Food Container,Food Box; 3 in 1 Kitchen hanging rack
vacuum Food Storage Containers set
vacuum juice jug; Others","Kettle,Food Container,Food Box; 3 in 1 Kitchen hanging rack
vacuum Food Storage Containers set
vacuum juice jug; Others",https://www.hktdc.com/event/homeinstyle/en/exhibitor/1S005J9U9,24,https://www.hktdc.com/event/homeinstyle/en/product/1Z03MENS1; https://www.hktdc.com/event/homeinstyle/en/product/1Z03MENS1; https://www.hktdc.com/event/homeinstyle/en/product/1Z03MEOE6; https://www.hktdc.com/event/homeinstyle/en/product/1Z03MEOE6; https://www.hktdc.com/event/homeinstyle/en/product/1Z03JUL50; https://www.hktdc.com/event/homeinstyle/en/product/1Z03JUL50; https://www.hktdc.com/event/homeinstyle/en/product/1Z03MEOUU; https://www.hktdc.com/event/homeinstyle/en/product/1Z03MEOUU; https://www.hktdc.com/event/homeinstyle/en/product/1Z03MD5ID; https://www.hktdc.com/event/homeinstyle/en/product/1Z03MD5ID; https://www.hktdc.com/event/homeinstyle/en/product/1Z03JUL6X; https://www.hktdc.com/event/homeinstyle/en/product/1Z03JUL6X; https://www.hktdc.com/event/homeinstyle/en/product/1Z03JUL9O; https://www.hktdc.com/event/homeinstyle/en/product/1Z03JUL9O; https://www.hktdc.com/event/homeinstyle/en/product/1Z03MD5DS; https://www.hktdc.com/event/homeinstyle/en/product/1Z03MD5DS; https://www.hktdc.com/event/homeinstyle/en/product/1Z03MD4JB; https://www.hktdc.com/event/homeinstyle/en/product/1Z03MD4JB; https://www.hktdc.com/event/homeinstyle/en/product/1Z03JULAL; https://www.hktdc.com/event/homeinstyle/en/product/1Z03JULAL; https://www.hktdc.com/event/homeinstyle/en/product/1Z03JUL7U; https://www.hktdc.com/event/homeinstyle/en/product/1Z03JUL7U; https://www.hktdc.com/event/homeinstyle/en/product/1Z03LR9CR; https://www.hktdc.com/event/homeinstyle/en/product/1Z03LR9CR
Yaward Industrial Development Limited,Yaward Industrial Development Limited,Chinese Mainland,"Cookware,Kettle,Kitchen Utensil,Coffee Pot,Tableware,Tea Pot,Frying Pan,Food Steamer","Cookware,Kettle,Kitchen Utensil,Coffee Pot,Tableware,Tea Pot,Frying Pan,Food Steamer",,Exhibitor,Hong Kong Home InStyle 2025,3E-C13,World of Fine Dining,Cantonese Business Go Global,1,,,"Cookware,Kettle,Kitchen Utensil,Coffee Pot,Tableware,Tea Pot,Frying Pan,Food Steamer; STAINLESS STEEL COOKWARE, KETTLE, COFFEE POT; OEM, ODM","Cookware,Kettle,Kitchen Utensil,Coffee Pot,Tableware,Tea Pot,Frying Pan,Food Steamer; STAINLESS STEEL COOKWARE, KETTLE, COFFEE POT; OEM, ODM",https://www.hktdc.com/event/homeinstyle/en/exhibitor/1S005H3CX,40,https://www.hktdc.com/event/homeinstyle/en/product/1Z03LQ0VF; https://www.hktdc.com/event/homeinstyle/en/product/1Z03LQ0VF; https://www.hktdc.com/event/homeinstyle/en/product/1Z03LO9YX; https://www.hktdc.com/event/homeinstyle/en/product/1Z03LO9YX; https://www.hktdc.com/event/homeinstyle/en/product/1Z03LQ5TG; https://www.hktdc.com/event/homeinstyle/en/product/1Z03LQ5TG; https://www.hktdc.com/event/homeinstyle/en/product/1Z03LOA5B; https://www.hktdc.com/event/homeinstyle/en/product/1Z03LOA5B; https://www.hktdc.com/event/homeinstyle/en/product/1Z03LPW6M; https://www.hktdc.com/event/homeinstyle/en/product/1Z03LPW6M; https://www.hktdc.com/event/homeinstyle/en/product/1Z03LPUYC; https://www.hktdc.com/event/homeinstyle/en/product/1Z03LPUYC; https://www.hktdc.com/event/homeinstyle/en/product/1Z03LOVFW; https://www.hktdc.com/event/homeinstyle/en/product/1Z03LOVFW; https://www.hktdc.com/event/homeinstyle/en/product/1Z03LP5FM; https://www.hktdc.com/event/homeinstyle/en/product/1Z03LP5FM; https://www.hktdc.com/event/homeinstyle/en/product/1Z03LP70T; https://www.hktdc.com/event/homeinstyle/en/product/1Z03LP70T; https://www.hktdc.com/event/homeinstyle/en/product/1Z03LOQ31; https://www.hktdc.com/event/homeinstyle/en/product/1Z03LOQ31; https://www.hktdc.com/event/homeinstyle/en/product/1Z03LPDON; https://www.hktdc.com/event/homeinstyle/en/product/1Z03LPDON; https://www.hktdc.com/event/homeinstyle/en/product/1Z03LPW3V; https://www.hktdc.com/event/homeinstyle/en/product/1Z03LPW3V; https://www.hktdc.com/event/homeinstyle/en/product/1Z03LOLG3; https://www.hktdc.com/event/homeinstyle/en/product/1Z03LOLG3; https://www.hktdc.com/event/homeinstyle/en/product/1Z03LOZRS; https://www.hktdc.com/event/homeinstyle/en/product/1Z03LOZRS; https://www.hktdc.com/event/homeinstyle/en/product/1Z03LP0RR; https://www.hktdc.com/event/homeinstyle/en/product/1Z03LP0RR; https://www.hktdc.com/event/homeinstyle/en/product/1Z03LPZGP; https://www.hktdc.com/event/homeinstyle/en/product/1Z03LPZGP; https://www.hktdc.com/event/homeinstyle/en/product/1Z03LQ1N2; https://www.hktdc.com/event/homeinstyle/en/product/1Z03LQ1N2; https://www.hktdc.com/event/homeinstyle/en/product/1Z03LPFLU; https://www.hktdc.com/event/homeinstyle/en/product/1Z03LPFLU; https://www.hktdc.com/event/homeinstyle/en/product/1Z03LOAJ5; https://www.hktdc.com/event/homeinstyle/en/product/1Z03LOAJ5; https://www.hktdc.com/event/homeinstyle/en/product/1Z03LPFBO; https://www.hktdc.com/event/homeinstyle/en/product/1Z03LPFBO
"Ningbo Tianyi Natural House Homeware Co., Limited","Ningbo Tianyi Natural House Homeware Co., Limited",Hong Kong,"Baking Tool,Cutting Board,Dish Rack,Salt Pepper Grinder,Kitchen Utensil,Coaster,Wine Rack","Baking Tool,Cutting Board,Dish Rack,Salt Pepper Grinder,Kitchen Utensil,Coaster,Wine Rack",,Exhibitor,Hong Kong Home InStyle 2025,3E-B19,World of Fine Dining,,1,,,"Baking Tool,Cutting Board,Dish Rack,Salt Pepper Grinder,Kitchen Utensil,Coaster,Wine Rack; Wood and bamboo kitchenware/ home storage and organizer/ bath storage and organizer/ living room storage and organizer; OEM, ODM","Baking Tool,Cutting Board,Dish Rack,Salt Pepper Grinder,Kitchen Utensil,Coaster,Wine Rack; Wood and bamboo kitchenware/ home storage and organizer/ bath storage and organizer/ living room storage and organizer; OEM, ODM",https://www.hktdc.com/event/homeinstyle/en/exhibitor/1S005JQD7,8,https://www.hktdc.com/event/homeinstyle/en/product/1Z03NYSHT; https://www.hktdc.com/event/homeinstyle/en/product/1Z03NYSHT; https://www.hktdc.com/event/homeinstyle/en/product/1Z03NYUIO; https://www.hktdc.com/event/homeinstyle/en/product/1Z03NYUIO; https://www.hktdc.com/event/homeinstyle/en/product/1Z03NY5ID; https://www.hktdc.com/event/homeinstyle/en/product/1Z03NY5ID; https://www.hktdc.com/event/homeinstyle/en/product/1Z03NY4OW; https://www.hktdc.com/event/homeinstyle/en/product/1Z03NY4OW
Lucky Enamelware Factory Ltd,Lucky Enamelware Factory Ltd,Hong Kong,"Our company has been in the business of manufacturing and exporting household enamelware since 1951. It is the most well-known in Hong Kong with a production plant in Guangdong Province, China. We also manufacture to customers' own design in any shape, colour or decoration for souvenir and premium items. All our products meet the food safety standard requirements of different countries.","Our company has been in the business of manufacturing and exporting household enamelware since 1951. It is the most well-known in Hong Kong with a production plant in Guangdong Province, China. We also manufacture to customers' own design in any shape, colour or decoration for souvenir and premium items. All our products meet the food safety standard requirements of different countries.",,Exhibitor,Hong Kong Home InStyle 2025,3D-D17,World of Fine Decor,,1,,,"Camping & Picnic Equipment,Barbecue Grill,Picnic Tableware,Kettle,Baking Tool,Grill Pan,Spoon,Measuring Cup,Kitchen Utensil,Coffee Pot,Cup,Mug,Cup & Plate Set,Dish,Plate,Fruit Basket,Ice Bucket,Tea Pot,Tea Set; Enamelled Houseware Products; Others","Camping & Picnic Equipment,Barbecue Grill,Picnic Tableware,Kettle,Baking Tool,Grill Pan,Spoon,Measuring Cup,Kitchen Utensil,Coffee Pot,Cup,Mug,Cup & Plate Set,Dish,Plate,Fruit Basket,Ice Bucket,Tea Pot,Tea Set; Enamelled Houseware Products; Others",https://www.hktdc.com/event/homeinstyle/en/exhibitor/1S005JUUO,30,https://www.hktdc.com/event/homeinstyle/en/product/1X252OFL; https://www.hktdc.com/event/homeinstyle/en/product/1X252OFL; https://www.hktdc.com/event/homeinstyle/en/product/1X252OEM; https://www.hktdc.com/event/homeinstyle/en/product/1X252OEM; https://www.hktdc.com/event/homeinstyle/en/product/1X1VL6NV; https://www.hktdc.com/event/homeinstyle/en/product/1X1VL6NV; https://www.hktdc.com/event/homeinstyle/en/product/1X1VL6MW; https://www.hktdc.com/event/homeinstyle/en/product/1X1VL6MW; https://www.hktdc.com/event/homeinstyle/en/product/1X1VL6LX; https://www.hktdc.com/event/homeinstyle/en/product/1X1VL6LX; https://www.hktdc.com/event/homeinstyle/en/product/1X1MF5AB; https://www.hktdc.com/event/homeinstyle/en/product/1X1MF5AB; https://www.hktdc.com/event/homeinstyle/en/product/1X1MF59C; https://www.hktdc.com/event/homeinstyle/en/product/1X1MF59C; https://www.hktdc.com/event/homeinstyle/en/product/1X1ISFBG; https://www.hktdc.com/event/homeinstyle/en/product/1X1ISFBG; https://www.hktdc.com/event/homeinstyle/en/product/1X1ISFAH; https://www.hktdc.com/event/homeinstyle/en/product/1X1ISFAH; https://www.hktdc.com/event/homeinstyle/en/product/1X0LAX63; https://www.hktdc.com/event/homeinstyle/en/product/1X0LAX63; https://www.hktdc.com/event/homeinstyle/en/product/1X0BPZNG; https://www.hktdc.com/event/homeinstyle/en/product/1X0BPZNG; https://www.hktdc.com/event/homeinstyle/en/product/1X0BPZMH; https://www.hktdc.com/event/homeinstyle/en/product/1X0BPZMH; https://www.hktdc.com/event/homeinstyle/en/product/1X08LF9I; https://www.hktdc.com/event/homeinstyle/en/product/1X08LF9I; https://www.hktdc.com/event/homeinstyle/en/product/1X08LD8P; https://www.hktdc.com/event/homeinstyle/en/product/1X08LD8P; https://www.hktdc.com/event/homeinstyle/en/product/1X048Z30; https://www.hktdc.com/event/homeinstyle/en/product/1X048Z30
NYHK Limited,NYHK Limited,Hong Kong,"Founded in 2010, we are specified in making Tritan drinking bottles. Our factory located in Ningbo, China. Our plastic bottles pass the FDA, EU and LFGB tests. We have BSCI factory audit. Our core business is OEM and ODM manufacturing.","Founded in 2010, we are specified in making Tritan drinking bottles. Our factory located in Ningbo, China. Our plastic bottles pass the FDA, EU and LFGB tests. We have BSCI factory audit. Our core business is OEM and ODM manufacturing.",,Exhibitor,Hong Kong Home InStyle 2025,3E-C08,World of Fine Dining,,1,,,"Cup; OEM and ODM; ODM, OEM","Cup; OEM and ODM; ODM, OEM",https://www.hktdc.com/event/homeinstyle/en/exhibitor/1S005FSVN,6,https://www.hktdc.com/event/homeinstyle/en/product/1X25X884; https://www.hktdc.com/event/homeinstyle/en/product/1X25X884; https://www.hktdc.com/event/homeinstyle/en/product/1X25X857; https://www.hktdc.com/event/homeinstyle/en/product/1X25X857; https://www.hktdc.com/event/homeinstyle/en/product/1X25X839; https://www.hktdc.com/event/homeinstyle/en/product/1X25X839
"Powell Plastic & Metal Factory Co., Ltd.","Powell Plastic & Metal Factory Co., Ltd.",Hong Kong,"Established in 1973, Powell Plastic & Metal Factory Co., Ltd. is a manufacturer and exporter specialized in bath, personal care, and healthcare products. We are both ISO 9001:2015 and ISO 14064 certified. Sustainability and Carbon-Neutral are our main goals moving forward.","Established in 1973, Powell Plastic & Metal Factory Co., Ltd. is a manufacturer and exporter specialized in bath, personal care, and healthcare products. We are both ISO 9001:2015 and ISO 14064 certified. Sustainability and Carbon-Neutral are our main goals moving forward.",,Exhibitor,Hong Kong Home InStyle 2025,5E-B04,Health & Wellness,,1,,,"Storage Box,Bathroom Accessories,Hair Care Product,Oral Care,Beauty Equipment,Personal Care Product,Massager,Healthcare Product,Bio-Degradable Product,Recycled Product; We produce the following range of biodegradable (landfill) products complying ASTM D5511 standards:
-plastic massagers, bath brushes, nail brushes, hair brushes, combs
-bathroom accessories
-baby products
-professional salon tinting brushes, bowl; ODM, OBM, OEM","Storage Box,Bathroom Accessories,Hair Care Product,Oral Care,Beauty Equipment,Personal Care Product,Massager,Healthcare Product,Bio-Degradable Product,Recycled Product; We produce the following range of biodegradable (landfill) products complying ASTM D5511 standards:
-plastic massagers, bath brushes, nail brushes, hair brushes, combs
-bathroom accessories
-baby products
-professional salon tinting brushes, bowl; ODM, OBM, OEM",https://www.hktdc.com/event/homeinstyle/en/exhibitor/1S005HS4W,40,https://www.hktdc.com/event/homeinstyle/en/product/1Z03EV8TD; https://www.hktdc.com/event/homeinstyle/en/product/1Z03EV8TD; https://www.hktdc.com/event/homeinstyle/en/product/1Z03E7JXQ; https://www.hktdc.com/event/homeinstyle/en/product/1Z03E7JXQ; https://www.hktdc.com/event/homeinstyle/en/product/1Z03EV8L1; https://www.hktdc.com/event/homeinstyle/en/product/1Z03EV8L1; https://www.hktdc.com/event/homeinstyle/en/product/1Z03E7JZK; https://www.hktdc.com/event/homeinstyle/en/product/1Z03E7JZK; https://www.hktdc.com/event/homeinstyle/en/product/1Z03GAQ24; https://www.hktdc.com/event/homeinstyle/en/product/1Z03GAQ24; https://www.hktdc.com/event/homeinstyle/en/product/1Z03FYH2D; https://www.hktdc.com/event/homeinstyle/en/product/1Z03FYH2D; https://www.hktdc.com/event/homeinstyle/en/product/1Z03GAQIS; https://www.hktdc.com/event/homeinstyle/en/product/1Z03GAQIS; https://www.hktdc.com/event/homeinstyle/en/product/1Z03GAQCA; https://www.hktdc.com/event/homeinstyle/en/product/1Z03GAQCA; https://www.hktdc.com/event/homeinstyle/en/product/1X01SWB1; https://www.hktdc.com/event/homeinstyle/en/product/1X01SWB1; https://www.hktdc.com/event/homeinstyle/en/product/1X01SW93; https://www.hktdc.com/event/homeinstyle/en/product/1X01SW93; https://www.hktdc.com/event/homeinstyle/en/product/1X01SVSN; https://www.hktdc.com/event/homeinstyle/en/product/1X01SVSN; https://www.hktdc.com/event/homeinstyle/en/product/1X01SVRO; https://www.hktdc.com/event/homeinstyle/en/product/1X01SVRO; https://www.hktdc.com/event/homeinstyle/en/product/1X01SUYK; https://www.hktdc.com/event/homeinstyle/en/product/1X01SUYK; https://www.hktdc.com/event/homeinstyle/en/product/1X01SUD5; https://www.hktdc.com/event/homeinstyle/en/product/1X01SUD5; https://www.hktdc.com/event/homeinstyle/en/product/1X01SU3F; https://www.hktdc.com/event/homeinstyle/en/product/1X01SU3F; https://www.hktdc.com/event/homeinstyle/en/product/1X01SSZP; https://www.hktdc.com/event/homeinstyle/en/product/1X01SSZP; https://www.hktdc.com/event/homeinstyle/en/product/1X01SSF9; https://www.hktdc.com/event/homeinstyle/en/product/1X01SSF9; https://www.hktdc.com/event/homeinstyle/en/product/1X01SPQ7; https://www.hktdc.com/event/homeinstyle/en/product/1X01SPQ7; https://www.hktdc.com/event/homeinstyle/en/product/1Z03E7JVW; https://www.hktdc.com/event/homeinstyle/en/product/1Z03E7JVW; https://www.hktdc.com/event/homeinstyle/en/product/1Z03E7JWT; https://www.hktdc.com/event/homeinstyle/en/product/1Z03E7JWT
Sealand Holdings Company Limited,Sealand Holdings Company Limited,Hong Kong,"Sealand Holdings Co., Ltd. founded AA Aquarium in 1982 with the aim to design and manufacture easy-to-use aquarium equipment. We are proud to have worked with so many distributors and retailers around the world to bring our aquatic products to so many aquarium enthusiast and beginners, so they can simply sit back and enjoy seeing their fish without too many hassles. With our extensive experience in manufacturing top quality water pumps, Sealand is proud to have successfully launched Cat H2O and Dog H2O. They are stylish pet water fountains providing fresh & filtered water to encourage pets to drink more water. Bonus Dental Care tablets work seamlessly with our fountains to provide daily oral hygiene while drinking water. Sealand will continue to focus on making great aquatic & pet products and bring a happy experience to pet parents around the world.","Sealand Holdings Co., Ltd. founded AA Aquarium in 1982 with the aim to design and manufacture easy-to-use aquarium equipment. We are proud to have worked with so many distributors and retailers around the world to bring our aquatic products to so many aquarium enthusiast and beginners, so they can simply sit back and enjoy seeing their fish without too many hassles. With our extensive experience in manufacturing top quality water pumps, Sealand is proud to have successfully launched Cat H2O and Dog H2O. They are stylish pet water fountains providing fresh & filtered water to encourage pets to drink more water. Bonus Dental Care tablets work seamlessly with our fountains to provide daily oral hygiene while drinking water. Sealand will continue to focus on making great aquatic & pet products and bring a happy experience to pet parents around the world.",,Exhibitor,Hong Kong Home InStyle 2025,5E-B17,Pet Supplies,,1,,,"Pet Supplies,Pet Bowl & Feeder,Aquarium Supply; aquariums and aquatic accessories, pet water fountains, pet supplies; ODM, OEM, OBM","Pet Supplies,Pet Bowl & Feeder,Aquarium Supply; aquariums and aquatic accessories, pet water fountains, pet supplies; ODM, OEM, OBM",https://www.hktdc.com/event/homeinstyle/en/exhibitor/1S005IY2W,10,https://www.hktdc.com/event/homeinstyle/en/product/1Z03NLNTY; https://www.hktdc.com/event/homeinstyle/en/product/1Z03NLNTY; https://www.hktdc.com/event/homeinstyle/en/product/1Z03NKG55; https://www.hktdc.com/event/homeinstyle/en/product/1Z03NKG55; https://www.hktdc.com/event/homeinstyle/en/product/1Z03NLNVS; https://www.hktdc.com/event/homeinstyle/en/product/1Z03NLNVS; https://www.hktdc.com/event/homeinstyle/en/product/1Z03NLNUV; https://www.hktdc.com/event/homeinstyle/en/product/1Z03NLNUV; https://www.hktdc.com/event/homeinstyle/en/product/1Z03NLNYJ; https://www.hktdc.com/event/homeinstyle/en/product/1Z03NLNYJ
Technical Development (HK) Limited,Technical Development (HK) Limited,Hong Kong,,,,Exhibitor,Hong Kong Home InStyle 2025,3E-E02,World of Fine Dining,,1,,,,,https://www.hktdc.com/event/homeinstyle/en/exhibitor/1S005MLCF,20,https://www.hktdc.com/event/homeinstyle/en/product/1Z03O1Z7G; https://www.hktdc.com/event/homeinstyle/en/product/1Z03O1Z7G; https://www.hktdc.com/event/homeinstyle/en/product/1Z03O1VHQ; https://www.hktdc.com/event/homeinstyle/en/product/1Z03O1VHQ; https://www.hktdc.com/event/homeinstyle/en/product/1X23QLOL; https://www.hktdc.com/event/homeinstyle/en/product/1X23QLOL; https://www.hktdc.com/event/homeinstyle/en/product/1X23QLMN; https://www.hktdc.com/event/homeinstyle/en/product/1X23QLMN; https://www.hktdc.com/event/homeinstyle/en/product/1X22XHD8; https://www.hktdc.com/event/homeinstyle/en/product/1X22XHD8; https://www.hktdc.com/event/homeinstyle/en/product/1X1MF7KV; https://www.hktdc.com/event/homeinstyle/en/product/1X1MF7KV; https://www.hktdc.com/event/homeinstyle/en/product/1X1MF7JW; https://www.hktdc.com/event/homeinstyle/en/product/1X1MF7JW; https://www.hktdc.com/event/homeinstyle/en/product/1X1MF7IX; https://www.hktdc.com/event/homeinstyle/en/product/1X1MF7IX; https://www.hktdc.com/event/homeinstyle/en/product/1X1MF7HY; https://www.hktdc.com/event/homeinstyle/en/product/1X1MF7HY; https://www.hktdc.com/event/homeinstyle/en/product/1X1F0WIU; https://www.hktdc.com/event/homeinstyle/en/product/1X1F0WIU
Anho Houseware Company Limited (Jiangmen),Anho Houseware Company Limited (Jiangmen),Chinese Mainland,"Dish Rack,Food Box,Bathroom Accessories,Bathroom Rack,Toilet Cleaning Brush,Garbage Bin,Bathroom Fittings & Sanitary Wares,Toilet Paper Holder,Towel Rail","Dish Rack,Food Box,Bathroom Accessories,Bathroom Rack,Toilet Cleaning Brush,Garbage Bin,Bathroom Fittings & Sanitary Wares,Toilet Paper Holder,Towel Rail",,Exhibitor,Hong Kong Home InStyle 2025,3D-D01,World of Fine Decor,Cantonese Business Go Global,1,,,"Dish Rack,Food Box,Bathroom Accessories,Bathroom Rack,Toilet Cleaning Brush,Garbage Bin,Bathroom Fittings & Sanitary Wares,Toilet Paper Holder,Towel Rail; Bathroom accessories, kitchenware; OEM","Dish Rack,Food Box,Bathroom Accessories,Bathroom Rack,Toilet Cleaning Brush,Garbage Bin,Bathroom Fittings & Sanitary Wares,Toilet Paper Holder,Towel Rail; Bathroom accessories, kitchenware; OEM",https://www.hktdc.com/event/homeinstyle/en/exhibitor/1S005GMS2,40,https://www.hktdc.com/event/homeinstyle/en/product/1Z03M38V7; https://www.hktdc.com/event/homeinstyle/en/product/1Z03M38V7; https://www.hktdc.com/event/homeinstyle/en/product/1Z03M39L0; https://www.hktdc.com/event/homeinstyle/en/product/1Z03M39L0; https://www.hktdc.com/event/homeinstyle/en/product/1Z03M38MY; https://www.hktdc.com/event/homeinstyle/en/product/1Z03M38MY; https://www.hktdc.com/event/homeinstyle/en/product/1Z03M38CS; https://www.hktdc.com/event/homeinstyle/en/product/1Z03M38CS; https://www.hktdc.com/event/homeinstyle/en/product/1Z03M3DYT; https://www.hktdc.com/event/homeinstyle/en/product/1Z03M3DYT; https://www.hktdc.com/event/homeinstyle/en/product/1Z03M3DJ2; https://www.hktdc.com/event/homeinstyle/en/product/1Z03M3DJ2; https://www.hktdc.com/event/homeinstyle/en/product/1Z03M39X0; https://www.hktdc.com/event/homeinstyle/en/product/1Z03M39X0; https://www.hktdc.com/event/homeinstyle/en/product/1Z03M393I; https://www.hktdc.com/event/homeinstyle/en/product/1Z03M393I; https://www.hktdc.com/event/homeinstyle/en/product/1Z03M39AX; https://www.hktdc.com/event/homeinstyle/en/product/1Z03M39AX; https://www.hktdc.com/event/homeinstyle/en/product/1Z03M3GI2; https://www.hktdc.com/event/homeinstyle/en/product/1Z03M3GI2; https://www.hktdc.com/event/homeinstyle/en/product/1Z03M3DNQ; https://www.hktdc.com/event/homeinstyle/en/product/1Z03M3DNQ; https://www.hktdc.com/event/homeinstyle/en/product/1Z03M3EPJ; https://www.hktdc.com/event/homeinstyle/en/product/1Z03M3EPJ; https://www.hktdc.com/event/homeinstyle/en/product/1X0F6ZKJ; https://www.hktdc.com/event/homeinstyle/en/product/1X0F6ZKJ; https://www.hktdc.com/event/homeinstyle/en/product/1X0F6ZJK; https://www.hktdc.com/event/homeinstyle/en/product/1X0F6ZJK; https://www.hktdc.com/event/homeinstyle/en/product/1X0F6ZIL; https://www.hktdc.com/event/homeinstyle/en/product/1X0F6ZIL; https://www.hktdc.com/event/homeinstyle/en/product/1X0F6ZHM; https://www.hktdc.com/event/homeinstyle/en/product/1X0F6ZHM; https://www.hktdc.com/event/homeinstyle/en/product/1X0F6ZGN; https://www.hktdc.com/event/homeinstyle/en/product/1X0F6ZGN; https://www.hktdc.com/event/homeinstyle/en/product/1X0F6X90; https://www.hktdc.com/event/homeinstyle/en/product/1X0F6X90; https://www.hktdc.com/event/homeinstyle/en/product/1X0F6X81; https://www.hktdc.com/event/homeinstyle/en/product/1X0F6X81; https://www.hktdc.com/event/homeinstyle/en/product/1X0F6X72; https://www.hktdc.com/event/homeinstyle/en/product/1X0F6X72
"Cheng Wei Furniture Co., Ltd.","Cheng Wei Furniture Co., Ltd.",Taiwan,"Kitchen Utensil,Storage Rack,Storage Basket,Bathroom Rack,Hanger,Drying Rack,Home Storage & Organisation,Living Room Furniture,Towel Rail,Pet Supplies","Kitchen Utensil,Storage Rack,Storage Basket,Bathroom Rack,Hanger,Drying Rack,Home Storage & Organisation,Living Room Furniture,Towel Rail,Pet Supplies",,Exhibitor,Hong Kong Home InStyle 2025,3E-A24,World of Fine Decor,,1,,,"Kitchen Utensil,Storage Rack,Storage Basket,Bathroom Rack,Hanger,Drying Rack,Home Storage & Organisation,Living Room Furniture,Towel Rail,Pet Supplies; METAL FURNITURE, STORAGE RACK, CLOTHES RACK, UMBRELLA RACK, 
 SHOES RACK, COAT AND HAT STAND, TROLLEY, SUIT RACK, MULTI-FUNCTION STORAGE RACK, PET STORAGE RACK, KIDs STORAGE RACK.; OBM, OEM, ODM","Kitchen Utensil,Storage Rack,Storage Basket,Bathroom Rack,Hanger,Drying Rack,Home Storage & Organisation,Living Room Furniture,Towel Rail,Pet Supplies; METAL FURNITURE, STORAGE RACK, CLOTHES RACK, UMBRELLA RACK, 
 SHOES RACK, COAT AND HAT STAND, TROLLEY, SUIT RACK, MULTI-FUNCTION STORAGE RACK, PET STORAGE RACK, KIDs STORAGE RACK.; OBM, OEM, ODM",https://www.hktdc.com/event/homeinstyle/en/exhibitor/1S005HDLW,20,https://www.hktdc.com/event/homeinstyle/en/product/1X0U3V2D; https://www.hktdc.com/event/homeinstyle/en/product/1X0U3V2D; https://www.hktdc.com/event/homeinstyle/en/product/1X1A8UPT; https://www.hktdc.com/event/homeinstyle/en/product/1X1A8UPT; https://www.hktdc.com/event/homeinstyle/en/product/1X0U3V0F; https://www.hktdc.com/event/homeinstyle/en/product/1X0U3V0F; https://www.hktdc.com/event/homeinstyle/en/product/1X1274EA; https://www.hktdc.com/event/homeinstyle/en/product/1X1274EA; https://www.hktdc.com/event/homeinstyle/en/product/1X1274G8; https://www.hktdc.com/event/homeinstyle/en/product/1X1274G8; https://www.hktdc.com/event/homeinstyle/en/product/1X1274F9; https://www.hktdc.com/event/homeinstyle/en/product/1X1274F9; https://www.hktdc.com/event/homeinstyle/en/product/1X0U3V1E; https://www.hktdc.com/event/homeinstyle/en/product/1X0U3V1E; https://www.hktdc.com/event/homeinstyle/en/product/1X1K5HRU; https://www.hktdc.com/event/homeinstyle/en/product/1X1K5HRU; https://www.hktdc.com/event/homeinstyle/en/product/1X1A8UNV; https://www.hktdc.com/event/homeinstyle/en/product/1X1A8UNV; https://www.hktdc.com/event/homeinstyle/en/product/1X1A8UOU; https://www.hktdc.com/event/homeinstyle/en/product/1X1A8UOU
"Foshan Shunde Helper Electric Technology Co., Ltd","Foshan Shunde Helper Electric Technology Co., Ltd",Chinese Mainland,"HelpU is the professional manufcturer of metal microwave cookware. Innovation high-end microwave cookware were researching,developing and manufcturing by team of experts. Our microwave cookwares are sold all over the world. HelpU set up the cooperation ship with many top wold-famous brands.","HelpU is the professional manufcturer of metal microwave cookware. Innovation high-end microwave cookware were researching,developing and manufcturing by team of experts. Our microwave cookwares are sold all over the world. HelpU set up the cooperation ship with many top wold-famous brands.",,Exhibitor,Hong Kong Home InStyle 2025,3E-A02,World of Fine Dining,Cantonese Business Go Global,1,,,"Cookware,Kitchen Utensil; HelpU cookwares which are made by metal,can absorb microwaves and generate heat rapidly.Heat the food directly by itself to avoid moisture losing which caused by heating by microwaves.Keep nutrition and original taste effectively.; OEM","Cookware,Kitchen Utensil; HelpU cookwares which are made by metal,can absorb microwaves and generate heat rapidly.Heat the food directly by itself to avoid moisture losing which caused by heating by microwaves.Keep nutrition and original taste effectively.; OEM",https://www.hktdc.com/event/homeinstyle/en/exhibitor/1S005H3ER,8,https://www.hktdc.com/event/homeinstyle/en/product/1X22W9KP; https://www.hktdc.com/event/homeinstyle/en/product/1X22W9KP; https://www.hktdc.com/event/homeinstyle/en/product/1X23IZOF; https://www.hktdc.com/event/homeinstyle/en/product/1X23IZOF; https://www.hktdc.com/event/homeinstyle/en/product/1X22W9LO; https://www.hktdc.com/event/homeinstyle/en/product/1X22W9LO; https://www.hktdc.com/event/homeinstyle/en/product/1X22W9JQ; https://www.hktdc.com/event/homeinstyle/en/product/1X22W9JQ
"Fucheng Metals Production Co., Ltd. of Jiangmen City","Fucheng Metals Production Co., Ltd. of Jiangmen City",Chinese Mainland,"Kitchen Utensil,Mug","Kitchen Utensil,Mug",,Exhibitor,Hong Kong Home InStyle 2025,3E-D02,World of Fine Dining,Cantonese Business Go Global,1,,,"Kitchen Utensil,Mug; Kitchenware, Cup; OEM","Kitchen Utensil,Mug; Kitchenware, Cup; OEM",https://www.hktdc.com/event/homeinstyle/en/exhibitor/1S005KC59,20,https://www.hktdc.com/event/homeinstyle/en/product/1X1BQ9NM; https://www.hktdc.com/event/homeinstyle/en/product/1X1BQ9NM; https://www.hktdc.com/event/homeinstyle/en/product/1X1BM1CL; https://www.hktdc.com/event/homeinstyle/en/product/1X1BM1CL; https://www.hktdc.com/event/homeinstyle/en/product/1X0N25UR; https://www.hktdc.com/event/homeinstyle/en/product/1X0N25UR; https://www.hktdc.com/event/homeinstyle/en/product/1X0MTK66; https://www.hktdc.com/event/homeinstyle/en/product/1X0MTK66; https://www.hktdc.com/event/homeinstyle/en/product/1X0MBGK4; https://www.hktdc.com/event/homeinstyle/en/product/1X0MBGK4; https://www.hktdc.com/event/homeinstyle/en/product/1X0MBGJ5; https://www.hktdc.com/event/homeinstyle/en/product/1X0MBGJ5; https://www.hktdc.com/event/homeinstyle/en/product/1X0MBGG8; https://www.hktdc.com/event/homeinstyle/en/product/1X0MBGG8; https://www.hktdc.com/event/homeinstyle/en/product/1X0EJSQY; https://www.hktdc.com/event/homeinstyle/en/product/1X0EJSQY; https://www.hktdc.com/event/homeinstyle/en/product/1X0EJSPZ; https://www.hktdc.com/event/homeinstyle/en/product/1X0EJSPZ; https://www.hktdc.com/event/homeinstyle/en/product/1X0EJSO0; https://www.hktdc.com/event/homeinstyle/en/product/1X0EJSO0
"Jiangmen City Xinhui Henglong Innovative Housewares Co.,Ltd","Jiangmen City Xinhui Henglong Innovative Housewares Co.,Ltd",Chinese Mainland,"Food Container,Food Box","Food Container,Food Box",,Exhibitor,Hong Kong Home InStyle 2025,3E-D20,World of Fine Dining,Cantonese Business Go Global,1,,,"Food Container,Food Box; lunch box/ fresh keeper; OEM","Food Container,Food Box; lunch box/ fresh keeper; OEM",https://www.hktdc.com/event/homeinstyle/en/exhibitor/1S005KC66,40,https://www.hktdc.com/event/homeinstyle/en/product/1X1Z2IA8; https://www.hktdc.com/event/homeinstyle/en/product/1X1Z2IA8; https://www.hktdc.com/event/homeinstyle/en/product/1Z03LWQTV; https://www.hktdc.com/event/homeinstyle/en/product/1Z03LWQTV; https://www.hktdc.com/event/homeinstyle/en/product/1Z03LQH61; https://www.hktdc.com/event/homeinstyle/en/product/1Z03LQH61; https://www.hktdc.com/event/homeinstyle/en/product/1Z03EOX10; https://www.hktdc.com/event/homeinstyle/en/product/1Z03EOX10; https://www.hktdc.com/event/homeinstyle/en/product/1Z03LW4GK; https://www.hktdc.com/event/homeinstyle/en/product/1Z03LW4GK; https://www.hktdc.com/event/homeinstyle/en/product/1Z03LWBEJ; https://www.hktdc.com/event/homeinstyle/en/product/1Z03LWBEJ; https://www.hktdc.com/event/homeinstyle/en/product/1Z03LWC59; https://www.hktdc.com/event/homeinstyle/en/product/1Z03LWC59; https://www.hktdc.com/event/homeinstyle/en/product/1Z03LWDFE; https://www.hktdc.com/event/homeinstyle/en/product/1Z03LWDFE; https://www.hktdc.com/event/homeinstyle/en/product/1Z03EOWHP; https://www.hktdc.com/event/homeinstyle/en/product/1Z03EOWHP; https://www.hktdc.com/event/homeinstyle/en/product/1Z03LQMDB; https://www.hktdc.com/event/homeinstyle/en/product/1Z03LQMDB; https://www.hktdc.com/event/homeinstyle/en/product/1Z03EOXGR; https://www.hktdc.com/event/homeinstyle/en/product/1Z03EOXGR; https://www.hktdc.com/event/homeinstyle/en/product/1Z03MWTE1; https://www.hktdc.com/event/homeinstyle/en/product/1Z03MWTE1; https://www.hktdc.com/event/homeinstyle/en/product/1Z03EOW6M; https://www.hktdc.com/event/homeinstyle/en/product/1Z03EOW6M; https://www.hktdc.com/event/homeinstyle/en/product/1X27AV0F; https://www.hktdc.com/event/homeinstyle/en/product/1X27AV0F; https://www.hktdc.com/event/homeinstyle/en/product/1Z03LWCT9; https://www.hktdc.com/event/homeinstyle/en/product/1Z03LWCT9; https://www.hktdc.com/event/homeinstyle/en/product/1Z03LWA9Z; https://www.hktdc.com/event/homeinstyle/en/product/1Z03LWA9Z; https://www.hktdc.com/event/homeinstyle/en/product/1X277OQA; https://www.hktdc.com/event/homeinstyle/en/product/1X277OQA; https://www.hktdc.com/event/homeinstyle/en/product/1X277ODN; https://www.hktdc.com/event/homeinstyle/en/product/1X277ODN; https://www.hktdc.com/event/homeinstyle/en/product/1X277IPT; https://www.hktdc.com/event/homeinstyle/en/product/1X277IPT; https://www.hktdc.com/event/homeinstyle/en/product/1X277I1H; https://www.hktdc.com/event/homeinstyle/en/product/1X277I1H
"Jiangmen Wenqun Plastic Co., Ltd","Jiangmen Wenqun Plastic Co., Ltd",Chinese Mainland,Garbage Bin,Garbage Bin,,Exhibitor,Hong Kong Home InStyle 2025,3D-E02,World of Fine Decor,Cantonese Business Go Global,1,,,"Garbage Bin; We're the production and marketing company,industry and trade integration.trash bin item include:pedal bin,sensor bin,touch bin,ourdoor bin;kitchen &bathroom accessories.; OEM, ODM","Garbage Bin; We're the production and marketing company,industry and trade integration.trash bin item include:pedal bin,sensor bin,touch bin,ourdoor bin;kitchen &bathroom accessories.; OEM, ODM",https://www.hktdc.com/event/homeinstyle/en/exhibitor/1S005GPZE,10,https://www.hktdc.com/event/homeinstyle/en/product/1Z03K3CJ3; https://www.hktdc.com/event/homeinstyle/en/product/1Z03K3CJ3; https://www.hktdc.com/event/homeinstyle/en/product/1Z03JJWAA; https://www.hktdc.com/event/homeinstyle/en/product/1Z03JJWAA; https://www.hktdc.com/event/homeinstyle/en/product/1Z03K3BYV; https://www.hktdc.com/event/homeinstyle/en/product/1Z03K3BYV; https://www.hktdc.com/event/homeinstyle/en/product/1Z03K3CNR; https://www.hktdc.com/event/homeinstyle/en/product/1Z03K3CNR; https://www.hktdc.com/event/homeinstyle/en/product/1Z03K3CK0; https://www.hktdc.com/event/homeinstyle/en/product/1Z03K3CK0
"Wenxin Household (Guangdong) Co., Ltd","Wenxin Household (Guangdong) Co., Ltd",Chinese Mainland,Kitchen Utensil,Kitchen Utensil,,Exhibitor,Hong Kong Home InStyle 2025,3E-E19,World of Fine Dining,Cantonese Business Go Global,1,,,"Kitchen Utensil; Plastic kitchenware; OEM, ODM","Kitchen Utensil; Plastic kitchenware; OEM, ODM",https://www.hktdc.com/event/homeinstyle/en/exhibitor/1S005KCCO,30,https://www.hktdc.com/event/homeinstyle/en/product/1Z03NXYPZ; https://www.hktdc.com/event/homeinstyle/en/product/1Z03NXYPZ; https://www.hktdc.com/event/homeinstyle/en/product/1Z03NXQSY; https://www.hktdc.com/event/homeinstyle/en/product/1Z03NXQSY; https://www.hktdc.com/event/homeinstyle/en/product/1Z03NY1SN; https://www.hktdc.com/event/homeinstyle/en/product/1Z03NY1SN; https://www.hktdc.com/event/homeinstyle/en/product/1Z03NY1HK; https://www.hktdc.com/event/homeinstyle/en/product/1Z03NY1HK; https://www.hktdc.com/event/homeinstyle/en/product/1Z03NY1CZ; https://www.hktdc.com/event/homeinstyle/en/product/1Z03NY1CZ; https://www.hktdc.com/event/homeinstyle/en/product/1Z03NY1A5; https://www.hktdc.com/event/homeinstyle/en/product/1Z03NY1A5; https://www.hktdc.com/event/homeinstyle/en/product/1Z03NY0KC; https://www.hktdc.com/event/homeinstyle/en/product/1Z03NY0KC; https://www.hktdc.com/event/homeinstyle/en/product/1Z03NY10Z; https://www.hktdc.com/event/homeinstyle/en/product/1Z03NY10Z; https://www.hktdc.com/event/homeinstyle/en/product/1Z03NY0TL; https://www.hktdc.com/event/homeinstyle/en/product/1Z03NY0TL; https://www.hktdc.com/event/homeinstyle/en/product/1Z03NY0HL; https://www.hktdc.com/event/homeinstyle/en/product/1Z03NY0HL; https://www.hktdc.com/event/homeinstyle/en/product/1Z03NXQ24; https://www.hktdc.com/event/homeinstyle/en/product/1Z03NXQ24; https://www.hktdc.com/event/homeinstyle/en/product/1Z03NXSGW; https://www.hktdc.com/event/homeinstyle/en/product/1Z03NXSGW; https://www.hktdc.com/event/homeinstyle/en/product/1Z03NXSLH; https://www.hktdc.com/event/homeinstyle/en/product/1Z03NXSLH; https://www.hktdc.com/event/homeinstyle/en/product/1Z03NXYM8; https://www.hktdc.com/event/homeinstyle/en/product/1Z03NXYM8; https://www.hktdc.com/event/homeinstyle/en/product/1Z03NXQ31; https://www.hktdc.com/event/homeinstyle/en/product/1Z03NXQ31
Yangjiang Tongyi Trading Ltd,Yangjiang Tongyi Trading Ltd,Chinese Mainland,"Hardware, kitchenware, outdoor products, plastic products, wooden products, household appliances;","Hardware, kitchenware, outdoor products, plastic products, wooden products, household appliances;",,Exhibitor,Hong Kong Home InStyle 2025,3E-B13,World of Fine Dining,Cantonese Business Go Global,1,,,"Baking Mold,Baking Tool,Bakeware,Cutlery Set,Table Knife,Serving Utensil,Tabletop Accessories,Tableware; Hardware, kitchenware, outdoor products, plastic products, wooden products, household appliances;; ODM, OBM, OEM","Baking Mold,Baking Tool,Bakeware,Cutlery Set,Table Knife,Serving Utensil,Tabletop Accessories,Tableware; Hardware, kitchenware, outdoor products, plastic products, wooden products, household appliances;; ODM, OBM, OEM",https://www.hktdc.com/event/homeinstyle/en/exhibitor/1S005LO9L,40,https://www.hktdc.com/event/homeinstyle/en/product/1Z03NYYXB; https://www.hktdc.com/event/homeinstyle/en/product/1Z03NYYXB; https://www.hktdc.com/event/homeinstyle/en/product/1Z03NYPTW; https://www.hktdc.com/event/homeinstyle/en/product/1Z03NYPTW; https://www.hktdc.com/event/homeinstyle/en/product/1Z03NYZ6J; https://www.hktdc.com/event/homeinstyle/en/product/1Z03NYZ6J; https://www.hktdc.com/event/homeinstyle/en/product/1Z03NYYEW; https://www.hktdc.com/event/homeinstyle/en/product/1Z03NYYEW; https://www.hktdc.com/event/homeinstyle/en/product/1Z03NYAZT; https://www.hktdc.com/event/homeinstyle/en/product/1Z03NYAZT; https://www.hktdc.com/event/homeinstyle/en/product/1Z03NYFMR; https://www.hktdc.com/event/homeinstyle/en/product/1Z03NYFMR; https://www.hktdc.com/event/homeinstyle/en/product/1Z03NYH9S; https://www.hktdc.com/event/homeinstyle/en/product/1Z03NYH9S; https://www.hktdc.com/event/homeinstyle/en/product/1Z03NYBI7; https://www.hktdc.com/event/homeinstyle/en/product/1Z03NYBI7; https://www.hktdc.com/event/homeinstyle/en/product/1Z03NYAOQ; https://www.hktdc.com/event/homeinstyle/en/product/1Z03NYAOQ; https://www.hktdc.com/event/homeinstyle/en/product/1Z03NY8QM; https://www.hktdc.com/event/homeinstyle/en/product/1Z03NY8QM; https://www.hktdc.com/event/homeinstyle/en/product/1Z03NYHH4; https://www.hktdc.com/event/homeinstyle/en/product/1Z03NYHH4; https://www.hktdc.com/event/homeinstyle/en/product/1Z03NY8J7; https://www.hktdc.com/event/homeinstyle/en/product/1Z03NY8J7; https://www.hktdc.com/event/homeinstyle/en/product/1Z03NYHAP; https://www.hktdc.com/event/homeinstyle/en/product/1Z03NYHAP; https://www.hktdc.com/event/homeinstyle/en/product/1Z03NYG62; https://www.hktdc.com/event/homeinstyle/en/product/1Z03NYG62; https://www.hktdc.com/event/homeinstyle/en/product/1Z03NYH3A; https://www.hktdc.com/event/homeinstyle/en/product/1Z03NYH3A; https://www.hktdc.com/event/homeinstyle/en/product/1Z03NYECM; https://www.hktdc.com/event/homeinstyle/en/product/1Z03NYECM; https://www.hktdc.com/event/homeinstyle/en/product/1Z03NYGFB; https://www.hktdc.com/event/homeinstyle/en/product/1Z03NYGFB; https://www.hktdc.com/event/homeinstyle/en/product/1Z03NYEOM; https://www.hktdc.com/event/homeinstyle/en/product/1Z03NYEOM; https://www.hktdc.com/event/homeinstyle/en/product/1Z03NR3RO; https://www.hktdc.com/event/homeinstyle/en/product/1Z03NR3RO; https://www.hktdc.com/event/homeinstyle/en/product/1Z03NY9GF; https://www.hktdc.com/event/homeinstyle/en/product/1Z03NY9GF
"Yangjiang Yangdong Hongli Industries Co.,Limited","Yangjiang Yangdong Hongli Industries Co.,Limited",Chinese Mainland,"Yangjiang Hongli Industrial Co., Ltd. was formerly known as Yangdong Hongyang Industry and Trade Co., Ltd., established in August 2005. The factory is located in Yangjiang, Guangdong, the capital of knives and scissors in China. The factory covers an area of over 10000 square meters and has more than 200 employees. It is a comprehensive enterprise integrating research and development, production, and trade. It mainly produces Damascus, high chromium steel knives, barbecue utensils, and other kitchen and outdoor products. We have modern production workshops, advanced production equipment, and a highly skilled management team","Yangjiang Hongli Industrial Co., Ltd. was formerly known as Yangdong Hongyang Industry and Trade Co., Ltd., established in August 2005. The factory is located in Yangjiang, Guangdong, the capital of knives and scissors in China. The factory covers an area of over 10000 square meters and has more than 200 employees. It is a comprehensive enterprise integrating research and development, production, and trade. It mainly produces Damascus, high chromium steel knives, barbecue utensils, and other kitchen and outdoor products. We have modern production workshops, advanced production equipment, and a highly skilled management team",,Exhibitor,Hong Kong Home InStyle 2025,3E-C02,World of Fine Dining,Cantonese Business Go Global,1,,,"Baking Mold,Baking Tool,Grill Pan,Bakeware,Kitchen Knife,Cutlery Set,Table Knife,Tableware,Kitchen Gloves,Frying Pan; Damascus Knife Set Main Products: Damascus Knife Set, Barbecue Utensils, Kitchen Supplies, Garden Tools, Outdoor Supplies; ODM, OBM, OEM","Baking Mold,Baking Tool,Grill Pan,Bakeware,Kitchen Knife,Cutlery Set,Table Knife,Tableware,Kitchen Gloves,Frying Pan; Damascus Knife Set Main Products: Damascus Knife Set, Barbecue Utensils, Kitchen Supplies, Garden Tools, Outdoor Supplies; ODM, OBM, OEM",https://www.hktdc.com/event/homeinstyle/en/exhibitor/1S005LHLS,20,https://www.hktdc.com/event/homeinstyle/en/product/1X1SAACU; https://www.hktdc.com/event/homeinstyle/en/product/1X1SAACU; https://www.hktdc.com/event/homeinstyle/en/product/1X1SC848; https://www.hktdc.com/event/homeinstyle/en/product/1X1SC848; https://www.hktdc.com/event/homeinstyle/en/product/1X1SC875; https://www.hktdc.com/event/homeinstyle/en/product/1X1SC875; https://www.hktdc.com/event/homeinstyle/en/product/1X1SDI5D; https://www.hktdc.com/event/homeinstyle/en/product/1X1SDI5D; https://www.hktdc.com/event/homeinstyle/en/product/1X1SDIB7; https://www.hktdc.com/event/homeinstyle/en/product/1X1SDIB7; https://www.hktdc.com/event/homeinstyle/en/product/1X1SEG7H; https://www.hktdc.com/event/homeinstyle/en/product/1X1SEG7H; https://www.hktdc.com/event/homeinstyle/en/product/1X1SFMWA; https://www.hktdc.com/event/homeinstyle/en/product/1X1SFMWA; https://www.hktdc.com/event/homeinstyle/en/product/1X1SFO9R; https://www.hktdc.com/event/homeinstyle/en/product/1X1SFO9R; https://www.hktdc.com/event/homeinstyle/en/product/1X1SFSXR; https://www.hktdc.com/event/homeinstyle/en/product/1X1SFSXR; https://www.hktdc.com/event/homeinstyle/en/product/1X1SFT6F; https://www.hktdc.com/event/homeinstyle/en/product/1X1SFT6F
Zhejiang Kangmin Medical & Healthcare Manufacturing Co Ltd,Zhejiang Kangmin Medical & Healthcare Manufacturing Co Ltd,Chinese Mainland,Personal Care Product,Personal Care Product,,Exhibitor,Hong Kong Home InStyle 2025,3E-C20,World of Fine Dining,,1,,,Personal Care Product; Cotton Swabs /Cotton Pads/ Cotton Balls/ Wet tissue; OBM,Personal Care Product; Cotton Swabs /Cotton Pads/ Cotton Balls/ Wet tissue; OBM,https://www.hktdc.com/event/homeinstyle/en/exhibitor/1S005LC3F,10,https://www.hktdc.com/event/homeinstyle/en/product/1Z03NZ82M; https://www.hktdc.com/event/homeinstyle/en/product/1Z03NZ82M; https://www.hktdc.com/event/homeinstyle/en/product/1Z03NZ884; https://www.hktdc.com/event/homeinstyle/en/product/1Z03NZ884; https://www.hktdc.com/event/homeinstyle/en/product/1Z03NZ72N; https://www.hktdc.com/event/homeinstyle/en/product/1Z03NZ72N; https://www.hktdc.com/event/homeinstyle/en/product/1Z03NZ8K4; https://www.hktdc.com/event/homeinstyle/en/product/1Z03NZ8K4; https://www.hktdc.com/event/homeinstyle/en/product/1Z03NZ990; https://www.hktdc.com/event/homeinstyle/en/product/1Z03NZ990
"Fujian Dehua FIB Ceramic Co., Ltd.","Fujian Dehua FIB Ceramic Co., Ltd.",Chinese Mainland,"Bonsai,Vase,Ceramic Crafts,Decorative Bowl,Decorative Plate,Candle","Bonsai,Vase,Ceramic Crafts,Decorative Bowl,Decorative Plate,Candle",,Exhibitor,Hong Kong Home InStyle 2025,3D-D05,World of Fine Decor,,1,,,"Bonsai,Vase,Ceramic Crafts,Decorative Bowl,Decorative Plate,Candle; Candle Jar, Daily Ceramic Ware, Home Decoration, Garden Decoration; OEM, ODM","Bonsai,Vase,Ceramic Crafts,Decorative Bowl,Decorative Plate,Candle; Candle Jar, Daily Ceramic Ware, Home Decoration, Garden Decoration; OEM, ODM",https://www.hktdc.com/event/homeinstyle/en/exhibitor/1S005IV8H,8,https://www.hktdc.com/event/homeinstyle/en/product/1Z03NQPOB; https://www.hktdc.com/event/homeinstyle/en/product/1Z03NQPOB; https://www.hktdc.com/event/homeinstyle/en/product/1Z03NQRBC; https://www.hktdc.com/event/homeinstyle/en/product/1Z03NQRBC; https://www.hktdc.com/event/homeinstyle/en/product/1Z03NQUZ9; https://www.hktdc.com/event/homeinstyle/en/product/1Z03NQUZ9; https://www.hktdc.com/event/homeinstyle/en/product/1Z03NQI8U; https://www.hktdc.com/event/homeinstyle/en/product/1Z03NQI8U
"Fujian Nan'an Shi Hengsheng Melamine Tableware Co., Ltd.","Fujian Nan'an Shi Hengsheng Melamine Tableware Co., Ltd.",Chinese Mainland,"Cutlery Set,Cup & Plate Set,Tableware,Dish","Cutlery Set,Cup & Plate Set,Tableware,Dish",,Exhibitor,Hong Kong Home InStyle 2025,3E-B05,World of Fine Dining,,1,,,"Cutlery Set,Cup & Plate Set,Tableware,Dish; Melamine tableware; OEM, ODM, OBM","Cutlery Set,Cup & Plate Set,Tableware,Dish; Melamine tableware; OEM, ODM, OBM",https://www.hktdc.com/event/homeinstyle/en/exhibitor/1S005L0M6,30,https://www.hktdc.com/event/homeinstyle/en/product/1X25H0V5; https://www.hktdc.com/event/homeinstyle/en/product/1X25H0V5; https://www.hktdc.com/event/homeinstyle/en/product/1X25H0U6; https://www.hktdc.com/event/homeinstyle/en/product/1X25H0U6; https://www.hktdc.com/event/homeinstyle/en/product/1X25H0T7; https://www.hktdc.com/event/homeinstyle/en/product/1X25H0T7; https://www.hktdc.com/event/homeinstyle/en/product/1X25H0S8; https://www.hktdc.com/event/homeinstyle/en/product/1X25H0S8; https://www.hktdc.com/event/homeinstyle/en/product/1X25H0R9; https://www.hktdc.com/event/homeinstyle/en/product/1X25H0R9; https://www.hktdc.com/event/homeinstyle/en/product/1X1IFN4Z; https://www.hktdc.com/event/homeinstyle/en/product/1X1IFN4Z; https://www.hktdc.com/event/homeinstyle/en/product/1X17QGG8; https://www.hktdc.com/event/homeinstyle/en/product/1X17QGG8; https://www.hktdc.com/event/homeinstyle/en/product/1X17QGF9; https://www.hktdc.com/event/homeinstyle/en/product/1X17QGF9; https://www.hktdc.com/event/homeinstyle/en/product/1X17QGEA; https://www.hktdc.com/event/homeinstyle/en/product/1X17QGEA; https://www.hktdc.com/event/homeinstyle/en/product/1X12FSN1; https://www.hktdc.com/event/homeinstyle/en/product/1X12FSN1; https://www.hktdc.com/event/homeinstyle/en/product/1X12FSM2; https://www.hktdc.com/event/homeinstyle/en/product/1X12FSM2; https://www.hktdc.com/event/homeinstyle/en/product/1X12FSL3; https://www.hktdc.com/event/homeinstyle/en/product/1X12FSL3; https://www.hktdc.com/event/homeinstyle/en/product/1X0U7PR6; https://www.hktdc.com/event/homeinstyle/en/product/1X0U7PR6; https://www.hktdc.com/event/homeinstyle/en/product/1X0U7PQ7; https://www.hktdc.com/event/homeinstyle/en/product/1X0U7PQ7; https://www.hktdc.com/event/homeinstyle/en/product/1X0U7PP8; https://www.hktdc.com/event/homeinstyle/en/product/1X0U7PP8
"Guangdong Meitian Metal Products Industrial Co., Ltd.","Guangdong Meitian Metal Products Industrial Co., Ltd.",Chinese Mainland,"Wine Glass,Bar Accessories,Barware Set,Wine Rack,Wine Stopper,Wine Charm & Collar","Wine Glass,Bar Accessories,Barware Set,Wine Rack,Wine Stopper,Wine Charm & Collar",,Exhibitor,Hong Kong Home InStyle 2025,3E-E08,World of Fine Dining,Cantonese Business Go Global,1,,,"Wine Glass,Bar Accessories,Barware Set,Wine Rack,Wine Stopper,Wine Charm & Collar; Cup,barware; ODM, OEM","Wine Glass,Bar Accessories,Barware Set,Wine Rack,Wine Stopper,Wine Charm & Collar; Cup,barware; ODM, OEM",https://www.hktdc.com/event/homeinstyle/en/exhibitor/1S005KBSD,20,https://www.hktdc.com/event/homeinstyle/en/product/1Z03O07CT; https://www.hktdc.com/event/homeinstyle/en/product/1Z03O07CT; https://www.hktdc.com/event/homeinstyle/en/product/1Z03O07EN; https://www.hktdc.com/event/homeinstyle/en/product/1Z03O07EN; https://www.hktdc.com/event/homeinstyle/en/product/1Z03NZTKJ; https://www.hktdc.com/event/homeinstyle/en/product/1Z03NZTKJ; https://www.hktdc.com/event/homeinstyle/en/product/1Z03NZK9P; https://www.hktdc.com/event/homeinstyle/en/product/1Z03NZK9P; https://www.hktdc.com/event/homeinstyle/en/product/1Z03NZK6Y; https://www.hktdc.com/event/homeinstyle/en/product/1Z03NZK6Y; https://www.hktdc.com/event/homeinstyle/en/product/1Z03NZKAM; https://www.hktdc.com/event/homeinstyle/en/product/1Z03NZKAM; https://www.hktdc.com/event/homeinstyle/en/product/1Z03NZK44; https://www.hktdc.com/event/homeinstyle/en/product/1Z03NZK44; https://www.hktdc.com/event/homeinstyle/en/product/1Z03O0785; https://www.hktdc.com/event/homeinstyle/en/product/1Z03O0785; https://www.hktdc.com/event/homeinstyle/en/product/1Z03NZKJV; https://www.hktdc.com/event/homeinstyle/en/product/1Z03NZKJV; https://www.hktdc.com/event/homeinstyle/en/product/1Z03NZFWX; https://www.hktdc.com/event/homeinstyle/en/product/1Z03NZFWX
Hangzhou Lighting Import & Export Ltd,Hangzhou Lighting Import & Export Ltd,Chinese Mainland,"Desk Lamp,Lighting Product,Consumer Electronics","Desk Lamp,Lighting Product,Consumer Electronics",,Exhibitor,Hong Kong Home InStyle 2025,3E-A07,World of Fine Decor,,1,,,"Desk Lamp,Lighting Product,Consumer Electronics; Rechargeable lighting; OBM, ODM, Others, OEM","Desk Lamp,Lighting Product,Consumer Electronics; Rechargeable lighting; OBM, ODM, Others, OEM",https://www.hktdc.com/event/homeinstyle/en/exhibitor/1S005KDEH,12,https://www.hktdc.com/event/homeinstyle/en/product/1X24RALL; https://www.hktdc.com/event/homeinstyle/en/product/1X24RALL; https://www.hktdc.com/event/homeinstyle/en/product/1X24RAKM; https://www.hktdc.com/event/homeinstyle/en/product/1X24RAKM; https://www.hktdc.com/event/homeinstyle/en/product/1X24RAJN; https://www.hktdc.com/event/homeinstyle/en/product/1X24RAJN; https://www.hktdc.com/event/homeinstyle/en/product/1Z03KM55G; https://www.hktdc.com/event/homeinstyle/en/product/1Z03KM55G; https://www.hktdc.com/event/homeinstyle/en/product/1Z03KM4UE; https://www.hktdc.com/event/homeinstyle/en/product/1Z03KM4UE; https://www.hktdc.com/event/homeinstyle/en/product/1Z03KM53M; https://www.hktdc.com/event/homeinstyle/en/product/1Z03KM53M
"Henan Yeway Industrial Development Co., Ltd.","Henan Yeway Industrial Development Co., Ltd.",Chinese Mainland,Vacuum Flask,Vacuum Flask,,Exhibitor,Hong Kong Home InStyle 2025,3D-D11,World of Fine Decor,,1,,,"Vacuum Flask; Yoga product and accessories; ODM, OEM","Vacuum Flask; Yoga product and accessories; ODM, OEM",https://www.hktdc.com/event/homeinstyle/en/exhibitor/1S005LBV4,14,https://www.hktdc.com/event/homeinstyle/en/product/1Z03O1BEJ; https://www.hktdc.com/event/homeinstyle/en/product/1Z03O1BEJ; https://www.hktdc.com/event/homeinstyle/en/product/1Z03O1GMQ; https://www.hktdc.com/event/homeinstyle/en/product/1Z03O1GMQ; https://www.hktdc.com/event/homeinstyle/en/product/1Z03O1B0P; https://www.hktdc.com/event/homeinstyle/en/product/1Z03O1B0P; https://www.hktdc.com/event/homeinstyle/en/product/1Z03O17EN; https://www.hktdc.com/event/homeinstyle/en/product/1Z03O17EN; https://www.hktdc.com/event/homeinstyle/en/product/1Z03O1BI7; https://www.hktdc.com/event/homeinstyle/en/product/1Z03O1BI7; https://www.hktdc.com/event/homeinstyle/en/product/1Z03O1AFH; https://www.hktdc.com/event/homeinstyle/en/product/1Z03O1AFH; https://www.hktdc.com/event/homeinstyle/en/product/1Z03O19X0; https://www.hktdc.com/event/homeinstyle/en/product/1Z03O19X0
I-TOP Industry Ltd.,I-TOP Industry Ltd.,Chinese Mainland,"Kettle,Wok,Grill Pan,Frying Pan,Food Steamer","Kettle,Wok,Grill Pan,Frying Pan,Food Steamer",,Exhibitor,Hong Kong Home InStyle 2025,3E-E05,World of Fine Dining,Cantonese Business Go Global,1,,,"Kettle,Wok,Grill Pan,Frying Pan,Food Steamer; Cookware / Coffee Pot; OEM, ODM","Kettle,Wok,Grill Pan,Frying Pan,Food Steamer; Cookware / Coffee Pot; OEM, ODM",https://www.hktdc.com/event/homeinstyle/en/exhibitor/1S005KBYV,2,https://www.hktdc.com/event/homeinstyle/en/product/1Z03NZOCC; https://www.hktdc.com/event/homeinstyle/en/product/1Z03NZOCC
"Jiangmen Jiashun Trading Co., Ltd.","Jiangmen Jiashun Trading Co., Ltd.",Chinese Mainland,"Dish Rack,Kitchen Utensil,Storage Rack,Fruit Basket,Bread Basket,Toilet Cleaning Brush,Drying Rack,Garbage Bin,Towel Rail,Mirror","Dish Rack,Kitchen Utensil,Storage Rack,Fruit Basket,Bread Basket,Toilet Cleaning Brush,Drying Rack,Garbage Bin,Towel Rail,Mirror",,Exhibitor,Hong Kong Home InStyle 2025,3E-C05,World of Fine Dining,Cantonese Business Go Global,1,,,"Dish Rack,Kitchen Utensil,Storage Rack,Fruit Basket,Bread Basket,Toilet Cleaning Brush,Drying Rack,Garbage Bin,Towel Rail,Mirror; kitchen set, dish rack, fruit basket, aluminum shower caddy, bathroom series, make-up mirror, waste bin,tissue paper holder, ect. can be produced by us. We are combination of factory and trader, who famaliar about import & outport.; OEM, OBM","Dish Rack,Kitchen Utensil,Storage Rack,Fruit Basket,Bread Basket,Toilet Cleaning Brush,Drying Rack,Garbage Bin,Towel Rail,Mirror; kitchen set, dish rack, fruit basket, aluminum shower caddy, bathroom series, make-up mirror, waste bin,tissue paper holder, ect. can be produced by us. We are combination of factory and trader, who famaliar about import & outport.; OEM, OBM",https://www.hktdc.com/event/homeinstyle/en/exhibitor/1S005G7J8,40,https://www.hktdc.com/event/homeinstyle/en/product/1Z03M1KDD; https://www.hktdc.com/event/homeinstyle/en/product/1Z03M1KDD; https://www.hktdc.com/event/homeinstyle/en/product/1Z03M15ID; https://www.hktdc.com/event/homeinstyle/en/product/1Z03M15ID; https://www.hktdc.com/event/homeinstyle/en/product/1Z03M2FH6; https://www.hktdc.com/event/homeinstyle/en/product/1Z03M2FH6; https://www.hktdc.com/event/homeinstyle/en/product/1Z03M15OV; https://www.hktdc.com/event/homeinstyle/en/product/1Z03M15OV; https://www.hktdc.com/event/homeinstyle/en/product/1Z03M1KWS; https://www.hktdc.com/event/homeinstyle/en/product/1Z03M1KWS; https://www.hktdc.com/event/homeinstyle/en/product/1Z03M1MIW; https://www.hktdc.com/event/homeinstyle/en/product/1Z03M1MIW; https://www.hktdc.com/event/homeinstyle/en/product/1Z03M15Y1; https://www.hktdc.com/event/homeinstyle/en/product/1Z03M15Y1; https://www.hktdc.com/event/homeinstyle/en/product/1Z03M1KS4; https://www.hktdc.com/event/homeinstyle/en/product/1Z03M1KS4; https://www.hktdc.com/event/homeinstyle/en/product/1Z03M2ASE; https://www.hktdc.com/event/homeinstyle/en/product/1Z03M2ASE; https://www.hktdc.com/event/homeinstyle/en/product/1Z03M1LBI; https://www.hktdc.com/event/homeinstyle/en/product/1Z03M1LBI; https://www.hktdc.com/event/homeinstyle/en/product/1Z03M10M6; https://www.hktdc.com/event/homeinstyle/en/product/1Z03M10M6; https://www.hktdc.com/event/homeinstyle/en/product/1Z03M2DZQ; https://www.hktdc.com/event/homeinstyle/en/product/1Z03M2DZQ; https://www.hktdc.com/event/homeinstyle/en/product/1Z03M1M9N; https://www.hktdc.com/event/homeinstyle/en/product/1Z03M1M9N; https://www.hktdc.com/event/homeinstyle/en/product/1Z03M0XN6; https://www.hktdc.com/event/homeinstyle/en/product/1Z03M0XN6; https://www.hktdc.com/event/homeinstyle/en/product/1Z03M1NE7; https://www.hktdc.com/event/homeinstyle/en/product/1Z03M1NE7; https://www.hktdc.com/event/homeinstyle/en/product/1Z03JXHT4; https://www.hktdc.com/event/homeinstyle/en/product/1Z03JXHT4; https://www.hktdc.com/event/homeinstyle/en/product/1Z03M2IH3; https://www.hktdc.com/event/homeinstyle/en/product/1Z03M2IH3; https://www.hktdc.com/event/homeinstyle/en/product/1Z03JUAK2; https://www.hktdc.com/event/homeinstyle/en/product/1Z03JUAK2; https://www.hktdc.com/event/homeinstyle/en/product/1Z03M0MLN; https://www.hktdc.com/event/homeinstyle/en/product/1Z03M0MLN; https://www.hktdc.com/event/homeinstyle/en/product/1Z03JUWTP; https://www.hktdc.com/event/homeinstyle/en/product/1Z03JUWTP
"Jiangmen Shengke Hardware Products Co., Ltd.","Jiangmen Shengke Hardware Products Co., Ltd.",Chinese Mainland,"Wok,Grill Pan,Kitchen Utensil,Frying Pan,Food Steamer","Wok,Grill Pan,Kitchen Utensil,Frying Pan,Food Steamer",,Exhibitor,Hong Kong Home InStyle 2025,3E-E12,World of Fine Dining,Cantonese Business Go Global,1,,,"Wok,Grill Pan,Kitchen Utensil,Frying Pan,Food Steamer; Cookware; OEM, ODM","Wok,Grill Pan,Kitchen Utensil,Frying Pan,Food Steamer; Cookware; OEM, ODM",https://www.hktdc.com/event/homeinstyle/en/exhibitor/1S005KC2I,38,https://www.hktdc.com/event/homeinstyle/en/product/1Z03K0QD7; https://www.hktdc.com/event/homeinstyle/en/product/1Z03K0QD7; https://www.hktdc.com/event/homeinstyle/en/product/1Z03K0PSZ; https://www.hktdc.com/event/homeinstyle/en/product/1Z03K0PSZ; https://www.hktdc.com/event/homeinstyle/en/product/1Z03K0S22; https://www.hktdc.com/event/homeinstyle/en/product/1Z03K0S22; https://www.hktdc.com/event/homeinstyle/en/product/1Z03K0SAE; https://www.hktdc.com/event/homeinstyle/en/product/1Z03K0SAE; https://www.hktdc.com/event/homeinstyle/en/product/1Z03JZIVX; https://www.hktdc.com/event/homeinstyle/en/product/1Z03JZIVX; https://www.hktdc.com/event/homeinstyle/en/product/1Z03K0RE3; https://www.hktdc.com/event/homeinstyle/en/product/1Z03K0RE3; https://www.hktdc.com/event/homeinstyle/en/product/1Z03K0XEX; https://www.hktdc.com/event/homeinstyle/en/product/1Z03K0XEX; https://www.hktdc.com/event/homeinstyle/en/product/1Z03K0XN6; https://www.hktdc.com/event/homeinstyle/en/product/1Z03K0XN6; https://www.hktdc.com/event/homeinstyle/en/product/1Z03K0P18; https://www.hktdc.com/event/homeinstyle/en/product/1Z03K0P18; https://www.hktdc.com/event/homeinstyle/en/product/1Z03K15K7; https://www.hktdc.com/event/homeinstyle/en/product/1Z03K15K7; https://www.hktdc.com/event/homeinstyle/en/product/1Z03JZKNJ; https://www.hktdc.com/event/homeinstyle/en/product/1Z03JZKNJ; https://www.hktdc.com/event/homeinstyle/en/product/1Z03K1SJN; https://www.hktdc.com/event/homeinstyle/en/product/1Z03K1SJN; https://www.hktdc.com/event/homeinstyle/en/product/1Z03K1SXH; https://www.hktdc.com/event/homeinstyle/en/product/1Z03K1SXH; https://www.hktdc.com/event/homeinstyle/en/product/1Z03K1RAF; https://www.hktdc.com/event/homeinstyle/en/product/1Z03K1RAF; https://www.hktdc.com/event/homeinstyle/en/product/1Z03K1SAE; https://www.hktdc.com/event/homeinstyle/en/product/1Z03K1SAE; https://www.hktdc.com/event/homeinstyle/en/product/1Z03K1S6Q; https://www.hktdc.com/event/homeinstyle/en/product/1Z03K1S6Q; https://www.hktdc.com/event/homeinstyle/en/product/1Z03K1RVO; https://www.hktdc.com/event/homeinstyle/en/product/1Z03K1RVO; https://www.hktdc.com/event/homeinstyle/en/product/1Z03K1SQ2; https://www.hktdc.com/event/homeinstyle/en/product/1Z03K1SQ2; https://www.hktdc.com/event/homeinstyle/en/product/1Z03K1RTU; https://www.hktdc.com/event/homeinstyle/en/product/1Z03K1RTU
Jiangmen Xinxin Houseware Company Ltd.,Jiangmen Xinxin Houseware Company Ltd.,Chinese Mainland,"Kitchen Utensil,Coffee Pot,Food Container,Food Box","Kitchen Utensil,Coffee Pot,Food Container,Food Box",,Exhibitor,Hong Kong Home InStyle 2025,3E-D08,World of Fine Dining,Cantonese Business Go Global,1,,,"Kitchen Utensil,Coffee Pot,Food Container,Food Box; kitchenware/coffee pot/cup; OEM, ODM","Kitchen Utensil,Coffee Pot,Food Container,Food Box; kitchenware/coffee pot/cup; OEM, ODM",https://www.hktdc.com/event/homeinstyle/en/exhibitor/1S005KC9X,22,https://www.hktdc.com/event/homeinstyle/en/product/1Z03O1990; https://www.hktdc.com/event/homeinstyle/en/product/1Z03O1990; https://www.hktdc.com/event/homeinstyle/en/product/1Z03O0WC4; https://www.hktdc.com/event/homeinstyle/en/product/1Z03O0WC4; https://www.hktdc.com/event/homeinstyle/en/product/1Z03O14A2; https://www.hktdc.com/event/homeinstyle/en/product/1Z03O14A2; https://www.hktdc.com/event/homeinstyle/en/product/1Z03O14W8; https://www.hktdc.com/event/homeinstyle/en/product/1Z03O14W8; https://www.hktdc.com/event/homeinstyle/en/product/1Z03O19J6; https://www.hktdc.com/event/homeinstyle/en/product/1Z03O19J6; https://www.hktdc.com/event/homeinstyle/en/product/1Z03O13HI; https://www.hktdc.com/event/homeinstyle/en/product/1Z03O13HI; https://www.hktdc.com/event/homeinstyle/en/product/1Z03O0ZQV; https://www.hktdc.com/event/homeinstyle/en/product/1Z03O0ZQV; https://www.hktdc.com/event/homeinstyle/en/product/1Z03O0X10; https://www.hktdc.com/event/homeinstyle/en/product/1Z03O0X10; https://www.hktdc.com/event/homeinstyle/en/product/1Z03O19V6; https://www.hktdc.com/event/homeinstyle/en/product/1Z03O19V6; https://www.hktdc.com/event/homeinstyle/en/product/1Z03O14FN; https://www.hktdc.com/event/homeinstyle/en/product/1Z03O14FN; https://www.hktdc.com/event/homeinstyle/en/product/1Z03O0HWV; https://www.hktdc.com/event/homeinstyle/en/product/1Z03O0HWV
"Jiangmen Zhaosheng Hardware Co., Ltd","Jiangmen Zhaosheng Hardware Co., Ltd",Chinese Mainland,Kitchen Utensil,Kitchen Utensil,,Exhibitor,Hong Kong Home InStyle 2025,3E-D12,World of Fine Dining,Cantonese Business Go Global,1,,,"Kitchen Utensil; Kitchenware; ODM, OEM","Kitchen Utensil; Kitchenware; ODM, OEM",https://www.hktdc.com/event/homeinstyle/en/exhibitor/1S005KCAU,10,https://www.hktdc.com/event/homeinstyle/en/product/1Z03M0A2K; https://www.hktdc.com/event/homeinstyle/en/product/1Z03M0A2K; https://www.hktdc.com/event/homeinstyle/en/product/1Z03M0AQK; https://www.hktdc.com/event/homeinstyle/en/product/1Z03M0AQK; https://www.hktdc.com/event/homeinstyle/en/product/1Z03M0BOP; https://www.hktdc.com/event/homeinstyle/en/product/1Z03M0BOP; https://www.hktdc.com/event/homeinstyle/en/product/1Z03M1JPE; https://www.hktdc.com/event/homeinstyle/en/product/1Z03M1JPE; https://www.hktdc.com/event/homeinstyle/en/product/1Z03M0B81; https://www.hktdc.com/event/homeinstyle/en/product/1Z03M0B81
"Jieyang Top-Tip's Daily Use Products Co., Ltd.","Jieyang Top-Tip's Daily Use Products Co., Ltd.",Chinese Mainland,Personal Care Product,Personal Care Product,,Exhibitor,Hong Kong Home InStyle 2025,3E-A18,World of Fine Dining,Cantonese Business Go Global,1,,,"Personal Care Product; Daily, cosmetic, and medical cotton buds, cotton pads, cotton balls, cotton rolls, cotton pleats, cotton tissue, dry facial masks, wet wipes, makeup sponges, and other personal care products and medical devices.; OEM, ODM","Personal Care Product; Daily, cosmetic, and medical cotton buds, cotton pads, cotton balls, cotton rolls, cotton pleats, cotton tissue, dry facial masks, wet wipes, makeup sponges, and other personal care products and medical devices.; OEM, ODM",https://www.hktdc.com/event/homeinstyle/en/exhibitor/1S005KC80,20,https://www.hktdc.com/event/homeinstyle/en/product/1X1S2Y15; https://www.hktdc.com/event/homeinstyle/en/product/1X1S2Y15; https://www.hktdc.com/event/homeinstyle/en/product/1X1S2XZA; https://www.hktdc.com/event/homeinstyle/en/product/1X1S2XZA; https://www.hktdc.com/event/homeinstyle/en/product/1X1S2XYB; https://www.hktdc.com/event/homeinstyle/en/product/1X1S2XYB; https://www.hktdc.com/event/homeinstyle/en/product/1X1S2XWD; https://www.hktdc.com/event/homeinstyle/en/product/1X1S2XWD; https://www.hktdc.com/event/homeinstyle/en/product/1X1S2XUF; https://www.hktdc.com/event/homeinstyle/en/product/1X1S2XUF; https://www.hktdc.com/event/homeinstyle/en/product/1X1A8X27; https://www.hktdc.com/event/homeinstyle/en/product/1X1A8X27; https://www.hktdc.com/event/homeinstyle/en/product/1X1A7X63; https://www.hktdc.com/event/homeinstyle/en/product/1X1A7X63; https://www.hktdc.com/event/homeinstyle/en/product/1X1A5N8V; https://www.hktdc.com/event/homeinstyle/en/product/1X1A5N8V; https://www.hktdc.com/event/homeinstyle/en/product/1X1A5N7W; https://www.hktdc.com/event/homeinstyle/en/product/1X1A5N7W; https://www.hktdc.com/event/homeinstyle/en/product/1X1A5N6X; https://www.hktdc.com/event/homeinstyle/en/product/1X1A5N6X
"Konbo Silicone Rubber Technology (Foshan) Co., Ltd.","Konbo Silicone Rubber Technology (Foshan) Co., Ltd.",Chinese Mainland,"Baking Mold,Bakeware,Kitchen Utensil","Baking Mold,Bakeware,Kitchen Utensil",,Exhibitor,Hong Kong Home InStyle 2025,3E-E13,World of Fine Dining,Cantonese Business Go Global,1,,,"Baking Mold,Bakeware,Kitchen Utensil; kitchenware; OEM","Baking Mold,Bakeware,Kitchen Utensil; kitchenware; OEM",https://www.hktdc.com/event/homeinstyle/en/exhibitor/1S005KC4C,36,https://www.hktdc.com/event/homeinstyle/en/product/1X25GJ96; https://www.hktdc.com/event/homeinstyle/en/product/1X25GJ96; https://www.hktdc.com/event/homeinstyle/en/product/1X25GJ87; https://www.hktdc.com/event/homeinstyle/en/product/1X25GJ87; https://www.hktdc.com/event/homeinstyle/en/product/1X25GJ78; https://www.hktdc.com/event/homeinstyle/en/product/1X25GJ78; https://www.hktdc.com/event/homeinstyle/en/product/1X25GJ69; https://www.hktdc.com/event/homeinstyle/en/product/1X25GJ69; https://www.hktdc.com/event/homeinstyle/en/product/1X25GJ5A; https://www.hktdc.com/event/homeinstyle/en/product/1X25GJ5A; https://www.hktdc.com/event/homeinstyle/en/product/1X25GJ4B; https://www.hktdc.com/event/homeinstyle/en/product/1X25GJ4B; https://www.hktdc.com/event/homeinstyle/en/product/1X25GJ3C; https://www.hktdc.com/event/homeinstyle/en/product/1X25GJ3C; https://www.hktdc.com/event/homeinstyle/en/product/1X25GJ2D; https://www.hktdc.com/event/homeinstyle/en/product/1X25GJ2D; https://www.hktdc.com/event/homeinstyle/en/product/1X0TFOGK; https://www.hktdc.com/event/homeinstyle/en/product/1X0TFOGK; https://www.hktdc.com/event/homeinstyle/en/product/1X0T3L45; https://www.hktdc.com/event/homeinstyle/en/product/1X0T3L45; https://www.hktdc.com/event/homeinstyle/en/product/1X0T3L36; https://www.hktdc.com/event/homeinstyle/en/product/1X0T3L36; https://www.hktdc.com/event/homeinstyle/en/product/1X0T3L27; https://www.hktdc.com/event/homeinstyle/en/product/1X0T3L27; https://www.hktdc.com/event/homeinstyle/en/product/1X0SFAKM; https://www.hktdc.com/event/homeinstyle/en/product/1X0SFAKM; https://www.hktdc.com/event/homeinstyle/en/product/1X0LIP0X; https://www.hktdc.com/event/homeinstyle/en/product/1X0LIP0X; https://www.hktdc.com/event/homeinstyle/en/product/1X0LIOZ1; https://www.hktdc.com/event/homeinstyle/en/product/1X0LIOZ1; https://www.hktdc.com/event/homeinstyle/en/product/1X0LIOY2; https://www.hktdc.com/event/homeinstyle/en/product/1X0LIOY2; https://www.hktdc.com/event/homeinstyle/en/product/1X0C6UI0; https://www.hktdc.com/event/homeinstyle/en/product/1X0C6UI0; https://www.hktdc.com/event/homeinstyle/en/product/1X0C6UG2; https://www.hktdc.com/event/homeinstyle/en/product/1X0C6UG2
Kong Seng Ltd,Kong Seng Ltd,Chinese Mainland,"Cookware,Kettle,Kitchen Utensil,Tableware,Food Container,Food Box,Bread Basket,Garbage Bin,Bathroom Fittings & Sanitary Wares,Tissue Box","Cookware,Kettle,Kitchen Utensil,Tableware,Food Container,Food Box,Bread Basket,Garbage Bin,Bathroom Fittings & Sanitary Wares,Tissue Box",,Exhibitor,Hong Kong Home InStyle 2025,3E-B16,World of Fine Dining,Cantonese Business Go Global,1,,,"Cookware,Kettle,Kitchen Utensil,Tableware,Food Container,Food Box,Bread Basket,Garbage Bin,Bathroom Fittings & Sanitary Wares,Tissue Box; Houseware/ bathware/ kitchenware; Others","Cookware,Kettle,Kitchen Utensil,Tableware,Food Container,Food Box,Bread Basket,Garbage Bin,Bathroom Fittings & Sanitary Wares,Tissue Box; Houseware/ bathware/ kitchenware; Others",https://www.hktdc.com/event/homeinstyle/en/exhibitor/1S005GMVT,40,https://www.hktdc.com/event/homeinstyle/en/product/1Z03LP2VD; https://www.hktdc.com/event/homeinstyle/en/product/1Z03LP2VD; https://www.hktdc.com/event/homeinstyle/en/product/1Z03EQKBJ; https://www.hktdc.com/event/homeinstyle/en/product/1Z03EQKBJ; https://www.hktdc.com/event/homeinstyle/en/product/1Z03EQLJU; https://www.hktdc.com/event/homeinstyle/en/product/1Z03EQLJU; https://www.hktdc.com/event/homeinstyle/en/product/1Z03LNKLP; https://www.hktdc.com/event/homeinstyle/en/product/1Z03LNKLP; https://www.hktdc.com/event/homeinstyle/en/product/1Z03FVPF2; https://www.hktdc.com/event/homeinstyle/en/product/1Z03FVPF2; https://www.hktdc.com/event/homeinstyle/en/product/1Z03FUNVS; https://www.hktdc.com/event/homeinstyle/en/product/1Z03FUNVS; https://www.hktdc.com/event/homeinstyle/en/product/1Z03LPVVK; https://www.hktdc.com/event/homeinstyle/en/product/1Z03LPVVK; https://www.hktdc.com/event/homeinstyle/en/product/1Z03FUK51; https://www.hktdc.com/event/homeinstyle/en/product/1Z03FUK51; https://www.hktdc.com/event/homeinstyle/en/product/1Z03LPVHQ; https://www.hktdc.com/event/homeinstyle/en/product/1Z03LPVHQ; https://www.hktdc.com/event/homeinstyle/en/product/1Z03LPW2Y; https://www.hktdc.com/event/homeinstyle/en/product/1Z03LPW2Y; https://www.hktdc.com/event/homeinstyle/en/product/1Z03LP8J7; https://www.hktdc.com/event/homeinstyle/en/product/1Z03LP8J7; https://www.hktdc.com/event/homeinstyle/en/product/1Z03F43HI; https://www.hktdc.com/event/homeinstyle/en/product/1Z03F43HI; https://www.hktdc.com/event/homeinstyle/en/product/1Z03LPW11; https://www.hktdc.com/event/homeinstyle/en/product/1Z03LPW11; https://www.hktdc.com/event/homeinstyle/en/product/1Z03FUN27; https://www.hktdc.com/event/homeinstyle/en/product/1Z03FUN27; https://www.hktdc.com/event/homeinstyle/en/product/1Z03LMPP8; https://www.hktdc.com/event/homeinstyle/en/product/1Z03LMPP8; https://www.hktdc.com/event/homeinstyle/en/product/1Z03FUL36; https://www.hktdc.com/event/homeinstyle/en/product/1Z03FUL36; https://www.hktdc.com/event/homeinstyle/en/product/1Z03F436F; https://www.hktdc.com/event/homeinstyle/en/product/1Z03F436F; https://www.hktdc.com/event/homeinstyle/en/product/1Z03LPWC4; https://www.hktdc.com/event/homeinstyle/en/product/1Z03LPWC4; https://www.hktdc.com/event/homeinstyle/en/product/1Z03FVONF; https://www.hktdc.com/event/homeinstyle/en/product/1Z03FVONF; https://www.hktdc.com/event/homeinstyle/en/product/1Z03FULNI; https://www.hktdc.com/event/homeinstyle/en/product/1Z03FULNI
Meridian International Ltd,Meridian International Ltd,Chinese Mainland,"Meridian was founded in 2005 and is located in Xi'an. With more than over 19 years of experience in exporting glassware to all over the world Meridian has become a professional supplier of glasswares. Meridian provides customers a range of glasswares, such as, tableware, decoration glass,candle holders, drink,coffee,wine glasses, food storage container, glass bowl and paltes etc.","Meridian was founded in 2005 and is located in Xi'an. With more than over 19 years of experience in exporting glassware to all over the world Meridian has become a professional supplier of glasswares. Meridian provides customers a range of glasswares, such as, tableware, decoration glass,candle holders, drink,coffee,wine glasses, food storage container, glass bowl and paltes etc.",,Exhibitor,Hong Kong Home InStyle 2025,3E-C10,World of Fine Dining,,1,,,"Kettle,Measuring Cup,Kitchen Utensil,Wine Glass,Mug,Tableware,Spice Container,Barware Set,Tea Pot,Ashtray; Meridian can design and develop more than 500 new products every year and provides OEM and ODM service and offers free samples. Meridian has QC team with more than 10 years professional experience and won high reputation among customers worldwide.; ODM, OEM","Kettle,Measuring Cup,Kitchen Utensil,Wine Glass,Mug,Tableware,Spice Container,Barware Set,Tea Pot,Ashtray; Meridian can design and develop more than 500 new products every year and provides OEM and ODM service and offers free samples. Meridian has QC team with more than 10 years professional experience and won high reputation among customers worldwide.; ODM, OEM",https://www.hktdc.com/event/homeinstyle/en/exhibitor/1S005LHI1,16,https://www.hktdc.com/event/homeinstyle/en/product/1Z03M2SC8; https://www.hktdc.com/event/homeinstyle/en/product/1Z03M2SC8; https://www.hktdc.com/event/homeinstyle/en/product/1Z03M2S4W; https://www.hktdc.com/event/homeinstyle/en/product/1Z03M2S4W; https://www.hktdc.com/event/homeinstyle/en/product/1Z03M2QIS; https://www.hktdc.com/event/homeinstyle/en/product/1Z03M2QIS; https://www.hktdc.com/event/homeinstyle/en/product/1Z03M2PMH; https://www.hktdc.com/event/homeinstyle/en/product/1Z03M2PMH; https://www.hktdc.com/event/homeinstyle/en/product/1Z03M2VIN; https://www.hktdc.com/event/homeinstyle/en/product/1Z03M2VIN; https://www.hktdc.com/event/homeinstyle/en/product/1Z03M11SN; https://www.hktdc.com/event/homeinstyle/en/product/1Z03M11SN; https://www.hktdc.com/event/homeinstyle/en/product/1Z03M2WSS; https://www.hktdc.com/event/homeinstyle/en/product/1Z03M2WSS; https://www.hktdc.com/event/homeinstyle/en/product/1Z03M17OT; https://www.hktdc.com/event/homeinstyle/en/product/1Z03M17OT
"Ningbo Dongquan Plastic Co., Ltd.","Ningbo Dongquan Plastic Co., Ltd.",Chinese Mainland,"Food Box,Home Storage & Organisation","Food Box,Home Storage & Organisation",,Exhibitor,Hong Kong Home InStyle 2025,3E-F13,World of Fine Dining,,1,,,"Food Box,Home Storage & Organisation; Plastic kitchen storage, plastic bathroom storage, plastic bread box; ODM","Food Box,Home Storage & Organisation; Plastic kitchen storage, plastic bathroom storage, plastic bread box; ODM",https://www.hktdc.com/event/homeinstyle/en/exhibitor/1S005HGWW,26,https://www.hktdc.com/event/homeinstyle/en/product/1Z03NZTXG; https://www.hktdc.com/event/homeinstyle/en/product/1Z03NZTXG; https://www.hktdc.com/event/homeinstyle/en/product/1Z03NZS3Z; https://www.hktdc.com/event/homeinstyle/en/product/1Z03NZS3Z; https://www.hktdc.com/event/homeinstyle/en/product/1Z03NZRYF; https://www.hktdc.com/event/homeinstyle/en/product/1Z03NZRYF; https://www.hktdc.com/event/homeinstyle/en/product/1Z03NYRO9; https://www.hktdc.com/event/homeinstyle/en/product/1Z03NYRO9; https://www.hktdc.com/event/homeinstyle/en/product/1Z03NZBSD; https://www.hktdc.com/event/homeinstyle/en/product/1Z03NZBSD; https://www.hktdc.com/event/homeinstyle/en/product/1Z03NYRMF; https://www.hktdc.com/event/homeinstyle/en/product/1Z03NYRMF; https://www.hktdc.com/event/homeinstyle/en/product/1Z03NYOZF; https://www.hktdc.com/event/homeinstyle/en/product/1Z03NYOZF; https://www.hktdc.com/event/homeinstyle/en/product/1Z03NY30X; https://www.hktdc.com/event/homeinstyle/en/product/1Z03NY30X; https://www.hktdc.com/event/homeinstyle/en/product/1Z03NZDGB; https://www.hktdc.com/event/homeinstyle/en/product/1Z03NZDGB; https://www.hktdc.com/event/homeinstyle/en/product/1Z03NYS9H; https://www.hktdc.com/event/homeinstyle/en/product/1Z03NYS9H; https://www.hktdc.com/event/homeinstyle/en/product/1Z03NZDBQ; https://www.hktdc.com/event/homeinstyle/en/product/1Z03NZDBQ; https://www.hktdc.com/event/homeinstyle/en/product/1Z03NY2RP; https://www.hktdc.com/event/homeinstyle/en/product/1Z03NY2RP; https://www.hktdc.com/event/homeinstyle/en/product/1Z03NXC1L; https://www.hktdc.com/event/homeinstyle/en/product/1Z03NXC1L
"Qingdao Victoria Handicrafts Mfg Co., Ltd.","Qingdao Victoria Handicrafts Mfg Co., Ltd.",Chinese Mainland,"Tote Bag,Storage Box,Storage Basket,Home Storage & Organisation","Tote Bag,Storage Box,Storage Basket,Home Storage & Organisation",,Exhibitor,Hong Kong Home InStyle 2025,3D-E10,World of Fine Decor,,1,,,"Tote Bag,Storage Box,Storage Basket,Home Storage & Organisation; Lace Bags,Home Storage Products; OEM, ODM","Tote Bag,Storage Box,Storage Basket,Home Storage & Organisation; Lace Bags,Home Storage Products; OEM, ODM",https://www.hktdc.com/event/homeinstyle/en/exhibitor/1S005LHH4,20,https://www.hktdc.com/event/homeinstyle/en/product/1X0DTBY5; https://www.hktdc.com/event/homeinstyle/en/product/1X0DTBY5; https://www.hktdc.com/event/homeinstyle/en/product/1X0DRLBY; https://www.hktdc.com/event/homeinstyle/en/product/1X0DRLBY; https://www.hktdc.com/event/homeinstyle/en/product/1X0DRHC9; https://www.hktdc.com/event/homeinstyle/en/product/1X0DRHC9; https://www.hktdc.com/event/homeinstyle/en/product/1X0DRH9C; https://www.hktdc.com/event/homeinstyle/en/product/1X0DRH9C; https://www.hktdc.com/event/homeinstyle/en/product/1X0DRH6F; https://www.hktdc.com/event/homeinstyle/en/product/1X0DRH6F; https://www.hktdc.com/event/homeinstyle/en/product/1X0DRF6L; https://www.hktdc.com/event/homeinstyle/en/product/1X0DRF6L; https://www.hktdc.com/event/homeinstyle/en/product/1X0DRF0R; https://www.hktdc.com/event/homeinstyle/en/product/1X0DRF0R; https://www.hktdc.com/event/homeinstyle/en/product/1X0DREL9; https://www.hktdc.com/event/homeinstyle/en/product/1X0DREL9; https://www.hktdc.com/event/homeinstyle/en/product/1X0DREDH; https://www.hktdc.com/event/homeinstyle/en/product/1X0DREDH; https://www.hktdc.com/event/homeinstyle/en/product/1X0DRDX0; https://www.hktdc.com/event/homeinstyle/en/product/1X0DRDX0
"Shandong Wenxuan Import and Export Trade Co., Ltd.","Shandong Wenxuan Import and Export Trade Co., Ltd.",Chinese Mainland,"Measuring Cup,Wine Glass,Cup,Cup & Plate Set,Tableware,Bowl,Food Container,Barware Set","Measuring Cup,Wine Glass,Cup,Cup & Plate Set,Tableware,Bowl,Food Container,Barware Set",,Exhibitor,Hong Kong Home InStyle 2025,3D-E09,World of Fine Decor,Chinese Mainland (Shandong) Pavilion,1,,,"Measuring Cup,Wine Glass,Cup,Cup & Plate Set,Tableware,Bowl,Food Container,Barware Set; GLASSWARE; OEM, Others","Measuring Cup,Wine Glass,Cup,Cup & Plate Set,Tableware,Bowl,Food Container,Barware Set; GLASSWARE; OEM, Others",https://www.hktdc.com/event/homeinstyle/en/exhibitor/1S005JP0B,0,
"Shantou Lixin Plastic Products Co., Ltd.","Shantou Lixin Plastic Products Co., Ltd.",Chinese Mainland,"Mug,Food Container,Food Box","Mug,Food Container,Food Box",,Exhibitor,Hong Kong Home InStyle 2025,3E-D10,World of Fine Dining,Cantonese Business Go Global,1,,,"Mug,Food Container,Food Box; Environmentally friendly tableware; ODM, OEM","Mug,Food Container,Food Box; Environmentally friendly tableware; ODM, OEM",https://www.hktdc.com/event/homeinstyle/en/exhibitor/1S005KC73,40,https://www.hktdc.com/event/homeinstyle/en/product/1X1LLUUO; https://www.hktdc.com/event/homeinstyle/en/product/1X1LLUUO; https://www.hktdc.com/event/homeinstyle/en/product/1Z03LNF8X; https://www.hktdc.com/event/homeinstyle/en/product/1Z03LNF8X; https://www.hktdc.com/event/homeinstyle/en/product/1Z03LJE64; https://www.hktdc.com/event/homeinstyle/en/product/1Z03LJE64; https://www.hktdc.com/event/homeinstyle/en/product/1Z03JXYPZ; https://www.hktdc.com/event/homeinstyle/en/product/1Z03JXYPZ; https://www.hktdc.com/event/homeinstyle/en/product/1Z03M181P; https://www.hktdc.com/event/homeinstyle/en/product/1Z03M181P; https://www.hktdc.com/event/homeinstyle/en/product/1Z03M19EL; https://www.hktdc.com/event/homeinstyle/en/product/1Z03M19EL; https://www.hktdc.com/event/homeinstyle/en/product/1Z03JZ1KB; https://www.hktdc.com/event/homeinstyle/en/product/1Z03JZ1KB; https://www.hktdc.com/event/homeinstyle/en/product/1Z03JZ5VA; https://www.hktdc.com/event/homeinstyle/en/product/1Z03JZ5VA; https://www.hktdc.com/event/homeinstyle/en/product/1Z03JY17E; https://www.hktdc.com/event/homeinstyle/en/product/1Z03JY17E; https://www.hktdc.com/event/homeinstyle/en/product/1X1T2MWA; https://www.hktdc.com/event/homeinstyle/en/product/1X1T2MWA; https://www.hktdc.com/event/homeinstyle/en/product/1X1MU7XI; https://www.hktdc.com/event/homeinstyle/en/product/1X1MU7XI; https://www.hktdc.com/event/homeinstyle/en/product/1X1T2MVB; https://www.hktdc.com/event/homeinstyle/en/product/1X1T2MVB; https://www.hktdc.com/event/homeinstyle/en/product/1X1LLUWM; https://www.hktdc.com/event/homeinstyle/en/product/1X1LLUWM; https://www.hktdc.com/event/homeinstyle/en/product/1X1Q4H7E; https://www.hktdc.com/event/homeinstyle/en/product/1X1Q4H7E; https://www.hktdc.com/event/homeinstyle/en/product/1X1LLUVN; https://www.hktdc.com/event/homeinstyle/en/product/1X1LLUVN; https://www.hktdc.com/event/homeinstyle/en/product/1X1MU7ZG; https://www.hktdc.com/event/homeinstyle/en/product/1X1MU7ZG; https://www.hktdc.com/event/homeinstyle/en/product/1X1LLUTP; https://www.hktdc.com/event/homeinstyle/en/product/1X1LLUTP; https://www.hktdc.com/event/homeinstyle/en/product/1X17FV4B; https://www.hktdc.com/event/homeinstyle/en/product/1X17FV4B; https://www.hktdc.com/event/homeinstyle/en/product/1X1MU7NS; https://www.hktdc.com/event/homeinstyle/en/product/1X1MU7NS; https://www.hktdc.com/event/homeinstyle/en/product/1X17FV3C; https://www.hktdc.com/event/homeinstyle/en/product/1X17FV3C
"Shijiazhuang Aodejia Imp. & Exp. Trade Co., Ltd.","Shijiazhuang Aodejia Imp. & Exp. Trade Co., Ltd.",Chinese Mainland,"Cookware,Baking Mold,Grill Pan,Bakeware,Frying Pan,Food Steamer","Cookware,Baking Mold,Grill Pan,Bakeware,Frying Pan,Food Steamer",,Exhibitor,Hong Kong Home InStyle 2025,3E-C24,World of Fine Dining,,1,,,"Cookware,Baking Mold,Grill Pan,Bakeware,Frying Pan,Food Steamer; Professional supplier of Cast Iron Cookware; OEM","Cookware,Baking Mold,Grill Pan,Bakeware,Frying Pan,Food Steamer; Professional supplier of Cast Iron Cookware; OEM",https://www.hktdc.com/event/homeinstyle/en/exhibitor/1S005KCK0,20,https://www.hktdc.com/event/homeinstyle/en/product/1X1VLCW4; https://www.hktdc.com/event/homeinstyle/en/product/1X1VLCW4; https://www.hktdc.com/event/homeinstyle/en/product/1X1RMWKS; https://www.hktdc.com/event/homeinstyle/en/product/1X1RMWKS; https://www.hktdc.com/event/homeinstyle/en/product/1X1RMWJT; https://www.hktdc.com/event/homeinstyle/en/product/1X1RMWJT; https://www.hktdc.com/event/homeinstyle/en/product/1X1RMWIU; https://www.hktdc.com/event/homeinstyle/en/product/1X1RMWIU; https://www.hktdc.com/event/homeinstyle/en/product/1X1RMWHV; https://www.hktdc.com/event/homeinstyle/en/product/1X1RMWHV; https://www.hktdc.com/event/homeinstyle/en/product/1X1RMWGW; https://www.hktdc.com/event/homeinstyle/en/product/1X1RMWGW; https://www.hktdc.com/event/homeinstyle/en/product/1X1RMWFX; https://www.hktdc.com/event/homeinstyle/en/product/1X1RMWFX; https://www.hktdc.com/event/homeinstyle/en/product/1X1M4C3X; https://www.hktdc.com/event/homeinstyle/en/product/1X1M4C3X; https://www.hktdc.com/event/homeinstyle/en/product/1X1M4C2Y; https://www.hktdc.com/event/homeinstyle/en/product/1X1M4C2Y; https://www.hktdc.com/event/homeinstyle/en/product/1X1M4C1Z; https://www.hktdc.com/event/homeinstyle/en/product/1X1M4C1Z
Taizhou City Sanpu Mould Stock Limited Company,Taizhou City Sanpu Mould Stock Limited Company,Chinese Mainland,Plastic Crafts,Plastic Crafts,,Exhibitor,Hong Kong Home InStyle 2025,3D-D18,World of Fine Decor,,1,,,Plastic Crafts; Plastic handicrafts; ODM,Plastic Crafts; Plastic handicrafts; ODM,https://www.hktdc.com/event/homeinstyle/en/exhibitor/1S005HGYQ,4,https://www.hktdc.com/event/homeinstyle/en/product/1Z03NV0RR; https://www.hktdc.com/event/homeinstyle/en/product/1Z03NV0RR; https://www.hktdc.com/event/homeinstyle/en/product/1Z03NVM42; https://www.hktdc.com/event/homeinstyle/en/product/1Z03NVM42
"Taizhou Huangyan Fangheng Plastic Mould Co., Ltd.","Taizhou Huangyan Fangheng Plastic Mould Co., Ltd.",Chinese Mainland,"Kitchen Utensil,Fruit Basket,Home Storage & Organisation","Kitchen Utensil,Fruit Basket,Home Storage & Organisation",,Exhibitor,Hong Kong Home InStyle 2025,3E-D27,World of Fine Dining,,1,,,"Kitchen Utensil,Fruit Basket,Home Storage & Organisation; Plastic; OEM","Kitchen Utensil,Fruit Basket,Home Storage & Organisation; Plastic; OEM",https://www.hktdc.com/event/homeinstyle/en/exhibitor/1S005LF70,2,https://www.hktdc.com/event/homeinstyle/en/product/1Z03LZ3M3; https://www.hktdc.com/event/homeinstyle/en/product/1Z03LZ3M3
Tariq Glass Industries Limited,Tariq Glass Industries Limited,Pakistan,"Glass manufacturing organization of international standards and repute, offering innovative value-added products, tailored respectively to the customer's needs and satisfaction. Tariq Glass Industries Ltd. An ISO 9001:2015 certified leading Glass manufacturer in Pakistan since 1981, having capacity to produce 300 tons of glass tableware products per day using the most modern automatic, forming machines producing vast range of Glass Tableware, Stemware, Jugs, Water Sets, Ice Cream cups and Footed-Ware tumblers. Our Glass tableware's come under the brand names TOYO NASIC, OMROC, and NOVA. Keeping in mind the ongoing market trends and creative requirements, we have an innovative in-house facility for decoration, acid etching and fully automatic quality printing for up to six colors. Our full product offering can be viewed on our website www.tariqglass.com.","Glass manufacturing organization of international standards and repute, offering innovative value-added products, tailored respectively to the customer's needs and satisfaction. Tariq Glass Industries Ltd. An ISO 9001:2015 certified leading Glass manufacturer in Pakistan since 1981, having capacity to produce 300 tons of glass tableware products per day using the most modern automatic, forming machines producing vast range of Glass Tableware, Stemware, Jugs, Water Sets, Ice Cream cups and Footed-Ware tumblers. Our Glass tableware's come under the brand names TOYO NASIC, OMROC, and NOVA. Keeping in mind the ongoing market trends and creative requirements, we have an innovative in-house facility for decoration, acid etching and fully automatic quality printing for up to six colors. Our full product offering can be viewed on our website www.tariqglass.com.",,Exhibitor,Hong Kong Home InStyle 2025,3E-A19,World of Fine Dining,,1,,,"Wine Glass,Cup,Mug,Cup & Plate Set,Tableware,Bowl,Ice Bucket,Ashtray; GLASS TUMBLERS, ICE CREAM CUPS, JUGS, FOOTED TUMBLERS, GOBLETS, FLUTES, WATER SETS, BOWLS, FRUIT SETS, ICE BUCKET, ASH TRAYS; Others","Wine Glass,Cup,Mug,Cup & Plate Set,Tableware,Bowl,Ice Bucket,Ashtray; GLASS TUMBLERS, ICE CREAM CUPS, JUGS, FOOTED TUMBLERS, GOBLETS, FLUTES, WATER SETS, BOWLS, FRUIT SETS, ICE BUCKET, ASH TRAYS; Others",https://www.hktdc.com/event/homeinstyle/en/exhibitor/1S005HZ2V,2,https://www.hktdc.com/event/homeinstyle/en/product/1X21FQ8M; https://www.hktdc.com/event/homeinstyle/en/product/1X21FQ8M
"Wuxi JHT Homewares Co., Ltd","Wuxi JHT Homewares Co., Ltd",Chinese Mainland,"Cutlery Set,Wine Glass,Cup & Plate Set,Tabletop Accessories,Tableware,Mixing Bowl,Dish,Plate,Bowl,Tea Set","Cutlery Set,Wine Glass,Cup & Plate Set,Tabletop Accessories,Tableware,Mixing Bowl,Dish,Plate,Bowl,Tea Set",,Exhibitor,Hong Kong Home InStyle 2025,3E-A14,World of Fine Dining,,1,,,"Cutlery Set,Wine Glass,Cup & Plate Set,Tabletop Accessories,Tableware,Mixing Bowl,Dish,Plate,Bowl,Tea Set; As a reliable one-stop sourcing hub, JHT offers various homeware products including dinnerware, kitchenware, home decor and more. We ensure that our customers have access to unique and diverse products from around the world at competitive prices.; OEM, OBM, ODM","Cutlery Set,Wine Glass,Cup & Plate Set,Tabletop Accessories,Tableware,Mixing Bowl,Dish,Plate,Bowl,Tea Set; As a reliable one-stop sourcing hub, JHT offers various homeware products including dinnerware, kitchenware, home decor and more. We ensure that our customers have access to unique and diverse products from around the world at competitive prices.; OEM, OBM, ODM",https://www.hktdc.com/event/homeinstyle/en/exhibitor/1S005GFI3,26,https://www.hktdc.com/event/homeinstyle/en/product/1Z03NW1Y5; https://www.hktdc.com/event/homeinstyle/en/product/1Z03NW1Y5; https://www.hktdc.com/event/homeinstyle/en/product/1Z03NW1M5; https://www.hktdc.com/event/homeinstyle/en/product/1Z03NW1M5; https://www.hktdc.com/event/homeinstyle/en/product/1Z03NW1SN; https://www.hktdc.com/event/homeinstyle/en/product/1Z03NW1SN; https://www.hktdc.com/event/homeinstyle/en/product/1Z03NW1UH; https://www.hktdc.com/event/homeinstyle/en/product/1Z03NW1UH; https://www.hktdc.com/event/homeinstyle/en/product/1Z03NW1WB; https://www.hktdc.com/event/homeinstyle/en/product/1Z03NW1WB; https://www.hktdc.com/event/homeinstyle/en/product/1Z03NV5ID; https://www.hktdc.com/event/homeinstyle/en/product/1Z03NV5ID; https://www.hktdc.com/event/homeinstyle/en/product/1Z03NV5EP; https://www.hktdc.com/event/homeinstyle/en/product/1Z03NV5EP; https://www.hktdc.com/event/homeinstyle/en/product/1Z03NV53M; https://www.hktdc.com/event/homeinstyle/en/product/1Z03NV53M; https://www.hktdc.com/event/homeinstyle/en/product/1Z03MXL1C; https://www.hktdc.com/event/homeinstyle/en/product/1Z03MXL1C; https://www.hktdc.com/event/homeinstyle/en/product/1Z03MXKUY; https://www.hktdc.com/event/homeinstyle/en/product/1Z03MXKUY; https://www.hktdc.com/event/homeinstyle/en/product/1Z03MXKZJ; https://www.hktdc.com/event/homeinstyle/en/product/1Z03MXKZJ; https://www.hktdc.com/event/homeinstyle/en/product/1Z03MXKAM; https://www.hktdc.com/event/homeinstyle/en/product/1Z03MXKAM; https://www.hktdc.com/event/homeinstyle/en/product/1Z03MQCK0; https://www.hktdc.com/event/homeinstyle/en/product/1Z03MQCK0
"Xi'an Senmeng Cork Co., Ltd.","Xi'an Senmeng Cork Co., Ltd.",Chinese Mainland,"Clock,Bonsai,Flower Arrangement,Resin Crafts,Decorative Plate","Clock,Bonsai,Flower Arrangement,Resin Crafts,Decorative Plate",,Exhibitor,Hong Kong Home InStyle 2025,3E-A09,World of Fine Decor,,1,,,"Clock,Bonsai,Flower Arrangement,Resin Crafts,Decorative Plate; Cork Placemats, Cork Coasters, Yoga Cork, Cork Sheet, Cork Roll, Cork Granules, Cork Stopper, Cork Sticks, Cork Organizers, Cork Board, Cork And Glass, Cork Mats, Cork Wall Panels, Cork Fabric, Natural Cork Sole, Custom Cork.; ODM, OEM","Clock,Bonsai,Flower Arrangement,Resin Crafts,Decorative Plate; Cork Placemats, Cork Coasters, Yoga Cork, Cork Sheet, Cork Roll, Cork Granules, Cork Stopper, Cork Sticks, Cork Organizers, Cork Board, Cork And Glass, Cork Mats, Cork Wall Panels, Cork Fabric, Natural Cork Sole, Custom Cork.; ODM, OEM",https://www.hktdc.com/event/homeinstyle/en/exhibitor/1S005KVST,32,https://www.hktdc.com/event/homeinstyle/en/product/1Z03NZ7W5; https://www.hktdc.com/event/homeinstyle/en/product/1Z03NZ7W5; https://www.hktdc.com/event/homeinstyle/en/product/1Z03NXSNB; https://www.hktdc.com/event/homeinstyle/en/product/1Z03NXSNB; https://www.hktdc.com/event/homeinstyle/en/product/1Z03NZD0N; https://www.hktdc.com/event/homeinstyle/en/product/1Z03NZD0N; https://www.hktdc.com/event/homeinstyle/en/product/1Z03NZBLY; https://www.hktdc.com/event/homeinstyle/en/product/1Z03NZBLY; https://www.hktdc.com/event/homeinstyle/en/product/1Z03NZAW2; https://www.hktdc.com/event/homeinstyle/en/product/1Z03NZAW2; https://www.hktdc.com/event/homeinstyle/en/product/1Z03NXT9G; https://www.hktdc.com/event/homeinstyle/en/product/1Z03NXT9G; https://www.hktdc.com/event/homeinstyle/en/product/1Z03NXC66; https://www.hktdc.com/event/homeinstyle/en/product/1Z03NXC66; https://www.hktdc.com/event/homeinstyle/en/product/1Z03NZ7BW; https://www.hktdc.com/event/homeinstyle/en/product/1Z03NZ7BW; https://www.hktdc.com/event/homeinstyle/en/product/1Z03NZ93I; https://www.hktdc.com/event/homeinstyle/en/product/1Z03NZ93I; https://www.hktdc.com/event/homeinstyle/en/product/1Z03NXIT3; https://www.hktdc.com/event/homeinstyle/en/product/1Z03NXIT3; https://www.hktdc.com/event/homeinstyle/en/product/1Z03NZBFG; https://www.hktdc.com/event/homeinstyle/en/product/1Z03NZBFG; https://www.hktdc.com/event/homeinstyle/en/product/1Z03NXEEG; https://www.hktdc.com/event/homeinstyle/en/product/1Z03NXEEG; https://www.hktdc.com/event/homeinstyle/en/product/1Z03NZ8DP; https://www.hktdc.com/event/homeinstyle/en/product/1Z03NZ8DP; https://www.hktdc.com/event/homeinstyle/en/product/1Z03NXRSX; https://www.hktdc.com/event/homeinstyle/en/product/1Z03NXRSX; https://www.hktdc.com/event/homeinstyle/en/product/1Z03NZAMW; https://www.hktdc.com/event/homeinstyle/en/product/1Z03NZAMW; https://www.hktdc.com/event/homeinstyle/en/product/1Z03NZ693; https://www.hktdc.com/event/homeinstyle/en/product/1Z03NZ693
Xinhui Xinsheng Daily Crafts Factory,Xinhui Xinsheng Daily Crafts Factory,Chinese Mainland,"Kitchen Utensil,Storage Box,Storage Rack,Bathroom Rack,Garden Decoration,Garden Tool","Kitchen Utensil,Storage Box,Storage Rack,Bathroom Rack,Garden Decoration,Garden Tool",,Exhibitor,Hong Kong Home InStyle 2025,3D-D07,World of Fine Decor,Cantonese Business Go Global,1,,,"Kitchen Utensil,Storage Box,Storage Rack,Bathroom Rack,Garden Decoration,Garden Tool; HOUSEHOLD METAL RACKS (IRON STORAGE RACK/IRON KITCHEN RACK/IRON BATHROOM RACK/IRON GARDEN RACK/IRON DISPLAY RACK); OEM, ODM","Kitchen Utensil,Storage Box,Storage Rack,Bathroom Rack,Garden Decoration,Garden Tool; HOUSEHOLD METAL RACKS (IRON STORAGE RACK/IRON KITCHEN RACK/IRON BATHROOM RACK/IRON GARDEN RACK/IRON DISPLAY RACK); OEM, ODM",https://www.hktdc.com/event/homeinstyle/en/exhibitor/1S005GMTZ,40,https://www.hktdc.com/event/homeinstyle/en/product/1Z03NZQIS; https://www.hktdc.com/event/homeinstyle/en/product/1Z03NZQIS; https://www.hktdc.com/event/homeinstyle/en/product/1Z03NZICI; https://www.hktdc.com/event/homeinstyle/en/product/1Z03NZICI; https://www.hktdc.com/event/homeinstyle/en/product/1X22YKA2; https://www.hktdc.com/event/homeinstyle/en/product/1X22YKA2; https://www.hktdc.com/event/homeinstyle/en/product/1X22YJGZ; https://www.hktdc.com/event/homeinstyle/en/product/1X22YJGZ; https://www.hktdc.com/event/homeinstyle/en/product/1Z03LQ3ER; https://www.hktdc.com/event/homeinstyle/en/product/1Z03LQ3ER; https://www.hktdc.com/event/homeinstyle/en/product/1Z03LQ10Z; https://www.hktdc.com/event/homeinstyle/en/product/1Z03LQ10Z; https://www.hktdc.com/event/homeinstyle/en/product/1X22YKHV; https://www.hktdc.com/event/homeinstyle/en/product/1X22YKHV; https://www.hktdc.com/event/homeinstyle/en/product/1Z03LQ3DU; https://www.hktdc.com/event/homeinstyle/en/product/1Z03LQ3DU; https://www.hktdc.com/event/homeinstyle/en/product/1Z03LPXTO; https://www.hktdc.com/event/homeinstyle/en/product/1Z03LPXTO; https://www.hktdc.com/event/homeinstyle/en/product/1Z03NRF3C; https://www.hktdc.com/event/homeinstyle/en/product/1Z03NRF3C; https://www.hktdc.com/event/homeinstyle/en/product/1Z03NRET7; https://www.hktdc.com/event/homeinstyle/en/product/1Z03NRET7; https://www.hktdc.com/event/homeinstyle/en/product/1Z03NREAS; https://www.hktdc.com/event/homeinstyle/en/product/1Z03NREAS; https://www.hktdc.com/event/homeinstyle/en/product/1Z03LOHMP; https://www.hktdc.com/event/homeinstyle/en/product/1Z03LOHMP; https://www.hktdc.com/event/homeinstyle/en/product/1Z03NR7YZ; https://www.hktdc.com/event/homeinstyle/en/product/1Z03NR7YZ; https://www.hktdc.com/event/homeinstyle/en/product/1X22YLZA; https://www.hktdc.com/event/homeinstyle/en/product/1X22YLZA; https://www.hktdc.com/event/homeinstyle/en/product/1X22YM60; https://www.hktdc.com/event/homeinstyle/en/product/1X22YM60; https://www.hktdc.com/event/homeinstyle/en/product/1X22YKOO; https://www.hktdc.com/event/homeinstyle/en/product/1X22YKOO; https://www.hktdc.com/event/homeinstyle/en/product/1Z03LPXEX; https://www.hktdc.com/event/homeinstyle/en/product/1Z03LPXEX; https://www.hktdc.com/event/homeinstyle/en/product/1Z03LOBEJ; https://www.hktdc.com/event/homeinstyle/en/product/1Z03LOBEJ; https://www.hktdc.com/event/homeinstyle/en/product/1Z03LQ25J; https://www.hktdc.com/event/homeinstyle/en/product/1Z03LQ25J
"Yangjiang Chef Star Technology Co., Ltd.","Yangjiang Chef Star Technology Co., Ltd.",Chinese Mainland,"Baking Tool,Kitchen Knife,Cutting Board,Kitchen Utensil,Tableware","Baking Tool,Kitchen Knife,Cutting Board,Kitchen Utensil,Tableware",,Exhibitor,Hong Kong Home InStyle 2025,3E-A17,World of Fine Dining,Cantonese Business Go Global,1,,,"Baking Tool,Kitchen Knife,Cutting Board,Kitchen Utensil,Tableware; soup ladle ,slovel ,tool ,scissor,; OEM, OBM, ODM","Baking Tool,Kitchen Knife,Cutting Board,Kitchen Utensil,Tableware; soup ladle ,slovel ,tool ,scissor,; OEM, OBM, ODM",https://www.hktdc.com/event/homeinstyle/en/exhibitor/1S005IQAG,40,https://www.hktdc.com/event/homeinstyle/en/product/1Z03NXXB6; https://www.hktdc.com/event/homeinstyle/en/product/1Z03NXXB6; https://www.hktdc.com/event/homeinstyle/en/product/1Z03NXXLC; https://www.hktdc.com/event/homeinstyle/en/product/1Z03NXXLC; https://www.hktdc.com/event/homeinstyle/en/product/1Z03NY9RI; https://www.hktdc.com/event/homeinstyle/en/product/1Z03NY9RI; https://www.hktdc.com/event/homeinstyle/en/product/1Z03NYASE; https://www.hktdc.com/event/homeinstyle/en/product/1Z03NYASE; https://www.hktdc.com/event/homeinstyle/en/product/1Z03NYBAV; https://www.hktdc.com/event/homeinstyle/en/product/1Z03NYBAV; https://www.hktdc.com/event/homeinstyle/en/product/1Z03NY3PU; https://www.hktdc.com/event/homeinstyle/en/product/1Z03NY3PU; https://www.hktdc.com/event/homeinstyle/en/product/1Z03NYB2J; https://www.hktdc.com/event/homeinstyle/en/product/1Z03NYB2J; https://www.hktdc.com/event/homeinstyle/en/product/1Z03NY9ZU; https://www.hktdc.com/event/homeinstyle/en/product/1Z03NY9ZU; https://www.hktdc.com/event/homeinstyle/en/product/1Z03NY43N; https://www.hktdc.com/event/homeinstyle/en/product/1Z03NY43N; https://www.hktdc.com/event/homeinstyle/en/product/1Z03NYA5B; https://www.hktdc.com/event/homeinstyle/en/product/1Z03NYA5B; https://www.hktdc.com/event/homeinstyle/en/product/1Z03NXXIL; https://www.hktdc.com/event/homeinstyle/en/product/1Z03NXXIL; https://www.hktdc.com/event/homeinstyle/en/product/1Z03NY3VC; https://www.hktdc.com/event/homeinstyle/en/product/1Z03NY3VC; https://www.hktdc.com/event/homeinstyle/en/product/1Z03NYAV5; https://www.hktdc.com/event/homeinstyle/en/product/1Z03NYAV5; https://www.hktdc.com/event/homeinstyle/en/product/1Z03NYB5A; https://www.hktdc.com/event/homeinstyle/en/product/1Z03NYB5A; https://www.hktdc.com/event/homeinstyle/en/product/1Z03NYB81; https://www.hktdc.com/event/homeinstyle/en/product/1Z03NYB81; https://www.hktdc.com/event/homeinstyle/en/product/1Z03NX3SL; https://www.hktdc.com/event/homeinstyle/en/product/1Z03NX3SL; https://www.hktdc.com/event/homeinstyle/en/product/1Z03NXE2G; https://www.hktdc.com/event/homeinstyle/en/product/1Z03NXE2G; https://www.hktdc.com/event/homeinstyle/en/product/1Z03NXDV2; https://www.hktdc.com/event/homeinstyle/en/product/1Z03NXDV2; https://www.hktdc.com/event/homeinstyle/en/product/1Z03NX1KB; https://www.hktdc.com/event/homeinstyle/en/product/1Z03NX1KB; https://www.hktdc.com/event/homeinstyle/en/product/1Z03NX990; https://www.hktdc.com/event/homeinstyle/en/product/1Z03NX990
"Yangjiang Yangdong Shengkai Industry & Trade Co., Ltd.","Yangjiang Yangdong Shengkai Industry & Trade Co., Ltd.",Chinese Mainland,"Baking Mold,Baking Tool,Grill Pan,Bakeware,Kitchen Knife,Kitchen Utensil,Serving Utensil,Frying Pan","Baking Mold,Baking Tool,Grill Pan,Bakeware,Kitchen Knife,Kitchen Utensil,Serving Utensil,Frying Pan",,Exhibitor,Hong Kong Home InStyle 2025,3E-A16,World of Fine Dining,Cantonese Business Go Global,1,,,"Baking Mold,Baking Tool,Grill Pan,Bakeware,Kitchen Knife,Kitchen Utensil,Serving Utensil,Frying Pan; BBQ TOOLS SET
GRIDDLE ACCESSORIESTOOLS
GRILL BASKETS & PANS
BBQ SKEWERS
BBQ BRUSHES
BBQ ACCESSORIES; OEM, ODM, OBM","Baking Mold,Baking Tool,Grill Pan,Bakeware,Kitchen Knife,Kitchen Utensil,Serving Utensil,Frying Pan; BBQ TOOLS SET
GRIDDLE ACCESSORIESTOOLS
GRILL BASKETS & PANS
BBQ SKEWERS
BBQ BRUSHES
BBQ ACCESSORIES; OEM, ODM, OBM",https://www.hktdc.com/event/homeinstyle/en/exhibitor/1S005M5QP,20,https://www.hktdc.com/event/homeinstyle/en/product/1X0L63TY; https://www.hktdc.com/event/homeinstyle/en/product/1X0L63TY; https://www.hktdc.com/event/homeinstyle/en/product/1X0TWXHS; https://www.hktdc.com/event/homeinstyle/en/product/1X0TWXHS; https://www.hktdc.com/event/homeinstyle/en/product/1X0TWXGT; https://www.hktdc.com/event/homeinstyle/en/product/1X0TWXGT; https://www.hktdc.com/event/homeinstyle/en/product/1X0TWXFU; https://www.hktdc.com/event/homeinstyle/en/product/1X0TWXFU; https://www.hktdc.com/event/homeinstyle/en/product/1X0L63UX; https://www.hktdc.com/event/homeinstyle/en/product/1X0L63UX; https://www.hktdc.com/event/homeinstyle/en/product/1X0L63SZ; https://www.hktdc.com/event/homeinstyle/en/product/1X0L63SZ; https://www.hktdc.com/event/homeinstyle/en/product/1X0CTBU9; https://www.hktdc.com/event/homeinstyle/en/product/1X0CTBU9; https://www.hktdc.com/event/homeinstyle/en/product/1X0CTBTA; https://www.hktdc.com/event/homeinstyle/en/product/1X0CTBTA; https://www.hktdc.com/event/homeinstyle/en/product/1X06RBGN; https://www.hktdc.com/event/homeinstyle/en/product/1X06RBGN; https://www.hktdc.com/event/homeinstyle/en/product/1X0CTBV8; https://www.hktdc.com/event/homeinstyle/en/product/1X0CTBV8
"Yangjiang Yihui Industry and Trade Co., Ltd.","Yangjiang Yihui Industry and Trade Co., Ltd.",Chinese Mainland,Hardware product manufacturing; Metal tool manufacturing; Plastic product manufacturing; Daily wooden product manufacturing;,Hardware product manufacturing; Metal tool manufacturing; Plastic product manufacturing; Daily wooden product manufacturing;,,Exhibitor,Hong Kong Home InStyle 2025,3E-F05,World of Fine Dining,Cantonese Business Go Global,1,,,"Grill Pan,Bakeware,Kitchen Knife,Fork,Table Knife,Kitchen Utensil,Coaster,Barware Set,Frying Pan; Hardware product manufacturing; Metal tool manufacturing; Plastic product manufacturing; Daily wooden product manufacturing;; ODM, Others, OEM, OBM","Grill Pan,Bakeware,Kitchen Knife,Fork,Table Knife,Kitchen Utensil,Coaster,Barware Set,Frying Pan; Hardware product manufacturing; Metal tool manufacturing; Plastic product manufacturing; Daily wooden product manufacturing;; ODM, Others, OEM, OBM",https://www.hktdc.com/event/homeinstyle/en/exhibitor/1S005LK7V,16,https://www.hktdc.com/event/homeinstyle/en/product/1Z03O0IZL; https://www.hktdc.com/event/homeinstyle/en/product/1Z03O0IZL; https://www.hktdc.com/event/homeinstyle/en/product/1Z03O0JT2; https://www.hktdc.com/event/homeinstyle/en/product/1Z03O0JT2; https://www.hktdc.com/event/homeinstyle/en/product/1Z03O0JIZ; https://www.hktdc.com/event/homeinstyle/en/product/1Z03O0JIZ; https://www.hktdc.com/event/homeinstyle/en/product/1Z03O0LCF; https://www.hktdc.com/event/homeinstyle/en/product/1Z03O0LCF; https://www.hktdc.com/event/homeinstyle/en/product/1Z03O0J7W; https://www.hktdc.com/event/homeinstyle/en/product/1Z03O0J7W; https://www.hktdc.com/event/homeinstyle/en/product/1Z03O0IKU; https://www.hktdc.com/event/homeinstyle/en/product/1Z03O0IKU; https://www.hktdc.com/event/homeinstyle/en/product/1Z03O0LWR; https://www.hktdc.com/event/homeinstyle/en/product/1Z03O0LWR; https://www.hktdc.com/event/homeinstyle/en/product/1Z03O0KG4; https://www.hktdc.com/event/homeinstyle/en/product/1Z03O0KG4
"Yongkang Funansheng Industry & Trade Co., Ltd.","Yongkang Funansheng Industry & Trade Co., Ltd.",Chinese Mainland,Coffee Grinder,Coffee Grinder,,Exhibitor,Hong Kong Home InStyle 2025,3E-A06,World of Fine Dining,,1,,,"Coffee Grinder; Coffee grinders; ODM, OEM","Coffee Grinder; Coffee grinders; ODM, OEM",https://www.hktdc.com/event/homeinstyle/en/exhibitor/1S005LBJ4,16,https://www.hktdc.com/event/homeinstyle/en/product/1Z03K4R5U; https://www.hktdc.com/event/homeinstyle/en/product/1Z03K4R5U; https://www.hktdc.com/event/homeinstyle/en/product/1X22PBKJ; https://www.hktdc.com/event/homeinstyle/en/product/1X22PBKJ; https://www.hktdc.com/event/homeinstyle/en/product/1X22PBJK; https://www.hktdc.com/event/homeinstyle/en/product/1X22PBJK; https://www.hktdc.com/event/homeinstyle/en/product/1X22PBHM; https://www.hktdc.com/event/homeinstyle/en/product/1X22PBHM; https://www.hktdc.com/event/homeinstyle/en/product/1X22PBCR; https://www.hktdc.com/event/homeinstyle/en/product/1X22PBCR; https://www.hktdc.com/event/homeinstyle/en/product/1X22PBBS; https://www.hktdc.com/event/homeinstyle/en/product/1X22PBBS; https://www.hktdc.com/event/homeinstyle/en/product/1X1VL6SQ; https://www.hktdc.com/event/homeinstyle/en/product/1X1VL6SQ; https://www.hktdc.com/event/homeinstyle/en/product/1X1VL6QS; https://www.hktdc.com/event/homeinstyle/en/product/1X1VL6QS
"Yuanzi WanMing (Shanghai) Houseware Co., Ltd","Yuanzi WanMing (Shanghai) Houseware Co., Ltd",Chinese Mainland,"Baking Mold,Baking Tool,Kitchen Utensil,Cup","Baking Mold,Baking Tool,Kitchen Utensil,Cup",,Exhibitor,Hong Kong Home InStyle 2025,3E-C12,World of Fine Dining,,1,,,"Baking Mold,Baking Tool,Kitchen Utensil,Cup; Tumbler; ODM","Baking Mold,Baking Tool,Kitchen Utensil,Cup; Tumbler; ODM",https://www.hktdc.com/event/homeinstyle/en/exhibitor/1S005JCJ3,4,https://www.hktdc.com/event/homeinstyle/en/product/1Z03NTUAC; https://www.hktdc.com/event/homeinstyle/en/product/1Z03NTUAC; https://www.hktdc.com/event/homeinstyle/en/product/1Z03NT792; https://www.hktdc.com/event/homeinstyle/en/product/1Z03NT792
"Zhangzhou Evermore New Material Technology Co., Ltd","Zhangzhou Evermore New Material Technology Co., Ltd",Chinese Mainland,Silicone cooking ware and dining ware. Silicone pets products and other silicone products,Silicone cooking ware and dining ware. Silicone pets products and other silicone products,,Exhibitor,Hong Kong Home InStyle 2025,3D-D14,World of Fine Decor,,1,,,"Tableware,Food Container; Silicone cooking ware and dining ware. Silicone pets products and other silicone products; OEM, OBM, ODM, Others","Tableware,Food Container; Silicone cooking ware and dining ware. Silicone pets products and other silicone products; OEM, OBM, ODM, Others",https://www.hktdc.com/event/homeinstyle/en/exhibitor/1S005KCXX,18,https://www.hktdc.com/event/homeinstyle/en/product/1Z03NU0HL; https://www.hktdc.com/event/homeinstyle/en/product/1Z03NU0HL; https://www.hktdc.com/event/homeinstyle/en/product/1Z03NU0FR; https://www.hktdc.com/event/homeinstyle/en/product/1Z03NU0FR; https://www.hktdc.com/event/homeinstyle/en/product/1Z03NU08C; https://www.hktdc.com/event/homeinstyle/en/product/1Z03NU08C; https://www.hktdc.com/event/homeinstyle/en/product/1Z03NU01X; https://www.hktdc.com/event/homeinstyle/en/product/1Z03NU01X; https://www.hktdc.com/event/homeinstyle/en/product/1Z03NTZWD; https://www.hktdc.com/event/homeinstyle/en/product/1Z03NTZWD; https://www.hktdc.com/event/homeinstyle/en/product/1Z03NTZIJ; https://www.hktdc.com/event/homeinstyle/en/product/1Z03NTZIJ; https://www.hktdc.com/event/homeinstyle/en/product/1Z03NTZEV; https://www.hktdc.com/event/homeinstyle/en/product/1Z03NTZEV; https://www.hktdc.com/event/homeinstyle/en/product/1Z03NTZ4P; https://www.hktdc.com/event/homeinstyle/en/product/1Z03NTZ4P; https://www.hktdc.com/event/homeinstyle/en/product/1Z03NTZB4; https://www.hktdc.com/event/homeinstyle/en/product/1Z03NTZB4
Zhejiang Lianxin Household Co Ltd,Zhejiang Lianxin Household Co Ltd,Chinese Mainland,Kitchen Utensil,Kitchen Utensil,,Exhibitor,Hong Kong Home InStyle 2025,3E-F11,World of Fine Dining,,1,,,"Kitchen Utensil; HOUSEHOLD; OEM, ODM","Kitchen Utensil; HOUSEHOLD; OEM, ODM",https://www.hktdc.com/event/homeinstyle/en/exhibitor/1S005LC2I,10,https://www.hktdc.com/event/homeinstyle/en/product/1Z03NZ4W8; https://www.hktdc.com/event/homeinstyle/en/product/1Z03NZ4W8; https://www.hktdc.com/event/homeinstyle/en/product/1Z03NZB3G; https://www.hktdc.com/event/homeinstyle/en/product/1Z03NZB3G; https://www.hktdc.com/event/homeinstyle/en/product/1Z03NZH7Y; https://www.hktdc.com/event/homeinstyle/en/product/1Z03NZH7Y; https://www.hktdc.com/event/homeinstyle/en/product/1Z03NZBV4; https://www.hktdc.com/event/homeinstyle/en/product/1Z03NZBV4; https://www.hktdc.com/event/homeinstyle/en/product/1Z03NZBTA; https://www.hktdc.com/event/homeinstyle/en/product/1Z03NZBTA
Camry Industries (H.K.) Limited,Camry Industries (H.K.) Limited,Hong Kong,"With more than 27 years of manufacturing experience, Camry Industries (Hong Kong) Limited has established itself as one of the most reputable manufacturers and exporters of Bathroom Scale, Kitchen Scale, Body Fat Scale, Bluetooth scale, Measuring Cup Scale, Cutting Board Scale, Pocket Scale, Luggage Scale, Baby Scale, Pet Feeding Bowl Scale, Body height meter, Hand Dynamometer and Health Care Products. Armed with a strong workforce and the most advances machinery, we can cater to different volumes of orders. We welcome orders of all sizes. Experienced customer support staff in Hong Kong are ready to serve you. Contact us today.","With more than 27 years of manufacturing experience, Camry Industries (Hong Kong) Limited has established itself as one of the most reputable manufacturers and exporters of Bathroom Scale, Kitchen Scale, Body Fat Scale, Bluetooth scale, Measuring Cup Scale, Cutting Board Scale, Pocket Scale, Luggage Scale, Baby Scale, Pet Feeding Bowl Scale, Body height meter, Hand Dynamometer and Health Care Products. Armed with a strong workforce and the most advances machinery, we can cater to different volumes of orders. We welcome orders of all sizes. Experienced customer support staff in Hong Kong are ready to serve you. Contact us today.",,Exhibitor,Hong Kong Home InStyle 2025,5E-C12,Health & Wellness,,1,,,"Fitness Product,Measuring Cup,Healthcare Product,Kitchen Scale,Bathroom Scale,Consumer Electronics,Pet Bowl & Feeder; Electronic/Mechanical Bathroom Scale, Electronic/Mechanical Kitchen Scale, Body Fat Scale, Bluetooth scale, Measuring Cup Scale, Cutting Board Scale, Pocket Scale, Luggage Scale, Baby Scale, Pet Feeding Bowl Scale, Body Height Meter, Hand Dynamometer; OEM","Fitness Product,Measuring Cup,Healthcare Product,Kitchen Scale,Bathroom Scale,Consumer Electronics,Pet Bowl & Feeder; Electronic/Mechanical Bathroom Scale, Electronic/Mechanical Kitchen Scale, Body Fat Scale, Bluetooth scale, Measuring Cup Scale, Cutting Board Scale, Pocket Scale, Luggage Scale, Baby Scale, Pet Feeding Bowl Scale, Body Height Meter, Hand Dynamometer; OEM",https://www.hktdc.com/event/homeinstyle/en/exhibitor/1S005HS22,40,https://www.hktdc.com/event/homeinstyle/en/product/1Z03G5976; https://www.hktdc.com/event/homeinstyle/en/product/1Z03G5976; https://www.hktdc.com/event/homeinstyle/en/product/1X2428VH; https://www.hktdc.com/event/homeinstyle/en/product/1X2428VH; https://www.hktdc.com/event/homeinstyle/en/product/1X23QWIU; https://www.hktdc.com/event/homeinstyle/en/product/1X23QWIU; https://www.hktdc.com/event/homeinstyle/en/product/1X23QWGW; https://www.hktdc.com/event/homeinstyle/en/product/1X23QWGW; https://www.hktdc.com/event/homeinstyle/en/product/1X23QWEY; https://www.hktdc.com/event/homeinstyle/en/product/1X23QWEY; https://www.hktdc.com/event/homeinstyle/en/product/1X23QWB1; https://www.hktdc.com/event/homeinstyle/en/product/1X23QWB1; https://www.hktdc.com/event/homeinstyle/en/product/1X23QWA2; https://www.hktdc.com/event/homeinstyle/en/product/1X23QWA2; https://www.hktdc.com/event/homeinstyle/en/product/1X23QW75; https://www.hktdc.com/event/homeinstyle/en/product/1X23QW75; https://www.hktdc.com/event/homeinstyle/en/product/1X23QW48; https://www.hktdc.com/event/homeinstyle/en/product/1X23QW48; https://www.hktdc.com/event/homeinstyle/en/product/1X23QW1B; https://www.hktdc.com/event/homeinstyle/en/product/1X23QW1B; https://www.hktdc.com/event/homeinstyle/en/product/1X23QVWJ; https://www.hktdc.com/event/homeinstyle/en/product/1X23QVWJ; https://www.hktdc.com/event/homeinstyle/en/product/1X23QVRO; https://www.hktdc.com/event/homeinstyle/en/product/1X23QVRO; https://www.hktdc.com/event/homeinstyle/en/product/1X23QVNS; https://www.hktdc.com/event/homeinstyle/en/product/1X23QVNS; https://www.hktdc.com/event/homeinstyle/en/product/1X23QUA8; https://www.hktdc.com/event/homeinstyle/en/product/1X23QUA8; https://www.hktdc.com/event/homeinstyle/en/product/1X23O06U; https://www.hktdc.com/event/homeinstyle/en/product/1X23O06U; https://www.hktdc.com/event/homeinstyle/en/product/1X1ZBA42; https://www.hktdc.com/event/homeinstyle/en/product/1X1ZBA42; https://www.hktdc.com/event/homeinstyle/en/product/1X1ZBA33; https://www.hktdc.com/event/homeinstyle/en/product/1X1ZBA33; https://www.hktdc.com/event/homeinstyle/en/product/1X1XCVLU; https://www.hktdc.com/event/homeinstyle/en/product/1X1XCVLU; https://www.hktdc.com/event/homeinstyle/en/product/1X1XCVKV; https://www.hktdc.com/event/homeinstyle/en/product/1X1XCVKV; https://www.hktdc.com/event/homeinstyle/en/product/1X278KNP; https://www.hktdc.com/event/homeinstyle/en/product/1X278KNP
"Canton Refined Gifts Manufacture Co., Limited","Canton Refined Gifts Manufacture Co., Limited",Hong Kong,Shopping Bag,Shopping Bag,,Exhibitor,Hong Kong Home InStyle 2025,5E-D11,Homepedia,,1,,,"Shopping Bag; Foldable shopping bag; Shopping bag; Foldable backpack; Lunch bag; Toiletry bag; Makeup bag; Backpack; Drawstring bag; Holdall; Tote; ODM, OEM","Shopping Bag; Foldable shopping bag; Shopping bag; Foldable backpack; Lunch bag; Toiletry bag; Makeup bag; Backpack; Drawstring bag; Holdall; Tote; ODM, OEM",https://www.hktdc.com/event/homeinstyle/en/exhibitor/1S005JUWI,16,https://www.hktdc.com/event/homeinstyle/en/product/1X1PFZV8; https://www.hktdc.com/event/homeinstyle/en/product/1X1PFZV8; https://www.hktdc.com/event/homeinstyle/en/product/1X1PG000; https://www.hktdc.com/event/homeinstyle/en/product/1X1PG000; https://www.hktdc.com/event/homeinstyle/en/product/1X1RIK75; https://www.hktdc.com/event/homeinstyle/en/product/1X1RIK75; https://www.hktdc.com/event/homeinstyle/en/product/1X1PFUOU; https://www.hktdc.com/event/homeinstyle/en/product/1X1PFUOU; https://www.hktdc.com/event/homeinstyle/en/product/1X1PFZQD; https://www.hktdc.com/event/homeinstyle/en/product/1X1PFZQD; https://www.hktdc.com/event/homeinstyle/en/product/1X1PG0KG; https://www.hktdc.com/event/homeinstyle/en/product/1X1PG0KG; https://www.hktdc.com/event/homeinstyle/en/product/1X1RIK93; https://www.hktdc.com/event/homeinstyle/en/product/1X1RIK93; https://www.hktdc.com/event/homeinstyle/en/product/1X1RIKB1; https://www.hktdc.com/event/homeinstyle/en/product/1X1RIKB1
Cast World Enamel Manufacturing Company,Cast World Enamel Manufacturing Company,Hong Kong,"We have been engaging in the design, manufacturing, and export of cast iron cookware for over 12 years with our factory in Hebei China. OEM project is welcome.","We have been engaging in the design, manufacturing, and export of cast iron cookware for over 12 years with our factory in Hebei China. OEM project is welcome.",,Exhibitor,Hong Kong Home InStyle 2025,3E-D07,World of Fine Dining,,1,,,"Cookware; Cast Iron Cookware; OEM, ODM","Cookware; Cast Iron Cookware; OEM, ODM",https://www.hktdc.com/event/homeinstyle/en/exhibitor/1S005FSSW,40,https://www.hktdc.com/event/homeinstyle/en/product/1Z03NZ9YX; https://www.hktdc.com/event/homeinstyle/en/product/1Z03NZ9YX; https://www.hktdc.com/event/homeinstyle/en/product/1Z03NXM28; https://www.hktdc.com/event/homeinstyle/en/product/1Z03NXM28; https://www.hktdc.com/event/homeinstyle/en/product/1Z03NZ9W3; https://www.hktdc.com/event/homeinstyle/en/product/1Z03NZ9W3; https://www.hktdc.com/event/homeinstyle/en/product/1Z03NZA2K; https://www.hktdc.com/event/homeinstyle/en/product/1Z03NZA2K; https://www.hktdc.com/event/homeinstyle/en/product/1Z03NXM8Q; https://www.hktdc.com/event/homeinstyle/en/product/1Z03NXM8Q; https://www.hktdc.com/event/homeinstyle/en/product/1Z03NXLT0; https://www.hktdc.com/event/homeinstyle/en/product/1Z03NXLT0; https://www.hktdc.com/event/homeinstyle/en/product/1Z03NY4QQ; https://www.hktdc.com/event/homeinstyle/en/product/1Z03NY4QQ; https://www.hktdc.com/event/homeinstyle/en/product/1Z03NY6RL; https://www.hktdc.com/event/homeinstyle/en/product/1Z03NY6RL; https://www.hktdc.com/event/homeinstyle/en/product/1Z03NXL6X; https://www.hktdc.com/event/homeinstyle/en/product/1Z03NXL6X; https://www.hktdc.com/event/homeinstyle/en/product/1Z03NY5JA; https://www.hktdc.com/event/homeinstyle/en/product/1Z03NY5JA; https://www.hktdc.com/event/homeinstyle/en/product/1Z03NXY6K; https://www.hktdc.com/event/homeinstyle/en/product/1Z03NXY6K; https://www.hktdc.com/event/homeinstyle/en/product/1Z03NY5NY; https://www.hktdc.com/event/homeinstyle/en/product/1Z03NY5NY; https://www.hktdc.com/event/homeinstyle/en/product/1Z03NY5A1; https://www.hktdc.com/event/homeinstyle/en/product/1Z03NY5A1; https://www.hktdc.com/event/homeinstyle/en/product/1Z03NY54J; https://www.hktdc.com/event/homeinstyle/en/product/1Z03NY54J; https://www.hktdc.com/event/homeinstyle/en/product/1Z03NXKF7; https://www.hktdc.com/event/homeinstyle/en/product/1Z03NXKF7; https://www.hktdc.com/event/homeinstyle/en/product/1Z03NXM6W; https://www.hktdc.com/event/homeinstyle/en/product/1Z03NXM6W; https://www.hktdc.com/event/homeinstyle/en/product/1Z03NY66C; https://www.hktdc.com/event/homeinstyle/en/product/1Z03NY66C; https://www.hktdc.com/event/homeinstyle/en/product/1Z03NY488; https://www.hktdc.com/event/homeinstyle/en/product/1Z03NY488; https://www.hktdc.com/event/homeinstyle/en/product/1Z03NXLG3; https://www.hktdc.com/event/homeinstyle/en/product/1Z03NXLG3; https://www.hktdc.com/event/homeinstyle/en/product/1Z03NXLWR; https://www.hktdc.com/event/homeinstyle/en/product/1Z03NXLWR
TMC Pet Products Co Ltd,TMC Pet Products Co Ltd,Hong Kong,"Pet Food,Pet Collar,Pet Toy","Pet Food,Pet Collar,Pet Toy",,Exhibitor,Hong Kong Home InStyle 2025,5E-A09,Pet Supplies,,1,,,"Pet Food,Pet Collar,Pet Toy; Company's business scope mainly focus on the pet related products including pet trearts, leash, harness and some inovative pet toys.; OEM","Pet Food,Pet Collar,Pet Toy; Company's business scope mainly focus on the pet related products including pet trearts, leash, harness and some inovative pet toys.; OEM",https://www.hktdc.com/event/homeinstyle/en/exhibitor/1S005K41T,0,
XLMS Limited,XLMS Limited,Hong Kong,"XLMS is an award-winning design and construction firm. They specialise in architecture, interior design, construction and joinery. Their innovative solutions cater to Luxury Residential, Immersive Retail and New Workplaces combining commercial and local understanding.","XLMS is an award-winning design and construction firm. They specialise in architecture, interior design, construction and joinery. Their innovative solutions cater to Luxury Residential, Immersive Retail and New Workplaces combining commercial and local understanding.",,Exhibitor,Hong Kong Home InStyle 2025,5E-C13,Trade Services,,1,,,Design Services & Brand Strategy; Residential Interior design and renovation construction services; Others,Design Services & Brand Strategy; Residential Interior design and renovation construction services; Others,https://www.hktdc.com/event/homeinstyle/en/exhibitor/1S005HS5T,0,
"Fujian Dehua Jiashunyi Arts And Crafts Co., Ltd.","Fujian Dehua Jiashunyi Arts And Crafts Co., Ltd.",Chinese Mainland,"Tabletop Accessories,Tableware,Bonsai,Flower Arrangement,Resin Crafts,Ceramic Crafts,Christmas Supply,Easter Supply,Halloween Supply","Tabletop Accessories,Tableware,Bonsai,Flower Arrangement,Resin Crafts,Ceramic Crafts,Christmas Supply,Easter Supply,Halloween Supply",,Exhibitor,Hong Kong Home InStyle 2025,3E-B01,World of Fine Dining,,1,,,"Tabletop Accessories,Tableware,Bonsai,Flower Arrangement,Resin Crafts,Ceramic Crafts,Christmas Supply,Easter Supply,Halloween Supply; Ceramic and cement crafts, flowerpot; OEM, ODM, OBM","Tabletop Accessories,Tableware,Bonsai,Flower Arrangement,Resin Crafts,Ceramic Crafts,Christmas Supply,Easter Supply,Halloween Supply; Ceramic and cement crafts, flowerpot; OEM, ODM, OBM",https://www.hktdc.com/event/homeinstyle/en/exhibitor/1S005L1GN,4,https://www.hktdc.com/event/homeinstyle/en/product/1X23UYWA; https://www.hktdc.com/event/homeinstyle/en/product/1X23UYWA; https://www.hktdc.com/event/homeinstyle/en/product/1X23UYVB; https://www.hktdc.com/event/homeinstyle/en/product/1X23UYVB
"Fujian Dehua Red Every Day Crafts Co., Ltd.","Fujian Dehua Red Every Day Crafts Co., Ltd.",Chinese Mainland,"Ceramic Crafts,Decorative Bowl,Decorative Plate,Christmas Supply,Easter Supply","Ceramic Crafts,Decorative Bowl,Decorative Plate,Christmas Supply,Easter Supply",,Exhibitor,Hong Kong Home InStyle 2025,3D-E01,World of Fine Decor,,1,,,"Ceramic Crafts,Decorative Bowl,Decorative Plate,Christmas Supply,Easter Supply; Ceramic craft gift; OEM, ODM, OBM","Ceramic Crafts,Decorative Bowl,Decorative Plate,Christmas Supply,Easter Supply; Ceramic craft gift; OEM, ODM, OBM",https://www.hktdc.com/event/homeinstyle/en/exhibitor/1S005L0JF,0,
"Fujian Dehua Wenrui Ceramics Co., Ltd","Fujian Dehua Wenrui Ceramics Co., Ltd",Chinese Mainland,"Wine Glass,Cup,Tea Set","Wine Glass,Cup,Tea Set",,Exhibitor,Hong Kong Home InStyle 2025,3E-C23,World of Fine Dining,,1,,,"Wine Glass,Cup,Tea Set; Resin, cement, glass, daily-use and craft ceramics; OEM, ODM, OBM","Wine Glass,Cup,Tea Set; Resin, cement, glass, daily-use and craft ceramics; OEM, ODM, OBM",https://www.hktdc.com/event/homeinstyle/en/exhibitor/1S005KD1K,0,
Guangdong Jiadianmei Daily-Use Commodity Co Ltd,Guangdong Jiadianmei Daily-Use Commodity Co Ltd,Chinese Mainland,"GUANGDONG JIADIANMEI DAILY-USE COMMODITY CO.,LTD. 0086-15107686724 2ND LANE LONGBIGOU(OPPOSITE OF KANGLE GARDEN) YANGDONG INDUSTRIAL AREA DONGFENG TOWN CHAOAN GUANGDONG CHINA","GUANGDONG JIADIANMEI DAILY-USE COMMODITY CO.,LTD. 0086-15107686724 2ND LANE LONGBIGOU(OPPOSITE OF KANGLE GARDEN) YANGDONG INDUSTRIAL AREA DONGFENG TOWN CHAOAN GUANGDONG CHINA",,Exhibitor,Hong Kong Home InStyle 2025,3E-B24,World of Fine Dining,Cantonese Business Go Global,1,,,"Cutlery Set,Tableware,Food Container; TABLEWARE; ODM, OEM","Cutlery Set,Tableware,Food Container; TABLEWARE; ODM, OEM",https://www.hktdc.com/event/homeinstyle/en/exhibitor/1S005KD8Z,2,https://www.hktdc.com/event/homeinstyle/en/product/1Z03K2R8L; https://www.hktdc.com/event/homeinstyle/en/product/1Z03K2R8L
"Guangzhou Tander Import and Export Co., Ltd.","Guangzhou Tander Import and Export Co., Ltd.",Chinese Mainland,"Cutlery Set,Spoon,Table Knife","Cutlery Set,Spoon,Table Knife",,Exhibitor,Hong Kong Home InStyle 2025,3E-E01,World of Fine Dining,Cantonese Business Go Global,1,,,"Cutlery Set,Spoon,Table Knife; Tableware; ODM, OEM","Cutlery Set,Spoon,Table Knife; Tableware; ODM, OEM",https://www.hktdc.com/event/homeinstyle/en/exhibitor/1S005KCBR,0,
"Hangzhou Yingmaode Housewares Co., Ltd.","Hangzhou Yingmaode Housewares Co., Ltd.",Chinese Mainland,"Thermal Mug,Coffee Pot","Thermal Mug,Coffee Pot",,Exhibitor,Hong Kong Home InStyle 2025,3D-E24,World of Fine Dining,,1,,,"Thermal Mug,Coffee Pot; Grinder, Pepper Grinder, Coffee Grinder; ODM, OEM","Thermal Mug,Coffee Pot; Grinder, Pepper Grinder, Coffee Grinder; ODM, OEM",https://www.hktdc.com/event/homeinstyle/en/exhibitor/1S005LBNS,2,https://www.hktdc.com/event/homeinstyle/en/product/1X2348DZ; https://www.hktdc.com/event/homeinstyle/en/product/1X2348DZ
"Lus treasure Houseware Co., Ltd.","Lus treasure Houseware Co., Ltd.",Chinese Mainland,Mug,Mug,,Exhibitor,Hong Kong Home InStyle 2025,3E-F19,World of Fine Dining,,1,,,Mug; Cup; Others,Mug; Cup; Others,https://www.hktdc.com/event/homeinstyle/en/exhibitor/1S005GBSD,0,
"Ningbo Realgood International Trade Co., Ltd","Ningbo Realgood International Trade Co., Ltd",Chinese Mainland,"Baking Mold,Bakeware,Cutlery Set,Cutting Board,Cup & Plate Set,Bowl,Can Opener","Baking Mold,Bakeware,Cutlery Set,Cutting Board,Cup & Plate Set,Bowl,Can Opener",,Exhibitor,Hong Kong Home InStyle 2025,3E-B23,World of Fine Dining,,1,,,"Baking Mold,Bakeware,Cutlery Set,Cutting Board,Cup & Plate Set,Bowl,Can Opener; Kitchenware, Food Container, Food Boxes; OEM","Baking Mold,Bakeware,Cutlery Set,Cutting Board,Cup & Plate Set,Bowl,Can Opener; Kitchenware, Food Container, Food Boxes; OEM",https://www.hktdc.com/event/homeinstyle/en/exhibitor/1S005H3A3,2,https://www.hktdc.com/event/homeinstyle/en/product/1X1ZRLEV; https://www.hktdc.com/event/homeinstyle/en/product/1X1ZRLEV
"Ningbo Starise Imp. & Exp. Co., Ltd.","Ningbo Starise Imp. & Exp. Co., Ltd.",Chinese Mainland,"Kitchen Utensil,Mug","Kitchen Utensil,Mug",,Exhibitor,Hong Kong Home InStyle 2025,3E-F01,World of Fine Dining,,1,,,"Kitchen Utensil,Mug; Kitchenware; Others","Kitchen Utensil,Mug; Kitchenware; Others",https://www.hktdc.com/event/homeinstyle/en/exhibitor/1S005GBRG,0,
"Shandong Bosai Household Glassware Co., Ltd.","Shandong Bosai Household Glassware Co., Ltd.",Chinese Mainland,Ashtray,Ashtray,,Exhibitor,Hong Kong Home InStyle 2025,3E-B20,World of Fine Dining,,1,,,"Ashtray; Ashtray; OEM, ODM","Ashtray; Ashtray; OEM, ODM",https://www.hktdc.com/event/homeinstyle/en/exhibitor/1S005LBI7,0,
"Taizhou Huangyan Zhibo Plastic Co., Ltd","Taizhou Huangyan Zhibo Plastic Co., Ltd",Chinese Mainland,"Thermal Mug,Vacuum Flask,Kitchen Utensil,Cup,Mug","Thermal Mug,Vacuum Flask,Kitchen Utensil,Cup,Mug",,Exhibitor,Hong Kong Home InStyle 2025,3E-D19,World of Fine Dining,,1,,,"Thermal Mug,Vacuum Flask,Kitchen Utensil,Cup,Mug; Plastic; OEM","Thermal Mug,Vacuum Flask,Kitchen Utensil,Cup,Mug; Plastic; OEM",https://www.hktdc.com/event/homeinstyle/en/exhibitor/1S005KYM8,0,
"Taizhou Xin Hua Lian Plastic Co., Ltd.","Taizhou Xin Hua Lian Plastic Co., Ltd.",Chinese Mainland,"Kitchen Utensil,Tableware,Home Storage & Organisation","Kitchen Utensil,Tableware,Home Storage & Organisation",,Exhibitor,Hong Kong Home InStyle 2025,3E-D23,World of Fine Dining,,1,,,"Kitchen Utensil,Tableware,Home Storage & Organisation; Kitchenware; OEM, ODM","Kitchen Utensil,Tableware,Home Storage & Organisation; Kitchenware; OEM, ODM",https://www.hktdc.com/event/homeinstyle/en/exhibitor/1S005KC1L,0,
"Tricolor Co., Limited","Tricolor Co., Limited",Chinese Mainland,"Candlestick Holder,Metal Craft,Plastic Crafts,Resin Crafts,Ceramic Crafts,Wood Crafts,Picture Frame,Christmas Supply,Easter Supply,Halloween Supply","Candlestick Holder,Metal Craft,Plastic Crafts,Resin Crafts,Ceramic Crafts,Wood Crafts,Picture Frame,Christmas Supply,Easter Supply,Halloween Supply",,Exhibitor,Hong Kong Home InStyle 2025,3D-D19,World of Fine Decor,,1,,,"Candlestick Holder,Metal Craft,Plastic Crafts,Resin Crafts,Ceramic Crafts,Wood Crafts,Picture Frame,Christmas Supply,Easter Supply,Halloween Supply; Christmas, Harvest, and Halloween Festival Gifts; OBM, OEM, ODM","Candlestick Holder,Metal Craft,Plastic Crafts,Resin Crafts,Ceramic Crafts,Wood Crafts,Picture Frame,Christmas Supply,Easter Supply,Halloween Supply; Christmas, Harvest, and Halloween Festival Gifts; OBM, OEM, ODM",https://www.hktdc.com/event/homeinstyle/en/exhibitor/1S005LYTN,0,
"Yangjiang Silver Star Trading Co., Ltd.","Yangjiang Silver Star Trading Co., Ltd.",Chinese Mainland,"Yangjiang Silver Star Co., Ltd., a private enterprise, has been specializing in the professional manufacturing of BBQ accessories since 2002. Additionally, it exports kitchenware products, with an annual total goods value of approximately US$3 million. ? The company boasts three dedicated plants that passed BSCI to produce BBQ accessories, wooden products, and kitchenware. Spanning an extensive production area of around 22,000 square meters and employing nearly 300 staff members, it ensures the capacity to finish and deliver an average of 100,000 pieces of goods monthly. All of its products are capable of obtaining LFGB/FDA approvals. The implementation of a strict quality control system and a punctual delivery time system has earned the company an excellent reputation among all its clients.","Yangjiang Silver Star Co., Ltd., a private enterprise, has been specializing in the professional manufacturing of BBQ accessories since 2002. Additionally, it exports kitchenware products, with an annual total goods value of approximately US$3 million. ? The company boasts three dedicated plants that passed BSCI to produce BBQ accessories, wooden products, and kitchenware. Spanning an extensive production area of around 22,000 square meters and employing nearly 300 staff members, it ensures the capacity to finish and deliver an average of 100,000 pieces of goods monthly. All of its products are capable of obtaining LFGB/FDA approvals. The implementation of a strict quality control system and a punctual delivery time system has earned the company an excellent reputation among all its clients.",,Exhibitor,Hong Kong Home InStyle 2025,3E-A01,World of Fine Dining,Cantonese Business Go Global,1,,,"Camping & Picnic Equipment,Barbecue Tool,Baking Tool,Kitchen Knife,Table Knife,Salt Pepper Grinder,Kitchen Utensil,Tableware,Kitchen Gloves,Fruit Basket; Grill Accessories: Enhance BBQs with our premium tool set，spatulas, forks, tongs, baskets, brushes, grates, and nets.
Kitchen Supplies: Chef, bread, fruit knives, and cooking/baking tools made of durable stainless steel.; OBM, OEM","Camping & Picnic Equipment,Barbecue Tool,Baking Tool,Kitchen Knife,Table Knife,Salt Pepper Grinder,Kitchen Utensil,Tableware,Kitchen Gloves,Fruit Basket; Grill Accessories: Enhance BBQs with our premium tool set，spatulas, forks, tongs, baskets, brushes, grates, and nets.
Kitchen Supplies: Chef, bread, fruit knives, and cooking/baking tools made of durable stainless steel.; OBM, OEM",https://www.hktdc.com/event/homeinstyle/en/exhibitor/1S005LHG7,14,https://www.hktdc.com/event/homeinstyle/en/product/1Z03O1EDJ; https://www.hktdc.com/event/homeinstyle/en/product/1Z03O1EDJ; https://www.hktdc.com/event/homeinstyle/en/product/1Z03O1EBP; https://www.hktdc.com/event/homeinstyle/en/product/1Z03O1EBP; https://www.hktdc.com/event/homeinstyle/en/product/1Z03O10N3; https://www.hktdc.com/event/homeinstyle/en/product/1Z03O10N3; https://www.hktdc.com/event/homeinstyle/en/product/1Z03O1099; https://www.hktdc.com/event/homeinstyle/en/product/1Z03O1099; https://www.hktdc.com/event/homeinstyle/en/product/1Z03O0UP3; https://www.hktdc.com/event/homeinstyle/en/product/1Z03O0UP3; https://www.hktdc.com/event/homeinstyle/en/product/1Z03O0VST; https://www.hktdc.com/event/homeinstyle/en/product/1Z03O0VST; https://www.hktdc.com/event/homeinstyle/en/product/1Z03O0ZXA; https://www.hktdc.com/event/homeinstyle/en/product/1Z03O0ZXA
"Yiwu Zhongjia Arts & Crafts Co., Ltd","Yiwu Zhongjia Arts & Crafts Co., Ltd",Chinese Mainland,"Photo Frame,Picture Frame,Painting & Print","Photo Frame,Picture Frame,Painting & Print",,Exhibitor,Hong Kong Home InStyle 2025,3D-D02,World of Fine Decor,,1,,,"Photo Frame,Picture Frame,Painting & Print; Diamond Painting Kits; OEM, ODM","Photo Frame,Picture Frame,Painting & Print; Diamond Painting Kits; OEM, ODM",https://www.hktdc.com/event/homeinstyle/en/exhibitor/1S005HGZN,0,
"Zhejiang Dechang Bamboo Wood Co., Limited","Zhejiang Dechang Bamboo Wood Co., Limited",Chinese Mainland,Kitchen Utensil,Kitchen Utensil,,Exhibitor,Hong Kong Home InStyle 2025,3E-A23,World of Fine Dining,,1,,,"Kitchen Utensil; Chopping board; OEM, ODM","Kitchen Utensil; Chopping board; OEM, ODM",https://www.hktdc.com/event/homeinstyle/en/exhibitor/1S005KCOO,12,https://www.hktdc.com/event/homeinstyle/en/product/1Z03NYR4X; https://www.hktdc.com/event/homeinstyle/en/product/1Z03NYR4X; https://www.hktdc.com/event/homeinstyle/en/product/1Z03NYQJP; https://www.hktdc.com/event/homeinstyle/en/product/1Z03NYQJP; https://www.hktdc.com/event/homeinstyle/en/product/1Z03NYQHV; https://www.hktdc.com/event/homeinstyle/en/product/1Z03NYQHV; https://www.hktdc.com/event/homeinstyle/en/product/1Z03NYR5U; https://www.hktdc.com/event/homeinstyle/en/product/1Z03NYR5U; https://www.hktdc.com/event/homeinstyle/en/product/1Z03NYR6R; https://www.hktdc.com/event/homeinstyle/en/product/1Z03NYR6R; https://www.hktdc.com/event/homeinstyle/en/product/1Z03NYR7O; https://www.hktdc.com/event/homeinstyle/en/product/1Z03NYR7O
"Zhejiang Suying Industry & Trade Co., Ltd","Zhejiang Suying Industry & Trade Co., Ltd",Chinese Mainland,Mug,Mug,,Exhibitor,Hong Kong Home InStyle 2025,3E-C19,World of Fine Dining,,1,,,"Mug; Bottle, Vacuum Cup; OEM, ODM","Mug; Bottle, Vacuum Cup; OEM, ODM",https://www.hktdc.com/event/homeinstyle/en/exhibitor/1S005LBOP,0,
Chaozhou Fengxi Zhongyi Ceramics Factory,Chaozhou Fengxi Zhongyi Ceramics Factory,Chinese Mainland,"Coffee Set,Cup & Plate Set,Tableware,Dish,Tea Set","Coffee Set,Cup & Plate Set,Tableware,Dish,Tea Set",,Exhibitor,Hong Kong Home InStyle 2025,3E-E11,World of Fine Dining,Cantonese Business Go Global,1,,,"Coffee Set,Cup & Plate Set,Tableware,Dish,Tea Set; Ceramics tableware; OEM","Coffee Set,Cup & Plate Set,Tableware,Dish,Tea Set; Ceramics tableware; OEM",https://www.hktdc.com/event/homeinstyle/en/exhibitor/1S005KCMU,24,https://www.hktdc.com/event/homeinstyle/en/product/1Z03NV9EL; https://www.hktdc.com/event/homeinstyle/en/product/1Z03NV9EL; https://www.hktdc.com/event/homeinstyle/en/product/1Z03NV8AY; https://www.hktdc.com/event/homeinstyle/en/product/1Z03NV8AY; https://www.hktdc.com/event/homeinstyle/en/product/1Z03NV92L; https://www.hktdc.com/event/homeinstyle/en/product/1Z03NV92L; https://www.hktdc.com/event/homeinstyle/en/product/1Z03NV8RJ; https://www.hktdc.com/event/homeinstyle/en/product/1Z03NV8RJ; https://www.hktdc.com/event/homeinstyle/en/product/1Z03NV9OR; https://www.hktdc.com/event/homeinstyle/en/product/1Z03NV9OR; https://www.hktdc.com/event/homeinstyle/en/product/1Z03NV9HC; https://www.hktdc.com/event/homeinstyle/en/product/1Z03NV9HC; https://www.hktdc.com/event/homeinstyle/en/product/1Z03NV976; https://www.hktdc.com/event/homeinstyle/en/product/1Z03NV976; https://www.hktdc.com/event/homeinstyle/en/product/1Z03NV95C; https://www.hktdc.com/event/homeinstyle/en/product/1Z03NV95C; https://www.hktdc.com/event/homeinstyle/en/product/1Z03NV8IA; https://www.hktdc.com/event/homeinstyle/en/product/1Z03NV8IA; https://www.hktdc.com/event/homeinstyle/en/product/1Z03NV8X1; https://www.hktdc.com/event/homeinstyle/en/product/1Z03NV8X1; https://www.hktdc.com/event/homeinstyle/en/product/1Z03NUKPD; https://www.hktdc.com/event/homeinstyle/en/product/1Z03NUKPD; https://www.hktdc.com/event/homeinstyle/en/product/1Z03NV80S; https://www.hktdc.com/event/homeinstyle/en/product/1Z03NV80S
"China Kingdom Industrial Co., Ltd.","China Kingdom Industrial Co., Ltd.",Chinese Mainland,"China Kingdom Industrial Co., Ltd., which was established in 1999, is located in Yangjiang, Guangdong Provi nce. Our company is a comprehensive import and export company with factories. Our Company has 20 year s professional exporting experience, we cover pre-sale, halfway sale, after sale service. And we have our ow n QC team to manage the quality and delivery time. We cooperate with more than 1000 factories and our fa ctories lines have independent own powder coating & plastic coating line. Our products are sold well in the m arket of Europe, America, Japan, the Middle East, Southeast Asia, and other countries and regions. Our com pany takes ""customers first, high quality, pursuing perfect, being continuously creative, keeping promise effi ciently"" as our principle. Domestic and overseas traders are welcome to negotiate business and build up busi ness relationship with us.We offer the best customize nonstandard products service to our customers. And w e are willing to be your long-term reliant partner and offer you high-quality products and full-service.","China Kingdom Industrial Co., Ltd., which was established in 1999, is located in Yangjiang, Guangdong Provi nce. Our company is a comprehensive import and export company with factories. Our Company has 20 year s professional exporting experience, we cover pre-sale, halfway sale, after sale service. And we have our ow n QC team to manage the quality and delivery time. We cooperate with more than 1000 factories and our fa ctories lines have independent own powder coating & plastic coating line. Our products are sold well in the m arket of Europe, America, Japan, the Middle East, Southeast Asia, and other countries and regions. Our com pany takes ""customers first, high quality, pursuing perfect, being continuously creative, keeping promise effi ciently"" as our principle. Domestic and overseas traders are welcome to negotiate business and build up busi ness relationship with us.We offer the best customize nonstandard products service to our customers. And w e are willing to be your long-term reliant partner and offer you high-quality products and full-service.",,Exhibitor,Hong Kong Home InStyle 2025,3E-B12,World of Fine Dining,Cantonese Business Go Global,1,,,"Dish Rack,Kitchen Utensil,Fruit Basket,Bread Basket,Wine Rack; Our products including KITCHEN STORAGE, BATH STORAGE, LIVING ROOM STORAGE, HOUSEHOLD STORAGE, PANTRY ORGANIZATION, AND HOME GADGETS in covering metal,wooden, plastic material.
We offer ODM and OEM service,Our factory covers an area of 5000 square; OEM","Dish Rack,Kitchen Utensil,Fruit Basket,Bread Basket,Wine Rack; Our products including KITCHEN STORAGE, BATH STORAGE, LIVING ROOM STORAGE, HOUSEHOLD STORAGE, PANTRY ORGANIZATION, AND HOME GADGETS in covering metal,wooden, plastic material.
We offer ODM and OEM service,Our factory covers an area of 5000 square; OEM",https://www.hktdc.com/event/homeinstyle/en/exhibitor/1S005ISME,10,https://www.hktdc.com/event/homeinstyle/en/product/1Z03NVI7X; https://www.hktdc.com/event/homeinstyle/en/product/1Z03NVI7X; https://www.hktdc.com/event/homeinstyle/en/product/1Z03NVI39; https://www.hktdc.com/event/homeinstyle/en/product/1Z03NVI39; https://www.hktdc.com/event/homeinstyle/en/product/1Z03NVH8V; https://www.hktdc.com/event/homeinstyle/en/product/1Z03NVH8V; https://www.hktdc.com/event/homeinstyle/en/product/1Z03NVHKV; https://www.hktdc.com/event/homeinstyle/en/product/1Z03NVHKV; https://www.hktdc.com/event/homeinstyle/en/product/1Z03NVHU1; https://www.hktdc.com/event/homeinstyle/en/product/1Z03NVHU1
"D&E Industries Co., Ltd.","D&E Industries Co., Ltd.",Chinese Mainland,"Kitchen Knife,Kitchen Utensil","Kitchen Knife,Kitchen Utensil",,Exhibitor,Hong Kong Home InStyle 2025,3E-D15,World of Fine Dining,Cantonese Business Go Global,1,,,"Kitchen Knife,Kitchen Utensil; kitchen Knife, kitchen tools; OEM, ODM","Kitchen Knife,Kitchen Utensil; kitchen Knife, kitchen tools; OEM, ODM",https://www.hktdc.com/event/homeinstyle/en/exhibitor/1S005GY4Q,8,https://www.hktdc.com/event/homeinstyle/en/product/1X231TK1; https://www.hktdc.com/event/homeinstyle/en/product/1X231TK1; https://www.hktdc.com/event/homeinstyle/en/product/1X231U2G; https://www.hktdc.com/event/homeinstyle/en/product/1X231U2G; https://www.hktdc.com/event/homeinstyle/en/product/1X231U7B; https://www.hktdc.com/event/homeinstyle/en/product/1X231U7B; https://www.hktdc.com/event/homeinstyle/en/product/1X231U99; https://www.hktdc.com/event/homeinstyle/en/product/1X231U99
"Dongguan Yezja Art Co., Ltd","Dongguan Yezja Art Co., Ltd",Chinese Mainland,"Home Office Furniture,Hotel & Clubhouse Furniture,Bedroom Furniture,Dining Room Furniture,Living Room Furniture,Restaurant & Bar Furniture,Paper Crafts,Furniture & Furnishing Accessory,Wall Decoration & Hangings,Christmas Supply","Home Office Furniture,Hotel & Clubhouse Furniture,Bedroom Furniture,Dining Room Furniture,Living Room Furniture,Restaurant & Bar Furniture,Paper Crafts,Furniture & Furnishing Accessory,Wall Decoration & Hangings,Christmas Supply",,Exhibitor,Hong Kong Home InStyle 2025,3D-D13,World of Fine Decor,Cantonese Business Go Global,1,,,"Home Office Furniture,Hotel & Clubhouse Furniture,Bedroom Furniture,Dining Room Furniture,Living Room Furniture,Restaurant & Bar Furniture,Paper Crafts,Furniture & Furnishing Accessory,Wall Decoration & Hangings,Christmas Supply; Home Decor Picture; OEM, OBM, ODM","Home Office Furniture,Hotel & Clubhouse Furniture,Bedroom Furniture,Dining Room Furniture,Living Room Furniture,Restaurant & Bar Furniture,Paper Crafts,Furniture & Furnishing Accessory,Wall Decoration & Hangings,Christmas Supply; Home Decor Picture; OEM, OBM, ODM",https://www.hktdc.com/event/homeinstyle/en/exhibitor/1S005JQ9J,0,
Foshan Shunde MyMagic Cookware,Foshan Shunde MyMagic Cookware,Chinese Mainland,"MyMagic Cookware has a history of over 30 years in China and mainly engaged in producing various type of microwave cookware. We have become the industry standard for designing and producing, as an unsurpassed industry leader. As the leading in the microwave cookware industry, MyMagic offer: Microwave grill pot / microwave grill tray / microwave grill toaster.","MyMagic Cookware has a history of over 30 years in China and mainly engaged in producing various type of microwave cookware. We have become the industry standard for designing and producing, as an unsurpassed industry leader. As the leading in the microwave cookware industry, MyMagic offer: Microwave grill pot / microwave grill tray / microwave grill toaster.",,Exhibitor,Hong Kong Home InStyle 2025,3E-A28,World of Fine Dining,Cantonese Business Go Global,1,,,"Cookware,Baking Tool,Bakeware,Kitchen Utensil,Frying Pan; Microwave cookware. Grill Pan, Saucepan, Bakeware, Kitchen Utensil, Food Processor, Frying Pan; ODM, OEM","Cookware,Baking Tool,Bakeware,Kitchen Utensil,Frying Pan; Microwave cookware. Grill Pan, Saucepan, Bakeware, Kitchen Utensil, Food Processor, Frying Pan; ODM, OEM",https://www.hktdc.com/event/homeinstyle/en/exhibitor/1S005GPYH,0,
"Fuzhou Jiashu Import & Export Co., Ltd.","Fuzhou Jiashu Import & Export Co., Ltd.",Chinese Mainland,"Cutting Board,Kitchen Utensil,Mug,Food Box","Cutting Board,Kitchen Utensil,Mug,Food Box",,Exhibitor,Hong Kong Home InStyle 2025,3E-B09,World of Fine Dining,,1,,,"Cutting Board,Kitchen Utensil,Mug,Food Box; Tableware; OEM","Cutting Board,Kitchen Utensil,Mug,Food Box; Tableware; OEM",https://www.hktdc.com/event/homeinstyle/en/exhibitor/1S005L0X9,0,
Fuzhou Menglida Household Products Co Ltd,Fuzhou Menglida Household Products Co Ltd,Chinese Mainland,"Plate,Bowl,Plastic Crafts","Plate,Bowl,Plastic Crafts",,Exhibitor,Hong Kong Home InStyle 2025,3E-B07,World of Fine Dining,,1,,,"Plate,Bowl,Plastic Crafts; PLASTIC CHARGER PLATE,PLASTIC FLOWER POT; Others, OEM","Plate,Bowl,Plastic Crafts; PLASTIC CHARGER PLATE,PLASTIC FLOWER POT; Others, OEM",https://www.hktdc.com/event/homeinstyle/en/exhibitor/1S005L1IH,0,
"Fuzhou Prime Homeware Co., Ltd","Fuzhou Prime Homeware Co., Ltd",Chinese Mainland,"Cutlery Set,Disposable Tableware","Cutlery Set,Disposable Tableware",,Exhibitor,Hong Kong Home InStyle 2025,3E-F07,World of Fine Dining,,1,,,"Cutlery Set,Disposable Tableware; Melamine tableware; ODM, OBM, OEM","Cutlery Set,Disposable Tableware; Melamine tableware; ODM, OBM, OEM",https://www.hktdc.com/event/homeinstyle/en/exhibitor/1S005L1OZ,0,
"Fuzhou Yochen Import And Export Trade Co., Ltd","Fuzhou Yochen Import And Export Trade Co., Ltd",Chinese Mainland,"Cutlery Set,Kitchen Utensil,Wood Crafts","Cutlery Set,Kitchen Utensil,Wood Crafts",,Exhibitor,Hong Kong Home InStyle 2025,3D-D10,World of Fine Decor,,1,,,"Cutlery Set,Kitchen Utensil,Wood Crafts; HOME DECOR; ODM, OEM, OBM","Cutlery Set,Kitchen Utensil,Wood Crafts; HOME DECOR; ODM, OEM, OBM",https://www.hktdc.com/event/homeinstyle/en/exhibitor/1S005L0L9,0,
"Guangdong Jiajiana Household Products Co., Ltd.","Guangdong Jiajiana Household Products Co., Ltd.",Chinese Mainland,"Our company is a deep in the field of tableware and daily necessities, focusing on lunch boxes and other series of products manufacturing professional source manufacturers. With more than 10 years of research and development and production experience, we have established a significant advantage in the lunch box category, with a rich and comprehensive product line to meet the diverse needs of different scenarios and consumers. Our products are not only well received in the domestic market, but also sold in parallel through multiple channels online and offline, covering a wide range of consumer groups, including chain supermarkets, e-commerce platforms and retail terminals. At the same time, we actively expand the international market, undertake and successfully deliver orders from many countries, and win the trust and praise of overseas customers. As a leader in the industry, we always uphold the concept of quality first and innovation as the soul, and are committed to providing customers with high quality, safe and reliable tableware solutions. In the future, we will continue to deepen technology research and development, optimize product structure, expand market layout, and repay the love of our customers with more excellent products and services.","Our company is a deep in the field of tableware and daily necessities, focusing on lunch boxes and other series of products manufacturing professional source manufacturers. With more than 10 years of research and development and production experience, we have established a significant advantage in the lunch box category, with a rich and comprehensive product line to meet the diverse needs of different scenarios and consumers. Our products are not only well received in the domestic market, but also sold in parallel through multiple channels online and offline, covering a wide range of consumer groups, including chain supermarkets, e-commerce platforms and retail terminals. At the same time, we actively expand the international market, undertake and successfully deliver orders from many countries, and win the trust and praise of overseas customers. As a leader in the industry, we always uphold the concept of quality first and innovation as the soul, and are committed to providing customers with high quality, safe and reliable tableware solutions. In the future, we will continue to deepen technology research and development, optimize product structure, expand market layout, and repay the love of our customers with more excellent products and services.",,Exhibitor,Hong Kong Home InStyle 2025,3E-C27,World of Fine Dining,Cantonese Business Go Global,1,,,"Kettle,Kitchen Utensil,Cup,Tableware,Food Container,Food Box; Lunch boxes, water cups and other kitchen household items.; OEM, ODM","Kettle,Kitchen Utensil,Cup,Tableware,Food Container,Food Box; Lunch boxes, water cups and other kitchen household items.; OEM, ODM",https://www.hktdc.com/event/homeinstyle/en/exhibitor/1S005KD9W,0,
Guangdong Pohui Industrial Limited,Guangdong Pohui Industrial Limited,Chinese Mainland,"Guangdong Pohui Industrial Limited was founded in 2010 and is located in Yangjiang, Guangdong Province, China. Covered 3600 square meter, We have 14 years design and production experience in silicone product. We have more than 100 employees, include QC 7 employees, Designers 4 employees and oversea Sales 7 employees. Pohui is a GB/T24001-2016/IS014001:2015 and BSCI certificated manufacturer. We have served more than 500 customers from over 23 countries and areas. Our main products are silicone kitchen sets, baking mold, baking tools, baby dinning sets, baby toys, baby cups and plastic products etc.We support custom products. Pohui has strict QC process. All of silicone raw material has SGS approved certificates. Our machines are examined and updated regularly. Our workers will be strictly trained before they operate the machines. All the products are 100% checked by our QC department from raw material to end products.We have full equipments, over 50 machines in factory. The machines will be updated every 5 years.","Guangdong Pohui Industrial Limited was founded in 2010 and is located in Yangjiang, Guangdong Province, China. Covered 3600 square meter, We have 14 years design and production experience in silicone product. We have more than 100 employees, include QC 7 employees, Designers 4 employees and oversea Sales 7 employees. Pohui is a GB/T24001-2016/IS014001:2015 and BSCI certificated manufacturer. We have served more than 500 customers from over 23 countries and areas. Our main products are silicone kitchen sets, baking mold, baking tools, baby dinning sets, baby toys, baby cups and plastic products etc.We support custom products. Pohui has strict QC process. All of silicone raw material has SGS approved certificates. Our machines are examined and updated regularly. Our workers will be strictly trained before they operate the machines. All the products are 100% checked by our QC department from raw material to end products.We have full equipments, over 50 machines in factory. The machines will be updated every 5 years.",,Exhibitor,Hong Kong Home InStyle 2025,3D-E08,World of Fine Decor,Cantonese Business Go Global,1,,,"Cookware,Kitchen Utensil,Mug,Tableware,Dish,Coaster,Drinking Straw,Food Container,Kitchen Gloves,Cling Wrap; Our products are made of high quality food grade silicone, BPA free.High and low temperature resistant, -40 degree +230 degree, microwave oven safe.; ODM, OEM","Cookware,Kitchen Utensil,Mug,Tableware,Dish,Coaster,Drinking Straw,Food Container,Kitchen Gloves,Cling Wrap; Our products are made of high quality food grade silicone, BPA free.High and low temperature resistant, -40 degree +230 degree, microwave oven safe.; ODM, OEM",https://www.hktdc.com/event/homeinstyle/en/exhibitor/1S005JTBA,0,
"Guangzhou Creative House Houseware Co., Ltd.","Guangzhou Creative House Houseware Co., Ltd.",Chinese Mainland,"Storage Box,Storage Rack,Storage Basket,Tissue Box","Storage Box,Storage Rack,Storage Basket,Tissue Box",,Exhibitor,Hong Kong Home InStyle 2025,3D-E15,World of Fine Decor,Cantonese Business Go Global,1,,,"Storage Box,Storage Rack,Storage Basket,Tissue Box; Household Storage & Organizers; ODM, OEM","Storage Box,Storage Rack,Storage Basket,Tissue Box; Household Storage & Organizers; ODM, OEM",https://www.hktdc.com/event/homeinstyle/en/exhibitor/1S005KCNR,12,https://www.hktdc.com/event/homeinstyle/en/product/1Z03O04OW; https://www.hktdc.com/event/homeinstyle/en/product/1Z03O04OW; https://www.hktdc.com/event/homeinstyle/en/product/1Z03O05FM; https://www.hktdc.com/event/homeinstyle/en/product/1Z03O05FM; https://www.hktdc.com/event/homeinstyle/en/product/1Z03NZJCH; https://www.hktdc.com/event/homeinstyle/en/product/1Z03NZJCH; https://www.hktdc.com/event/homeinstyle/en/product/1Z03NZIYO; https://www.hktdc.com/event/homeinstyle/en/product/1Z03NZIYO; https://www.hktdc.com/event/homeinstyle/en/product/1X2306UO; https://www.hktdc.com/event/homeinstyle/en/product/1X2306UO; https://www.hktdc.com/event/homeinstyle/en/product/1Z03M321V; https://www.hktdc.com/event/homeinstyle/en/product/1Z03M321V
"Guangzhou Hengtai Housewares Co., Ltd.","Guangzhou Hengtai Housewares Co., Ltd.",Chinese Mainland,Kitchen Utensil,Kitchen Utensil,,Exhibitor,Hong Kong Home InStyle 2025,3E-E09,World of Fine Dining,Cantonese Business Go Global,1,,,Kitchen Utensil; Kitchenware; OEM,Kitchen Utensil; Kitchenware; OEM,https://www.hktdc.com/event/homeinstyle/en/exhibitor/1S005KCV3,0,
"Guangzhou Topshiny Imp. & Exp. Co., Ltd.","Guangzhou Topshiny Imp. & Exp. Co., Ltd.",Chinese Mainland,"Baking Mold,Bakeware,Kitchen Utensil","Baking Mold,Bakeware,Kitchen Utensil",,Exhibitor,Hong Kong Home InStyle 2025,3E-E18,World of Fine Dining,Cantonese Business Go Global,1,,,"Baking Mold,Bakeware,Kitchen Utensil; Cookware; OEM","Baking Mold,Bakeware,Kitchen Utensil; Cookware; OEM",https://www.hktdc.com/event/homeinstyle/en/exhibitor/1S005KC0O,2,https://www.hktdc.com/event/homeinstyle/en/product/1X23OWSK; https://www.hktdc.com/event/homeinstyle/en/product/1X23OWSK
Hangshau Houseware Company Limited Jiangmen,Hangshau Houseware Company Limited Jiangmen,Chinese Mainland,"Cookware,Cutlery Set,Dish Rack,Kitchen Utensil,Tableware,Barware Set","Cookware,Cutlery Set,Dish Rack,Kitchen Utensil,Tableware,Barware Set",,Exhibitor,Hong Kong Home InStyle 2025,3D-D12,World of Fine Decor,Cantonese Business Go Global,1,,,"Cookware,Cutlery Set,Dish Rack,Kitchen Utensil,Tableware,Barware Set; Cookware sets, bathroom and household items; ODM, OEM","Cookware,Cutlery Set,Dish Rack,Kitchen Utensil,Tableware,Barware Set; Cookware sets, bathroom and household items; ODM, OEM",https://www.hktdc.com/event/homeinstyle/en/exhibitor/1S005KD72,0,
"Huizhou Narui Yongda Industrial Co., Ltd.","Huizhou Narui Yongda Industrial Co., Ltd.",Chinese Mainland,"Huizhou Narui Yongda Industrial Co.,LTD. was founded in 2008, is an innovative company specializing in the production of home furnishing department stores. Company headquarters and R & D base set up in the scenic Longmen County, Huizhou, with a total investment of 500 million yuan, the industrial park covers an area of more than 50 acres, with a warehouse area of about 50000 square meters.The company's products are mainly injection molding, blister, and blow molding, with imported Japanese high-end brand injection molding machine blister machine of about 100 sets, Hanya machine equipment of 80 sets, Braunbrand automation robot of 30 sets, and annual production capacity of about 500 million.The company has areas of able talent structure, with several doctors and masters as the main management and technical backbone. There are more than 500 employees with senior/intermediate technical titles, and more than 20 employees in the product design and development department, which help enterprises to improve their management level and production capacity and achieve rapid and stable development of enterprises.","Huizhou Narui Yongda Industrial Co.,LTD. was founded in 2008, is an innovative company specializing in the production of home furnishing department stores. Company headquarters and R & D base set up in the scenic Longmen County, Huizhou, with a total investment of 500 million yuan, the industrial park covers an area of more than 50 acres, with a warehouse area of about 50000 square meters.The company's products are mainly injection molding, blister, and blow molding, with imported Japanese high-end brand injection molding machine blister machine of about 100 sets, Hanya machine equipment of 80 sets, Braunbrand automation robot of 30 sets, and annual production capacity of about 500 million.The company has areas of able talent structure, with several doctors and masters as the main management and technical backbone. There are more than 500 employees with senior/intermediate technical titles, and more than 20 employees in the product design and development department, which help enterprises to improve their management level and production capacity and achieve rapid and stable development of enterprises.",,Exhibitor,Hong Kong Home InStyle 2025,3E-A05,World of Fine Dining,Cantonese Business Go Global,1,,,"Kettle,Measuring Cup,Kitchen Utensil,Plastic Crafts,Vase; Fresh keeping box series, Planer series, Dish series, Kitchen supplies, Water cup and kettle, Kitchenware series, Cutting board series, Daily series, Bakery equipment, Bathroom Series, Kit series; OEM, ODM","Kettle,Measuring Cup,Kitchen Utensil,Plastic Crafts,Vase; Fresh keeping box series, Planer series, Dish series, Kitchen supplies, Water cup and kettle, Kitchenware series, Cutting board series, Daily series, Bakery equipment, Bathroom Series, Kit series; OEM, ODM",https://www.hktdc.com/event/homeinstyle/en/exhibitor/1S005JWLD,0,
"Jiangmen City Hongyi Metal Products Co., Ltd.","Jiangmen City Hongyi Metal Products Co., Ltd.",Chinese Mainland,"Camping & Picnic Equipment,Barbecue Grill,Barbecue Tool,Garden Tool","Camping & Picnic Equipment,Barbecue Grill,Barbecue Tool,Garden Tool",,Exhibitor,Hong Kong Home InStyle 2025,3E-A12,World of Fine Dining,Cantonese Business Go Global,1,,,"Camping & Picnic Equipment,Barbecue Grill,Barbecue Tool,Garden Tool; BBQ, FIRE PIT, FIRE PLACE TOOL SET; OEM, ODM","Camping & Picnic Equipment,Barbecue Grill,Barbecue Tool,Garden Tool; BBQ, FIRE PIT, FIRE PLACE TOOL SET; OEM, ODM",https://www.hktdc.com/event/homeinstyle/en/exhibitor/1S005JGS8,20,https://www.hktdc.com/event/homeinstyle/en/product/1Z03O0CJ3; https://www.hktdc.com/event/homeinstyle/en/product/1Z03O0CJ3; https://www.hktdc.com/event/homeinstyle/en/product/1Z03O0ABT; https://www.hktdc.com/event/homeinstyle/en/product/1Z03O0ABT; https://www.hktdc.com/event/homeinstyle/en/product/1Z03O09PO; https://www.hktdc.com/event/homeinstyle/en/product/1Z03O09PO; https://www.hktdc.com/event/homeinstyle/en/product/1Z03O0A0Q; https://www.hktdc.com/event/homeinstyle/en/product/1Z03O0A0Q; https://www.hktdc.com/event/homeinstyle/en/product/1Z03NR2QS; https://www.hktdc.com/event/homeinstyle/en/product/1Z03NR2QS; https://www.hktdc.com/event/homeinstyle/en/product/1Z03NR2CY; https://www.hktdc.com/event/homeinstyle/en/product/1Z03NR2CY; https://www.hktdc.com/event/homeinstyle/en/product/1Z03LPGOK; https://www.hktdc.com/event/homeinstyle/en/product/1Z03LPGOK; https://www.hktdc.com/event/homeinstyle/en/product/1Z03LPFI3; https://www.hktdc.com/event/homeinstyle/en/product/1Z03LPFI3; https://www.hktdc.com/event/homeinstyle/en/product/1Z03LPG9T; https://www.hktdc.com/event/homeinstyle/en/product/1Z03LPG9T; https://www.hktdc.com/event/homeinstyle/en/product/1Z03LPE8Y; https://www.hktdc.com/event/homeinstyle/en/product/1Z03LPE8Y
"Jiangmen City Xinhui Area Xinxing Metal Product Co., Ltd.","Jiangmen City Xinhui Area Xinxing Metal Product Co., Ltd.",Chinese Mainland,Kitchen Utensil,Kitchen Utensil,,Exhibitor,Hong Kong Home InStyle 2025,3E-E06,World of Fine Dining,Cantonese Business Go Global,1,,,"Kitchen Utensil; Cookware; ODM, OEM","Kitchen Utensil; Cookware; ODM, OEM",https://www.hktdc.com/event/homeinstyle/en/exhibitor/1S005KBU7,26,https://www.hktdc.com/event/homeinstyle/en/product/1X1ABDJE; https://www.hktdc.com/event/homeinstyle/en/product/1X1ABDJE; https://www.hktdc.com/event/homeinstyle/en/product/1X1A9V5A; https://www.hktdc.com/event/homeinstyle/en/product/1X1A9V5A; https://www.hktdc.com/event/homeinstyle/en/product/1X184Y7Z; https://www.hktdc.com/event/homeinstyle/en/product/1X184Y7Z; https://www.hktdc.com/event/homeinstyle/en/product/1X184V0F; https://www.hktdc.com/event/homeinstyle/en/product/1X184V0F; https://www.hktdc.com/event/homeinstyle/en/product/1X184UWM; https://www.hktdc.com/event/homeinstyle/en/product/1X184UWM; https://www.hktdc.com/event/homeinstyle/en/product/1X184SDB; https://www.hktdc.com/event/homeinstyle/en/product/1X184SDB; https://www.hktdc.com/event/homeinstyle/en/product/1Z03LZJWT; https://www.hktdc.com/event/homeinstyle/en/product/1Z03LZJWT; https://www.hktdc.com/event/homeinstyle/en/product/1Z03LZK37; https://www.hktdc.com/event/homeinstyle/en/product/1Z03LZK37; https://www.hktdc.com/event/homeinstyle/en/product/1Z03LZL6X; https://www.hktdc.com/event/homeinstyle/en/product/1Z03LZL6X; https://www.hktdc.com/event/homeinstyle/en/product/1X1835C9; https://www.hktdc.com/event/homeinstyle/en/product/1X1835C9; https://www.hktdc.com/event/homeinstyle/en/product/1X182V96; https://www.hktdc.com/event/homeinstyle/en/product/1X182V96; https://www.hktdc.com/event/homeinstyle/en/product/1X182UA8; https://www.hktdc.com/event/homeinstyle/en/product/1X182UA8; https://www.hktdc.com/event/homeinstyle/en/product/1X182U5D; https://www.hktdc.com/event/homeinstyle/en/product/1X182U5D
"Jiangmen Hongsheng Metal Products Co., Ltd.","Jiangmen Hongsheng Metal Products Co., Ltd.",Chinese Mainland,"Wok,Frying Pan,Food Steamer","Wok,Frying Pan,Food Steamer",,Exhibitor,Hong Kong Home InStyle 2025,3E-E17,World of Fine Dining,Cantonese Business Go Global,1,,,"Wok,Frying Pan,Food Steamer; Cookware; OEM, ODM","Wok,Frying Pan,Food Steamer; Cookware; OEM, ODM",https://www.hktdc.com/event/homeinstyle/en/exhibitor/1S005KBXY,20,https://www.hktdc.com/event/homeinstyle/en/product/1X0HQ4M2; https://www.hktdc.com/event/homeinstyle/en/product/1X0HQ4M2; https://www.hktdc.com/event/homeinstyle/en/product/1X0HQ44K; https://www.hktdc.com/event/homeinstyle/en/product/1X0HQ44K; https://www.hktdc.com/event/homeinstyle/en/product/1X0HQ3CF; https://www.hktdc.com/event/homeinstyle/en/product/1X0HQ3CF; https://www.hktdc.com/event/homeinstyle/en/product/1X0HPZW7; https://www.hktdc.com/event/homeinstyle/en/product/1X0HPZW7; https://www.hktdc.com/event/homeinstyle/en/product/1X0HPSTV; https://www.hktdc.com/event/homeinstyle/en/product/1X0HPSTV; https://www.hktdc.com/event/homeinstyle/en/product/1X0HPRI9; https://www.hktdc.com/event/homeinstyle/en/product/1X0HPRI9; https://www.hktdc.com/event/homeinstyle/en/product/1X0HPQQ4; https://www.hktdc.com/event/homeinstyle/en/product/1X0HPQQ4; https://www.hktdc.com/event/homeinstyle/en/product/1X0G1MCU; https://www.hktdc.com/event/homeinstyle/en/product/1X0G1MCU; https://www.hktdc.com/event/homeinstyle/en/product/1X0G1MBV; https://www.hktdc.com/event/homeinstyle/en/product/1X0G1MBV; https://www.hktdc.com/event/homeinstyle/en/product/1X0G1MAW; https://www.hktdc.com/event/homeinstyle/en/product/1X0G1MAW
"Jiangmen Hopeful Trading Co., Ltd.","Jiangmen Hopeful Trading Co., Ltd.",Chinese Mainland,"Wok,Kitchen Utensil","Wok,Kitchen Utensil",,Exhibitor,Hong Kong Home InStyle 2025,3E-D18,World of Fine Dining,Cantonese Business Go Global,1,,,"Wok,Kitchen Utensil; Kitchen utensils; OEM, ODM","Wok,Kitchen Utensil; Kitchen utensils; OEM, ODM",https://www.hktdc.com/event/homeinstyle/en/exhibitor/1S005KBV4,0,
"Jiangmen Xinhui Haolong Hardware Products Co., Ltd","Jiangmen Xinhui Haolong Hardware Products Co., Ltd",Chinese Mainland,"Thermal Flask,Cup,Mug","Thermal Flask,Cup,Mug",,Exhibitor,Hong Kong Home InStyle 2025,3E-E15,World of Fine Dining,Cantonese Business Go Global,1,,,"Thermal Flask,Cup,Mug; Cup; OEM, ODM","Thermal Flask,Cup,Mug; Cup; OEM, ODM",https://www.hktdc.com/event/homeinstyle/en/exhibitor/1S005KBZS,0,
"Jiangmen Yesheng Import and Export Trade Co., Ltd","Jiangmen Yesheng Import and Export Trade Co., Ltd",Chinese Mainland,"Thermal Mug,Mug","Thermal Mug,Mug",,Exhibitor,Hong Kong Home InStyle 2025,3E-D14,World of Fine Dining,Cantonese Business Go Global,1,,,"Thermal Mug,Mug; Cup; OEM","Thermal Mug,Mug; Cup; OEM",https://www.hktdc.com/event/homeinstyle/en/exhibitor/1S005KC3F,14,https://www.hktdc.com/event/homeinstyle/en/product/1Z03O0YRT; https://www.hktdc.com/event/homeinstyle/en/product/1Z03O0YRT; https://www.hktdc.com/event/homeinstyle/en/product/1Z03O10Z3; https://www.hktdc.com/event/homeinstyle/en/product/1Z03O10Z3; https://www.hktdc.com/event/homeinstyle/en/product/1Z03O11M5; https://www.hktdc.com/event/homeinstyle/en/product/1Z03O11M5; https://www.hktdc.com/event/homeinstyle/en/product/1Z03O11DW; https://www.hktdc.com/event/homeinstyle/en/product/1Z03O11DW; https://www.hktdc.com/event/homeinstyle/en/product/1Z03O11OZ; https://www.hktdc.com/event/homeinstyle/en/product/1Z03O11OZ; https://www.hktdc.com/event/homeinstyle/en/product/1Z03O116H; https://www.hktdc.com/event/homeinstyle/en/product/1Z03O116H; https://www.hktdc.com/event/homeinstyle/en/product/1Z03O110Z; https://www.hktdc.com/event/homeinstyle/en/product/1Z03O110Z
"Jieyang City Xieyi Hardware Plastic Industry Co., Ltd","Jieyang City Xieyi Hardware Plastic Industry Co., Ltd",Chinese Mainland,"Fork,Table Knife,Tableware","Fork,Table Knife,Tableware",,Exhibitor,Hong Kong Home InStyle 2025,3E-C11,World of Fine Dining,Cantonese Business Go Global,1,,,"Fork,Table Knife,Tableware; Tableware; OEM, ODM","Fork,Table Knife,Tableware; Tableware; OEM, ODM",https://www.hktdc.com/event/homeinstyle/en/exhibitor/1S005GPXK,0,
"Jieyang Tang Kitchen Metal & Plastic Products Co., Ltd.","Jieyang Tang Kitchen Metal & Plastic Products Co., Ltd.",Chinese Mainland,,,,Exhibitor,Hong Kong Home InStyle 2025,3E-C07,World of Fine Dining,Cantonese Business Go Global,1,,,Metal & Plastic Products; ODM,Metal & Plastic Products; ODM,https://www.hktdc.com/event/homeinstyle/en/exhibitor/1S005KYIK,4,https://www.hktdc.com/event/homeinstyle/en/product/1X23P5ZM; https://www.hktdc.com/event/homeinstyle/en/product/1X23P5ZM; https://www.hktdc.com/event/homeinstyle/en/product/1X23P60I; https://www.hktdc.com/event/homeinstyle/en/product/1X23P60I
"Jieyang Zhongya Hardware Products Co., Ltd","Jieyang Zhongya Hardware Products Co., Ltd",Chinese Mainland,"Cutlery Set,Table Knife","Cutlery Set,Table Knife",,Exhibitor,Hong Kong Home InStyle 2025,3E-D06,World of Fine Dining,Cantonese Business Go Global,1,,,"Cutlery Set,Table Knife; Tableware; OEM","Cutlery Set,Table Knife; Tableware; OEM",https://www.hktdc.com/event/homeinstyle/en/exhibitor/1S005KBTA,0,
Kouway Industrial Shares Co Ltd,Kouway Industrial Shares Co Ltd,Chinese Mainland,"Glass Crafts,Resin Crafts,Vase,Ceramic Crafts","Glass Crafts,Resin Crafts,Vase,Ceramic Crafts",,Exhibitor,Hong Kong Home InStyle 2025,3D-D09,World of Fine Decor,Cantonese Business Go Global,1,,,"Glass Crafts,Resin Crafts,Vase,Ceramic Crafts; Glass Vase; OBM, Others, OEM, ODM","Glass Crafts,Resin Crafts,Vase,Ceramic Crafts; Glass Vase; OBM, Others, OEM, ODM",https://www.hktdc.com/event/homeinstyle/en/exhibitor/1S005GMXN,12,https://www.hktdc.com/event/homeinstyle/en/product/1Z03NYR8L; https://www.hktdc.com/event/homeinstyle/en/product/1Z03NYR8L; https://www.hktdc.com/event/homeinstyle/en/product/1Z03NUF49; https://www.hktdc.com/event/homeinstyle/en/product/1Z03NUF49; https://www.hktdc.com/event/homeinstyle/en/product/1Z03NUE0M; https://www.hktdc.com/event/homeinstyle/en/product/1Z03NUE0M; https://www.hktdc.com/event/homeinstyle/en/product/1Z03NUET7; https://www.hktdc.com/event/homeinstyle/en/product/1Z03NUET7; https://www.hktdc.com/event/homeinstyle/en/product/1Z03NUEZP; https://www.hktdc.com/event/homeinstyle/en/product/1Z03NUEZP; https://www.hktdc.com/event/homeinstyle/en/product/1Z03NUEXV; https://www.hktdc.com/event/homeinstyle/en/product/1Z03NUEXV
"Liling Clay Coated Kiln Ceramic Management Co., Ltd","Liling Clay Coated Kiln Ceramic Management Co., Ltd",Chinese Mainland,Dish,Dish,,Exhibitor,Hong Kong Home InStyle 2025,3D-E12,World of Fine Decor,,1,,,"Dish; Ceramic dinnerware; ODM, OEM","Dish; Ceramic dinnerware; ODM, OEM",https://www.hktdc.com/event/homeinstyle/en/exhibitor/1S005LBK1,0,
"Linhai Wangfeng Plastic Co., Ltd.","Linhai Wangfeng Plastic Co., Ltd.",Chinese Mainland,"Dish Rack,Serving Utensil,Mug,Spice Container,Food Container,Disposable Tableware,Food Box,Fruit Basket,Bread Basket","Dish Rack,Serving Utensil,Mug,Spice Container,Food Container,Disposable Tableware,Food Box,Fruit Basket,Bread Basket",,Exhibitor,Hong Kong Home InStyle 2025,3E-C26,World of Fine Dining,,1,,,"Dish Rack,Serving Utensil,Mug,Spice Container,Food Container,Disposable Tableware,Food Box,Fruit Basket,Bread Basket; Linhai Wang Feng Plastic Since its
inceptionAdhering to the concept of ""Seiko Creates Good Things"" and constantly updating its own factoriesSoftware and hardware facilities, strive to build
Wang Feng PlasticCo.,Ltd.Become a
leader in the domestic; ODM, OBM","Dish Rack,Serving Utensil,Mug,Spice Container,Food Container,Disposable Tableware,Food Box,Fruit Basket,Bread Basket; Linhai Wang Feng Plastic Since its
inceptionAdhering to the concept of ""Seiko Creates Good Things"" and constantly updating its own factoriesSoftware and hardware facilities, strive to build
Wang Feng PlasticCo.,Ltd.Become a
leader in the domestic; ODM, OBM",https://www.hktdc.com/event/homeinstyle/en/exhibitor/1S005KDDK,20,https://www.hktdc.com/event/homeinstyle/en/product/1Z03K1990; https://www.hktdc.com/event/homeinstyle/en/product/1Z03K1990; https://www.hktdc.com/event/homeinstyle/en/product/1Z03K185D; https://www.hktdc.com/event/homeinstyle/en/product/1Z03K185D; https://www.hktdc.com/event/homeinstyle/en/product/1Z03K1099; https://www.hktdc.com/event/homeinstyle/en/product/1Z03K1099; https://www.hktdc.com/event/homeinstyle/en/product/1Z03K1A5B; https://www.hktdc.com/event/homeinstyle/en/product/1Z03K1A5B; https://www.hktdc.com/event/homeinstyle/en/product/1Z03K12GM; https://www.hktdc.com/event/homeinstyle/en/product/1Z03K12GM; https://www.hktdc.com/event/homeinstyle/en/product/1Z03K1389; https://www.hktdc.com/event/homeinstyle/en/product/1Z03K1389; https://www.hktdc.com/event/homeinstyle/en/product/1Z03K16Y0; https://www.hktdc.com/event/homeinstyle/en/product/1Z03K16Y0; https://www.hktdc.com/event/homeinstyle/en/product/1Z03K10UI; https://www.hktdc.com/event/homeinstyle/en/product/1Z03K10UI; https://www.hktdc.com/event/homeinstyle/en/product/1Z03K0ZDY; https://www.hktdc.com/event/homeinstyle/en/product/1Z03K0ZDY; https://www.hktdc.com/event/homeinstyle/en/product/1Z03K1BHA; https://www.hktdc.com/event/homeinstyle/en/product/1Z03K1BHA
"Ningbo Fertile Imp & Exp Co.,Ltd","Ningbo Fertile Imp & Exp Co.,Ltd",Chinese Mainland,"Our factory is mainly specialized in bakeware,cookware and kitchenware items with 15 yearshistory.Our bakeware product including roast er pan,muffin pan,loaf pan,square pan,bundtpan,springform pan and pizza pan etc.","Our factory is mainly specialized in bakeware,cookware and kitchenware items with 15 yearshistory.Our bakeware product including roast er pan,muffin pan,loaf pan,square pan,bundtpan,springform pan and pizza pan etc.",,Exhibitor,Hong Kong Home InStyle 2025,3E-B14,World of Fine Dining,,1,,,"Thermal Mug,Cup; Stainless steel bottle, thermos bottle, sports bottle; OBM","Thermal Mug,Cup; Stainless steel bottle, thermos bottle, sports bottle; OBM",https://www.hktdc.com/event/homeinstyle/en/exhibitor/1S005LHQD,0,
"Ningbo Peak & Lead Industry Co., Ltd","Ningbo Peak & Lead Industry Co., Ltd",Chinese Mainland,"Founded in 2003, Peak & Lead , former China-Base home textile department, is one of the leading home textile manufacturers and exporters in China. Qualified by the audits and certificates BSCI, SMETA, OEKO-TEX standard 100, Global Recycled Standard, Peak & Lead has been the top supplier of Walmart, Amazon, Disney, Aldi, Auchan and Carrefour over decades. One in 55 consumers across the world has been enjoying Peak & Lead products and services.","Founded in 2003, Peak & Lead , former China-Base home textile department, is one of the leading home textile manufacturers and exporters in China. Qualified by the audits and certificates BSCI, SMETA, OEKO-TEX standard 100, Global Recycled Standard, Peak & Lead has been the top supplier of Walmart, Amazon, Disney, Aldi, Auchan and Carrefour over decades. One in 55 consumers across the world has been enjoying Peak & Lead products and services.",,Exhibitor,Hong Kong Home InStyle 2025,3E-D30,Home Textiles,,1,,,"Baby Play Mat,Fabric Crafts,Fabric Decoration,Bed Linen,Pillows,Pillow Cases,Baby Towels,Cushion Cases,Cushions,General Filling; One of the leading home textile manufacturers and exporters in China.; ODM, OEM, OBM","Baby Play Mat,Fabric Crafts,Fabric Decoration,Bed Linen,Pillows,Pillow Cases,Baby Towels,Cushion Cases,Cushions,General Filling; One of the leading home textile manufacturers and exporters in China.; ODM, OEM, OBM",https://www.hktdc.com/event/homeinstyle/en/exhibitor/1S005G7L2,0,
"Ningbo Saiyi Plastic Industry Co., Ltd.","Ningbo Saiyi Plastic Industry Co., Ltd.",Chinese Mainland,Bed Linen,Bed Linen,,Exhibitor,Hong Kong Home InStyle 2025,3D-E05,World of Fine Decor,,1,,,"Bed Linen; Pillow, Mattress; ODM, OEM","Bed Linen; Pillow, Mattress; ODM, OEM",https://www.hktdc.com/event/homeinstyle/en/exhibitor/1S005MOTX,0,
"Ningbo Viclion Imp. & Exp. Co., Ltd.","Ningbo Viclion Imp. & Exp. Co., Ltd.",Chinese Mainland,"Since1999, We have been dedicated to provide solutions for manufacturing consumer package items in China.We closely work with your product designer to make items from blue print to a good quality well build item.","Since1999, We have been dedicated to provide solutions for manufacturing consumer package items in China.We closely work with your product designer to make items from blue print to a good quality well build item.",,Exhibitor,Hong Kong Home InStyle 2025,3E-B06,World of Fine Dining,,1,,,"Kettle,Coffee Pot,Coffee Set,Cup,Cup & Plate Set,Tea Pot,Tea Set; coffee press , coffee cup, tea port , tea cup ,water bottle; ODM, OEM","Kettle,Coffee Pot,Coffee Set,Cup,Cup & Plate Set,Tea Pot,Tea Set; coffee press , coffee cup, tea port , tea cup ,water bottle; ODM, OEM",https://www.hktdc.com/event/homeinstyle/en/exhibitor/1S005G488,2,https://www.hktdc.com/event/homeinstyle/en/product/1Z03M1R8L; https://www.hktdc.com/event/homeinstyle/en/product/1Z03M1R8L
"Ningbo Wave Household Products Co., Ltd","Ningbo Wave Household Products Co., Ltd",Chinese Mainland,"Kettle,Cup,Tableware","Kettle,Cup,Tableware",,Exhibitor,Hong Kong Home InStyle 2025,3C-E09,World of Fine Dining,,1,,,"Kettle,Cup,Tableware; Water cup, lunch box; OEM","Kettle,Cup,Tableware; Water cup, lunch box; OEM",https://www.hktdc.com/event/homeinstyle/en/exhibitor/1S005KVP2,0,
"Ningbo Yongyi Daily Product Co., Ltd","Ningbo Yongyi Daily Product Co., Ltd",Chinese Mainland,"Mug,Bowl,Desk Organiser","Mug,Bowl,Desk Organiser",,Exhibitor,Hong Kong Home InStyle 2025,3E-E04,World of Fine Dining,,1,,,"Mug,Bowl,Desk Organiser; manufacturing of daily miscellaneous goods; manufacturing of plastic products;; Others","Mug,Bowl,Desk Organiser; manufacturing of daily miscellaneous goods; manufacturing of plastic products;; Others",https://www.hktdc.com/event/homeinstyle/en/exhibitor/1S005LC59,0,
Qingdao Huahongxing Plastic Co Ltd,Qingdao Huahongxing Plastic Co Ltd,Chinese Mainland,"Kitchen Utensil,Cling Wrap","Kitchen Utensil,Cling Wrap",,Exhibitor,Hong Kong Home InStyle 2025,3E-B18,World of Fine Dining,Chinese Mainland (Shandong) Pavilion,1,,,"Kitchen Utensil,Cling Wrap; LDPE ziplock bag and LDPE slider zipper bag, made of food grade materials and suitable for kitchen storage.; OEM","Kitchen Utensil,Cling Wrap; LDPE ziplock bag and LDPE slider zipper bag, made of food grade materials and suitable for kitchen storage.; OEM",https://www.hktdc.com/event/homeinstyle/en/exhibitor/1S005H3GL,0,
"Qixian Hongyuan Glass Products Co., Ltd.","Qixian Hongyuan Glass Products Co., Ltd.",Chinese Mainland,Tableware,Tableware,,Exhibitor,Hong Kong Home InStyle 2025,3D-E13,World of Fine Decor,,1,,,"Tableware; Glass, ceramic, wood drinking ware; OEM, ODM","Tableware; Glass, ceramic, wood drinking ware; OEM, ODM",https://www.hktdc.com/event/homeinstyle/en/exhibitor/1S005LBSD,0,
Richful Homewares Limited,Richful Homewares Limited,Chinese Mainland,"Kitchen Utensil,Tableware","Kitchen Utensil,Tableware",,Exhibitor,Hong Kong Home InStyle 2025,3E-A08,World of Fine Dining,,1,,,"Kitchen Utensil,Tableware; Tableware; OEM, ODM, OBM","Kitchen Utensil,Tableware; Tableware; OEM, ODM, OBM",https://www.hktdc.com/event/homeinstyle/en/exhibitor/1S005L0QU,0,
"Shenzhen Sygama Technology Co., Ltd.","Shenzhen Sygama Technology Co., Ltd.",Chinese Mainland,"Shenzhen Sygama Technology Co., Ltd. is a progressive and innovative company offering unique solutions to our customers' needs while adapting to the ever changing technology in the market. With many years of experience and knowledge in the audio and electronics industry, SYGAMA takes pride in presenting an extensive state-of-the-art product line. We continuously strive to provide the latest and greatest products that today's technology has to offer, without eliminating the standards of quality. Our company operates with the core purpose of providing quality products at competitive prices with superior customer service. With innovation and durability powered by IBOMB at SYGAMA, SYGAMA engineers and designers are developing more and more new breed of electronic & audio products. We will create more ideas for you. SYGAMA - We believe in our quality!","Shenzhen Sygama Technology Co., Ltd. is a progressive and innovative company offering unique solutions to our customers' needs while adapting to the ever changing technology in the market. With many years of experience and knowledge in the audio and electronics industry, SYGAMA takes pride in presenting an extensive state-of-the-art product line. We continuously strive to provide the latest and greatest products that today's technology has to offer, without eliminating the standards of quality. Our company operates with the core purpose of providing quality products at competitive prices with superior customer service. With innovation and durability powered by IBOMB at SYGAMA, SYGAMA engineers and designers are developing more and more new breed of electronic & audio products. We will create more ideas for you. SYGAMA - We believe in our quality!",,Exhibitor,Hong Kong Home InStyle 2025,3E-D11,World of Fine Dining,Cantonese Business Go Global,1,,,"Camping & Picnic Equipment,Karaoke Equipment,Computer Peripherals & Accessories,Electrical Appliance,Game Player Accessories,Gaming Headset,Consumer Electronics,Christmas Supply; IBomb Bluetooth Speakers, Earbuds and Headphones.; OEM, ODM","Camping & Picnic Equipment,Karaoke Equipment,Computer Peripherals & Accessories,Electrical Appliance,Game Player Accessories,Gaming Headset,Consumer Electronics,Christmas Supply; IBomb Bluetooth Speakers, Earbuds and Headphones.; OEM, ODM",https://www.hktdc.com/event/homeinstyle/en/exhibitor/1S005LK6Y,0,
"Taisun Tech. (Zhongshan) Co., Ltd.","Taisun Tech. (Zhongshan) Co., Ltd.",Chinese Mainland,Kitchen Utensil,Kitchen Utensil,,Exhibitor,Hong Kong Home InStyle 2025,3E-E16,World of Fine Dining,Cantonese Business Go Global,1,,,"Kitchen Utensil; Whetstone, sharpener; OEM","Kitchen Utensil; Whetstone, sharpener; OEM",https://www.hktdc.com/event/homeinstyle/en/exhibitor/1S005KBRG,2,https://www.hktdc.com/event/homeinstyle/en/product/1X238YMK; https://www.hktdc.com/event/homeinstyle/en/product/1X238YMK
"Taizhou Huangyan Rifa Molding Co., Ltd","Taizhou Huangyan Rifa Molding Co., Ltd",Chinese Mainland,"Thermal Flask,Thermal Mug,Kitchen Utensil,Cup,Mug","Thermal Flask,Thermal Mug,Kitchen Utensil,Cup,Mug",,Exhibitor,Hong Kong Home InStyle 2025,3E-D17,World of Fine Dining,,1,,,"Thermal Flask,Thermal Mug,Kitchen Utensil,Cup,Mug; Plastic Household Products; OEM","Thermal Flask,Thermal Mug,Kitchen Utensil,Cup,Mug; Plastic Household Products; OEM",https://www.hktdc.com/event/homeinstyle/en/exhibitor/1S005L8X1,0,
"Taizhou Shike Plastics Co., Ltd","Taizhou Shike Plastics Co., Ltd",Chinese Mainland,"Thermal Mug,Cup","Thermal Mug,Cup",,Exhibitor,Hong Kong Home InStyle 2025,3D-E06,World of Fine Decor,,1,,,"Thermal Mug,Cup; Plastic sport water bottle,glass water bottle we can custom logo and color that you want.Also,We can develop molds according to the product shape you want; OEM, ODM","Thermal Mug,Cup; Plastic sport water bottle,glass water bottle we can custom logo and color that you want.Also,We can develop molds according to the product shape you want; OEM, ODM",https://www.hktdc.com/event/homeinstyle/en/exhibitor/1S005KVIN,0,
Wellsili Houseware Industry Co Ltd,Wellsili Houseware Industry Co Ltd,Chinese Mainland,"Tableware,Food Box","Tableware,Food Box",,Exhibitor,Hong Kong Home InStyle 2025,3E-D16,World of Fine Dining,Cantonese Business Go Global,1,,,"Tableware,Food Box; Tableware, food box; ODM, OEM","Tableware,Food Box; Tableware, food box; ODM, OEM",https://www.hktdc.com/event/homeinstyle/en/exhibitor/1S005KBW1,40,https://www.hktdc.com/event/homeinstyle/en/product/1Z03O0FZO; https://www.hktdc.com/event/homeinstyle/en/product/1Z03O0FZO; https://www.hktdc.com/event/homeinstyle/en/product/1Z03O0FFC; https://www.hktdc.com/event/homeinstyle/en/product/1Z03O0FFC; https://www.hktdc.com/event/homeinstyle/en/product/1Z03O00JF; https://www.hktdc.com/event/homeinstyle/en/product/1Z03O00JF; https://www.hktdc.com/event/homeinstyle/en/product/1Z03O0D0N; https://www.hktdc.com/event/homeinstyle/en/product/1Z03O0D0N; https://www.hktdc.com/event/homeinstyle/en/product/1Z03O0CI6; https://www.hktdc.com/event/homeinstyle/en/product/1Z03O0CI6; https://www.hktdc.com/event/homeinstyle/en/product/1Z03O0C4C; https://www.hktdc.com/event/homeinstyle/en/product/1Z03O0C4C; https://www.hktdc.com/event/homeinstyle/en/product/1Z03O0A75; https://www.hktdc.com/event/homeinstyle/en/product/1Z03O0A75; https://www.hktdc.com/event/homeinstyle/en/product/1Z03O0BCP; https://www.hktdc.com/event/homeinstyle/en/product/1Z03O0BCP; https://www.hktdc.com/event/homeinstyle/en/product/1Z03O09OR; https://www.hktdc.com/event/homeinstyle/en/product/1Z03O09OR; https://www.hktdc.com/event/homeinstyle/en/product/1Z03O0AXZ; https://www.hktdc.com/event/homeinstyle/en/product/1Z03O0AXZ; https://www.hktdc.com/event/homeinstyle/en/product/1Z03O0WP1; https://www.hktdc.com/event/homeinstyle/en/product/1Z03O0WP1; https://www.hktdc.com/event/homeinstyle/en/product/1Z03O0O0C; https://www.hktdc.com/event/homeinstyle/en/product/1Z03O0O0C; https://www.hktdc.com/event/homeinstyle/en/product/1Z03O0NDA; https://www.hktdc.com/event/homeinstyle/en/product/1Z03O0NDA; https://www.hktdc.com/event/homeinstyle/en/product/1Z03O0MWQ; https://www.hktdc.com/event/homeinstyle/en/product/1Z03O0MWQ; https://www.hktdc.com/event/homeinstyle/en/product/1Z03O0M8Q; https://www.hktdc.com/event/homeinstyle/en/product/1Z03O0M8Q; https://www.hktdc.com/event/homeinstyle/en/product/1Z03O0K0G; https://www.hktdc.com/event/homeinstyle/en/product/1Z03O0K0G; https://www.hktdc.com/event/homeinstyle/en/product/1Z03O0IWU; https://www.hktdc.com/event/homeinstyle/en/product/1Z03O0IWU; https://www.hktdc.com/event/homeinstyle/en/product/1Z03O0IDF; https://www.hktdc.com/event/homeinstyle/en/product/1Z03O0IDF; https://www.hktdc.com/event/homeinstyle/en/product/1Z03O0GU2; https://www.hktdc.com/event/homeinstyle/en/product/1Z03O0GU2; https://www.hktdc.com/event/homeinstyle/en/product/1Z03O0GI2; https://www.hktdc.com/event/homeinstyle/en/product/1Z03O0GI2
"Xiamen Shunstone Homeware Co., Ltd.","Xiamen Shunstone Homeware Co., Ltd.",Chinese Mainland,"Wine Glass,Mug","Wine Glass,Mug",,Exhibitor,Hong Kong Home InStyle 2025,3E-C18,World of Fine Dining,,1,,,"Wine Glass,Mug; Wine Accessories Set/Whiskey Stone Set /Whiskey Glass/Wine Glass etc; ODM, OEM","Wine Glass,Mug; Wine Accessories Set/Whiskey Stone Set /Whiskey Glass/Wine Glass etc; ODM, OEM",https://www.hktdc.com/event/homeinstyle/en/exhibitor/1S005LC0O,0,
"Yangjiang Aivy Industry & Trade Co.,Ltd","Yangjiang Aivy Industry & Trade Co.,Ltd",Chinese Mainland,"Cookware,Kitchen Utensil,Food Box","Cookware,Kitchen Utensil,Food Box",,Exhibitor,Hong Kong Home InStyle 2025,3E-C17,World of Fine Dining,Cantonese Business Go Global,1,,,"Cookware,Kitchen Utensil,Food Box; Airtight container, Kitchen Unit; OEM","Cookware,Kitchen Utensil,Food Box; Airtight container, Kitchen Unit; OEM",https://www.hktdc.com/event/homeinstyle/en/exhibitor/1S005GMUW,40,https://www.hktdc.com/event/homeinstyle/en/product/1Z03NWNPA; https://www.hktdc.com/event/homeinstyle/en/product/1Z03NWNPA; https://www.hktdc.com/event/homeinstyle/en/product/1Z03NWN34; https://www.hktdc.com/event/homeinstyle/en/product/1Z03NWN34; https://www.hktdc.com/event/homeinstyle/en/product/1Z03NWMHZ; https://www.hktdc.com/event/homeinstyle/en/product/1Z03NWMHZ; https://www.hktdc.com/event/homeinstyle/en/product/1Z03NWQD7; https://www.hktdc.com/event/homeinstyle/en/product/1Z03NWQD7; https://www.hktdc.com/event/homeinstyle/en/product/1Z03NWNVS; https://www.hktdc.com/event/homeinstyle/en/product/1Z03NWNVS; https://www.hktdc.com/event/homeinstyle/en/product/1Z03NWNS1; https://www.hktdc.com/event/homeinstyle/en/product/1Z03NWNS1; https://www.hktdc.com/event/homeinstyle/en/product/1Z03NWNJS; https://www.hktdc.com/event/homeinstyle/en/product/1Z03NWNJS; https://www.hktdc.com/event/homeinstyle/en/product/1Z03NWNBG; https://www.hktdc.com/event/homeinstyle/en/product/1Z03NWNBG; https://www.hktdc.com/event/homeinstyle/en/product/1Z03NZIOI; https://www.hktdc.com/event/homeinstyle/en/product/1Z03NZIOI; https://www.hktdc.com/event/homeinstyle/en/product/1Z03NWNDA; https://www.hktdc.com/event/homeinstyle/en/product/1Z03NWNDA; https://www.hktdc.com/event/homeinstyle/en/product/1Z03NWMXN; https://www.hktdc.com/event/homeinstyle/en/product/1Z03NWMXN; https://www.hktdc.com/event/homeinstyle/en/product/1Z03NZIU0; https://www.hktdc.com/event/homeinstyle/en/product/1Z03NZIU0; https://www.hktdc.com/event/homeinstyle/en/product/1Z03NO4IE; https://www.hktdc.com/event/homeinstyle/en/product/1Z03NO4IE; https://www.hktdc.com/event/homeinstyle/en/product/1Z03NO4Y2; https://www.hktdc.com/event/homeinstyle/en/product/1Z03NO4Y2; https://www.hktdc.com/event/homeinstyle/en/product/1Z03NWNHY; https://www.hktdc.com/event/homeinstyle/en/product/1Z03NWNHY; https://www.hktdc.com/event/homeinstyle/en/product/1Z03NO4TH; https://www.hktdc.com/event/homeinstyle/en/product/1Z03NO4TH; https://www.hktdc.com/event/homeinstyle/en/product/1Z03NO4QQ; https://www.hktdc.com/event/homeinstyle/en/product/1Z03NO4QQ; https://www.hktdc.com/event/homeinstyle/en/product/1Z03NO57A; https://www.hktdc.com/event/homeinstyle/en/product/1Z03NO57A; https://www.hktdc.com/event/homeinstyle/en/product/1Z03NU6K6; https://www.hktdc.com/event/homeinstyle/en/product/1Z03NU6K6; https://www.hktdc.com/event/homeinstyle/en/product/1Z03NO594; https://www.hktdc.com/event/homeinstyle/en/product/1Z03NO594
"Yangjiang Fortyfive Industry and Trade Co., Ltd","Yangjiang Fortyfive Industry and Trade Co., Ltd",Chinese Mainland,Kitchen Utensil,Kitchen Utensil,,Exhibitor,Hong Kong Home InStyle 2025,3E-D09,World of Fine Dining,Cantonese Business Go Global,1,,,"Kitchen Utensil; kitchenware; ODM, OBM, OEM","Kitchen Utensil; kitchenware; ODM, OBM, OEM",https://www.hktdc.com/event/homeinstyle/en/exhibitor/1S005LHPG,22,https://www.hktdc.com/event/homeinstyle/en/product/1Z03O1OHX; https://www.hktdc.com/event/homeinstyle/en/product/1Z03O1OHX; https://www.hktdc.com/event/homeinstyle/en/product/1Z03O1OUU; https://www.hktdc.com/event/homeinstyle/en/product/1Z03O1OUU; https://www.hktdc.com/event/homeinstyle/en/product/1Z03O1O6U; https://www.hktdc.com/event/homeinstyle/en/product/1Z03O1O6U; https://www.hktdc.com/event/homeinstyle/en/product/1Z03O1DRE; https://www.hktdc.com/event/homeinstyle/en/product/1Z03O1DRE; https://www.hktdc.com/event/homeinstyle/en/product/1Z03O0RD6; https://www.hktdc.com/event/homeinstyle/en/product/1Z03O0RD6; https://www.hktdc.com/event/homeinstyle/en/product/1Z03NZ8X1; https://www.hktdc.com/event/homeinstyle/en/product/1Z03NZ8X1; https://www.hktdc.com/event/homeinstyle/en/product/1Z03O0J52; https://www.hktdc.com/event/homeinstyle/en/product/1Z03O0J52; https://www.hktdc.com/event/homeinstyle/en/product/1Z03NZ9K3; https://www.hktdc.com/event/homeinstyle/en/product/1Z03NZ9K3; https://www.hktdc.com/event/homeinstyle/en/product/1Z03NYN41; https://www.hktdc.com/event/homeinstyle/en/product/1Z03NYN41; https://www.hktdc.com/event/homeinstyle/en/product/1Z03O1IMO; https://www.hktdc.com/event/homeinstyle/en/product/1Z03O1IMO; https://www.hktdc.com/event/homeinstyle/en/product/1Z03NZ8J7; https://www.hktdc.com/event/homeinstyle/en/product/1Z03NZ8J7
"Yangjiang Haoyuan Industry And Trade Co., Ltd","Yangjiang Haoyuan Industry And Trade Co., Ltd",Chinese Mainland,"Our companyis a comprehensive manufacturer in westernGuangdong.Since the establishment of our company,Has beenOEM Europe and the United States and domestic well-knownbrands have 15 years of production experience. We are themain production of hardware,silicone and other productsproduction and processing company,has a complete sectionLearn the quality management system. Our integrity,strengthand product quality has been obtained in the industryGet therecognition of our customers. Welcome friends from all walksof life to visit, guidance and business negotiations!","Our companyis a comprehensive manufacturer in westernGuangdong.Since the establishment of our company,Has beenOEM Europe and the United States and domestic well-knownbrands have 15 years of production experience. We are themain production of hardware,silicone and other productsproduction and processing company,has a complete sectionLearn the quality management system. Our integrity,strengthand product quality has been obtained in the industryGet therecognition of our customers. Welcome friends from all walksof life to visit, guidance and business negotiations!",,Exhibitor,Hong Kong Home InStyle 2025,3E-A11,World of Fine Dining,Cantonese Business Go Global,1,,,"Baking Mold,Baking Tool,Grill Pan,Bakeware,Cutlery Set,Spoon,Table Knife,Measuring Cup,Plate,Frying Pan; Main business: Measuring cups and spoons; Outdoor grills; Kitchen utensils and accessories.; OBM, ODM, OEM","Baking Mold,Baking Tool,Grill Pan,Bakeware,Cutlery Set,Spoon,Table Knife,Measuring Cup,Plate,Frying Pan; Main business: Measuring cups and spoons; Outdoor grills; Kitchen utensils and accessories.; OBM, ODM, OEM",https://www.hktdc.com/event/homeinstyle/en/exhibitor/1S005LC4C,4,https://www.hktdc.com/event/homeinstyle/en/product/1Z03NO54J; https://www.hktdc.com/event/homeinstyle/en/product/1Z03NO54J; https://www.hktdc.com/event/homeinstyle/en/product/1Z03NO5ID; https://www.hktdc.com/event/homeinstyle/en/product/1Z03NO5ID
"Yangjiang Jiacheng Industry and Trade Co., Ltd.","Yangjiang Jiacheng Industry and Trade Co., Ltd.",Chinese Mainland,"Kitchen Knife,Kitchen Utensil","Kitchen Knife,Kitchen Utensil",,Exhibitor,Hong Kong Home InStyle 2025,3E-E14,World of Fine Dining,Cantonese Business Go Global,1,,,"Kitchen Knife,Kitchen Utensil; Multi Tool, Wire Stripping Pliers, Multifunction Carabiner, Bottle Opener,  Promotional Gift Knife; OEM","Kitchen Knife,Kitchen Utensil; Multi Tool, Wire Stripping Pliers, Multifunction Carabiner, Bottle Opener,  Promotional Gift Knife; OEM",https://www.hktdc.com/event/homeinstyle/en/exhibitor/1S005KCU6,0,
"Yangjiang Leadsharp Industrial and Trading Co., Limited","Yangjiang Leadsharp Industrial and Trading Co., Limited",Chinese Mainland,Kitchen Knife,Kitchen Knife,,Exhibitor,Hong Kong Home InStyle 2025,3E-E07,World of Fine Dining,Cantonese Business Go Global,1,,,Kitchen Knife; Outdoor knives; Others,Kitchen Knife; Outdoor knives; Others,https://www.hktdc.com/event/homeinstyle/en/exhibitor/1S005KCDL,0,
"Yangjiang Yangdong Jinxing Hardware Plastic Co., Ltd","Yangjiang Yangdong Jinxing Hardware Plastic Co., Ltd",Chinese Mainland,"YANGJIANG YANGDONG JINXING HARDWARE PLASTIC CO.,LTD is a facory. Our produce line is houseware and kitchen gadget. We are professional in aluminium alloy produce, zinc alloy produce and stainless steel kitchen gadget.","YANGJIANG YANGDONG JINXING HARDWARE PLASTIC CO.,LTD is a facory. Our produce line is houseware and kitchen gadget. We are professional in aluminium alloy produce, zinc alloy produce and stainless steel kitchen gadget.",,Exhibitor,Hong Kong Home InStyle 2025,3E-B11,World of Fine Dining,Cantonese Business Go Global,1,,,"Grill Pan,Saucepan,Kitchen Knife,Cutlery Set,Table Knife,Kitchen Utensil,Serving Utensil,Kitchen Gloves,Decanter,Frying Pan; our produce is high quality, annd pass FDA standard.; ODM, OEM, OBM","Grill Pan,Saucepan,Kitchen Knife,Cutlery Set,Table Knife,Kitchen Utensil,Serving Utensil,Kitchen Gloves,Decanter,Frying Pan; our produce is high quality, annd pass FDA standard.; ODM, OEM, OBM",https://www.hktdc.com/event/homeinstyle/en/exhibitor/1S005LX7I,0,
"Yangjiang Yangdong Wellier Industry & Trade Co., Ltd","Yangjiang Yangdong Wellier Industry & Trade Co., Ltd",Chinese Mainland,"Yangjiang Wellier Industry and Trade Co., Ltd. is located in the knife and scissors capital of China - Yangjiang City, Guangdong Province. The company is specialized in the production of outdoor knives, kitchen knives, scissors and other products of the enterprise. Products are sold all over the country and year-round best-selling Europe, America and Southeast Asia and so on. The company's advanced equipment technology, strong technical force, product quality is stable. The company has always adhered to the enterprise purpose of ""quality first, reputation first"" , and the business philosophy of ""people-oriented, scientific and technological innovation, integrity and win-win cooperation"".","Yangjiang Wellier Industry and Trade Co., Ltd. is located in the knife and scissors capital of China - Yangjiang City, Guangdong Province. The company is specialized in the production of outdoor knives, kitchen knives, scissors and other products of the enterprise. Products are sold all over the country and year-round best-selling Europe, America and Southeast Asia and so on. The company's advanced equipment technology, strong technical force, product quality is stable. The company has always adhered to the enterprise purpose of ""quality first, reputation first"" , and the business philosophy of ""people-oriented, scientific and technological innovation, integrity and win-win cooperation"".",,Exhibitor,Hong Kong Home InStyle 2025,3E-C06,World of Fine Dining,Cantonese Business Go Global,1,,,"Bakeware,Kitchen Knife,Cutlery Set,Table Knife,Measuring Cup,Tableware,Barware Set,Corkscrew,Wine Rack,Tea Set; Hunting knifepocket knife diving knife;non stick kitchen knife;
kitchen knife;dinner knife;Scissors;kitchen scissors;office scissors;
craft scissors;pinking scissors;drape scissors;multifunction; ODM, OBM, OEM","Bakeware,Kitchen Knife,Cutlery Set,Table Knife,Measuring Cup,Tableware,Barware Set,Corkscrew,Wine Rack,Tea Set; Hunting knifepocket knife diving knife;non stick kitchen knife;
kitchen knife;dinner knife;Scissors;kitchen scissors;office scissors;
craft scissors;pinking scissors;drape scissors;multifunction; ODM, OBM, OEM",https://www.hktdc.com/event/homeinstyle/en/exhibitor/1S005LHMP,0,
"Yongkang Beiv Housewares Co., Ltd","Yongkang Beiv Housewares Co., Ltd",Chinese Mainland,"Mug,Tea Pot","Mug,Tea Pot",,Exhibitor,Hong Kong Home InStyle 2025,3D-E16,World of Fine Decor,,1,,,"Mug,Tea Pot; STAINLESS STEEL CUPS AND BOTTLES; OEM, ODM","Mug,Tea Pot; STAINLESS STEEL CUPS AND BOTTLES; OEM, ODM",https://www.hktdc.com/event/homeinstyle/en/exhibitor/1S005LBXY,0,
Yongkang Benyang Hotel Supplies Co Ltd,Yongkang Benyang Hotel Supplies Co Ltd,Chinese Mainland,Kitchen Utensil,Kitchen Utensil,,Exhibitor,Hong Kong Home InStyle 2025,3E-B10,World of Fine Dining,,1,,,"Kitchen Utensil; Arcylic tableware; OEM, ODM","Kitchen Utensil; Arcylic tableware; OEM, ODM",https://www.hktdc.com/event/homeinstyle/en/exhibitor/1S005LBQJ,0,
"Yongkang City Manxingero Industry & Trade Co., Ltd.","Yongkang City Manxingero Industry & Trade Co., Ltd.",Chinese Mainland,Cookware,Cookware,,Exhibitor,Hong Kong Home InStyle 2025,3E-B27,World of Fine Dining,,1,,,"Cookware; Aluminiium non-stick cookware; ODM, OEM","Cookware; Aluminiium non-stick cookware; ODM, OEM",https://www.hktdc.com/event/homeinstyle/en/exhibitor/1S005LC9X,0,
"Yongkang Jiabin Industry & Trade Co., Ltd.","Yongkang Jiabin Industry & Trade Co., Ltd.",Chinese Mainland,Grill Pan,Grill Pan,,Exhibitor,Hong Kong Home InStyle 2025,3E-B08,World of Fine Dining,,1,,,"Grill Pan; Water bottles; ODM, OEM","Grill Pan; Water bottles; ODM, OEM",https://www.hktdc.com/event/homeinstyle/en/exhibitor/1S005LBPM,0,
Yongkang Jianyang Metals Company Limited,Yongkang Jianyang Metals Company Limited,Chinese Mainland,Coffee Set,Coffee Set,,Exhibitor,Hong Kong Home InStyle 2025,3E-A15,World of Fine Dining,,1,,,"Coffee Set; Coffee mug; OEM, ODM","Coffee Set; Coffee mug; OEM, ODM",https://www.hktdc.com/event/homeinstyle/en/exhibitor/1S005LBLY,0,
"Yongkang Shanshanqian Indusrty & Trade Co., Ltd","Yongkang Shanshanqian Indusrty & Trade Co., Ltd",Chinese Mainland,"Thermal Flask,Thermal Mug","Thermal Flask,Thermal Mug",,Exhibitor,Hong Kong Home InStyle 2025,3E-C09,World of Fine Dining,,1,,,"Thermal Flask,Thermal Mug; Coffee Cup; OEM","Thermal Flask,Thermal Mug; Coffee Cup; OEM",https://www.hktdc.com/event/homeinstyle/en/exhibitor/1S005KVN8,0,
Zhejiang Baohui Kitchenware Company Limited,Zhejiang Baohui Kitchenware Company Limited,Chinese Mainland,"Saucepan,Coffee Pot,Coffee Set,Food Steamer","Saucepan,Coffee Pot,Coffee Set,Food Steamer",,Exhibitor,Hong Kong Home InStyle 2025,3E-F09,World of Fine Dining,,1,,,"Saucepan,Coffee Pot,Coffee Set,Food Steamer; coffeemaker, pan, induction plate; ODM, OEM","Saucepan,Coffee Pot,Coffee Set,Food Steamer; coffeemaker, pan, induction plate; ODM, OEM",https://www.hktdc.com/event/homeinstyle/en/exhibitor/1S005K45H,0,
"Zhejiang Jingbang Industry And Trade Co., Ltd","Zhejiang Jingbang Industry And Trade Co., Ltd",Chinese Mainland,Thermal Mug,Thermal Mug,,Exhibitor,Hong Kong Home InStyle 2025,3D-E28,World of Fine Dining,,1,,,"Thermal Mug; Cup; OEM, ODM","Thermal Mug; Cup; OEM, ODM",https://www.hktdc.com/event/homeinstyle/en/exhibitor/1S005LBYV,0,
"Zhejiang Vicky Household Co., Ltd.","Zhejiang Vicky Household Co., Ltd.",Chinese Mainland,Thermal Mug,Thermal Mug,,Exhibitor,Hong Kong Home InStyle 2025,3E-B17,World of Fine Dining,,1,,,"Thermal Mug; Zhejiang Vicky Household Co.,Ltd is a professional manufacturer 
and exporter of kitchen household goods with customers all over Europe,America,Southeast Asia,Japan,South Korea and other countries. 
Support OEM,ODM, products can pass lfgb,lga etc..; ODM, OEM","Thermal Mug; Zhejiang Vicky Household Co.,Ltd is a professional manufacturer 
and exporter of kitchen household goods with customers all over Europe,America,Southeast Asia,Japan,South Korea and other countries. 
Support OEM,ODM, products can pass lfgb,lga etc..; ODM, OEM",https://www.hktdc.com/event/homeinstyle/en/exhibitor/1S005LHOJ,0,
"Zhejiang Xianju J.C.A Crafts Co., Ltd.","Zhejiang Xianju J.C.A Crafts Co., Ltd.",Chinese Mainland,Knitting Crafts,Knitting Crafts,,Exhibitor,Hong Kong Home InStyle 2025,3D-D15,World of Fine Decor,,1,,,"Knitting Crafts; Home Decoration; OBM, OEM, ODM","Knitting Crafts; Home Decoration; OBM, OEM, ODM",https://www.hktdc.com/event/homeinstyle/en/exhibitor/1S005KDH8,0,
"Zhejiang Yaxing Imp & Exp Co., Ltd.","Zhejiang Yaxing Imp & Exp Co., Ltd.",Chinese Mainland,Plastic Crafts,Plastic Crafts,,Exhibitor,Hong Kong Home InStyle 2025,3E-A10,World of Fine Decor,,1,,,"Plastic Crafts; Plastic handicrafts; ODM, OEM","Plastic Crafts; Plastic handicrafts; ODM, OEM",https://www.hktdc.com/event/homeinstyle/en/exhibitor/1S005K43N,2,https://www.hktdc.com/event/homeinstyle/en/product/1Z03NY62O; https://www.hktdc.com/event/homeinstyle/en/product/1Z03NY62O
"Zhejiang Yesheng Polymer Technology Co., Ltd","Zhejiang Yesheng Polymer Technology Co., Ltd",Chinese Mainland,"Functional Fabric,Slippers,Cushions","Functional Fabric,Slippers,Cushions",,Exhibitor,Hong Kong Home InStyle 2025,3D-D08,World of Fine Decor,,1,,,"Functional Fabric,Slippers,Cushions; Insole; OEM","Functional Fabric,Slippers,Cushions; Insole; OEM",https://www.hktdc.com/event/homeinstyle/en/exhibitor/1S005KCQI,0,
"Zhejiang Zheda Hardware Co., Ltd.","Zhejiang Zheda Hardware Co., Ltd.",Chinese Mainland,Kitchen Utensil,Kitchen Utensil,,Exhibitor,Hong Kong Home InStyle 2025,3E-C15,World of Fine Dining,,1,,,"Kitchen Utensil; Thermometer, timer; ODM","Kitchen Utensil; Thermometer, timer; ODM",https://www.hktdc.com/event/homeinstyle/en/exhibitor/1S005GRP6,0,
"Zibo Highsoon International Trading Co., Ltd.","Zibo Highsoon International Trading Co., Ltd.",Chinese Mainland,"Cookware,Cutlery Set,Kitchen Utensil,Cup,Mug,Cup & Plate Set,Mixing Bowl,Cup Cover,Bar Accessories,Barware Set","Cookware,Cutlery Set,Kitchen Utensil,Cup,Mug,Cup & Plate Set,Mixing Bowl,Cup Cover,Bar Accessories,Barware Set",,Exhibitor,Hong Kong Home InStyle 2025,3D-E11,World of Fine Decor,Chinese Mainland (Shandong) Pavilion,1,,,"Cookware,Cutlery Set,Kitchen Utensil,Cup,Mug,Cup & Plate Set,Mixing Bowl,Cup Cover,Bar Accessories,Barware Set; Mug; OBM, OEM, ODM","Cookware,Cutlery Set,Kitchen Utensil,Cup,Mug,Cup & Plate Set,Mixing Bowl,Cup Cover,Bar Accessories,Barware Set; Mug; OBM, OEM, ODM",https://www.hktdc.com/event/homeinstyle/en/exhibitor/1S005H3K9,0,
"Zibo Lucky Ship International Trading Co., Ltd","Zibo Lucky Ship International Trading Co., Ltd",Chinese Mainland,"Zibo Jihang Trading Co., Ltd. is a joint venture enterprise specializing in the export of glassware, as well as a company Having processing and production capabilities as well as independent export rights. The company has a group of high-quality professional technical designers dedicated to research and development. The company has an experienced, energetic, and innovative young team and a group of professional personnel, constantly improving the after-sales service system. The company has partners from different sources in various regions of China, and has a comprehensive market development and after-sales service management plan. High product quality and fast service. The main products include glass storage jars, vases, glass bottles, oil bottles, household items, etc., as well as light bottles, spray bottles, decorative flasks, electroplated bottles, etc. The company's products are exported to Europe and America, with an annual sales revenue of 3 million US dollars. With a strong professional R&D team and advanced service philosophy, the company never gives up on innovation. All of these have given our company a high reputation and market share. At the same time, we will adhere to the principle of ""Prime Minister's reputation, customer first"" as in the past, always adhering to","Zibo Jihang Trading Co., Ltd. is a joint venture enterprise specializing in the export of glassware, as well as a company Having processing and production capabilities as well as independent export rights. The company has a group of high-quality professional technical designers dedicated to research and development. The company has an experienced, energetic, and innovative young team and a group of professional personnel, constantly improving the after-sales service system. The company has partners from different sources in various regions of China, and has a comprehensive market development and after-sales service management plan. High product quality and fast service. The main products include glass storage jars, vases, glass bottles, oil bottles, household items, etc., as well as light bottles, spray bottles, decorative flasks, electroplated bottles, etc. The company's products are exported to Europe and America, with an annual sales revenue of 3 million US dollars. With a strong professional R&D team and advanced service philosophy, the company never gives up on innovation. All of these have given our company a high reputation and market share. At the same time, we will adhere to the principle of ""Prime Minister's reputation, customer first"" as in the past, always adhering to",,Exhibitor,Hong Kong Home InStyle 2025,3D-D06,World of Fine Decor,,1,,,"Thermal Flask,Thermal Mug,Vacuum Flask,Measuring Cup,Cup; GLASS BOTTLE; Others","Thermal Flask,Thermal Mug,Vacuum Flask,Measuring Cup,Cup; GLASS BOTTLE; Others",https://www.hktdc.com/event/homeinstyle/en/exhibitor/1S005MNXM,0,
Gee Long Group Limited,Gee Long Group Limited,Hong Kong,"Gee Long Group produces for more than 20 years OEM,ODM and Promotional products and having our own brand THE SWINGING STICKS and NEW WAVE PENDULUM","Gee Long Group produces for more than 20 years OEM,ODM and Promotional products and having our own brand THE SWINGING STICKS and NEW WAVE PENDULUM",,Exhibitor,Hong Kong Home InStyle 2025,5E-K22,Cultural and Creative Avenue,,1,,,"Home Office Furniture,Hotel & Clubhouse Furniture,Living Room Furniture,Metal Craft,Sculpture,Art & Collectibles,Design Services & Brand Strategy; Gee Long Group produces for more than 20 years OEM,ODM and Promotional products and having our own brand THE SWINGING STICKS and NEW WAVE PENDULUM; ODM, Others, OBM, OEM","Home Office Furniture,Hotel & Clubhouse Furniture,Living Room Furniture,Metal Craft,Sculpture,Art & Collectibles,Design Services & Brand Strategy; Gee Long Group produces for more than 20 years OEM,ODM and Promotional products and having our own brand THE SWINGING STICKS and NEW WAVE PENDULUM; ODM, Others, OBM, OEM",https://www.hktdc.com/event/homeinstyle/en/exhibitor/1S005K976,32,https://www.hktdc.com/event/homeinstyle/en/product/1Z03LYBXY; https://www.hktdc.com/event/homeinstyle/en/product/1Z03LYBXY; https://www.hktdc.com/event/homeinstyle/en/product/1Z03LY8FJ; https://www.hktdc.com/event/homeinstyle/en/product/1Z03LY8FJ; https://www.hktdc.com/event/homeinstyle/en/product/1Z03LYBQJ; https://www.hktdc.com/event/homeinstyle/en/product/1Z03LYBQJ; https://www.hktdc.com/event/homeinstyle/en/product/1Z03LY71Q; https://www.hktdc.com/event/homeinstyle/en/product/1Z03LY71Q; https://www.hktdc.com/event/homeinstyle/en/product/1Z03LYAYW; https://www.hktdc.com/event/homeinstyle/en/product/1Z03LYAYW; https://www.hktdc.com/event/homeinstyle/en/product/1X2036OU; https://www.hktdc.com/event/homeinstyle/en/product/1X2036OU; https://www.hktdc.com/event/homeinstyle/en/product/1X2036NV; https://www.hktdc.com/event/homeinstyle/en/product/1X2036NV; https://www.hktdc.com/event/homeinstyle/en/product/1X2036MW; https://www.hktdc.com/event/homeinstyle/en/product/1X2036MW; https://www.hktdc.com/event/homeinstyle/en/product/1X1ZX8MQ; https://www.hktdc.com/event/homeinstyle/en/product/1X1ZX8MQ; https://www.hktdc.com/event/homeinstyle/en/product/1X1WMW39; https://www.hktdc.com/event/homeinstyle/en/product/1X1WMW39; https://www.hktdc.com/event/homeinstyle/en/product/1X1WBEP5; https://www.hktdc.com/event/homeinstyle/en/product/1X1WBEP5; https://www.hktdc.com/event/homeinstyle/en/product/1X1WBDJE; https://www.hktdc.com/event/homeinstyle/en/product/1X1WBDJE; https://www.hktdc.com/event/homeinstyle/en/product/1Z03LY5K7; https://www.hktdc.com/event/homeinstyle/en/product/1Z03LY5K7; https://www.hktdc.com/event/homeinstyle/en/product/1Z03LY4A2; https://www.hktdc.com/event/homeinstyle/en/product/1Z03LY4A2; https://www.hktdc.com/event/homeinstyle/en/product/1Z03LY36F; https://www.hktdc.com/event/homeinstyle/en/product/1Z03LY36F; https://www.hktdc.com/event/homeinstyle/en/product/1Z03LY1KB; https://www.hktdc.com/event/homeinstyle/en/product/1Z03LY1KB
Hong Luen Manufacturing Limited,Hong Luen Manufacturing Limited,Hong Kong,"Since 1992, Dongguan Zhongtang Kangsheng Household Products Factory has established a strong reputation as a manufacturer of high-quality wooden products. Our diverse range includes standard wooden items, from small daily accessories to large-size furniture. Moreover, we excel in creating custom designs and providing OEM solutions. We operate a factory in Dongguan with a dedicated team of approximately 80-100 workers who handle daily production. Our factory is equipped with various automated woodworking processing equipment, including edge banding machines, planers, etc. Regarding product sales, our market coverage spans countries worldwide. Primary markets include Japan, Europe, Asia, Australia, The United States, and The Middle East. Our factory's development centers around quality, exceptional service, and customer satisfaction. We continuously introduce reforms and innovations across all areas to meet customer needs and cultivate a positive corporate culture.","Since 1992, Dongguan Zhongtang Kangsheng Household Products Factory has established a strong reputation as a manufacturer of high-quality wooden products. Our diverse range includes standard wooden items, from small daily accessories to large-size furniture. Moreover, we excel in creating custom designs and providing OEM solutions. We operate a factory in Dongguan with a dedicated team of approximately 80-100 workers who handle daily production. Our factory is equipped with various automated woodworking processing equipment, including edge banding machines, planers, etc. Regarding product sales, our market coverage spans countries worldwide. Primary markets include Japan, Europe, Asia, Australia, The United States, and The Middle East. Our factory's development centers around quality, exceptional service, and customer satisfaction. We continuously introduce reforms and innovations across all areas to meet customer needs and cultivate a positive corporate culture.",,Exhibitor,Hong Kong Home InStyle 2025,5E-D13,Homepedia,,1,,,"Cutting Board,Tableware,Bathroom Accessories,Household Cleaning Tool,Hanger,Chair,Wood Crafts,Furniture & Furnishing Accessory,Bath Supplies,Massager; Main business: wooden shoe trees, hangers, wooden brushes, wooden cutting boards, wooden mirrors, wooden massage brushes, wooden boxes, wooden barrels, massagers, wooden frames, belt racks, tie racks, small wooden furniture, and other wooden products; ODM, OEM","Cutting Board,Tableware,Bathroom Accessories,Household Cleaning Tool,Hanger,Chair,Wood Crafts,Furniture & Furnishing Accessory,Bath Supplies,Massager; Main business: wooden shoe trees, hangers, wooden brushes, wooden cutting boards, wooden mirrors, wooden massage brushes, wooden boxes, wooden barrels, massagers, wooden frames, belt racks, tie racks, small wooden furniture, and other wooden products; ODM, OEM",https://www.hktdc.com/event/homeinstyle/en/exhibitor/1S005HS6Q,12,https://www.hktdc.com/event/homeinstyle/en/product/1X0SC769; https://www.hktdc.com/event/homeinstyle/en/product/1X0SC769; https://www.hktdc.com/event/homeinstyle/en/product/1X0IHXCX; https://www.hktdc.com/event/homeinstyle/en/product/1X0IHXCX; https://www.hktdc.com/event/homeinstyle/en/product/1X253I2G; https://www.hktdc.com/event/homeinstyle/en/product/1X253I2G; https://www.hktdc.com/event/homeinstyle/en/product/1X1PWDBM; https://www.hktdc.com/event/homeinstyle/en/product/1X1PWDBM; https://www.hktdc.com/event/homeinstyle/en/product/1X0SC787; https://www.hktdc.com/event/homeinstyle/en/product/1X0SC787; https://www.hktdc.com/event/homeinstyle/en/product/1X0JKPYZ; https://www.hktdc.com/event/homeinstyle/en/product/1X0JKPYZ
"Jinhua Feima Bag Co., Ltd.","Jinhua Feima Bag Co., Ltd.",Chinese Mainland,Shopping Bag,Shopping Bag,,Exhibitor,Hong Kong Home InStyle 2025,3C-E17,Cook & Dine,,1,,,"Shopping Bag; Bag; OEM, ODM","Shopping Bag; Bag; OEM, ODM",https://www.hktdc.com/event/homeinstyle/en/exhibitor/1S005LBRG,40,https://www.hktdc.com/event/homeinstyle/en/product/1Z03EEU13; https://www.hktdc.com/event/homeinstyle/en/product/1Z03EEU13; https://www.hktdc.com/event/homeinstyle/en/product/1Z03E9C66; https://www.hktdc.com/event/homeinstyle/en/product/1Z03E9C66; https://www.hktdc.com/event/homeinstyle/en/product/1Z03EEQCA; https://www.hktdc.com/event/homeinstyle/en/product/1Z03EEQCA; https://www.hktdc.com/event/homeinstyle/en/product/1X259PP8; https://www.hktdc.com/event/homeinstyle/en/product/1X259PP8; https://www.hktdc.com/event/homeinstyle/en/product/1X259PO9; https://www.hktdc.com/event/homeinstyle/en/product/1X259PO9; https://www.hktdc.com/event/homeinstyle/en/product/1X259PNA; https://www.hktdc.com/event/homeinstyle/en/product/1X259PNA; https://www.hktdc.com/event/homeinstyle/en/product/1X259PMB; https://www.hktdc.com/event/homeinstyle/en/product/1X259PMB; https://www.hktdc.com/event/homeinstyle/en/product/1X1PKJXI; https://www.hktdc.com/event/homeinstyle/en/product/1X1PKJXI; https://www.hktdc.com/event/homeinstyle/en/product/1X1PKJLU; https://www.hktdc.com/event/homeinstyle/en/product/1X1PKJLU; https://www.hktdc.com/event/homeinstyle/en/product/1X1PJNW7; https://www.hktdc.com/event/homeinstyle/en/product/1X1PJNW7; https://www.hktdc.com/event/homeinstyle/en/product/1X1PIBGN; https://www.hktdc.com/event/homeinstyle/en/product/1X1PIBGN; https://www.hktdc.com/event/homeinstyle/en/product/1X1PIB30; https://www.hktdc.com/event/homeinstyle/en/product/1X1PIB30; https://www.hktdc.com/event/homeinstyle/en/product/1X1PI9DW; https://www.hktdc.com/event/homeinstyle/en/product/1X1PI9DW; https://www.hktdc.com/event/homeinstyle/en/product/1X1PI8UI; https://www.hktdc.com/event/homeinstyle/en/product/1X1PI8UI; https://www.hktdc.com/event/homeinstyle/en/product/1X1PI8NP; https://www.hktdc.com/event/homeinstyle/en/product/1X1PI8NP; https://www.hktdc.com/event/homeinstyle/en/product/1X1PI8HV; https://www.hktdc.com/event/homeinstyle/en/product/1X1PI8HV; https://www.hktdc.com/event/homeinstyle/en/product/1X1PI2Q4; https://www.hktdc.com/event/homeinstyle/en/product/1X1PI2Q4; https://www.hktdc.com/event/homeinstyle/en/product/1X1PHBEP; https://www.hktdc.com/event/homeinstyle/en/product/1X1PHBEP; https://www.hktdc.com/event/homeinstyle/en/product/1X1PH6VN; https://www.hktdc.com/event/homeinstyle/en/product/1X1PH6VN; https://www.hktdc.com/event/homeinstyle/en/product/1X1PH6RR; https://www.hktdc.com/event/homeinstyle/en/product/1X1PH6RR
"Minhou Jiahe Trade Co., Ltd.","Minhou Jiahe Trade Co., Ltd.",Chinese Mainland,"Plastic Crafts,Decorative Bowl,Decorative Plate,Christmas Supply","Plastic Crafts,Decorative Bowl,Decorative Plate,Christmas Supply",,Exhibitor,Hong Kong Home InStyle 2025,3D-B25,Home Decor & Accessories,,1,,,"Plastic Crafts,Decorative Bowl,Decorative Plate,Christmas Supply; Plastic plate trays; OEM, OBM, ODM","Plastic Crafts,Decorative Bowl,Decorative Plate,Christmas Supply; Plastic plate trays; OEM, OBM, ODM",https://www.hktdc.com/event/homeinstyle/en/exhibitor/1S005L0O0,40,https://www.hktdc.com/event/homeinstyle/en/product/1X266OND; https://www.hktdc.com/event/homeinstyle/en/product/1X266OND; https://www.hktdc.com/event/homeinstyle/en/product/1X266ODN; https://www.hktdc.com/event/homeinstyle/en/product/1X266ODN; https://www.hktdc.com/event/homeinstyle/en/product/1X266NW7; https://www.hktdc.com/event/homeinstyle/en/product/1X266NW7; https://www.hktdc.com/event/homeinstyle/en/product/1X266FWV; https://www.hktdc.com/event/homeinstyle/en/product/1X266FWV; https://www.hktdc.com/event/homeinstyle/en/product/1X266FM5; https://www.hktdc.com/event/homeinstyle/en/product/1X266FM5; https://www.hktdc.com/event/homeinstyle/en/product/1X266F8J; https://www.hktdc.com/event/homeinstyle/en/product/1X266F8J; https://www.hktdc.com/event/homeinstyle/en/product/1X266CBP; https://www.hktdc.com/event/homeinstyle/en/product/1X266CBP; https://www.hktdc.com/event/homeinstyle/en/product/1X266B4Z; https://www.hktdc.com/event/homeinstyle/en/product/1X266B4Z; https://www.hktdc.com/event/homeinstyle/en/product/1X266ABV; https://www.hktdc.com/event/homeinstyle/en/product/1X266ABV; https://www.hktdc.com/event/homeinstyle/en/product/1X2667ZG; https://www.hktdc.com/event/homeinstyle/en/product/1X2667ZG; https://www.hktdc.com/event/homeinstyle/en/product/1X2667UL; https://www.hktdc.com/event/homeinstyle/en/product/1X2667UL; https://www.hktdc.com/event/homeinstyle/en/product/1X2667C3; https://www.hktdc.com/event/homeinstyle/en/product/1X2667C3; https://www.hktdc.com/event/homeinstyle/en/product/1X2664YQ; https://www.hktdc.com/event/homeinstyle/en/product/1X2664YQ; https://www.hktdc.com/event/homeinstyle/en/product/1X2664XR; https://www.hktdc.com/event/homeinstyle/en/product/1X2664XR; https://www.hktdc.com/event/homeinstyle/en/product/1X2663TY; https://www.hktdc.com/event/homeinstyle/en/product/1X2663TY; https://www.hktdc.com/event/homeinstyle/en/product/1X2663ED; https://www.hktdc.com/event/homeinstyle/en/product/1X2663ED; https://www.hktdc.com/event/homeinstyle/en/product/1X265ZLI; https://www.hktdc.com/event/homeinstyle/en/product/1X265ZLI; https://www.hktdc.com/event/homeinstyle/en/product/1X265ZDQ; https://www.hktdc.com/event/homeinstyle/en/product/1X265ZDQ; https://www.hktdc.com/event/homeinstyle/en/product/1X265Z30; https://www.hktdc.com/event/homeinstyle/en/product/1X265Z30; https://www.hktdc.com/event/homeinstyle/en/product/1X265YHP; https://www.hktdc.com/event/homeinstyle/en/product/1X265YHP
"Sunway (China3way) Co., Ltd","Sunway (China3way) Co., Ltd",Chinese Mainland,"Kitchen Utensil,Food Box,Fruit Basket","Kitchen Utensil,Food Box,Fruit Basket",,Exhibitor,Hong Kong Home InStyle 2025,3E-A42,Cook & Dine,Cantonese Business Go Global,1,,,"Kitchen Utensil,Food Box,Fruit Basket; KITCHEN; OEM","Kitchen Utensil,Food Box,Fruit Basket; KITCHEN; OEM",https://www.hktdc.com/event/homeinstyle/en/exhibitor/1S005HDJ2,14,https://www.hktdc.com/event/homeinstyle/en/product/1Z03NV42Q; https://www.hktdc.com/event/homeinstyle/en/product/1Z03NV42Q; https://www.hktdc.com/event/homeinstyle/en/product/1Z03NVI53; https://www.hktdc.com/event/homeinstyle/en/product/1Z03NVI53; https://www.hktdc.com/event/homeinstyle/en/product/1Z03NV4EQ; https://www.hktdc.com/event/homeinstyle/en/product/1Z03NV4EQ; https://www.hktdc.com/event/homeinstyle/en/product/1Z03NV3L6; https://www.hktdc.com/event/homeinstyle/en/product/1Z03NV3L6; https://www.hktdc.com/event/homeinstyle/en/product/1Z03NV4L5; https://www.hktdc.com/event/homeinstyle/en/product/1Z03NV4L5; https://www.hktdc.com/event/homeinstyle/en/product/1Z03NVI2C; https://www.hktdc.com/event/homeinstyle/en/product/1Z03NVI2C; https://www.hktdc.com/event/homeinstyle/en/product/1Z03NUQUS; https://www.hktdc.com/event/homeinstyle/en/product/1Z03NUQUS
Zhejiang Jupeng Drinkware Co Ltd,Zhejiang Jupeng Drinkware Co Ltd,Chinese Mainland,Tableware,Tableware,,Exhibitor,Hong Kong Home InStyle 2025,3C-E15,Cook & Dine,,1,,,"Tableware; CUP; ODM, OEM","Tableware; CUP; ODM, OEM",https://www.hktdc.com/event/homeinstyle/en/exhibitor/1S005LC1L,40,https://www.hktdc.com/event/homeinstyle/en/product/1Z03GBEDJ; https://www.hktdc.com/event/homeinstyle/en/product/1Z03GBEDJ; https://www.hktdc.com/event/homeinstyle/en/product/1Z03G2I0I; https://www.hktdc.com/event/homeinstyle/en/product/1Z03G2I0I; https://www.hktdc.com/event/homeinstyle/en/product/1Z03G59RI; https://www.hktdc.com/event/homeinstyle/en/product/1Z03G59RI; https://www.hktdc.com/event/homeinstyle/en/product/1Z03FXSE2; https://www.hktdc.com/event/homeinstyle/en/product/1Z03FXSE2; https://www.hktdc.com/event/homeinstyle/en/product/1Z03G2HT4; https://www.hktdc.com/event/homeinstyle/en/product/1Z03G2HT4; https://www.hktdc.com/event/homeinstyle/en/product/1Z03FY4RN; https://www.hktdc.com/event/homeinstyle/en/product/1Z03FY4RN; https://www.hktdc.com/event/homeinstyle/en/product/1Z03FXSC8; https://www.hktdc.com/event/homeinstyle/en/product/1Z03FXSC8; https://www.hktdc.com/event/homeinstyle/en/product/1Z03FYXZ6; https://www.hktdc.com/event/homeinstyle/en/product/1Z03FYXZ6; https://www.hktdc.com/event/homeinstyle/en/product/1Z03GBKH1; https://www.hktdc.com/event/homeinstyle/en/product/1Z03GBKH1; https://www.hktdc.com/event/homeinstyle/en/product/1Z03FYR6R; https://www.hktdc.com/event/homeinstyle/en/product/1Z03FYR6R; https://www.hktdc.com/event/homeinstyle/en/product/1Z03G517E; https://www.hktdc.com/event/homeinstyle/en/product/1Z03G517E; https://www.hktdc.com/event/homeinstyle/en/product/1Z03FXXHO; https://www.hktdc.com/event/homeinstyle/en/product/1Z03FXXHO; https://www.hktdc.com/event/homeinstyle/en/product/1Z03GAERD; https://www.hktdc.com/event/homeinstyle/en/product/1Z03GAERD; https://www.hktdc.com/event/homeinstyle/en/product/1Z03G7XY9; https://www.hktdc.com/event/homeinstyle/en/product/1Z03G7XY9; https://www.hktdc.com/event/homeinstyle/en/product/1Z03G5UXF; https://www.hktdc.com/event/homeinstyle/en/product/1Z03G5UXF; https://www.hktdc.com/event/homeinstyle/en/product/1Z03G5P8N; https://www.hktdc.com/event/homeinstyle/en/product/1Z03G5P8N; https://www.hktdc.com/event/homeinstyle/en/product/1Z03G2HS7; https://www.hktdc.com/event/homeinstyle/en/product/1Z03G2HS7; https://www.hktdc.com/event/homeinstyle/en/product/1Z03G27CT; https://www.hktdc.com/event/homeinstyle/en/product/1Z03G27CT; https://www.hktdc.com/event/homeinstyle/en/product/1Z03G1488; https://www.hktdc.com/event/homeinstyle/en/product/1Z03G1488; https://www.hktdc.com/event/homeinstyle/en/product/1Z03G59ZU; https://www.hktdc.com/event/homeinstyle/en/product/1Z03G59ZU
1001HK Limited,1001HK Limited,Hong Kong,"We create a lifestyle platform. Apart from our own brand products, we also have collected a variety of design brands from all over the world to gather products that meet your needs. We aim to inspire and empower individuals to live sustainably, revitalize their surroundings, and engage in meaningful experiences. It offers both an online portal and physical spaces where people can connect, learn and explore various aspects of revitalization, upcycling and experiential activities. We are more of a lifestyle platform than a store. We are not only selling nostalgic and fashionable customised products but also providing you with a variety of unique and new life experiences. 1001HK, the one and only!","We create a lifestyle platform. Apart from our own brand products, we also have collected a variety of design brands from all over the world to gather products that meet your needs. We aim to inspire and empower individuals to live sustainably, revitalize their surroundings, and engage in meaningful experiences. It offers both an online portal and physical spaces where people can connect, learn and explore various aspects of revitalization, upcycling and experiential activities. We are more of a lifestyle platform than a store. We are not only selling nostalgic and fashionable customised products but also providing you with a variety of unique and new life experiences. 1001HK, the one and only!",,Exhibitor,Hong Kong Home InStyle 2025,5E-K24,Cultural and Creative Avenue,,1,,,"Cutlery Set,Tableware,Barware Set,Dining Room Furniture,Living Room Furniture,Furniture & Furnishing Accessory; Our products are unique and eco friendly.; Others","Cutlery Set,Tableware,Barware Set,Dining Room Furniture,Living Room Furniture,Furniture & Furnishing Accessory; Our products are unique and eco friendly.; Others",https://www.hktdc.com/event/homeinstyle/en/exhibitor/1S005LO6U,6,https://www.hktdc.com/event/homeinstyle/en/product/1Z03O2BCP; https://www.hktdc.com/event/homeinstyle/en/product/1Z03O2BCP; https://www.hktdc.com/event/homeinstyle/en/product/1Z03O1LQ9; https://www.hktdc.com/event/homeinstyle/en/product/1Z03O1LQ9; https://www.hktdc.com/event/homeinstyle/en/product/1Z03O1LUX; https://www.hktdc.com/event/homeinstyle/en/product/1Z03O1LUX
AEfolio Limited,AEfolio Limited,Hong Kong,"AEfolio is a Hong Kong-based home decor company that focuses on beautiful handmade objects for living, all crafted in the finest glass. From vases and sculptures to lighting and fine jewelry, each piece in the collection has been designed to celebrate the beauty of glass: vivid colors, crystal-like clarity, and magical luminosity. Each piece is produced one at a time using traditional glassworking methods: hand blowing, casting, and fusing. We honor the scale of artisan production and ensure that every piece meets our high bar for quality.","AEfolio is a Hong Kong-based home decor company that focuses on beautiful handmade objects for living, all crafted in the finest glass. From vases and sculptures to lighting and fine jewelry, each piece in the collection has been designed to celebrate the beauty of glass: vivid colors, crystal-like clarity, and magical luminosity. Each piece is produced one at a time using traditional glassworking methods: hand blowing, casting, and fusing. We honor the scale of artisan production and ensure that every piece meets our high bar for quality.",,Exhibitor,Hong Kong Home InStyle 2025,3D-B37,Home Decor & Accessories,,1,,,"Flower Arrangement,Glass Crafts,Decorative Bowl,Decorative Plate,Wedding Supplies,Decorative Lamp,Lamp Shade,Christmas Supply; Each design in our collection is made by skilled artisans, using the highest-quality raw materials. The designs exemplify the unique and beautiful character of glass and are truly works of art.; OBM","Flower Arrangement,Glass Crafts,Decorative Bowl,Decorative Plate,Wedding Supplies,Decorative Lamp,Lamp Shade,Christmas Supply; Each design in our collection is made by skilled artisans, using the highest-quality raw materials. The designs exemplify the unique and beautiful character of glass and are truly works of art.; OBM",https://www.hktdc.com/event/homeinstyle/en/exhibitor/1S005FSUQ,40,https://www.hktdc.com/event/homeinstyle/en/product/1Z03JNWD1; https://www.hktdc.com/event/homeinstyle/en/product/1Z03JNWD1; https://www.hktdc.com/event/homeinstyle/en/product/1Z03JNNTY; https://www.hktdc.com/event/homeinstyle/en/product/1Z03JNNTY; https://www.hktdc.com/event/homeinstyle/en/product/1Z03JNTYD; https://www.hktdc.com/event/homeinstyle/en/product/1Z03JNTYD; https://www.hktdc.com/event/homeinstyle/en/product/1Z03JNH8V; https://www.hktdc.com/event/homeinstyle/en/product/1Z03JNH8V; https://www.hktdc.com/event/homeinstyle/en/product/1Z03JNLT0; https://www.hktdc.com/event/homeinstyle/en/product/1Z03JNLT0; https://www.hktdc.com/event/homeinstyle/en/product/1Z03JNME8; https://www.hktdc.com/event/homeinstyle/en/product/1Z03JNME8; https://www.hktdc.com/event/homeinstyle/en/product/1Z03JNFS9; https://www.hktdc.com/event/homeinstyle/en/product/1Z03JNFS9; https://www.hktdc.com/event/homeinstyle/en/product/1Z03JNS8K; https://www.hktdc.com/event/homeinstyle/en/product/1Z03JNS8K; https://www.hktdc.com/event/homeinstyle/en/product/1Z03JN7TE; https://www.hktdc.com/event/homeinstyle/en/product/1Z03JN7TE; https://www.hktdc.com/event/homeinstyle/en/product/1Z03JNT8J; https://www.hktdc.com/event/homeinstyle/en/product/1Z03JNT8J; https://www.hktdc.com/event/homeinstyle/en/product/1Z03JNQTV; https://www.hktdc.com/event/homeinstyle/en/product/1Z03JNQTV; https://www.hktdc.com/event/homeinstyle/en/product/1Z03JNM6W; https://www.hktdc.com/event/homeinstyle/en/product/1Z03JNM6W; https://www.hktdc.com/event/homeinstyle/en/product/1Z03JNTJM; https://www.hktdc.com/event/homeinstyle/en/product/1Z03JNTJM; https://www.hktdc.com/event/homeinstyle/en/product/1Z03JNQR1; https://www.hktdc.com/event/homeinstyle/en/product/1Z03JNQR1; https://www.hktdc.com/event/homeinstyle/en/product/1Z03JNTKJ; https://www.hktdc.com/event/homeinstyle/en/product/1Z03JNTKJ; https://www.hktdc.com/event/homeinstyle/en/product/1Z03JNP6T; https://www.hktdc.com/event/homeinstyle/en/product/1Z03JNP6T; https://www.hktdc.com/event/homeinstyle/en/product/1Z03JNUFX; https://www.hktdc.com/event/homeinstyle/en/product/1Z03JNUFX; https://www.hktdc.com/event/homeinstyle/en/product/1Z03JN7MZ; https://www.hktdc.com/event/homeinstyle/en/product/1Z03JN7MZ; https://www.hktdc.com/event/homeinstyle/en/product/1Z03JNOP9; https://www.hktdc.com/event/homeinstyle/en/product/1Z03JNOP9; https://www.hktdc.com/event/homeinstyle/en/product/1Z03JN54J; https://www.hktdc.com/event/homeinstyle/en/product/1Z03JN54J
Aw Enterprises Limited,Aw Enterprises Limited,Hong Kong,"We a professional Melamine Manufacturer in China for more than 20 years and specialize in manufacturing full range of high quality melamine Tableware, Children Dinner Sets, Kitchen Gadgets, Serving Trays, Pet Bowls, Planters and etc. All our products can pass the CE food safety test in EU, FDA, Prop 65, CPSIA in USA as well as Dishwasher Safe and are BPA and Phthalate Free. Our production team produce high quality melamine wares, our sales team provide professional services to ensure the delivery and quality of the goods shipped while the members in our creative department work hard to create new designs every season and monitor the printed colors of the designs ordered by the customers. We are well experience from local brands to worldwide brands, such as Coca Cola, Disney, Kelloggs, McDonalds, Peanuts, Precious Moment, and etc. Our customers include medium to large chain stores, branded restaurants and hotels. Our factory is Coca Cola, ISO90012015, BSCI, FAMA, SEDEX, WCA qualified and is one of the approved vendor of Avon, Dollar Generals, Hobby Lobby, Macys, Party City, Target and Walmart.","We a professional Melamine Manufacturer in China for more than 20 years and specialize in manufacturing full range of high quality melamine Tableware, Children Dinner Sets, Kitchen Gadgets, Serving Trays, Pet Bowls, Planters and etc. All our products can pass the CE food safety test in EU, FDA, Prop 65, CPSIA in USA as well as Dishwasher Safe and are BPA and Phthalate Free. Our production team produce high quality melamine wares, our sales team provide professional services to ensure the delivery and quality of the goods shipped while the members in our creative department work hard to create new designs every season and monitor the printed colors of the designs ordered by the customers. We are well experience from local brands to worldwide brands, such as Coca Cola, Disney, Kelloggs, McDonalds, Peanuts, Precious Moment, and etc. Our customers include medium to large chain stores, branded restaurants and hotels. Our factory is Coca Cola, ISO90012015, BSCI, FAMA, SEDEX, WCA qualified and is one of the approved vendor of Avon, Dollar Generals, Hobby Lobby, Macys, Party City, Target and Walmart.",,Exhibitor,Hong Kong Home InStyle 2025,3E-B28,Cook & Dine,,1,,,"Measuring Cup,Cup,Mug,Tableware,Dish,Plate,Bowl,Food Container,Measuring Spoon,Pet Bowl & Feeder; Melamine Tableware, Dinnerware set, Children Dinner ware Set, Plate, Bowl, Cup, Chip & Dip, coaster, Kitchen Gadgets, Measuring cups, Batter Bowl, Platters, Serving Tray, Cheese Board, Pet Bowl, Cookies Container, Planter; OEM, ODM, OBM","Measuring Cup,Cup,Mug,Tableware,Dish,Plate,Bowl,Food Container,Measuring Spoon,Pet Bowl & Feeder; Melamine Tableware, Dinnerware set, Children Dinner ware Set, Plate, Bowl, Cup, Chip & Dip, coaster, Kitchen Gadgets, Measuring cups, Batter Bowl, Platters, Serving Tray, Cheese Board, Pet Bowl, Cookies Container, Planter; OEM, ODM, OBM",https://www.hktdc.com/event/homeinstyle/en/exhibitor/1S005HGXT,40,https://www.hktdc.com/event/homeinstyle/en/product/1Z03NZJNK; https://www.hktdc.com/event/homeinstyle/en/product/1Z03NZJNK; https://www.hktdc.com/event/homeinstyle/en/product/1Z03NZJH2; https://www.hktdc.com/event/homeinstyle/en/product/1Z03NZJH2; https://www.hktdc.com/event/homeinstyle/en/product/1Z03LK594; https://www.hktdc.com/event/homeinstyle/en/product/1Z03LK594; https://www.hktdc.com/event/homeinstyle/en/product/1Z03LKC59; https://www.hktdc.com/event/homeinstyle/en/product/1Z03LKC59; https://www.hktdc.com/event/homeinstyle/en/product/1Z03LJRLI; https://www.hktdc.com/event/homeinstyle/en/product/1Z03LJRLI; https://www.hktdc.com/event/homeinstyle/en/product/1Z03LH6QO; https://www.hktdc.com/event/homeinstyle/en/product/1Z03LH6QO; https://www.hktdc.com/event/homeinstyle/en/product/1Z03LK0B3; https://www.hktdc.com/event/homeinstyle/en/product/1Z03LK0B3; https://www.hktdc.com/event/homeinstyle/en/product/1Z03LK08C; https://www.hktdc.com/event/homeinstyle/en/product/1Z03LK08C; https://www.hktdc.com/event/homeinstyle/en/product/1Z03LJYUK; https://www.hktdc.com/event/homeinstyle/en/product/1Z03LJYUK; https://www.hktdc.com/event/homeinstyle/en/product/1Z03LK0PX; https://www.hktdc.com/event/homeinstyle/en/product/1Z03LK0PX; https://www.hktdc.com/event/homeinstyle/en/product/1Z03LJZKD; https://www.hktdc.com/event/homeinstyle/en/product/1Z03LJZKD; https://www.hktdc.com/event/homeinstyle/en/product/1Z03LJZC1; https://www.hktdc.com/event/homeinstyle/en/product/1Z03LJZC1; https://www.hktdc.com/event/homeinstyle/en/product/1Z03LK099; https://www.hktdc.com/event/homeinstyle/en/product/1Z03LK099; https://www.hktdc.com/event/homeinstyle/en/product/1Z03LK1IH; https://www.hktdc.com/event/homeinstyle/en/product/1Z03LK1IH; https://www.hktdc.com/event/homeinstyle/en/product/1Z03LK0L9; https://www.hktdc.com/event/homeinstyle/en/product/1Z03LK0L9; https://www.hktdc.com/event/homeinstyle/en/product/1Z03LKBQJ; https://www.hktdc.com/event/homeinstyle/en/product/1Z03LKBQJ; https://www.hktdc.com/event/homeinstyle/en/product/1Z03LJYY8; https://www.hktdc.com/event/homeinstyle/en/product/1Z03LJYY8; https://www.hktdc.com/event/homeinstyle/en/product/1Z03LK1GN; https://www.hktdc.com/event/homeinstyle/en/product/1Z03LK1GN; https://www.hktdc.com/event/homeinstyle/en/product/1Z03LJYTN; https://www.hktdc.com/event/homeinstyle/en/product/1Z03LJYTN; https://www.hktdc.com/event/homeinstyle/en/product/1Z03LJYZ5; https://www.hktdc.com/event/homeinstyle/en/product/1Z03LJYZ5
Creative Home (HK) Limited,Creative Home (HK) Limited,Hong Kong,"Artificial Flower,Artificial Plant,Bonsai,Flower Arrangement,Decorative Lamp,Lamp Holder & Base","Artificial Flower,Artificial Plant,Bonsai,Flower Arrangement,Decorative Lamp,Lamp Holder & Base",,Exhibitor,Hong Kong Home InStyle 2025,3D-C37,Home Decor & Accessories,,1,,,"Artificial Flower,Artificial Plant,Bonsai,Flower Arrangement,Decorative Lamp,Lamp Holder & Base; Main Exports; OEM","Artificial Flower,Artificial Plant,Bonsai,Flower Arrangement,Decorative Lamp,Lamp Holder & Base; Main Exports; OEM",https://www.hktdc.com/event/homeinstyle/en/exhibitor/1S005H3FO,8,https://www.hktdc.com/event/homeinstyle/en/product/1Z03O211W; https://www.hktdc.com/event/homeinstyle/en/product/1Z03O211W; https://www.hktdc.com/event/homeinstyle/en/product/1Z03O21GN; https://www.hktdc.com/event/homeinstyle/en/product/1Z03O21GN; https://www.hktdc.com/event/homeinstyle/en/product/1Z03O21FQ; https://www.hktdc.com/event/homeinstyle/en/product/1Z03O21FQ; https://www.hktdc.com/event/homeinstyle/en/product/1Z03O1T7M; https://www.hktdc.com/event/homeinstyle/en/product/1Z03O1T7M
Golden Prospect Development Trading Co.,Golden Prospect Development Trading Co.,Hong Kong,"We are specialise in Gardenning watering can & kitchen item, we have more 15 years on manufacturing metal item. we have cooperated with many Euro market's clinet ( Aldi & REWE ..) & many wholesale client.","We are specialise in Gardenning watering can & kitchen item, we have more 15 years on manufacturing metal item. we have cooperated with many Euro market's clinet ( Aldi & REWE ..) & many wholesale client.",,Exhibitor,Hong Kong Home InStyle 2025,5E-A20,"Outdoor, Camping & Gardening",,1,,,"Barbecue Grill,Garden Tool; Golden Prospect development trading Co is a leading enterprise in the stainless steel industry. We specialize in manufacturing a wide range of high-quality stainless steel products, including kitchenware, watering can and industrial components.; OEM","Barbecue Grill,Garden Tool; Golden Prospect development trading Co is a leading enterprise in the stainless steel industry. We specialize in manufacturing a wide range of high-quality stainless steel products, including kitchenware, watering can and industrial components.; OEM",https://www.hktdc.com/event/homeinstyle/en/exhibitor/1S005JMTZ,20,https://www.hktdc.com/event/homeinstyle/en/product/1X1YQJVK; https://www.hktdc.com/event/homeinstyle/en/product/1X1YQJVK; https://www.hktdc.com/event/homeinstyle/en/product/1X1YQJUL; https://www.hktdc.com/event/homeinstyle/en/product/1X1YQJUL; https://www.hktdc.com/event/homeinstyle/en/product/1X1YQJTM; https://www.hktdc.com/event/homeinstyle/en/product/1X1YQJTM; https://www.hktdc.com/event/homeinstyle/en/product/1X1YQJSN; https://www.hktdc.com/event/homeinstyle/en/product/1X1YQJSN; https://www.hktdc.com/event/homeinstyle/en/product/1X1YQJRO; https://www.hktdc.com/event/homeinstyle/en/product/1X1YQJRO; https://www.hktdc.com/event/homeinstyle/en/product/1X1YQJQP; https://www.hktdc.com/event/homeinstyle/en/product/1X1YQJQP; https://www.hktdc.com/event/homeinstyle/en/product/1X1YQJPQ; https://www.hktdc.com/event/homeinstyle/en/product/1X1YQJPQ; https://www.hktdc.com/event/homeinstyle/en/product/1X1YQJOR; https://www.hktdc.com/event/homeinstyle/en/product/1X1YQJOR; https://www.hktdc.com/event/homeinstyle/en/product/1X1YQJNS; https://www.hktdc.com/event/homeinstyle/en/product/1X1YQJNS; https://www.hktdc.com/event/homeinstyle/en/product/1X1YQJMT; https://www.hktdc.com/event/homeinstyle/en/product/1X1YQJMT
Green All Group Limited,Green All Group Limited,Hong Kong,Green All Group Ltd is a leading manufacturer / trading company on the home Accessories especially engaged in the glass/metal products. More than 20 years experience with our honesty on doing business we are enjoying good reputation among our customers.,Green All Group Ltd is a leading manufacturer / trading company on the home Accessories especially engaged in the glass/metal products. More than 20 years experience with our honesty on doing business we are enjoying good reputation among our customers.,,Exhibitor,Hong Kong Home InStyle 2025,3D-B34,Home Decor & Accessories,,1,,,"Candlestick Holder,Glass Crafts,Metal Craft,Resin Crafts,Photo Frame,Christmas Supply; GLASS JWL BOX, GLASS TRAY, METAL JWL STAND, GLASS CHRISTMAS DECOR, GLASS PHOTO FRAME, GLASS ORGANIZER, POLYRESIN ORGANIZER; ODM, OEM","Candlestick Holder,Glass Crafts,Metal Craft,Resin Crafts,Photo Frame,Christmas Supply; GLASS JWL BOX, GLASS TRAY, METAL JWL STAND, GLASS CHRISTMAS DECOR, GLASS PHOTO FRAME, GLASS ORGANIZER, POLYRESIN ORGANIZER; ODM, OEM",https://www.hktdc.com/event/homeinstyle/en/exhibitor/1S005HB5A,12,https://www.hktdc.com/event/homeinstyle/en/product/1Z03NZHT4; https://www.hktdc.com/event/homeinstyle/en/product/1Z03NZHT4; https://www.hktdc.com/event/homeinstyle/en/product/1Z03NR9TC; https://www.hktdc.com/event/homeinstyle/en/product/1Z03NR9TC; https://www.hktdc.com/event/homeinstyle/en/product/1Z03NDUVL; https://www.hktdc.com/event/homeinstyle/en/product/1Z03NDUVL; https://www.hktdc.com/event/homeinstyle/en/product/1Z03NDUXF; https://www.hktdc.com/event/homeinstyle/en/product/1Z03NDUXF; https://www.hktdc.com/event/homeinstyle/en/product/1Z03NDUSU; https://www.hktdc.com/event/homeinstyle/en/product/1Z03NDUSU; https://www.hktdc.com/event/homeinstyle/en/product/1Z03NDURX; https://www.hktdc.com/event/homeinstyle/en/product/1Z03NDURX
HK Life Improvement Company Limited,HK Life Improvement Company Limited,Hong Kong,"We are a 3D design company and making 3D design product, specialized in sculpture design and character design. We are also a non-profit organization registered under IRO section 88 and focus on exploring the different ability people's strength, so that they can contribute to the society. We give the 3D design training to different ability people and hire them to be 3D designers, so that they can contribute to our society. Until now, we provided 3D training to over 50 different ability people and hired 3 hearing impaired and one ADHA people as our 3D designers. We believe, only if there is equal opportunity and social inclusion, everybody is talent.","We are a 3D design company and making 3D design product, specialized in sculpture design and character design. We are also a non-profit organization registered under IRO section 88 and focus on exploring the different ability people's strength, so that they can contribute to the society. We give the 3D design training to different ability people and hire them to be 3D designers, so that they can contribute to our society. Until now, we provided 3D training to over 50 different ability people and hired 3 hearing impaired and one ADHA people as our 3D designers. We believe, only if there is equal opportunity and social inclusion, everybody is talent.",,Exhibitor,Hong Kong Home InStyle 2025,5E-L21,Cultural and Creative Avenue,,1,,,"Metal Craft,Plastic Crafts,Resin Crafts,Wood Crafts,Sculpture,Art & Collectibles,Wall Decoration & Hangings,Product Research and Development Service; Decorative product for home decor and building/concourse showcase, Bronze statue, Wooden decoration; OEM, ODM, OBM","Metal Craft,Plastic Crafts,Resin Crafts,Wood Crafts,Sculpture,Art & Collectibles,Wall Decoration & Hangings,Product Research and Development Service; Decorative product for home decor and building/concourse showcase, Bronze statue, Wooden decoration; OEM, ODM, OBM",https://www.hktdc.com/event/homeinstyle/en/exhibitor/1S005LK1D,4,https://www.hktdc.com/event/homeinstyle/en/product/1Z03M24X5; https://www.hktdc.com/event/homeinstyle/en/product/1Z03M24X5; https://www.hktdc.com/event/homeinstyle/en/product/1Z03M24ZZ; https://www.hktdc.com/event/homeinstyle/en/product/1Z03M24ZZ
Hohenstein Laboratories (HK) Limited,Hohenstein Laboratories (HK) Limited,Hong Kong,"Hohenstein was founded in 1946. As a German family-owned company with 79 years of experience in testing, certification, and research and development, Hohenstein's testing business is rooted in the textile industry. Over the years, the scope of testing has expanded to include light industrial products. As the founder and standard drafter of the OEKO-TEX? Association, Hohenstein can provide professional technical support to companies throughout the textile supply chain. Today, Hohenstein has subsidiaries in more than 40 countries and regions around the world and employs approximately 1,500 people. In 2007, it set up its China headquarters in Shanghai. In 2011, Hohenstein established its first laboratory in the Greater China region in Hong Kong, China. The Shanghai laboratory was inaugurated in 2022. In addition, Hohenstein has set up offices in Guangzhou, Ningbo, Fuzhou, Qingdao and ShenZhen. We are committed to using our expertise to tailor testing services and solutions to the individual needs of textile and light manufacturing companies, helping them to successfully bring their products to the international market.","Hohenstein was founded in 1946. As a German family-owned company with 79 years of experience in testing, certification, and research and development, Hohenstein's testing business is rooted in the textile industry. Over the years, the scope of testing has expanded to include light industrial products. As the founder and standard drafter of the OEKO-TEX? Association, Hohenstein can provide professional technical support to companies throughout the textile supply chain. Today, Hohenstein has subsidiaries in more than 40 countries and regions around the world and employs approximately 1,500 people. In 2007, it set up its China headquarters in Shanghai. In 2011, Hohenstein established its first laboratory in the Greater China region in Hong Kong, China. The Shanghai laboratory was inaugurated in 2022. In addition, Hohenstein has set up offices in Guangzhou, Ningbo, Fuzhou, Qingdao and ShenZhen. We are committed to using our expertise to tailor testing services and solutions to the individual needs of textile and light manufacturing companies, helping them to successfully bring their products to the international market.",,Exhibitor,Hong Kong Home InStyle 2025,5E-D01,Trade Services,,1,,,"Quality & Laboratory Testing Service; Tests for Textiles
· OEKO-TEX Portfolio
· Harmful substances
· Sustainability
· Performance Testing

Tests for Hardline Goods
· Mechanical safety test
· Fit-for-use test
· Chemical safety test
· Artwork check
· Hohenstein Quality Label; Others","Quality & Laboratory Testing Service; Tests for Textiles
· OEKO-TEX Portfolio
· Harmful substances
· Sustainability
· Performance Testing

Tests for Hardline Goods
· Mechanical safety test
· Fit-for-use test
· Chemical safety test
· Artwork check
· Hohenstein Quality Label; Others",https://www.hktdc.com/event/homeinstyle/en/exhibitor/1S005LTE1,0,
Homelover Products Limited,Homelover Products Limited,Hong Kong,"Established in 1982, Homelover Products Limited, a subsidiary of Philip Lo Group Limited, is a well-established manufacturer and exporter of high-quality stainless steel kitchenware items for both household and catering sectors. Their mission is to produce premium quality kitchenware and tableware products that are both socially responsible and environmentally friendly. Homelover believes sustainability is the key to saving the environment for future generations. In recent years, Homelover Products have expanded their product line to producing superior tableware items, manufactured from sustainable materials that are biodegradable, chemical and plastic-free and are industrially compostable. Homelover aims to supply eco-friendly products that provide an efficient ecological footprint which can enhance our daily lives.","Established in 1982, Homelover Products Limited, a subsidiary of Philip Lo Group Limited, is a well-established manufacturer and exporter of high-quality stainless steel kitchenware items for both household and catering sectors. Their mission is to produce premium quality kitchenware and tableware products that are both socially responsible and environmentally friendly. Homelover believes sustainability is the key to saving the environment for future generations. In recent years, Homelover Products have expanded their product line to producing superior tableware items, manufactured from sustainable materials that are biodegradable, chemical and plastic-free and are industrially compostable. Homelover aims to supply eco-friendly products that provide an efficient ecological footprint which can enhance our daily lives.",,Exhibitor,Hong Kong Home InStyle 2025,5E-L15,Cultural and Creative Avenue,,1,,,"Cookware,Cutlery Set,Cutting Board,Kitchen Utensil,Tabletop Accessories,Tableware,Drinking Straw,Food Container,Tea Set,Bio-Degradable Product; High-quality stainless steel kitchenware for both household and catering sectors; 100% biodegradable & compostable rice husk fibre tableware and kitchenware.; OEM, ODM","Cookware,Cutlery Set,Cutting Board,Kitchen Utensil,Tabletop Accessories,Tableware,Drinking Straw,Food Container,Tea Set,Bio-Degradable Product; High-quality stainless steel kitchenware for both household and catering sectors; 100% biodegradable & compostable rice husk fibre tableware and kitchenware.; OEM, ODM",https://www.hktdc.com/event/homeinstyle/en/exhibitor/1S005K969,24,https://www.hktdc.com/event/homeinstyle/en/product/1Z03KN9OR; https://www.hktdc.com/event/homeinstyle/en/product/1Z03KN9OR; https://www.hktdc.com/event/homeinstyle/en/product/1Z03KSE64; https://www.hktdc.com/event/homeinstyle/en/product/1Z03KSE64; https://www.hktdc.com/event/homeinstyle/en/product/1Z03K8G1H; https://www.hktdc.com/event/homeinstyle/en/product/1Z03K8G1H; https://www.hktdc.com/event/homeinstyle/en/product/1Z03K8G0K; https://www.hktdc.com/event/homeinstyle/en/product/1Z03K8G0K; https://www.hktdc.com/event/homeinstyle/en/product/1Z03JPA2K; https://www.hktdc.com/event/homeinstyle/en/product/1Z03JPA2K; https://www.hktdc.com/event/homeinstyle/en/product/1Z03JPGCK; https://www.hktdc.com/event/homeinstyle/en/product/1Z03JPGCK; https://www.hktdc.com/event/homeinstyle/en/product/1Z03JPD3E; https://www.hktdc.com/event/homeinstyle/en/product/1Z03JPD3E; https://www.hktdc.com/event/homeinstyle/en/product/1Z03JPFCL; https://www.hktdc.com/event/homeinstyle/en/product/1Z03JPFCL; https://www.hktdc.com/event/homeinstyle/en/product/1Z03JOK44; https://www.hktdc.com/event/homeinstyle/en/product/1Z03JOK44; https://www.hktdc.com/event/homeinstyle/en/product/1Z03JPGVZ; https://www.hktdc.com/event/homeinstyle/en/product/1Z03JPGVZ; https://www.hktdc.com/event/homeinstyle/en/product/1Z03JPHMP; https://www.hktdc.com/event/homeinstyle/en/product/1Z03JPHMP; https://www.hktdc.com/event/homeinstyle/en/product/1Z03JPG48; https://www.hktdc.com/event/homeinstyle/en/product/1Z03JPG48
Hongkong Goldlong Industrial Limited,Hongkong Goldlong Industrial Limited,Hong Kong,"Hong Kong Goldlong Industrial Limited is a manufacturer and sourcing company of kitchen and household supplies with well-equipped testing facilities and a strong technical force. With a wide range, good quality, reasonable prices, and stylish designs, our products are extensively used in stainless steel products and other industries. Our products are widely recognized and trusted by users and can meet continuously changing economic and social needs. We welcome new and old customers from all over the world to contact us for future business relationships and mutual success!","Hong Kong Goldlong Industrial Limited is a manufacturer and sourcing company of kitchen and household supplies with well-equipped testing facilities and a strong technical force. With a wide range, good quality, reasonable prices, and stylish designs, our products are extensively used in stainless steel products and other industries. Our products are widely recognized and trusted by users and can meet continuously changing economic and social needs. We welcome new and old customers from all over the world to contact us for future business relationships and mutual success!",,Exhibitor,Hong Kong Home InStyle 2025,3D-D27,Cook & Dine,,1,,,"Baking Mold,Baking Tool,Bakeware,Dish Rack,Measuring Cup,Kitchen Utensil,Coffee Set,Barware Set,Measuring Spoon,Can Opener; Our products include but are not limited to kitchen gadgets, food tongs, cutting boards, kitchen utensils, baking tools, vacuum flasks, coffee & tea accessories, bar accessories, wine accessories and etc.; OEM","Baking Mold,Baking Tool,Bakeware,Dish Rack,Measuring Cup,Kitchen Utensil,Coffee Set,Barware Set,Measuring Spoon,Can Opener; Our products include but are not limited to kitchen gadgets, food tongs, cutting boards, kitchen utensils, baking tools, vacuum flasks, coffee & tea accessories, bar accessories, wine accessories and etc.; OEM",https://www.hktdc.com/event/homeinstyle/en/exhibitor/1S005FSQ2,6,https://www.hktdc.com/event/homeinstyle/en/product/1Z03LRB1M; https://www.hktdc.com/event/homeinstyle/en/product/1Z03LRB1M; https://www.hktdc.com/event/homeinstyle/en/product/1Z03M3KG4; https://www.hktdc.com/event/homeinstyle/en/product/1Z03M3KG4; https://www.hktdc.com/event/homeinstyle/en/product/1Z03M3VO5; https://www.hktdc.com/event/homeinstyle/en/product/1Z03M3VO5
"Jakenel Hardware Co., Limited","Jakenel Hardware Co., Limited",Hong Kong,"JAKENEL hardware Co., Ltd. is a professional HOUSEHOLD hardware factory, HONGKONG company. Our head office is in HONGKONG. Made of quality stainless steel, brass and zinc alloy, our products have been selling well in more than 30 countries. Moreover, relying on qualified engineers, well-trained production staff, we are manufacturing products following the strict quality control procedures, which have helped us satisfy customers changing needs in a positive manner. Providing Quality Products, Excellent Service, Competitive Prices and Prompt Delivery, we are now looking forward to even greater cooperation with overseas customers based on mutual benefits. Also, we will be pleased to develop special OEM models for all customers. Please contact us now for more information.","JAKENEL hardware Co., Ltd. is a professional HOUSEHOLD hardware factory, HONGKONG company. Our head office is in HONGKONG. Made of quality stainless steel, brass and zinc alloy, our products have been selling well in more than 30 countries. Moreover, relying on qualified engineers, well-trained production staff, we are manufacturing products following the strict quality control procedures, which have helped us satisfy customers changing needs in a positive manner. Providing Quality Products, Excellent Service, Competitive Prices and Prompt Delivery, we are now looking forward to even greater cooperation with overseas customers based on mutual benefits. Also, we will be pleased to develop special OEM models for all customers. Please contact us now for more information.",,Exhibitor,Hong Kong Home InStyle 2025,3E-B29,Cook & Dine,,1,,,"Dish Rack,Kitchen Utensil,Coffee Set,Disposable Tableware,Fruit Basket,Bar Accessories; COAT HOOK, TOWEL RACK, COFFEE CANISTER, COFFEE TAMPER, COAT HANGER,; OBM, OEM, ODM","Dish Rack,Kitchen Utensil,Coffee Set,Disposable Tableware,Fruit Basket,Bar Accessories; COAT HOOK, TOWEL RACK, COFFEE CANISTER, COFFEE TAMPER, COAT HANGER,; OBM, OEM, ODM",https://www.hktdc.com/event/homeinstyle/en/exhibitor/1S005FSRZ,8,https://www.hktdc.com/event/homeinstyle/en/product/1Z03O27CT; https://www.hktdc.com/event/homeinstyle/en/product/1Z03O27CT; https://www.hktdc.com/event/homeinstyle/en/product/1Z03O27DQ; https://www.hktdc.com/event/homeinstyle/en/product/1Z03O27DQ; https://www.hktdc.com/event/homeinstyle/en/product/1Z03O27BW; https://www.hktdc.com/event/homeinstyle/en/product/1Z03O27BW; https://www.hktdc.com/event/homeinstyle/en/product/1Z03O27EN; https://www.hktdc.com/event/homeinstyle/en/product/1Z03O27EN
Mosi Design Limited,Mosi Design Limited,Hong Kong,"Mosi mosi is a human-centered studio that aims to promote social inclusion through design and education projects. The name ""Mosi mosi"" comes from the Cantonese pronunciation of the phrase ""There's no worry"". No matter what difficulties we are facing in life, there's no worry if we hold a strong belief in ourselves. We collaborate with differently abled artists to design premium gift and lifestyle products to raise awareness of social needs. We also work with corporates on CSR and ESG projects to create positive impacts to the society.","Mosi mosi is a human-centered studio that aims to promote social inclusion through design and education projects. The name ""Mosi mosi"" comes from the Cantonese pronunciation of the phrase ""There's no worry"". No matter what difficulties we are facing in life, there's no worry if we hold a strong belief in ourselves. We collaborate with differently abled artists to design premium gift and lifestyle products to raise awareness of social needs. We also work with corporates on CSR and ESG projects to create positive impacts to the society.",,Exhibitor,Hong Kong Home InStyle 2025,5E-K28,Cultural and Creative Avenue,,1,,,"Umbrella,Thermal Flask,Cup,Knitting Crafts,Furniture & Furnishing Accessory,Art & Collectibles,Blankets,Bath Towels,Design Services & Brand Strategy,Product Research and Development Service; Mosi mosi is a human-centered design studio that collaborating with differently able people.
Mosi products such as blankets, umbrellas, cups, and thermoses, allows for inclusivity to become a part of everyday life.; OEM","Umbrella,Thermal Flask,Cup,Knitting Crafts,Furniture & Furnishing Accessory,Art & Collectibles,Blankets,Bath Towels,Design Services & Brand Strategy,Product Research and Development Service; Mosi mosi is a human-centered design studio that collaborating with differently able people.
Mosi products such as blankets, umbrellas, cups, and thermoses, allows for inclusivity to become a part of everyday life.; OEM",https://www.hktdc.com/event/homeinstyle/en/exhibitor/1S005MAFH,2,https://www.hktdc.com/event/homeinstyle/en/product/1Z03O3N7S; https://www.hktdc.com/event/homeinstyle/en/product/1Z03O3N7S
Ngar Tat Production Factory Limited,Ngar Tat Production Factory Limited,Hong Kong,"Ngar Tat Production Fty. Ltd., a manufacturer specializes in producing artificial flowers & plants, has been established since 1991. Head office is based in Hong Kong with showrooms over 400 sqm and our own factory is located in Huizhou, China. Product ranges cover from the simple picks, floral stems, seasonal bouquets to the garlands & mats. There are different choices of materials like PE with natural colors, fabrics showing the unique color pattern & PU giving the real touch feels! Our masters & most of the workers have been working with us since the start of company, demonstrating the inherited fine skills and craftmanship! We keep monitoring the market and develop the up-trending product lines with our European designers. Beside our own products, both ODM & OEM projects are welcome!","Ngar Tat Production Fty. Ltd., a manufacturer specializes in producing artificial flowers & plants, has been established since 1991. Head office is based in Hong Kong with showrooms over 400 sqm and our own factory is located in Huizhou, China. Product ranges cover from the simple picks, floral stems, seasonal bouquets to the garlands & mats. There are different choices of materials like PE with natural colors, fabrics showing the unique color pattern & PU giving the real touch feels! Our masters & most of the workers have been working with us since the start of company, demonstrating the inherited fine skills and craftmanship! We keep monitoring the market and develop the up-trending product lines with our European designers. Beside our own products, both ODM & OEM projects are welcome!",,Exhibitor,Hong Kong Home InStyle 2025,3D-A44,Home Decor & Accessories,,1,,,"Wreath,Artificial Flower,Artificial Plant,Dried Flower,Imitation Food, Fruit & Vegetable,Wedding Supplies,Wall Decoration & Hangings,Christmas Supply,Halloween Supply; Product Areas:
Pot Item - Resin, Glass, Ceramic
Single stem
Wreath, arrangement, bushes
PVC box gift item
Customer's design
Product Development: A design team is led by western designers.; ODM, OEM","Wreath,Artificial Flower,Artificial Plant,Dried Flower,Imitation Food, Fruit & Vegetable,Wedding Supplies,Wall Decoration & Hangings,Christmas Supply,Halloween Supply; Product Areas:
Pot Item - Resin, Glass, Ceramic
Single stem
Wreath, arrangement, bushes
PVC box gift item
Customer's design
Product Development: A design team is led by western designers.; ODM, OEM",https://www.hktdc.com/event/homeinstyle/en/exhibitor/1S005K990,10,https://www.hktdc.com/event/homeinstyle/en/product/1Z03O3HFA; https://www.hktdc.com/event/homeinstyle/en/product/1Z03O3HFA; https://www.hktdc.com/event/homeinstyle/en/product/1Z03O3HAP; https://www.hktdc.com/event/homeinstyle/en/product/1Z03O3HAP; https://www.hktdc.com/event/homeinstyle/en/product/1Z03O3FU3; https://www.hktdc.com/event/homeinstyle/en/product/1Z03O3FU3; https://www.hktdc.com/event/homeinstyle/en/product/1Z03O3HDG; https://www.hktdc.com/event/homeinstyle/en/product/1Z03O3HDG; https://www.hktdc.com/event/homeinstyle/en/product/1Z03O3HED; https://www.hktdc.com/event/homeinstyle/en/product/1Z03O3HED
Pottvip (Hong Kong) Limited,Pottvip (Hong Kong) Limited,Hong Kong,"In general, UPCHAIR is not a common chair like the ones we have at home or in other locations. Its specialty lies unique function of rising the seating cushion to a 40 degree sliding forward position. This feature assists people in standing up easily and without experiencing any physical or psychological pressure. It is particularly beneficial for individuals with tense muscles and is also suitable for pregnant women and elderlies.","In general, UPCHAIR is not a common chair like the ones we have at home or in other locations. Its specialty lies unique function of rising the seating cushion to a 40 degree sliding forward position. This feature assists people in standing up easily and without experiencing any physical or psychological pressure. It is particularly beneficial for individuals with tense muscles and is also suitable for pregnant women and elderlies.",,Exhibitor,Hong Kong Home InStyle 2025,5E-B15,Health & Wellness,,1,,,"Fitness Product,Elderly Care; UPCHAIR 38; Others","Fitness Product,Elderly Care; UPCHAIR 38; Others",https://www.hktdc.com/event/homeinstyle/en/exhibitor/1S005HS8K,4,https://www.hktdc.com/event/homeinstyle/en/product/1Z03O1CRF; https://www.hktdc.com/event/homeinstyle/en/product/1Z03O1CRF; https://www.hktdc.com/event/homeinstyle/en/product/1Z03O1CFF; https://www.hktdc.com/event/homeinstyle/en/product/1Z03O1CFF
Searange Houseware Limited,Searange Houseware Limited,Hong Kong,"Establised in 1996 with head office in Hong Kong, we specialized in manufacturing decorative glassware and tableware. With full lab testing centre, we export stable quality products mainly to department stores in UK & other European countries under good control on cost and quality. Recently we further work with several world class designers to launch their design items in our product range which will give us a better position to compete with other suppliers globally. We also developed a series of new products in combination of different materials to complete range of glass. Thewse few years we handle our products in local market. Welcome OEM and any kind of co-operation or suggestion for business development.","Establised in 1996 with head office in Hong Kong, we specialized in manufacturing decorative glassware and tableware. With full lab testing centre, we export stable quality products mainly to department stores in UK & other European countries under good control on cost and quality. Recently we further work with several world class designers to launch their design items in our product range which will give us a better position to compete with other suppliers globally. We also developed a series of new products in combination of different materials to complete range of glass. Thewse few years we handle our products in local market. Welcome OEM and any kind of co-operation or suggestion for business development.",,Exhibitor,Hong Kong Home InStyle 2025,5E-L25,Cultural and Creative Avenue,,1,,,"Kitchen Utensil,Wine Glass,Cup,Cup & Plate Set,Tableware,Plate,Tea Set,Candlestick Holder,Glass Crafts,Vase; Hand Blown soda lime glass items, Pressed Glassware in Home Decorative, Dinning and Kitchen Area.
Welcome OEM and any kind of co-operation or suggestion for business development; OEM","Kitchen Utensil,Wine Glass,Cup,Cup & Plate Set,Tableware,Plate,Tea Set,Candlestick Holder,Glass Crafts,Vase; Hand Blown soda lime glass items, Pressed Glassware in Home Decorative, Dinning and Kitchen Area.
Welcome OEM and any kind of co-operation or suggestion for business development; OEM",https://www.hktdc.com/event/homeinstyle/en/exhibitor/1S005JOZF,32,https://www.hktdc.com/event/homeinstyle/en/product/1Z03IISNB; https://www.hktdc.com/event/homeinstyle/en/product/1Z03IISNB; https://www.hktdc.com/event/homeinstyle/en/product/1Z03IDWHP; https://www.hktdc.com/event/homeinstyle/en/product/1Z03IDWHP; https://www.hktdc.com/event/homeinstyle/en/product/1Z03IL7K5; https://www.hktdc.com/event/homeinstyle/en/product/1Z03IL7K5; https://www.hktdc.com/event/homeinstyle/en/product/1Z03IDWFV; https://www.hktdc.com/event/homeinstyle/en/product/1Z03IDWFV; https://www.hktdc.com/event/homeinstyle/en/product/1Z03IIH3A; https://www.hktdc.com/event/homeinstyle/en/product/1Z03IIH3A; https://www.hktdc.com/event/homeinstyle/en/product/1Z03IJBPM; https://www.hktdc.com/event/homeinstyle/en/product/1Z03IJBPM; https://www.hktdc.com/event/homeinstyle/en/product/1Z03IIHCJ; https://www.hktdc.com/event/homeinstyle/en/product/1Z03IIHCJ; https://www.hktdc.com/event/homeinstyle/en/product/1X1E9DW1; https://www.hktdc.com/event/homeinstyle/en/product/1X1E9DW1; https://www.hktdc.com/event/homeinstyle/en/product/1X0ZX8EY; https://www.hktdc.com/event/homeinstyle/en/product/1X0ZX8EY; https://www.hktdc.com/event/homeinstyle/en/product/1X0RV5AB; https://www.hktdc.com/event/homeinstyle/en/product/1X0RV5AB; https://www.hktdc.com/event/homeinstyle/en/product/1X0RV57E; https://www.hktdc.com/event/homeinstyle/en/product/1X0RV57E; https://www.hktdc.com/event/homeinstyle/en/product/1X0RV54H; https://www.hktdc.com/event/homeinstyle/en/product/1X0RV54H; https://www.hktdc.com/event/homeinstyle/en/product/1X0RV52J; https://www.hktdc.com/event/homeinstyle/en/product/1X0RV52J; https://www.hktdc.com/event/homeinstyle/en/product/1Z03IIQ6S; https://www.hktdc.com/event/homeinstyle/en/product/1Z03IIQ6S; https://www.hktdc.com/event/homeinstyle/en/product/1Z03IE55G; https://www.hktdc.com/event/homeinstyle/en/product/1Z03IE55G; https://www.hktdc.com/event/homeinstyle/en/product/1Z03IISAE; https://www.hktdc.com/event/homeinstyle/en/product/1Z03IISAE
Sino Houseware Industries Company Limited,Sino Houseware Industries Company Limited,Hong Kong,"Since 1997 in Kitchenware, Integrated one stop shop for Kitchenware","Since 1997 in Kitchenware, Integrated one stop shop for Kitchenware",,Exhibitor,Hong Kong Home InStyle 2025,3E-B35,Cook & Dine,,1,,,"Baking Mold,Baking Tool,Bakeware,Cutlery Set,Cutting Board,Kitchen Utensil,Tableware,Mixing Bowl,Food Container,Fruit Basket; Cutlery, Utensils and Gadgets, Food container, Mixing bowl, BBQ, Scissors, Plastic cutting board production; OEM","Baking Mold,Baking Tool,Bakeware,Cutlery Set,Cutting Board,Kitchen Utensil,Tableware,Mixing Bowl,Food Container,Fruit Basket; Cutlery, Utensils and Gadgets, Food container, Mixing bowl, BBQ, Scissors, Plastic cutting board production; OEM",https://www.hktdc.com/event/homeinstyle/en/exhibitor/1S005GA82,40,https://www.hktdc.com/event/homeinstyle/en/product/1Z03NNZ7G; https://www.hktdc.com/event/homeinstyle/en/product/1Z03NNZ7G; https://www.hktdc.com/event/homeinstyle/en/product/1Z03NMGNN; https://www.hktdc.com/event/homeinstyle/en/product/1Z03NMGNN; https://www.hktdc.com/event/homeinstyle/en/product/1Z03NOAI8; https://www.hktdc.com/event/homeinstyle/en/product/1Z03NOAI8; https://www.hktdc.com/event/homeinstyle/en/product/1Z03NMEKY; https://www.hktdc.com/event/homeinstyle/en/product/1Z03NMEKY; https://www.hktdc.com/event/homeinstyle/en/product/1Z03NOBEJ; https://www.hktdc.com/event/homeinstyle/en/product/1Z03NOBEJ; https://www.hktdc.com/event/homeinstyle/en/product/1Z03NDNG1; https://www.hktdc.com/event/homeinstyle/en/product/1Z03NDNG1; https://www.hktdc.com/event/homeinstyle/en/product/1Z03NOE64; https://www.hktdc.com/event/homeinstyle/en/product/1Z03NOE64; https://www.hktdc.com/event/homeinstyle/en/product/1Z03NOEDJ; https://www.hktdc.com/event/homeinstyle/en/product/1Z03NOEDJ; https://www.hktdc.com/event/homeinstyle/en/product/1Z03NOCYU; https://www.hktdc.com/event/homeinstyle/en/product/1Z03NOCYU; https://www.hktdc.com/event/homeinstyle/en/product/1Z03NNMIW; https://www.hktdc.com/event/homeinstyle/en/product/1Z03NNMIW; https://www.hktdc.com/event/homeinstyle/en/product/1Z03NO4EQ; https://www.hktdc.com/event/homeinstyle/en/product/1Z03NO4EQ; https://www.hktdc.com/event/homeinstyle/en/product/1Z03NNXVI; https://www.hktdc.com/event/homeinstyle/en/product/1Z03NNXVI; https://www.hktdc.com/event/homeinstyle/en/product/1Z03NHM1B; https://www.hktdc.com/event/homeinstyle/en/product/1Z03NHM1B; https://www.hktdc.com/event/homeinstyle/en/product/1Z03NNV12; https://www.hktdc.com/event/homeinstyle/en/product/1Z03NNV12; https://www.hktdc.com/event/homeinstyle/en/product/1Z03NODFE; https://www.hktdc.com/event/homeinstyle/en/product/1Z03NODFE; https://www.hktdc.com/event/homeinstyle/en/product/1Z03NMQKM; https://www.hktdc.com/event/homeinstyle/en/product/1Z03NMQKM; https://www.hktdc.com/event/homeinstyle/en/product/1Z03NMFXU; https://www.hktdc.com/event/homeinstyle/en/product/1Z03NMFXU; https://www.hktdc.com/event/homeinstyle/en/product/1Z03NNNQ7; https://www.hktdc.com/event/homeinstyle/en/product/1Z03NNNQ7; https://www.hktdc.com/event/homeinstyle/en/product/1Z03NNNG1; https://www.hktdc.com/event/homeinstyle/en/product/1Z03NNNG1; https://www.hktdc.com/event/homeinstyle/en/product/1Z03NNARH; https://www.hktdc.com/event/homeinstyle/en/product/1Z03NNARH
TUV Rheinland Hong Kong Limited,TUV Rheinland Hong Kong Limited,Hong Kong,"Cookware,Baking Mold,Baking Tool,Bakeware,Cutlery Set,Kitchen Utensil,Tableware,Dish,Bowl,Can Opener","Cookware,Baking Mold,Baking Tool,Bakeware,Cutlery Set,Kitchen Utensil,Tableware,Dish,Bowl,Can Opener",,Exhibitor,Hong Kong Home InStyle 2025,3D-D43,Cook & Dine,,1,,,"Cookware,Baking Mold,Baking Tool,Bakeware,Cutlery Set,Kitchen Utensil,Tableware,Dish,Bowl,Can Opener; Ensure the safety and compliance of your Food Contact Materials – across your entire value chains. Legislation as well as consumer demands regarding food contact safety have become increasingly stringent and diverse.; Others","Cookware,Baking Mold,Baking Tool,Bakeware,Cutlery Set,Kitchen Utensil,Tableware,Dish,Bowl,Can Opener; Ensure the safety and compliance of your Food Contact Materials – across your entire value chains. Legislation as well as consumer demands regarding food contact safety have become increasingly stringent and diverse.; Others",https://www.hktdc.com/event/homeinstyle/en/exhibitor/1S005FSWK,2,https://www.hktdc.com/event/homeinstyle/en/product/1Z03NWP4Z; https://www.hktdc.com/event/homeinstyle/en/product/1Z03NWP4Z
Veda (Hong Kong) Group Limited,Veda (Hong Kong) Group Limited,Hong Kong,"Clothes Peg,Drying Rack","Clothes Peg,Drying Rack",,Exhibitor,Hong Kong Home InStyle 2025,,hktdc.com Showcase Zone,,1,,,"Clothes Peg,Drying Rack; Clothes Hanger, General Houseware Items.; OEM","Clothes Peg,Drying Rack; Clothes Hanger, General Houseware Items.; OEM",https://www.hktdc.com/event/homeinstyle/en/exhibitor/1S005HS3Z,40,https://www.hktdc.com/event/homeinstyle/en/product/1Z03NYK2A; https://www.hktdc.com/event/homeinstyle/en/product/1Z03NYK2A; https://www.hktdc.com/event/homeinstyle/en/product/1Z03NYKNJ; https://www.hktdc.com/event/homeinstyle/en/product/1Z03NYKNJ; https://www.hktdc.com/event/homeinstyle/en/product/1Z03NYKKS; https://www.hktdc.com/event/homeinstyle/en/product/1Z03NYKKS; https://www.hktdc.com/event/homeinstyle/en/product/1Z03NYK9P; https://www.hktdc.com/event/homeinstyle/en/product/1Z03NYK9P; https://www.hktdc.com/event/homeinstyle/en/product/1Z03NYKIY; https://www.hktdc.com/event/homeinstyle/en/product/1Z03NYKIY; https://www.hktdc.com/event/homeinstyle/en/product/1Z03NYJJW; https://www.hktdc.com/event/homeinstyle/en/product/1Z03NYJJW; https://www.hktdc.com/event/homeinstyle/en/product/1Z03NYK37; https://www.hktdc.com/event/homeinstyle/en/product/1Z03NYK37; https://www.hktdc.com/event/homeinstyle/en/product/1Z03NYK1D; https://www.hktdc.com/event/homeinstyle/en/product/1Z03NYK1D; https://www.hktdc.com/event/homeinstyle/en/product/1Z03NYKJV; https://www.hktdc.com/event/homeinstyle/en/product/1Z03NYKJV; https://www.hktdc.com/event/homeinstyle/en/product/1Z03NYL7U; https://www.hktdc.com/event/homeinstyle/en/product/1Z03NYL7U; https://www.hktdc.com/event/homeinstyle/en/product/1Z03NYK8S; https://www.hktdc.com/event/homeinstyle/en/product/1Z03NYK8S; https://www.hktdc.com/event/homeinstyle/en/product/1Z03NYKH1; https://www.hktdc.com/event/homeinstyle/en/product/1Z03NYKH1; https://www.hktdc.com/event/homeinstyle/en/product/1Z03NYKR7; https://www.hktdc.com/event/homeinstyle/en/product/1Z03NYKR7; https://www.hktdc.com/event/homeinstyle/en/product/1Z03NYL1C; https://www.hktdc.com/event/homeinstyle/en/product/1Z03NYL1C; https://www.hktdc.com/event/homeinstyle/en/product/1Z03NYKVV; https://www.hktdc.com/event/homeinstyle/en/product/1Z03NYKVV; https://www.hktdc.com/event/homeinstyle/en/product/1Z03NYKUY; https://www.hktdc.com/event/homeinstyle/en/product/1Z03NYKUY; https://www.hktdc.com/event/homeinstyle/en/product/1Z03NYL29; https://www.hktdc.com/event/homeinstyle/en/product/1Z03NYL29; https://www.hktdc.com/event/homeinstyle/en/product/1Z03NYK44; https://www.hktdc.com/event/homeinstyle/en/product/1Z03NYK44; https://www.hktdc.com/event/homeinstyle/en/product/1Z03NYL36; https://www.hktdc.com/event/homeinstyle/en/product/1Z03NYL36; https://www.hktdc.com/event/homeinstyle/en/product/1Z03NYK6Y; https://www.hktdc.com/event/homeinstyle/en/product/1Z03NYK6Y
"Wisdom (HK) Home Group Co., Ltd.","Wisdom (HK) Home Group Co., Ltd.",Hong Kong,"We mainly produce and export the ceramic vase, ceramic decor, ceramic planters with beech wood legs for more than 25 years, now our products have been exported for more than 60 countries of world, our products gain highly reputation for his good quality and unique design.","We mainly produce and export the ceramic vase, ceramic decor, ceramic planters with beech wood legs for more than 25 years, now our products have been exported for more than 60 countries of world, our products gain highly reputation for his good quality and unique design.",,Exhibitor,Hong Kong Home InStyle 2025,3D-C43,Home Decor & Accessories,,1,,,"Flower Arrangement,Vase,Decorative Bowl,Decorative Plate; Ceramic Vase, Ceramic Planters with beech wood legs; ODM, Others","Flower Arrangement,Vase,Decorative Bowl,Decorative Plate; Ceramic Vase, Ceramic Planters with beech wood legs; ODM, Others",https://www.hktdc.com/event/homeinstyle/en/exhibitor/1S005JGRB,38,https://www.hktdc.com/event/homeinstyle/en/product/1Z03JZYQW; https://www.hktdc.com/event/homeinstyle/en/product/1Z03JZYQW; https://www.hktdc.com/event/homeinstyle/en/product/1Z03JX7PQ; https://www.hktdc.com/event/homeinstyle/en/product/1Z03JX7PQ; https://www.hktdc.com/event/homeinstyle/en/product/1Z03JVPE5; https://www.hktdc.com/event/homeinstyle/en/product/1Z03JVPE5; https://www.hktdc.com/event/homeinstyle/en/product/1X22PJVK; https://www.hktdc.com/event/homeinstyle/en/product/1X22PJVK; https://www.hktdc.com/event/homeinstyle/en/product/1X22MP3U; https://www.hktdc.com/event/homeinstyle/en/product/1X22MP3U; https://www.hktdc.com/event/homeinstyle/en/product/1X20K1U3; https://www.hktdc.com/event/homeinstyle/en/product/1X20K1U3; https://www.hktdc.com/event/homeinstyle/en/product/1X20K1AN; https://www.hktdc.com/event/homeinstyle/en/product/1X20K1AN; https://www.hktdc.com/event/homeinstyle/en/product/1X20K16R; https://www.hktdc.com/event/homeinstyle/en/product/1X20K16R; https://www.hktdc.com/event/homeinstyle/en/product/1X1ZCNMH; https://www.hktdc.com/event/homeinstyle/en/product/1X1ZCNMH; https://www.hktdc.com/event/homeinstyle/en/product/1Z03JX8K4; https://www.hktdc.com/event/homeinstyle/en/product/1Z03JX8K4; https://www.hktdc.com/event/homeinstyle/en/product/1Z03JVSJN; https://www.hktdc.com/event/homeinstyle/en/product/1Z03JVSJN; https://www.hktdc.com/event/homeinstyle/en/product/1Z03JZYKE; https://www.hktdc.com/event/homeinstyle/en/product/1Z03JZYKE; https://www.hktdc.com/event/homeinstyle/en/product/1Z03JX9V6; https://www.hktdc.com/event/homeinstyle/en/product/1Z03JX9V6; https://www.hktdc.com/event/homeinstyle/en/product/1Z03JX6NX; https://www.hktdc.com/event/homeinstyle/en/product/1Z03JX6NX; https://www.hktdc.com/event/homeinstyle/en/product/1Z03JVR6R; https://www.hktdc.com/event/homeinstyle/en/product/1Z03JVR6R; https://www.hktdc.com/event/homeinstyle/en/product/1Z03JZYC2; https://www.hktdc.com/event/homeinstyle/en/product/1Z03JZYC2; https://www.hktdc.com/event/homeinstyle/en/product/1Z03JZYFT; https://www.hktdc.com/event/homeinstyle/en/product/1Z03JZYFT; https://www.hktdc.com/event/homeinstyle/en/product/1Z03JXA5B; https://www.hktdc.com/event/homeinstyle/en/product/1Z03JXA5B; https://www.hktdc.com/event/homeinstyle/en/product/1Z03JZYTN; https://www.hktdc.com/event/homeinstyle/en/product/1Z03JZYTN
BD Creation,BD Creation,Bangladesh,"Picnic Basket,Storage Box,Storage Basket,Laundry Basket,Flower Pot,Vase,Wood Crafts,Mirror,Bio-Degradable Product","Picnic Basket,Storage Box,Storage Basket,Laundry Basket,Flower Pot,Vase,Wood Crafts,Mirror,Bio-Degradable Product",,Exhibitor,Hong Kong Home InStyle 2025,3D-C23,Home Decor & Accessories,,1,,,"Picnic Basket,Storage Box,Storage Basket,Laundry Basket,Flower Pot,Vase,Wood Crafts,Mirror,Bio-Degradable Product; All kind of natural fiber storage baskets, hampers, bags, rugs, doormats etc.; OBM","Picnic Basket,Storage Box,Storage Basket,Laundry Basket,Flower Pot,Vase,Wood Crafts,Mirror,Bio-Degradable Product; All kind of natural fiber storage baskets, hampers, bags, rugs, doormats etc.; OBM",https://www.hktdc.com/event/homeinstyle/en/exhibitor/1S005G495,20,https://www.hktdc.com/event/homeinstyle/en/product/1X1RN7MT; https://www.hktdc.com/event/homeinstyle/en/product/1X1RN7MT; https://www.hktdc.com/event/homeinstyle/en/product/1X1RN7KV; https://www.hktdc.com/event/homeinstyle/en/product/1X1RN7KV; https://www.hktdc.com/event/homeinstyle/en/product/1X1MF1P8; https://www.hktdc.com/event/homeinstyle/en/product/1X1MF1P8; https://www.hktdc.com/event/homeinstyle/en/product/1X1MF1O9; https://www.hktdc.com/event/homeinstyle/en/product/1X1MF1O9; https://www.hktdc.com/event/homeinstyle/en/product/1X17WX18; https://www.hktdc.com/event/homeinstyle/en/product/1X17WX18; https://www.hktdc.com/event/homeinstyle/en/product/1X17WX09; https://www.hktdc.com/event/homeinstyle/en/product/1X17WX09; https://www.hktdc.com/event/homeinstyle/en/product/1X10816R; https://www.hktdc.com/event/homeinstyle/en/product/1X10816R; https://www.hktdc.com/event/homeinstyle/en/product/1X10814T; https://www.hktdc.com/event/homeinstyle/en/product/1X10814T; https://www.hktdc.com/event/homeinstyle/en/product/1X0R93J8; https://www.hktdc.com/event/homeinstyle/en/product/1X0R93J8; https://www.hktdc.com/event/homeinstyle/en/product/1X0R93I9; https://www.hktdc.com/event/homeinstyle/en/product/1X0R93I9
"Fuzhou Eagle Electronic Co., Ltd.","Fuzhou Eagle Electronic Co., Ltd.",Chinese Mainland,Clock,Clock,,Exhibitor,Hong Kong Home InStyle 2025,3D-A23,Home Decor & Accessories,,1,,,"Clock; QUARTZ WALL CLOCK, ALARM CLOCK, LCD CLOCK; ODM, OBM, OEM","Clock; QUARTZ WALL CLOCK, ALARM CLOCK, LCD CLOCK; ODM, OBM, OEM",https://www.hktdc.com/event/homeinstyle/en/exhibitor/1S005KD2H,6,https://www.hktdc.com/event/homeinstyle/en/product/1X26DAY8; https://www.hktdc.com/event/homeinstyle/en/product/1X26DAY8; https://www.hktdc.com/event/homeinstyle/en/product/1X1397B4; https://www.hktdc.com/event/homeinstyle/en/product/1X1397B4; https://www.hktdc.com/event/homeinstyle/en/product/1X0TO4DB; https://www.hktdc.com/event/homeinstyle/en/product/1X0TO4DB
"Ningbo Auland International Trade Co., Ltd.","Ningbo Auland International Trade Co., Ltd.",Chinese Mainland,"Baking Mold,Baking Tool,Thermal Flask,Cutting Board,Kitchen Utensil,Serving Utensil,Mixing Bowl,Plate,Food Container,Measuring Spoon","Baking Mold,Baking Tool,Thermal Flask,Cutting Board,Kitchen Utensil,Serving Utensil,Mixing Bowl,Plate,Food Container,Measuring Spoon",,Exhibitor,Hong Kong Home InStyle 2025,3D-E23,Cook & Dine,,1,,,"Baking Mold,Baking Tool,Thermal Flask,Cutting Board,Kitchen Utensil,Serving Utensil,Mixing Bowl,Plate,Food Container,Measuring Spoon; Kitchenware; OEM, OBM, ODM","Baking Mold,Baking Tool,Thermal Flask,Cutting Board,Kitchen Utensil,Serving Utensil,Mixing Bowl,Plate,Food Container,Measuring Spoon; Kitchenware; OEM, OBM, ODM",https://www.hktdc.com/event/homeinstyle/en/exhibitor/1S005KVMB,0,
"Ningbo Sunsum Household Co., Ltd","Ningbo Sunsum Household Co., Ltd",Chinese Mainland,"Plastic Crafts,Wood Crafts,Knitting Crafts","Plastic Crafts,Wood Crafts,Knitting Crafts",,Exhibitor,Hong Kong Home InStyle 2025,3D-C39,Home Decor & Accessories,,1,,,"Plastic Crafts,Wood Crafts,Knitting Crafts; Bamboo Shelf, Bamboo Storage; ODM, OBM","Plastic Crafts,Wood Crafts,Knitting Crafts; Bamboo Shelf, Bamboo Storage; ODM, OBM",https://www.hktdc.com/event/homeinstyle/en/exhibitor/1S005K42Q,40,https://www.hktdc.com/event/homeinstyle/en/product/1Z03NM10Z; https://www.hktdc.com/event/homeinstyle/en/product/1Z03NM10Z; https://www.hktdc.com/event/homeinstyle/en/product/1Z03NKOMI; https://www.hktdc.com/event/homeinstyle/en/product/1Z03NKOMI; https://www.hktdc.com/event/homeinstyle/en/product/1Z03NM0M6; https://www.hktdc.com/event/homeinstyle/en/product/1Z03NM0M6; https://www.hktdc.com/event/homeinstyle/en/product/1Z03NLXZ6; https://www.hktdc.com/event/homeinstyle/en/product/1Z03NLXZ6; https://www.hktdc.com/event/homeinstyle/en/product/1Z03NKMTZ; https://www.hktdc.com/event/homeinstyle/en/product/1Z03NKMTZ; https://www.hktdc.com/event/homeinstyle/en/product/1Z03NLDFE; https://www.hktdc.com/event/homeinstyle/en/product/1Z03NLDFE; https://www.hktdc.com/event/homeinstyle/en/product/1Z03NLZ5M; https://www.hktdc.com/event/homeinstyle/en/product/1Z03NLZ5M; https://www.hktdc.com/event/homeinstyle/en/product/1Z03NKP8N; https://www.hktdc.com/event/homeinstyle/en/product/1Z03NKP8N; https://www.hktdc.com/event/homeinstyle/en/product/1Z03NKM7T; https://www.hktdc.com/event/homeinstyle/en/product/1Z03NKM7T; https://www.hktdc.com/event/homeinstyle/en/product/1Z03NL6SI; https://www.hktdc.com/event/homeinstyle/en/product/1Z03NL6SI; https://www.hktdc.com/event/homeinstyle/en/product/1Z03NKDSB; https://www.hktdc.com/event/homeinstyle/en/product/1Z03NKDSB; https://www.hktdc.com/event/homeinstyle/en/product/1Z03NKHOJ; https://www.hktdc.com/event/homeinstyle/en/product/1Z03NKHOJ; https://www.hktdc.com/event/homeinstyle/en/product/1Z03NLILR; https://www.hktdc.com/event/homeinstyle/en/product/1Z03NLILR; https://www.hktdc.com/event/homeinstyle/en/product/1Z03NKDAT; https://www.hktdc.com/event/homeinstyle/en/product/1Z03NKDAT; https://www.hktdc.com/event/homeinstyle/en/product/1Z03NL92L; https://www.hktdc.com/event/homeinstyle/en/product/1Z03NL92L; https://www.hktdc.com/event/homeinstyle/en/product/1Z03NKKZJ; https://www.hktdc.com/event/homeinstyle/en/product/1Z03NKKZJ; https://www.hktdc.com/event/homeinstyle/en/product/1Z03NM000; https://www.hktdc.com/event/homeinstyle/en/product/1Z03NM000; https://www.hktdc.com/event/homeinstyle/en/product/1Z03NKA9Z; https://www.hktdc.com/event/homeinstyle/en/product/1Z03NKA9Z; https://www.hktdc.com/event/homeinstyle/en/product/1Z03NL9MX; https://www.hktdc.com/event/homeinstyle/en/product/1Z03NL9MX; https://www.hktdc.com/event/homeinstyle/en/product/1Z03NLEQG; https://www.hktdc.com/event/homeinstyle/en/product/1Z03NLEQG
"Tessie Industrial Co., Ltd.","Tessie Industrial Co., Ltd.",Taiwan,"Tessie Industrial Co. is a Taiwan Based Company and we have been doing the business since 1976 up to the present. Our products include tableware, bathroom and K/D storage items and we have our own sourcing and RD Team. Interesting, aesthetically pleasing, utilitarian, good quality, all rolled-into-one... that's how we define our products. Nevertheless, customized inquiries are very welcome, as we believe innovation is a must for progress.","Tessie Industrial Co. is a Taiwan Based Company and we have been doing the business since 1976 up to the present. Our products include tableware, bathroom and K/D storage items and we have our own sourcing and RD Team. Interesting, aesthetically pleasing, utilitarian, good quality, all rolled-into-one... that's how we define our products. Nevertheless, customized inquiries are very welcome, as we believe innovation is a must for progress.",,Exhibitor,Hong Kong Home InStyle 2025,3D-C02,Group Pavilions,Taiwan Pavilion,1,,,"Kettle,Kitchen Utensil,Cup,Mug,Fruit Basket,Bread Basket,Bathroom Accessories,Living Room Furniture,Restaurant & Bar Furniture,Furniture & Furnishing Accessory; Kitchen: All you can imagine from fashionable wine racks to condiment holders, trivets, fondue sets, trolley, fruit baskets and a lot more! Bathroom: Nicely design laundry baskets, bathroom sets, towel holders, wall-mounted racks, show caddies...etc.; Others","Kettle,Kitchen Utensil,Cup,Mug,Fruit Basket,Bread Basket,Bathroom Accessories,Living Room Furniture,Restaurant & Bar Furniture,Furniture & Furnishing Accessory; Kitchen: All you can imagine from fashionable wine racks to condiment holders, trivets, fondue sets, trolley, fruit baskets and a lot more! Bathroom: Nicely design laundry baskets, bathroom sets, towel holders, wall-mounted racks, show caddies...etc.; Others",https://www.hktdc.com/event/homeinstyle/en/exhibitor/1S005GBPM,40,https://www.hktdc.com/event/homeinstyle/en/product/1Z03EEIF9; https://www.hktdc.com/event/homeinstyle/en/product/1Z03EEIF9; https://www.hktdc.com/event/homeinstyle/en/product/1Z03HJPR2; https://www.hktdc.com/event/homeinstyle/en/product/1Z03HJPR2; https://www.hktdc.com/event/homeinstyle/en/product/1Z03HJPHW; https://www.hktdc.com/event/homeinstyle/en/product/1Z03HJPHW; https://www.hktdc.com/event/homeinstyle/en/product/1Z03GA778; https://www.hktdc.com/event/homeinstyle/en/product/1Z03GA778; https://www.hktdc.com/event/homeinstyle/en/product/1Z03GA7FK; https://www.hktdc.com/event/homeinstyle/en/product/1Z03GA7FK; https://www.hktdc.com/event/homeinstyle/en/product/1Z03HJPUT; https://www.hktdc.com/event/homeinstyle/en/product/1Z03HJPUT; https://www.hktdc.com/event/homeinstyle/en/product/1Z03GA7AZ; https://www.hktdc.com/event/homeinstyle/en/product/1Z03GA7AZ; https://www.hktdc.com/event/homeinstyle/en/product/1Z03HJPP8; https://www.hktdc.com/event/homeinstyle/en/product/1Z03HJPP8; https://www.hktdc.com/event/homeinstyle/en/product/1X265S5J; https://www.hktdc.com/event/homeinstyle/en/product/1X265S5J; https://www.hktdc.com/event/homeinstyle/en/product/1X264K66; https://www.hktdc.com/event/homeinstyle/en/product/1X264K66; https://www.hktdc.com/event/homeinstyle/en/product/1X25MU4E; https://www.hktdc.com/event/homeinstyle/en/product/1X25MU4E; https://www.hktdc.com/event/homeinstyle/en/product/1X25M3VW; https://www.hktdc.com/event/homeinstyle/en/product/1X25M3VW; https://www.hktdc.com/event/homeinstyle/en/product/1X25M3TY; https://www.hktdc.com/event/homeinstyle/en/product/1X25M3TY; https://www.hktdc.com/event/homeinstyle/en/product/1X25M38J; https://www.hktdc.com/event/homeinstyle/en/product/1X25M38J; https://www.hktdc.com/event/homeinstyle/en/product/1X25M32P; https://www.hktdc.com/event/homeinstyle/en/product/1X25M32P; https://www.hktdc.com/event/homeinstyle/en/product/1X25M0X3; https://www.hktdc.com/event/homeinstyle/en/product/1X25M0X3; https://www.hktdc.com/event/homeinstyle/en/product/1X25M0U6; https://www.hktdc.com/event/homeinstyle/en/product/1X25M0U6; https://www.hktdc.com/event/homeinstyle/en/product/1X25M0QA; https://www.hktdc.com/event/homeinstyle/en/product/1X25M0QA; https://www.hktdc.com/event/homeinstyle/en/product/1X25LZ03; https://www.hktdc.com/event/homeinstyle/en/product/1X25LZ03; https://www.hktdc.com/event/homeinstyle/en/product/1X25LYPH; https://www.hktdc.com/event/homeinstyle/en/product/1X25LYPH
"Yawen International Trading Co., Ltd.","Yawen International Trading Co., Ltd.",Chinese Mainland,Kitchen Utensil,Kitchen Utensil,,Exhibitor,Hong Kong Home InStyle 2025,3D-B16,Group Pavilions,Chinese Mainland (Hunan) Pavilion,1,,,Kitchen Utensil; Houseware; OEM,Kitchen Utensil; Houseware; OEM,https://www.hktdc.com/event/homeinstyle/en/exhibitor/1S005LUHR,30,https://www.hktdc.com/event/homeinstyle/en/product/1X0MUXOL; https://www.hktdc.com/event/homeinstyle/en/product/1X0MUXOL; https://www.hktdc.com/event/homeinstyle/en/product/1X0MUXNM; https://www.hktdc.com/event/homeinstyle/en/product/1X0MUXNM; https://www.hktdc.com/event/homeinstyle/en/product/1X0MUXMN; https://www.hktdc.com/event/homeinstyle/en/product/1X0MUXMN; https://www.hktdc.com/event/homeinstyle/en/product/1X0L2D9O; https://www.hktdc.com/event/homeinstyle/en/product/1X0L2D9O; https://www.hktdc.com/event/homeinstyle/en/product/1X0L2D8P; https://www.hktdc.com/event/homeinstyle/en/product/1X0L2D8P; https://www.hktdc.com/event/homeinstyle/en/product/1X0L2D7Q; https://www.hktdc.com/event/homeinstyle/en/product/1X0L2D7Q; https://www.hktdc.com/event/homeinstyle/en/product/1X0DEQO6; https://www.hktdc.com/event/homeinstyle/en/product/1X0DEQO6; https://www.hktdc.com/event/homeinstyle/en/product/1X0DEQN7; https://www.hktdc.com/event/homeinstyle/en/product/1X0DEQN7; https://www.hktdc.com/event/homeinstyle/en/product/1X0DEQM8; https://www.hktdc.com/event/homeinstyle/en/product/1X0DEQM8; https://www.hktdc.com/event/homeinstyle/en/product/1X123Z03; https://www.hktdc.com/event/homeinstyle/en/product/1X123Z03; https://www.hktdc.com/event/homeinstyle/en/product/1X123YZ7; https://www.hktdc.com/event/homeinstyle/en/product/1X123YZ7; https://www.hktdc.com/event/homeinstyle/en/product/1X123YY8; https://www.hktdc.com/event/homeinstyle/en/product/1X123YY8; https://www.hktdc.com/event/homeinstyle/en/product/1X0U7OX3; https://www.hktdc.com/event/homeinstyle/en/product/1X0U7OX3; https://www.hktdc.com/event/homeinstyle/en/product/1X0U7OW4; https://www.hktdc.com/event/homeinstyle/en/product/1X0U7OW4; https://www.hktdc.com/event/homeinstyle/en/product/1X0U7OV5; https://www.hktdc.com/event/homeinstyle/en/product/1X0U7OV5
Zibo Modern Int'l Co Ltd,Zibo Modern Int'l Co Ltd,Chinese Mainland,"Cookware,Measuring Cup,Salt Pepper Grinder,Wine Glass,Cup,Spice Container,Food Container,Barware Set,Coffee Grinder,Frying Pan","Cookware,Measuring Cup,Salt Pepper Grinder,Wine Glass,Cup,Spice Container,Food Container,Barware Set,Coffee Grinder,Frying Pan",,Exhibitor,Hong Kong Home InStyle 2025,3D-C24,Cook & Dine,Chinese Mainland (Shandong) Pavilion,1,,,"Cookware,Measuring Cup,Salt Pepper Grinder,Wine Glass,Cup,Spice Container,Food Container,Barware Set,Coffee Grinder,Frying Pan; We are the professional supplier from China. we offer glassware, dishware, pot & pan set, ceramic mugs, candle holder, glass storage jar, and so on, with high quality and low price!; ODM, Others, OBM, OEM","Cookware,Measuring Cup,Salt Pepper Grinder,Wine Glass,Cup,Spice Container,Food Container,Barware Set,Coffee Grinder,Frying Pan; We are the professional supplier from China. we offer glassware, dishware, pot & pan set, ceramic mugs, candle holder, glass storage jar, and so on, with high quality and low price!; ODM, Others, OBM, OEM",https://www.hktdc.com/event/homeinstyle/en/exhibitor/1S005GBNS,20,https://www.hktdc.com/event/homeinstyle/en/product/1X1MQNSB; https://www.hktdc.com/event/homeinstyle/en/product/1X1MQNSB; https://www.hktdc.com/event/homeinstyle/en/product/1X1VU9LO; https://www.hktdc.com/event/homeinstyle/en/product/1X1VU9LO; https://www.hktdc.com/event/homeinstyle/en/product/1X1MQGM2; https://www.hktdc.com/event/homeinstyle/en/product/1X1MQGM2; https://www.hktdc.com/event/homeinstyle/en/product/1X1MQG6I; https://www.hktdc.com/event/homeinstyle/en/product/1X1MQG6I; https://www.hktdc.com/event/homeinstyle/en/product/1X1MQG4K; https://www.hktdc.com/event/homeinstyle/en/product/1X1MQG4K; https://www.hktdc.com/event/homeinstyle/en/product/1X1MQ9ZA; https://www.hktdc.com/event/homeinstyle/en/product/1X1MQ9ZA; https://www.hktdc.com/event/homeinstyle/en/product/1X1IC26O; https://www.hktdc.com/event/homeinstyle/en/product/1X1IC26O; https://www.hktdc.com/event/homeinstyle/en/product/1X1IC22S; https://www.hktdc.com/event/homeinstyle/en/product/1X1IC22S; https://www.hktdc.com/event/homeinstyle/en/product/1X1EZOGK; https://www.hktdc.com/event/homeinstyle/en/product/1X1EZOGK; https://www.hktdc.com/event/homeinstyle/en/product/1X1EJBDQ; https://www.hktdc.com/event/homeinstyle/en/product/1X1EJBDQ
"Anhui Yabo Craft Co., Ltd","Anhui Yabo Craft Co., Ltd",Chinese Mainland,"Cookware,Cup,Mug,Tableware,Plate,Bowl,Food Container,Food Box,Tea Pot","Cookware,Cup,Mug,Tableware,Plate,Bowl,Food Container,Food Box,Tea Pot",,Exhibitor,Hong Kong Home InStyle 2025,3D-D33,Cook & Dine,Chinese Mainland (Shandong) Pavilion,1,,,"Cookware,Cup,Mug,Tableware,Plate,Bowl,Food Container,Food Box,Tea Pot; Mainly sell glass cup,glass bowl.,glass pot,glass containers,glass jar,etc. Customizable glass products.; ODM, OBM, OEM","Cookware,Cup,Mug,Tableware,Plate,Bowl,Food Container,Food Box,Tea Pot; Mainly sell glass cup,glass bowl.,glass pot,glass containers,glass jar,etc. Customizable glass products.; ODM, OBM, OEM",https://www.hktdc.com/event/homeinstyle/en/exhibitor/1S005H3JC,10,https://www.hktdc.com/event/homeinstyle/en/product/1Z03NY84G; https://www.hktdc.com/event/homeinstyle/en/product/1Z03NY84G; https://www.hktdc.com/event/homeinstyle/en/product/1Z03NY9HC; https://www.hktdc.com/event/homeinstyle/en/product/1Z03NY9HC; https://www.hktdc.com/event/homeinstyle/en/product/1Z03NY74H; https://www.hktdc.com/event/homeinstyle/en/product/1Z03NY74H; https://www.hktdc.com/event/homeinstyle/en/product/1Z03NY9PO; https://www.hktdc.com/event/homeinstyle/en/product/1Z03NY9PO; https://www.hktdc.com/event/homeinstyle/en/product/1Z03NY8V7; https://www.hktdc.com/event/homeinstyle/en/product/1Z03NY8V7
Dehua Sunbird Enterprise Company Limited,Dehua Sunbird Enterprise Company Limited,Chinese Mainland,"Flower Arrangement,Resin Crafts,Ceramic Crafts,Christmas Supply,Easter Supply,Halloween Supply","Flower Arrangement,Resin Crafts,Ceramic Crafts,Christmas Supply,Easter Supply,Halloween Supply",,Exhibitor,Hong Kong Home InStyle 2025,3D-B43,Home Decor & Accessories,,1,,,"Flower Arrangement,Resin Crafts,Ceramic Crafts,Christmas Supply,Easter Supply,Halloween Supply; Ceramics, cups, flower inserts, flower pots; ODM, OBM, OEM","Flower Arrangement,Resin Crafts,Ceramic Crafts,Christmas Supply,Easter Supply,Halloween Supply; Ceramics, cups, flower inserts, flower pots; ODM, OBM, OEM",https://www.hktdc.com/event/homeinstyle/en/exhibitor/1S005L0Y6,0,
"Dongguan Qinge Precision Manufacturing Co., Ltd","Dongguan Qinge Precision Manufacturing Co., Ltd",Chinese Mainland,"Kitchen Utensil,Coaster,Food Container","Kitchen Utensil,Coaster,Food Container",,Exhibitor,Hong Kong Home InStyle 2025,3E-C37,Cook & Dine,Cantonese Business Go Global,1,,,"Kitchen Utensil,Coaster,Food Container; Silicone products, silicone dishes, silicone bowls; ODM, OBM, OEM","Kitchen Utensil,Coaster,Food Container; Silicone products, silicone dishes, silicone bowls; ODM, OBM, OEM",https://www.hktdc.com/event/homeinstyle/en/exhibitor/1S005KDCN,4,https://www.hktdc.com/event/homeinstyle/en/product/1Z03NPZZ4; https://www.hktdc.com/event/homeinstyle/en/product/1Z03NPZZ4; https://www.hktdc.com/event/homeinstyle/en/product/1Z03NQ0WC; https://www.hktdc.com/event/homeinstyle/en/product/1Z03NQ0WC
"Dongguan Shenhong Household Articles Co., Limited","Dongguan Shenhong Household Articles Co., Limited",Chinese Mainland,Hanger,Hanger,,Exhibitor,Hong Kong Home InStyle 2025,3C-D31,Home Decor & Accessories,Cantonese Business Go Global,1,,,"Hanger; Plastic / Velvet Hangers / Storage items; ODM, OBM, OEM","Hanger; Plastic / Velvet Hangers / Storage items; ODM, OBM, OEM",https://www.hktdc.com/event/homeinstyle/en/exhibitor/1S005MOS0,0,
"Dongguan Ufamily Silicone Rubber Products Co., Ltd","Dongguan Ufamily Silicone Rubber Products Co., Ltd",Chinese Mainland,"Ufamily is professional silicone products factory in Dongguan. Ufamily Product: Extra Large Silicone Mat, Pet Feeding Mat, Under Sink Mat, Dish Drying Rack&Mat Combo etc Ufamily Factory: 2 factory in Shenzhen/Dongguan City, Found in 2005, Over 8000 meters square, Over 200 employees, Professional R&D team, ISO9001, BSCI certificate Ufamily Fair: HK Toys Fair, HK Electronics Fair, HK MEGA Show, Canton Fair, Dubai Gess Fair, USA CES Fair, Germany IFA Fair, Japan Lifestyle Week Ufamily Service: OEM, ODM, FBA Shipping, Design, Tooling, Sample etc","Ufamily is professional silicone products factory in Dongguan. Ufamily Product: Extra Large Silicone Mat, Pet Feeding Mat, Under Sink Mat, Dish Drying Rack&Mat Combo etc Ufamily Factory: 2 factory in Shenzhen/Dongguan City, Found in 2005, Over 8000 meters square, Over 200 employees, Professional R&D team, ISO9001, BSCI certificate Ufamily Fair: HK Toys Fair, HK Electronics Fair, HK MEGA Show, Canton Fair, Dubai Gess Fair, USA CES Fair, Germany IFA Fair, Japan Lifestyle Week Ufamily Service: OEM, ODM, FBA Shipping, Design, Tooling, Sample etc",,Exhibitor,Hong Kong Home InStyle 2025,3E-F37,Home Textiles,Cantonese Business Go Global,1,,,"Dish Rack,Kitchen Utensil,Coaster,Pet Supplies,Pet Bed & Mat; Ufamily Product:
Extra Large Silicone Mat, Pet Feeding Mat, Under Sink Mat, Dish Drying Rack&Mat Combo etc

Ufamily Service:
OEM, ODM, FBA Shipping, Design, Tooling, Sample etc; OEM, ODM","Dish Rack,Kitchen Utensil,Coaster,Pet Supplies,Pet Bed & Mat; Ufamily Product:
Extra Large Silicone Mat, Pet Feeding Mat, Under Sink Mat, Dish Drying Rack&Mat Combo etc

Ufamily Service:
OEM, ODM, FBA Shipping, Design, Tooling, Sample etc; OEM, ODM",https://www.hktdc.com/event/homeinstyle/en/exhibitor/1S005KDI5,0,
"Dongguan Xinyue Technology Co., Ltd","Dongguan Xinyue Technology Co., Ltd",Chinese Mainland,Kitchen Utensil,Kitchen Utensil,,Exhibitor,Hong Kong Home InStyle 2025,3E-D39,Cook & Dine,Cantonese Business Go Global,1,,,"Kitchen Utensil; Silicone products; ODM, OEM, OBM","Kitchen Utensil; Silicone products; ODM, OEM, OBM",https://www.hktdc.com/event/homeinstyle/en/exhibitor/1S005KD58,2,https://www.hktdc.com/event/homeinstyle/en/product/1Z03NYXZ6; https://www.hktdc.com/event/homeinstyle/en/product/1Z03NYXZ6
"Eur-Asia Cookware Co., Ltd.","Eur-Asia Cookware Co., Ltd.",Chinese Mainland,Kitchen Utensil,Kitchen Utensil,,Exhibitor,Hong Kong Home InStyle 2025,3D-D38,Cook & Dine,Chinese Mainland (Shandong) Pavilion,1,,,Kitchen Utensil; tempered glass lid and spare parts; Others,Kitchen Utensil; tempered glass lid and spare parts; Others,https://www.hktdc.com/event/homeinstyle/en/exhibitor/1S005HSBB,14,https://www.hktdc.com/event/homeinstyle/en/product/1Z03G8CH9; https://www.hktdc.com/event/homeinstyle/en/product/1Z03G8CH9; https://www.hktdc.com/event/homeinstyle/en/product/1Z03G8CW0; https://www.hktdc.com/event/homeinstyle/en/product/1Z03G8CW0; https://www.hktdc.com/event/homeinstyle/en/product/1X22Z909; https://www.hktdc.com/event/homeinstyle/en/product/1X22Z909; https://www.hktdc.com/event/homeinstyle/en/product/1X1RYR1Q; https://www.hktdc.com/event/homeinstyle/en/product/1X1RYR1Q; https://www.hktdc.com/event/homeinstyle/en/product/1Z03G8D65; https://www.hktdc.com/event/homeinstyle/en/product/1Z03G8D65; https://www.hktdc.com/event/homeinstyle/en/product/1Z03G8CRF; https://www.hktdc.com/event/homeinstyle/en/product/1Z03G8CRF; https://www.hktdc.com/event/homeinstyle/en/product/1Z03G8C9X; https://www.hktdc.com/event/homeinstyle/en/product/1Z03G8C9X
"Fancy (Yangjiang) Industrial And Trade Co., Ltd","Fancy (Yangjiang) Industrial And Trade Co., Ltd",Chinese Mainland,"Founded in 2007 and headquartered in Yangjiang Hardware Modern Industrial Park, Fancy Beauty Tools Co., Ltd. spans 11,000 square meters as a","Founded in 2007 and headquartered in Yangjiang Hardware Modern Industrial Park, Fancy Beauty Tools Co., Ltd. spans 11,000 square meters as a",,Exhibitor,Hong Kong Home InStyle 2025,3E-D42,Cook & Dine,Cantonese Business Go Global,1,,,"Kitchen Utensil; Stainless Steel Nail Clippers,  Specialty Nail Clippers, Household Scissors; OEM, ODM","Kitchen Utensil; Stainless Steel Nail Clippers,  Specialty Nail Clippers, Household Scissors; OEM, ODM",https://www.hktdc.com/event/homeinstyle/en/exhibitor/1S005LPCB,12,https://www.hktdc.com/event/homeinstyle/en/product/1Z03NVPJQ; https://www.hktdc.com/event/homeinstyle/en/product/1Z03NVPJQ; https://www.hktdc.com/event/homeinstyle/en/product/1Z03NWQ17; https://www.hktdc.com/event/homeinstyle/en/product/1Z03NWQ17; https://www.hktdc.com/event/homeinstyle/en/product/1Z03NUX6L; https://www.hktdc.com/event/homeinstyle/en/product/1Z03NUX6L; https://www.hktdc.com/event/homeinstyle/en/product/1Z03NVPAH; https://www.hktdc.com/event/homeinstyle/en/product/1Z03NVPAH; https://www.hktdc.com/event/homeinstyle/en/product/1Z03NVOQ6; https://www.hktdc.com/event/homeinstyle/en/product/1Z03NVOQ6; https://www.hktdc.com/event/homeinstyle/en/product/1Z03NUYXB; https://www.hktdc.com/event/homeinstyle/en/product/1Z03NUYXB
"Ferro-Carbon Enterprise Co., Ltd.","Ferro-Carbon Enterprise Co., Ltd.",Taiwan,"FERRO-CARBON ENT. CO., LTD., established in 1989 and certified by ISO9001, ISO14000 & ISO45001 & SMETA, is a professional manufacturer of tiling tools and suction cups in Taiwan. About industrial suction cups of transporting tiles and glasses, besides temperature resistance between -10°C and 70°C, we develop ourselves into R&D to enhance the suction power that can be attached on the rough surface (under 0.4mm) that is unique in the market. With the core technology of suction cups and creativity, we established brand FECA in 2009 for homeware and provide the storage convenience of tool-free suction cup hooks and storages with strong suction power. There is no damage to the wall and its reusable feature are environment-friendly.","FERRO-CARBON ENT. CO., LTD., established in 1989 and certified by ISO9001, ISO14000 & ISO45001 & SMETA, is a professional manufacturer of tiling tools and suction cups in Taiwan. About industrial suction cups of transporting tiles and glasses, besides temperature resistance between -10°C and 70°C, we develop ourselves into R&D to enhance the suction power that can be attached on the rough surface (under 0.4mm) that is unique in the market. With the core technology of suction cups and creativity, we established brand FECA in 2009 for homeware and provide the storage convenience of tool-free suction cup hooks and storages with strong suction power. There is no damage to the wall and its reusable feature are environment-friendly.",,Exhibitor,Hong Kong Home InStyle 2025,3D-C08,Group Pavilions,Taiwan Pavilion,1,,,"Storage Box,Storage Rack,Household Hook,Storage Basket,Bathroom Accessories,Home Storage & Organisation,Desk Organiser,Bathroom Fittings & Sanitary Wares,Toilet Paper Holder,Towel Rail; FECA provides suction cup holder and storage rack. Features: No drilling no nail / Rough Surface(under 0.4mm), /100% Waterproof/Temperature resistance from -20°C~70°C/ Reusable/stable.; OBM","Storage Box,Storage Rack,Household Hook,Storage Basket,Bathroom Accessories,Home Storage & Organisation,Desk Organiser,Bathroom Fittings & Sanitary Wares,Toilet Paper Holder,Towel Rail; FECA provides suction cup holder and storage rack. Features: No drilling no nail / Rough Surface(under 0.4mm), /100% Waterproof/Temperature resistance from -20°C~70°C/ Reusable/stable.; OBM",https://www.hktdc.com/event/homeinstyle/en/exhibitor/1S005H3IF,40,https://www.hktdc.com/event/homeinstyle/en/product/1Z03NUAMW; https://www.hktdc.com/event/homeinstyle/en/product/1Z03NUAMW; https://www.hktdc.com/event/homeinstyle/en/product/1Z03NUAU8; https://www.hktdc.com/event/homeinstyle/en/product/1Z03NUAU8; https://www.hktdc.com/event/homeinstyle/en/product/1Z03NMTP4; https://www.hktdc.com/event/homeinstyle/en/product/1Z03NMTP4; https://www.hktdc.com/event/homeinstyle/en/product/1Z03NLZXA; https://www.hktdc.com/event/homeinstyle/en/product/1Z03NLZXA; https://www.hktdc.com/event/homeinstyle/en/product/1Z03NNCV3; https://www.hktdc.com/event/homeinstyle/en/product/1Z03NNCV3; https://www.hktdc.com/event/homeinstyle/en/product/1Z03NMTFY; https://www.hktdc.com/event/homeinstyle/en/product/1Z03NMTFY; https://www.hktdc.com/event/homeinstyle/en/product/1Z03NMZB4; https://www.hktdc.com/event/homeinstyle/en/product/1Z03NMZB4; https://www.hktdc.com/event/homeinstyle/en/product/1Z03NMT4V; https://www.hktdc.com/event/homeinstyle/en/product/1Z03NMT4V; https://www.hktdc.com/event/homeinstyle/en/product/1Z03NMT6P; https://www.hktdc.com/event/homeinstyle/en/product/1Z03NMT6P; https://www.hktdc.com/event/homeinstyle/en/product/1Z03NM8J7; https://www.hktdc.com/event/homeinstyle/en/product/1Z03NM8J7; https://www.hktdc.com/event/homeinstyle/en/product/1Z03NM8MY; https://www.hktdc.com/event/homeinstyle/en/product/1Z03NM8MY; https://www.hktdc.com/event/homeinstyle/en/product/1Z03NM0GO; https://www.hktdc.com/event/homeinstyle/en/product/1Z03NM0GO; https://www.hktdc.com/event/homeinstyle/en/product/1Z03NND2H; https://www.hktdc.com/event/homeinstyle/en/product/1Z03NND2H; https://www.hktdc.com/event/homeinstyle/en/product/1Z03NMZKD; https://www.hktdc.com/event/homeinstyle/en/product/1Z03NMZKD; https://www.hktdc.com/event/homeinstyle/en/product/1Z03NNCGC; https://www.hktdc.com/event/homeinstyle/en/product/1Z03NNCGC; https://www.hktdc.com/event/homeinstyle/en/product/1Z03NMTBA; https://www.hktdc.com/event/homeinstyle/en/product/1Z03NMTBA; https://www.hktdc.com/event/homeinstyle/en/product/1Z03NMT9G; https://www.hktdc.com/event/homeinstyle/en/product/1Z03NMT9G; https://www.hktdc.com/event/homeinstyle/en/product/1Z03NMT07; https://www.hktdc.com/event/homeinstyle/en/product/1Z03NMT07; https://www.hktdc.com/event/homeinstyle/en/product/1Z03NNC2I; https://www.hktdc.com/event/homeinstyle/en/product/1Z03NNC2I; https://www.hktdc.com/event/homeinstyle/en/product/1Z03NNGQE; https://www.hktdc.com/event/homeinstyle/en/product/1Z03NNGQE
"Fujian Dehua New Qili Arts Co., Ltd.","Fujian Dehua New Qili Arts Co., Ltd.",Chinese Mainland,"Resin Crafts,Ceramic Crafts,Decorative Bowl,Decorative Plate","Resin Crafts,Ceramic Crafts,Decorative Bowl,Decorative Plate",,Exhibitor,Hong Kong Home InStyle 2025,3C-F06,Group Pavilions,Chinese Mainland (Quanzhou) Pavilion,1,,,"Resin Crafts,Ceramic Crafts,Decorative Bowl,Decorative Plate; Ceramic; ODM, OEM, OBM","Resin Crafts,Ceramic Crafts,Decorative Bowl,Decorative Plate; Ceramic; ODM, OEM, OBM",https://www.hktdc.com/event/homeinstyle/en/exhibitor/1S005L0VF,18,https://www.hktdc.com/event/homeinstyle/en/product/1Z03KCQ17; https://www.hktdc.com/event/homeinstyle/en/product/1Z03KCQ17; https://www.hktdc.com/event/homeinstyle/en/product/1X1YFGUU; https://www.hktdc.com/event/homeinstyle/en/product/1X1YFGUU; https://www.hktdc.com/event/homeinstyle/en/product/1X1YFGSW; https://www.hktdc.com/event/homeinstyle/en/product/1X1YFGSW; https://www.hktdc.com/event/homeinstyle/en/product/1X1SK4AE; https://www.hktdc.com/event/homeinstyle/en/product/1X1SK4AE; https://www.hktdc.com/event/homeinstyle/en/product/1X1SDSH7; https://www.hktdc.com/event/homeinstyle/en/product/1X1SDSH7; https://www.hktdc.com/event/homeinstyle/en/product/1X1SDS9F; https://www.hktdc.com/event/homeinstyle/en/product/1X1SDS9F; https://www.hktdc.com/event/homeinstyle/en/product/1X1SDRQ1; https://www.hktdc.com/event/homeinstyle/en/product/1X1SDRQ1; https://www.hktdc.com/event/homeinstyle/en/product/1Z03KCQ0A; https://www.hktdc.com/event/homeinstyle/en/product/1Z03KCQ0A; https://www.hktdc.com/event/homeinstyle/en/product/1Z03KCPZE; https://www.hktdc.com/event/homeinstyle/en/product/1Z03KCPZE
Fuzhou Crown Homeware Co Ltd,Fuzhou Crown Homeware Co Ltd,Chinese Mainland,"Tableware,Disposable Tableware","Tableware,Disposable Tableware",,Exhibitor,Hong Kong Home InStyle 2025,3D-E33,Cook & Dine,,1,,,"Tableware,Disposable Tableware; melamine ware; OEM, ODM, OBM","Tableware,Disposable Tableware; melamine ware; OEM, ODM, OBM",https://www.hktdc.com/event/homeinstyle/en/exhibitor/1S005LYPZ,18,https://www.hktdc.com/event/homeinstyle/en/product/1X25WUI0; https://www.hktdc.com/event/homeinstyle/en/product/1X25WUI0; https://www.hktdc.com/event/homeinstyle/en/product/1X25WUH1; https://www.hktdc.com/event/homeinstyle/en/product/1X25WUH1; https://www.hktdc.com/event/homeinstyle/en/product/1X25WUG2; https://www.hktdc.com/event/homeinstyle/en/product/1X25WUG2; https://www.hktdc.com/event/homeinstyle/en/product/1X25WUF3; https://www.hktdc.com/event/homeinstyle/en/product/1X25WUF3; https://www.hktdc.com/event/homeinstyle/en/product/1X25WUE4; https://www.hktdc.com/event/homeinstyle/en/product/1X25WUE4; https://www.hktdc.com/event/homeinstyle/en/product/1X21FQU0; https://www.hktdc.com/event/homeinstyle/en/product/1X21FQU0; https://www.hktdc.com/event/homeinstyle/en/product/1X202G3L; https://www.hktdc.com/event/homeinstyle/en/product/1X202G3L; https://www.hktdc.com/event/homeinstyle/en/product/1X202G2M; https://www.hktdc.com/event/homeinstyle/en/product/1X202G2M; https://www.hktdc.com/event/homeinstyle/en/product/1X202G1N; https://www.hktdc.com/event/homeinstyle/en/product/1X202G1N
"Fuzhou Haobaihui Household Products Co., Ltd","Fuzhou Haobaihui Household Products Co., Ltd",Chinese Mainland,"Picnic Tableware,Cutlery Set,Kitchen Utensil,Tableware,Dish,Plate,Drinking Straw,Disposable Tableware,Pet House","Picnic Tableware,Cutlery Set,Kitchen Utensil,Tableware,Dish,Plate,Drinking Straw,Disposable Tableware,Pet House",,Exhibitor,Hong Kong Home InStyle 2025,3D-B26,Home Decor & Accessories,,1,,,"Picnic Tableware,Cutlery Set,Kitchen Utensil,Tableware,Dish,Plate,Drinking Straw,Disposable Tableware,Pet House; Bamboo Houseware, Biodegradable Disposable Tableware etc; ODM, OEM, OBM","Picnic Tableware,Cutlery Set,Kitchen Utensil,Tableware,Dish,Plate,Drinking Straw,Disposable Tableware,Pet House; Bamboo Houseware, Biodegradable Disposable Tableware etc; ODM, OEM, OBM",https://www.hktdc.com/event/homeinstyle/en/exhibitor/1S005LYUK,40,https://www.hktdc.com/event/homeinstyle/en/product/1Z03NVTWJ; https://www.hktdc.com/event/homeinstyle/en/product/1Z03NVTWJ; https://www.hktdc.com/event/homeinstyle/en/product/1Z03NVVUN; https://www.hktdc.com/event/homeinstyle/en/product/1Z03NVVUN; https://www.hktdc.com/event/homeinstyle/en/product/1Z03NVUGU; https://www.hktdc.com/event/homeinstyle/en/product/1Z03NVUGU; https://www.hktdc.com/event/homeinstyle/en/product/1Z03NW0A6; https://www.hktdc.com/event/homeinstyle/en/product/1Z03NW0A6; https://www.hktdc.com/event/homeinstyle/en/product/1Z03NUMNH; https://www.hktdc.com/event/homeinstyle/en/product/1Z03NUMNH; https://www.hktdc.com/event/homeinstyle/en/product/1Z03NUSAE; https://www.hktdc.com/event/homeinstyle/en/product/1Z03NUSAE; https://www.hktdc.com/event/homeinstyle/en/product/1Z03NURNC; https://www.hktdc.com/event/homeinstyle/en/product/1Z03NURNC; https://www.hktdc.com/event/homeinstyle/en/product/1Z03NVDDK; https://www.hktdc.com/event/homeinstyle/en/product/1Z03NVDDK; https://www.hktdc.com/event/homeinstyle/en/product/1Z03NW6L3; https://www.hktdc.com/event/homeinstyle/en/product/1Z03NW6L3; https://www.hktdc.com/event/homeinstyle/en/product/1Z03NUSBB; https://www.hktdc.com/event/homeinstyle/en/product/1Z03NUSBB; https://www.hktdc.com/event/homeinstyle/en/product/1Z03NVC0O; https://www.hktdc.com/event/homeinstyle/en/product/1Z03NVC0O; https://www.hktdc.com/event/homeinstyle/en/product/1Z03NW0UI; https://www.hktdc.com/event/homeinstyle/en/product/1Z03NW0UI; https://www.hktdc.com/event/homeinstyle/en/product/1Z03NVVC5; https://www.hktdc.com/event/homeinstyle/en/product/1Z03NVVC5; https://www.hktdc.com/event/homeinstyle/en/product/1Z03NVFOL; https://www.hktdc.com/event/homeinstyle/en/product/1Z03NVFOL; https://www.hktdc.com/event/homeinstyle/en/product/1Z03NVDPK; https://www.hktdc.com/event/homeinstyle/en/product/1Z03NVDPK; https://www.hktdc.com/event/homeinstyle/en/product/1Z03NUAI8; https://www.hktdc.com/event/homeinstyle/en/product/1Z03NUAI8; https://www.hktdc.com/event/homeinstyle/en/product/1Z03NUR09; https://www.hktdc.com/event/homeinstyle/en/product/1Z03NUR09; https://www.hktdc.com/event/homeinstyle/en/product/1Z03NVYSQ; https://www.hktdc.com/event/homeinstyle/en/product/1Z03NVYSQ; https://www.hktdc.com/event/homeinstyle/en/product/1Z03NV5PS; https://www.hktdc.com/event/homeinstyle/en/product/1Z03NV5PS; https://www.hktdc.com/event/homeinstyle/en/product/1Z03NV5Y1; https://www.hktdc.com/event/homeinstyle/en/product/1Z03NV5Y1
"Guangzhou Dolphin Home & Gift Co., Ltd.","Guangzhou Dolphin Home & Gift Co., Ltd.",Chinese Mainland,"Bathroom Accessories,Resin Crafts,Bathroom Fittings & Sanitary Wares,Home Fragrance","Bathroom Accessories,Resin Crafts,Bathroom Fittings & Sanitary Wares,Home Fragrance",,Exhibitor,Hong Kong Home InStyle 2025,3D-C27,Home Decor & Accessories,Cantonese Business Go Global,1,,,"Bathroom Accessories,Resin Crafts,Bathroom Fittings & Sanitary Wares,Home Fragrance; Bathroom accessories, bathroom set, toilet brush holder, tissue roll, soap dispenser, home decoration; ODM, OEM","Bathroom Accessories,Resin Crafts,Bathroom Fittings & Sanitary Wares,Home Fragrance; Bathroom accessories, bathroom set, toilet brush holder, tissue roll, soap dispenser, home decoration; ODM, OEM",https://www.hktdc.com/event/homeinstyle/en/exhibitor/1S005GCSC,32,https://www.hktdc.com/event/homeinstyle/en/product/1Z03JO8RJ; https://www.hktdc.com/event/homeinstyle/en/product/1Z03JO8RJ; https://www.hktdc.com/event/homeinstyle/en/product/1Z03JLXWF; https://www.hktdc.com/event/homeinstyle/en/product/1Z03JLXWF; https://www.hktdc.com/event/homeinstyle/en/product/1Z03K1W11; https://www.hktdc.com/event/homeinstyle/en/product/1Z03K1W11; https://www.hktdc.com/event/homeinstyle/en/product/1Z03JO8SG; https://www.hktdc.com/event/homeinstyle/en/product/1Z03JO8SG; https://www.hktdc.com/event/homeinstyle/en/product/1Z03JOB0P; https://www.hktdc.com/event/homeinstyle/en/product/1Z03JOB0P; https://www.hktdc.com/event/homeinstyle/en/product/1Z03K62Z1; https://www.hktdc.com/event/homeinstyle/en/product/1Z03K62Z1; https://www.hktdc.com/event/homeinstyle/en/product/1Z03K1WN7; https://www.hktdc.com/event/homeinstyle/en/product/1Z03K1WN7; https://www.hktdc.com/event/homeinstyle/en/product/1Z03K1WD1; https://www.hktdc.com/event/homeinstyle/en/product/1Z03K1WD1; https://www.hktdc.com/event/homeinstyle/en/product/1Z03JLYZ5; https://www.hktdc.com/event/homeinstyle/en/product/1Z03JLYZ5; https://www.hktdc.com/event/homeinstyle/en/product/1Z03K1X10; https://www.hktdc.com/event/homeinstyle/en/product/1Z03K1X10; https://www.hktdc.com/event/homeinstyle/en/product/1Z03JOB1M; https://www.hktdc.com/event/homeinstyle/en/product/1Z03JOB1M; https://www.hktdc.com/event/homeinstyle/en/product/1Z03JOAXZ; https://www.hktdc.com/event/homeinstyle/en/product/1Z03JOAXZ; https://www.hktdc.com/event/homeinstyle/en/product/1Z03JOAYW; https://www.hktdc.com/event/homeinstyle/en/product/1Z03JOAYW; https://www.hktdc.com/event/homeinstyle/en/product/1Z03K630X; https://www.hktdc.com/event/homeinstyle/en/product/1Z03K630X; https://www.hktdc.com/event/homeinstyle/en/product/1Z03JOAW2; https://www.hktdc.com/event/homeinstyle/en/product/1Z03JOAW2; https://www.hktdc.com/event/homeinstyle/en/product/1Z03K631U; https://www.hktdc.com/event/homeinstyle/en/product/1Z03K631U
"Guangzhou Kingkady Household Products Co., Ltd","Guangzhou Kingkady Household Products Co., Ltd",Chinese Mainland,"It is a leading Chinese enterprise that integrates the research and development, production, and sales of head protection products. The company was founded in 2008 and after 16 years of development, it has three production bases and three major segments; Head protection, household items, medical and health care. The total area of the group is 70000 square meters The factory covers an area of 150000 square meters. Jinhaina Group has successively obtained; High tech enterprise, technology innovation small giant enterprise, Guangdong Province specialized, refined, and new enterprise; Simultaneously possessing 172 invention patents, utility model patents, and design patents","It is a leading Chinese enterprise that integrates the research and development, production, and sales of head protection products. The company was founded in 2008 and after 16 years of development, it has three production bases and three major segments; Head protection, household items, medical and health care. The total area of the group is 70000 square meters The factory covers an area of 150000 square meters. Jinhaina Group has successively obtained; High tech enterprise, technology innovation small giant enterprise, Guangdong Province specialized, refined, and new enterprise; Simultaneously possessing 172 invention patents, utility model patents, and design patents",,Exhibitor,Hong Kong Home InStyle 2025,3E-E42,Home Textiles,Cantonese Business Go Global,1,,,"Pillows,Pillow Cases; Our main products include adult sleep pillows, baby pillows, travel pillows, lumbar cushions, leg cushions, and various electronic smart pillows; OBM, OEM, ODM","Pillows,Pillow Cases; Our main products include adult sleep pillows, baby pillows, travel pillows, lumbar cushions, leg cushions, and various electronic smart pillows; OBM, OEM, ODM",https://www.hktdc.com/event/homeinstyle/en/exhibitor/1S005M55G,10,https://www.hktdc.com/event/homeinstyle/en/product/1Z03NY18B; https://www.hktdc.com/event/homeinstyle/en/product/1Z03NY18B; https://www.hktdc.com/event/homeinstyle/en/product/1Z03NY3SL; https://www.hktdc.com/event/homeinstyle/en/product/1Z03NY3SL; https://www.hktdc.com/event/homeinstyle/en/product/1Z03NY3GL; https://www.hktdc.com/event/homeinstyle/en/product/1Z03NY3GL; https://www.hktdc.com/event/homeinstyle/en/product/1Z03NY2TJ; https://www.hktdc.com/event/homeinstyle/en/product/1Z03NY2TJ; https://www.hktdc.com/event/homeinstyle/en/product/1Z03NXZPY; https://www.hktdc.com/event/homeinstyle/en/product/1Z03NXZPY
"Hangzhou Newestware Industrial Co., Ltd.","Hangzhou Newestware Industrial Co., Ltd.",Chinese Mainland,"Coffee Pot,Coffee Set,Cup","Coffee Pot,Coffee Set,Cup",,Exhibitor,Hong Kong Home InStyle 2025,3E-C32,Cook & Dine,,1,,,"Coffee Pot,Coffee Set,Cup; Water bottle, coffee mug, thermos flask, wine vessel; ODM, OBM, OEM","Coffee Pot,Coffee Set,Cup; Water bottle, coffee mug, thermos flask, wine vessel; ODM, OBM, OEM",https://www.hktdc.com/event/homeinstyle/en/exhibitor/1S005KD3E,10,https://www.hktdc.com/event/homeinstyle/en/product/1Z03M1UKI; https://www.hktdc.com/event/homeinstyle/en/product/1Z03M1UKI; https://www.hktdc.com/event/homeinstyle/en/product/1Z03M1ZIJ; https://www.hktdc.com/event/homeinstyle/en/product/1Z03M1ZIJ; https://www.hktdc.com/event/homeinstyle/en/product/1Z03M1V7K; https://www.hktdc.com/event/homeinstyle/en/product/1Z03M1V7K; https://www.hktdc.com/event/homeinstyle/en/product/1Z03M1UYC; https://www.hktdc.com/event/homeinstyle/en/product/1Z03M1UYC; https://www.hktdc.com/event/homeinstyle/en/product/1Z03M1USU; https://www.hktdc.com/event/homeinstyle/en/product/1Z03M1USU
Huizhou Mingyu Imaging Material Co Ltd,Huizhou Mingyu Imaging Material Co Ltd,Chinese Mainland,"Photo Frame,Picture Frame","Photo Frame,Picture Frame",,Exhibitor,Hong Kong Home InStyle 2025,3D-C33,Home Decor & Accessories,Cantonese Business Go Global,1,,,"Photo Frame,Picture Frame; Acrylic photo frame; OEM, ODM","Photo Frame,Picture Frame; Acrylic photo frame; OEM, ODM",https://www.hktdc.com/event/homeinstyle/en/exhibitor/1S005GMWQ,0,
"Huizhou Yongyi Technology Co., Ltd","Huizhou Yongyi Technology Co., Ltd",Chinese Mainland,"Bathroom Accessories,Bath Supplies,Bath Curtain","Bathroom Accessories,Bath Supplies,Bath Curtain",,Exhibitor,Hong Kong Home InStyle 2025,3C-F36,Home Decor & Accessories,Cantonese Business Go Global,1,,,"Bathroom Accessories,Bath Supplies,Bath Curtain; Sleep Mask; OEM, OBM, ODM","Bathroom Accessories,Bath Supplies,Bath Curtain; Sleep Mask; OEM, OBM, ODM",https://www.hktdc.com/event/homeinstyle/en/exhibitor/1S005LF63,2,https://www.hktdc.com/event/homeinstyle/en/product/1Z03NW84G; https://www.hktdc.com/event/homeinstyle/en/product/1Z03NW84G
J.C.J. Company Limited,J.C.J. Company Limited,Thailand,,,,Exhibitor,Hong Kong Home InStyle 2025,3C-E16,Group Pavilions,Thailand Pavilion,1,,,"J.C.J. Company is a plastic houseware manufacturer, local distributer and exporter. We provide over 400 houseware products.
Product categories: Storage box, drawer, food keeper, kitchen and dining collection, stool, hanger and basin; Others, OEM","J.C.J. Company is a plastic houseware manufacturer, local distributer and exporter. We provide over 400 houseware products.
Product categories: Storage box, drawer, food keeper, kitchen and dining collection, stool, hanger and basin; Others, OEM",https://www.hktdc.com/event/homeinstyle/en/exhibitor/1S005JQAG,24,https://www.hktdc.com/event/homeinstyle/en/product/1X1VV7E1; https://www.hktdc.com/event/homeinstyle/en/product/1X1VV7E1; https://www.hktdc.com/event/homeinstyle/en/product/1X1VV7D2; https://www.hktdc.com/event/homeinstyle/en/product/1X1VV7D2; https://www.hktdc.com/event/homeinstyle/en/product/1X1SBAHP; https://www.hktdc.com/event/homeinstyle/en/product/1X1SBAHP; https://www.hktdc.com/event/homeinstyle/en/product/1X1SB9YB; https://www.hktdc.com/event/homeinstyle/en/product/1X1SB9YB; https://www.hktdc.com/event/homeinstyle/en/product/1X0MDEEG; https://www.hktdc.com/event/homeinstyle/en/product/1X0MDEEG; https://www.hktdc.com/event/homeinstyle/en/product/1X0MDEBJ; https://www.hktdc.com/event/homeinstyle/en/product/1X0MDEBJ; https://www.hktdc.com/event/homeinstyle/en/product/1X0MDEAK; https://www.hktdc.com/event/homeinstyle/en/product/1X0MDEAK; https://www.hktdc.com/event/homeinstyle/en/product/1X0MDE9L; https://www.hktdc.com/event/homeinstyle/en/product/1X0MDE9L; https://www.hktdc.com/event/homeinstyle/en/product/1X0MDE8M; https://www.hktdc.com/event/homeinstyle/en/product/1X0MDE8M; https://www.hktdc.com/event/homeinstyle/en/product/1X0MDE7N; https://www.hktdc.com/event/homeinstyle/en/product/1X0MDE7N; https://www.hktdc.com/event/homeinstyle/en/product/1X0MDE6O; https://www.hktdc.com/event/homeinstyle/en/product/1X0MDE6O; https://www.hktdc.com/event/homeinstyle/en/product/1X0MDE5P; https://www.hktdc.com/event/homeinstyle/en/product/1X0MDE5P
"JH-Leicast Cookware Co., Ltd.","JH-Leicast Cookware Co., Ltd.",Chinese Mainland,Kitchen Utensil,Kitchen Utensil,,Exhibitor,Hong Kong Home InStyle 2025,3C-E11,Cook & Dine,,1,,,"Kitchen Utensil; Aluminum cookware; OEM, ODM","Kitchen Utensil; Aluminum cookware; OEM, ODM",https://www.hktdc.com/event/homeinstyle/en/exhibitor/1S005LBMV,20,https://www.hktdc.com/event/homeinstyle/en/product/1X25XXSH; https://www.hktdc.com/event/homeinstyle/en/product/1X25XXSH; https://www.hktdc.com/event/homeinstyle/en/product/1X25XX81; https://www.hktdc.com/event/homeinstyle/en/product/1X25XX81; https://www.hktdc.com/event/homeinstyle/en/product/1X25XWMQ; https://www.hktdc.com/event/homeinstyle/en/product/1X25XWMQ; https://www.hktdc.com/event/homeinstyle/en/product/1X25XWC0; https://www.hktdc.com/event/homeinstyle/en/product/1X25XWC0; https://www.hktdc.com/event/homeinstyle/en/product/1X25XW2A; https://www.hktdc.com/event/homeinstyle/en/product/1X25XW2A; https://www.hktdc.com/event/homeinstyle/en/product/1X25XVMT; https://www.hktdc.com/event/homeinstyle/en/product/1X25XVMT; https://www.hktdc.com/event/homeinstyle/en/product/1X25XUZJ; https://www.hktdc.com/event/homeinstyle/en/product/1X25XUZJ; https://www.hktdc.com/event/homeinstyle/en/product/1X25XRAH; https://www.hktdc.com/event/homeinstyle/en/product/1X25XRAH; https://www.hktdc.com/event/homeinstyle/en/product/1X25XOME; https://www.hktdc.com/event/homeinstyle/en/product/1X25XOME; https://www.hktdc.com/event/homeinstyle/en/product/1X21E6F3; https://www.hktdc.com/event/homeinstyle/en/product/1X21E6F3
Jiangsu Union-Smart Textile Technology Co Ltd,Jiangsu Union-Smart Textile Technology Co Ltd,Chinese Mainland,"Functional Fabric,Blankets","Functional Fabric,Blankets",,Exhibitor,Hong Kong Home InStyle 2025,3E-E27,Home Textiles,,1,,,"Functional Fabric,Blankets; Blanket, throw; ODM, OEM","Functional Fabric,Blankets; Blanket, throw; ODM, OEM",https://www.hktdc.com/event/homeinstyle/en/exhibitor/1S005LBGD,20,https://www.hktdc.com/event/homeinstyle/en/product/1X25UO8S; https://www.hktdc.com/event/homeinstyle/en/product/1X25UO8S; https://www.hktdc.com/event/homeinstyle/en/product/1X25UNTA; https://www.hktdc.com/event/homeinstyle/en/product/1X25UNTA; https://www.hktdc.com/event/homeinstyle/en/product/1X25UN9U; https://www.hktdc.com/event/homeinstyle/en/product/1X25UN9U; https://www.hktdc.com/event/homeinstyle/en/product/1X25UM60; https://www.hktdc.com/event/homeinstyle/en/product/1X25UM60; https://www.hktdc.com/event/homeinstyle/en/product/1X25ULCX; https://www.hktdc.com/event/homeinstyle/en/product/1X25ULCX; https://www.hktdc.com/event/homeinstyle/en/product/1X25UJRO; https://www.hktdc.com/event/homeinstyle/en/product/1X25UJRO; https://www.hktdc.com/event/homeinstyle/en/product/1X25UJIX; https://www.hktdc.com/event/homeinstyle/en/product/1X25UJIX; https://www.hktdc.com/event/homeinstyle/en/product/1X25UGUU; https://www.hktdc.com/event/homeinstyle/en/product/1X25UGUU; https://www.hktdc.com/event/homeinstyle/en/product/1X25UGDB; https://www.hktdc.com/event/homeinstyle/en/product/1X25UGDB; https://www.hktdc.com/event/homeinstyle/en/product/1X25RNV8; https://www.hktdc.com/event/homeinstyle/en/product/1X25RNV8
Jinan Sunny Homeware Co Ltd,Jinan Sunny Homeware Co Ltd,Chinese Mainland,"Kettle,Kitchen Utensil,Coffee Pot,Wine Glass,Coffee Set,Cup,Cup & Plate Set,Tableware,Tea Pot,Tea Set","Kettle,Kitchen Utensil,Coffee Pot,Wine Glass,Coffee Set,Cup,Cup & Plate Set,Tableware,Tea Pot,Tea Set",,Exhibitor,Hong Kong Home InStyle 2025,3D-D40,Cook & Dine,Chinese Mainland (Shandong) Pavilion,1,,,"Kettle,Kitchen Utensil,Coffee Pot,Wine Glass,Coffee Set,Cup,Cup & Plate Set,Tableware,Tea Pot,Tea Set; DOUBLE WALL AND SINGLE WALL GLASS CUP, GLASS TEA POT, GLASS BOTTLE,GLASS COFFEE SETS,; Others","Kettle,Kitchen Utensil,Coffee Pot,Wine Glass,Coffee Set,Cup,Cup & Plate Set,Tableware,Tea Pot,Tea Set; DOUBLE WALL AND SINGLE WALL GLASS CUP, GLASS TEA POT, GLASS BOTTLE,GLASS COFFEE SETS,; Others",https://www.hktdc.com/event/homeinstyle/en/exhibitor/1S005JCAU,2,https://www.hktdc.com/event/homeinstyle/en/product/1Z03O24FN; https://www.hktdc.com/event/homeinstyle/en/product/1Z03O24FN
"Jinhua Citrinnova Technology Co., Ltd.","Jinhua Citrinnova Technology Co., Ltd.",Chinese Mainland,Flower Arrangement,Flower Arrangement,,Exhibitor,Hong Kong Home InStyle 2025,3C-D18,Cook & Dine,,1,,,"Flower Arrangement; Home Decor; OEM, ODM","Flower Arrangement; Home Decor; OEM, ODM",https://www.hktdc.com/event/homeinstyle/en/exhibitor/1S005LBHA,0,
"Jiujiang Cosen Industrial Co., Ltd.","Jiujiang Cosen Industrial Co., Ltd.",Chinese Mainland,"Main products: slate cheese board/slate/marble acacia board/wood and bamboo cheese board/slate and marble cake stand slate coaster/marble coaster/acacia marble coaster/wood and bamboo coaster/acacia coaster, slate frame/marble frameacacia slate frame/acacia marble frame/wood and bamboo frame, cheese marker/cheese knife, slate sign/slate","Main products: slate cheese board/slate/marble acacia board/wood and bamboo cheese board/slate and marble cake stand slate coaster/marble coaster/acacia marble coaster/wood and bamboo coaster/acacia coaster, slate frame/marble frameacacia slate frame/acacia marble frame/wood and bamboo frame, cheese marker/cheese knife, slate sign/slate",,Exhibitor,Hong Kong Home InStyle 2025,3C-E27,Cook & Dine,,1,,,"Baking Mold,Baking Tool,Bakeware,Kitchen Knife,Table Knife,Kitchen Utensil,Serving Utensil,Tabletop Accessories,Tableware,Tea Set; Main products: slate cheese board/slate/marble acacia board/wood and bamboo cheese board/slate and marble cake stand slate coaster/marble coaster/acacia marble coaster/wood and bamboo coaster/acacia coaster, slate frame/marble frameacacia slate frame; ODM, OBM, OEM","Baking Mold,Baking Tool,Bakeware,Kitchen Knife,Table Knife,Kitchen Utensil,Serving Utensil,Tabletop Accessories,Tableware,Tea Set; Main products: slate cheese board/slate/marble acacia board/wood and bamboo cheese board/slate and marble cake stand slate coaster/marble coaster/acacia marble coaster/wood and bamboo coaster/acacia coaster, slate frame/marble frameacacia slate frame; ODM, OBM, OEM",https://www.hktdc.com/event/homeinstyle/en/exhibitor/1S005LX6L,14,https://www.hktdc.com/event/homeinstyle/en/product/1X21GSTV; https://www.hktdc.com/event/homeinstyle/en/product/1X21GSTV; https://www.hktdc.com/event/homeinstyle/en/product/1X1X2HE7; https://www.hktdc.com/event/homeinstyle/en/product/1X1X2HE7; https://www.hktdc.com/event/homeinstyle/en/product/1X1X0YFR; https://www.hktdc.com/event/homeinstyle/en/product/1X1X0YFR; https://www.hktdc.com/event/homeinstyle/en/product/1X1X0Y51; https://www.hktdc.com/event/homeinstyle/en/product/1X1X0Y51; https://www.hktdc.com/event/homeinstyle/en/product/1X1WHTST; https://www.hktdc.com/event/homeinstyle/en/product/1X1WHTST; https://www.hktdc.com/event/homeinstyle/en/product/1X1VPMZ7; https://www.hktdc.com/event/homeinstyle/en/product/1X1VPMZ7; https://www.hktdc.com/event/homeinstyle/en/product/1X1VPMY8; https://www.hktdc.com/event/homeinstyle/en/product/1X1VPMY8
"Liling Dacheng Ceramic Industry Co., Ltd.","Liling Dacheng Ceramic Industry Co., Ltd.",Chinese Mainland,"Mug,Plate,Bowl","Mug,Plate,Bowl",,Exhibitor,Hong Kong Home InStyle 2025,3D-B14,Group Pavilions,Chinese Mainland (Hunan) Pavilion,1,,,"Mug,Plate,Bowl; Ceramic; Others, OEM, OBM, ODM","Mug,Plate,Bowl; Ceramic; Others, OEM, OBM, ODM",https://www.hktdc.com/event/homeinstyle/en/exhibitor/1S005L4TH,6,https://www.hktdc.com/event/homeinstyle/en/product/1Z03NWLE9; https://www.hktdc.com/event/homeinstyle/en/product/1Z03NWLE9; https://www.hktdc.com/event/homeinstyle/en/product/1Z03NWL8R; https://www.hktdc.com/event/homeinstyle/en/product/1Z03NWL8R; https://www.hktdc.com/event/homeinstyle/en/product/1Z03NWG55; https://www.hktdc.com/event/homeinstyle/en/product/1Z03NWG55
Liling Spring Ceramic Industry Co Ltd,Liling Spring Ceramic Industry Co Ltd,Chinese Mainland,"Cup,Mug,Cup & Plate Set,Plate","Cup,Mug,Cup & Plate Set,Plate",,Exhibitor,Hong Kong Home InStyle 2025,3D-C15,Group Pavilions,Chinese Mainland (Hunan) Pavilion,1,,,"Cup,Mug,Cup & Plate Set,Plate; Household Ceramic; ODM, OEM, OBM, Others","Cup,Mug,Cup & Plate Set,Plate; Household Ceramic; ODM, OEM, OBM, Others",https://www.hktdc.com/event/homeinstyle/en/exhibitor/1S005LTD4,40,https://www.hktdc.com/event/homeinstyle/en/product/1Z03LQ0GO; https://www.hktdc.com/event/homeinstyle/en/product/1Z03LQ0GO; https://www.hktdc.com/event/homeinstyle/en/product/1Z03LPOR3; https://www.hktdc.com/event/homeinstyle/en/product/1Z03LPOR3; https://www.hktdc.com/event/homeinstyle/en/product/1Z03LPVIN; https://www.hktdc.com/event/homeinstyle/en/product/1Z03LPVIN; https://www.hktdc.com/event/homeinstyle/en/product/1Z03LPQ0A; https://www.hktdc.com/event/homeinstyle/en/product/1Z03LPQ0A; https://www.hktdc.com/event/homeinstyle/en/product/1Z03LPWD1; https://www.hktdc.com/event/homeinstyle/en/product/1Z03LPWD1; https://www.hktdc.com/event/homeinstyle/en/product/1Z03LQOMI; https://www.hktdc.com/event/homeinstyle/en/product/1Z03LQOMI; https://www.hktdc.com/event/homeinstyle/en/product/1Z03LQC66; https://www.hktdc.com/event/homeinstyle/en/product/1Z03LQC66; https://www.hktdc.com/event/homeinstyle/en/product/1Z03LPXY9; https://www.hktdc.com/event/homeinstyle/en/product/1Z03LPXY9; https://www.hktdc.com/event/homeinstyle/en/product/1Z03LPO40; https://www.hktdc.com/event/homeinstyle/en/product/1Z03LPO40; https://www.hktdc.com/event/homeinstyle/en/product/1Z03LQ07F; https://www.hktdc.com/event/homeinstyle/en/product/1Z03LQ07F; https://www.hktdc.com/event/homeinstyle/en/product/1Z03LPPQ5; https://www.hktdc.com/event/homeinstyle/en/product/1Z03LPPQ5; https://www.hktdc.com/event/homeinstyle/en/product/1Z03LPXP0; https://www.hktdc.com/event/homeinstyle/en/product/1Z03LPXP0; https://www.hktdc.com/event/homeinstyle/en/product/1Z03LPQD7; https://www.hktdc.com/event/homeinstyle/en/product/1Z03LPQD7; https://www.hktdc.com/event/homeinstyle/en/product/1Z03LQ0WC; https://www.hktdc.com/event/homeinstyle/en/product/1Z03LQ0WC; https://www.hktdc.com/event/homeinstyle/en/product/1Z03LPQWM; https://www.hktdc.com/event/homeinstyle/en/product/1Z03LPQWM; https://www.hktdc.com/event/homeinstyle/en/product/1Z03LPZKD; https://www.hktdc.com/event/homeinstyle/en/product/1Z03LPZKD; https://www.hktdc.com/event/homeinstyle/en/product/1Z03LPY1Z; https://www.hktdc.com/event/homeinstyle/en/product/1Z03LPY1Z; https://www.hktdc.com/event/homeinstyle/en/product/1Z03LPW8G; https://www.hktdc.com/event/homeinstyle/en/product/1Z03LPW8G; https://www.hktdc.com/event/homeinstyle/en/product/1Z03LPZUJ; https://www.hktdc.com/event/homeinstyle/en/product/1Z03LPZUJ; https://www.hktdc.com/event/homeinstyle/en/product/1Z03LP5X4; https://www.hktdc.com/event/homeinstyle/en/product/1Z03LP5X4
Linyi Miaolian International Trading Co Ltd,Linyi Miaolian International Trading Co Ltd,Chinese Mainland,"Home Office Furniture,Hotel & Clubhouse Furniture","Home Office Furniture,Hotel & Clubhouse Furniture",,Exhibitor,Hong Kong Home InStyle 2025,3E-D31,Cook & Dine,,1,,,"Home Office Furniture,Hotel & Clubhouse Furniture; Online Furniture/ Fast Selling Furniture/ Relaxation Furniture/ Trendy furniture/ Remote office furniture; OEM, ODM, OBM","Home Office Furniture,Hotel & Clubhouse Furniture; Online Furniture/ Fast Selling Furniture/ Relaxation Furniture/ Trendy furniture/ Remote office furniture; OEM, ODM, OBM",https://www.hktdc.com/event/homeinstyle/en/exhibitor/1S005KYJH,26,https://www.hktdc.com/event/homeinstyle/en/product/1Z03O1Z5M; https://www.hktdc.com/event/homeinstyle/en/product/1Z03O1Z5M; https://www.hktdc.com/event/homeinstyle/en/product/1Z03O1YN5; https://www.hktdc.com/event/homeinstyle/en/product/1Z03O1YN5; https://www.hktdc.com/event/homeinstyle/en/product/1Z03O1YC2; https://www.hktdc.com/event/homeinstyle/en/product/1Z03O1YC2; https://www.hktdc.com/event/homeinstyle/en/product/1Z03O1PCB; https://www.hktdc.com/event/homeinstyle/en/product/1Z03O1PCB; https://www.hktdc.com/event/homeinstyle/en/product/1Z03O1Y6K; https://www.hktdc.com/event/homeinstyle/en/product/1Z03O1Y6K; https://www.hktdc.com/event/homeinstyle/en/product/1Z03O1TE1; https://www.hktdc.com/event/homeinstyle/en/product/1Z03O1TE1; https://www.hktdc.com/event/homeinstyle/en/product/1Z03O1WJJ; https://www.hktdc.com/event/homeinstyle/en/product/1Z03O1WJJ; https://www.hktdc.com/event/homeinstyle/en/product/1Z03O1VXE; https://www.hktdc.com/event/homeinstyle/en/product/1Z03O1VXE; https://www.hktdc.com/event/homeinstyle/en/product/1Z03O1JT2; https://www.hktdc.com/event/homeinstyle/en/product/1Z03O1JT2; https://www.hktdc.com/event/homeinstyle/en/product/1Z03O1LE9; https://www.hktdc.com/event/homeinstyle/en/product/1Z03O1LE9; https://www.hktdc.com/event/homeinstyle/en/product/1Z03O1KIY; https://www.hktdc.com/event/homeinstyle/en/product/1Z03O1KIY; https://www.hktdc.com/event/homeinstyle/en/product/1Z03O1K9P; https://www.hktdc.com/event/homeinstyle/en/product/1Z03O1K9P; https://www.hktdc.com/event/homeinstyle/en/product/1Z03O1LIX; https://www.hktdc.com/event/homeinstyle/en/product/1Z03O1LIX
"Linyi Mingfeng Arts And Crafts Co., Ltd.","Linyi Mingfeng Arts And Crafts Co., Ltd.",Chinese Mainland,"LINYI MINGFENG ARTS AND CRAFTS CO.,LTD. IS A SPECIALIZED MANUFACTUER OF HANDY CRAFTS WHICH MADE OF ZINE SHEET,METAL FLOWER POT,METAL BUCKET ETC, WE HAVE SELF-MANAGERIAL IMPORT AND EXPORT AUTHORITY. OUR FACTORY LOCATED IN LINYI ,SHANDONG PROVINCE,CHINA.THE FACTORY NEAR LINYI AIRPORT AND QINGDAO PORT,THE TRANSPORTATION IS VERY CONVENIENT. THE FACTORY COVERS AN AREA OF 5000 SQUARE METERS.THERE ARE ABOUT 60 STAFFS IN CLUDE 10 BRANCH MANAGERS AND 12 TECHNICIANS,THERE ARE ALSO ABOUT 300 SPARE TIME WORKERS.THE ANNUAL OUTPUT IS UP TO 15 MILLION RMB.WE DEVELOP ABOUT HUNDREDS OF NEW DESIGNS FOR OUR CUSTOMERS ALL OVER THE WORLD EVERY YEAR,WE AIM TO SUPPLY HIGH QUALITY MERCHANDISE SWITH REASONABLE PRICES TO MEET THE MEEDS OF WORLD MARDET.THE PRODUCTS HAVE BEEN EXPORTD TO MORE THAN 20 COUNTRIES AND RREGIONS IN EUROPE,AMERICA,RUSSIA,JAPAN ECT. WE SINCERELY WECOME ALL FOREIGH AND DOMESTIC CLIENTS TO ESTABLISH BUSINESS RELATIONS WITH US ON THE BASIS OF MUTUAL BENIFIT.","LINYI MINGFENG ARTS AND CRAFTS CO.,LTD. IS A SPECIALIZED MANUFACTUER OF HANDY CRAFTS WHICH MADE OF ZINE SHEET,METAL FLOWER POT,METAL BUCKET ETC, WE HAVE SELF-MANAGERIAL IMPORT AND EXPORT AUTHORITY. OUR FACTORY LOCATED IN LINYI ,SHANDONG PROVINCE,CHINA.THE FACTORY NEAR LINYI AIRPORT AND QINGDAO PORT,THE TRANSPORTATION IS VERY CONVENIENT. THE FACTORY COVERS AN AREA OF 5000 SQUARE METERS.THERE ARE ABOUT 60 STAFFS IN CLUDE 10 BRANCH MANAGERS AND 12 TECHNICIANS,THERE ARE ALSO ABOUT 300 SPARE TIME WORKERS.THE ANNUAL OUTPUT IS UP TO 15 MILLION RMB.WE DEVELOP ABOUT HUNDREDS OF NEW DESIGNS FOR OUR CUSTOMERS ALL OVER THE WORLD EVERY YEAR,WE AIM TO SUPPLY HIGH QUALITY MERCHANDISE SWITH REASONABLE PRICES TO MEET THE MEEDS OF WORLD MARDET.THE PRODUCTS HAVE BEEN EXPORTD TO MORE THAN 20 COUNTRIES AND RREGIONS IN EUROPE,AMERICA,RUSSIA,JAPAN ECT. WE SINCERELY WECOME ALL FOREIGH AND DOMESTIC CLIENTS TO ESTABLISH BUSINESS RELATIONS WITH US ON THE BASIS OF MUTUAL BENIFIT.",,Exhibitor,Hong Kong Home InStyle 2025,5E-A24,"Outdoor, Camping & Gardening",Chinese Mainland (Shandong) Pavilion,1,,,"Flower Pot,Garden Decoration; Our main products are iron gardening items with many colors and styles, factory support OEM and ODM; the products are mainly made of high quality galvanized metal, economical and practical, not easy to rust.; OEM, ODM","Flower Pot,Garden Decoration; Our main products are iron gardening items with many colors and styles, factory support OEM and ODM; the products are mainly made of high quality galvanized metal, economical and practical, not easy to rust.; OEM, ODM",https://www.hktdc.com/event/homeinstyle/en/exhibitor/1S005ICGC,24,https://www.hktdc.com/event/homeinstyle/en/product/1X203X90; https://www.hktdc.com/event/homeinstyle/en/product/1X203X90; https://www.hktdc.com/event/homeinstyle/en/product/1Z03M2Y5N; https://www.hktdc.com/event/homeinstyle/en/product/1Z03M2Y5N; https://www.hktdc.com/event/homeinstyle/en/product/1Z03M2WUM; https://www.hktdc.com/event/homeinstyle/en/product/1Z03M2WUM; https://www.hktdc.com/event/homeinstyle/en/product/1Z03M0ZXA; https://www.hktdc.com/event/homeinstyle/en/product/1Z03M0ZXA; https://www.hktdc.com/event/homeinstyle/en/product/1X1ZUKYE; https://www.hktdc.com/event/homeinstyle/en/product/1X1ZUKYE; https://www.hktdc.com/event/homeinstyle/en/product/1Z03M0YQW; https://www.hktdc.com/event/homeinstyle/en/product/1Z03M0YQW; https://www.hktdc.com/event/homeinstyle/en/product/1X1ZUKTJ; https://www.hktdc.com/event/homeinstyle/en/product/1X1ZUKTJ; https://www.hktdc.com/event/homeinstyle/en/product/1X1ZUKLR; https://www.hktdc.com/event/homeinstyle/en/product/1X1ZUKLR; https://www.hktdc.com/event/homeinstyle/en/product/1Z03M2Y02; https://www.hktdc.com/event/homeinstyle/en/product/1Z03M2Y02; https://www.hktdc.com/event/homeinstyle/en/product/1Z03M2YC2; https://www.hktdc.com/event/homeinstyle/en/product/1Z03M2YC2; https://www.hktdc.com/event/homeinstyle/en/product/1Z03M10UI; https://www.hktdc.com/event/homeinstyle/en/product/1Z03M10UI; https://www.hktdc.com/event/homeinstyle/en/product/1Z03M2XSR; https://www.hktdc.com/event/homeinstyle/en/product/1Z03M2XSR
"Medge Industrial & Trading Co., Ltd","Medge Industrial & Trading Co., Ltd",Chinese Mainland,"Medge Industrial & Trading Co.,Ltd (MG) is a professional manufacturer with more than 20 years experience in producing hardware and plastic tools, beauty tools and personal care products for different crowds. We do customized service for each special and valuable clientsl.MG will be your best & reliable choice. We support OEM & ODM.","Medge Industrial & Trading Co.,Ltd (MG) is a professional manufacturer with more than 20 years experience in producing hardware and plastic tools, beauty tools and personal care products for different crowds. We do customized service for each special and valuable clientsl.MG will be your best & reliable choice. We support OEM & ODM.",,Exhibitor,Hong Kong Home InStyle 2025,5E-C10,Health & Wellness,Cantonese Business Go Global,1,,,"Manicure Supplies,Personal Care Product; Nail clipper, nail file, manicure set; OBM, ODM, OEM","Manicure Supplies,Personal Care Product; Nail clipper, nail file, manicure set; OBM, ODM, OEM",https://www.hktdc.com/event/homeinstyle/en/exhibitor/1S005J9TC,10,https://www.hktdc.com/event/homeinstyle/en/product/1Z03O18TD; https://www.hktdc.com/event/homeinstyle/en/product/1Z03O18TD; https://www.hktdc.com/event/homeinstyle/en/product/1Z03O1679; https://www.hktdc.com/event/homeinstyle/en/product/1Z03O1679; https://www.hktdc.com/event/homeinstyle/en/product/1Z03O0MDB; https://www.hktdc.com/event/homeinstyle/en/product/1Z03O0MDB; https://www.hktdc.com/event/homeinstyle/en/product/1Z03O0KJV; https://www.hktdc.com/event/homeinstyle/en/product/1Z03O0KJV; https://www.hktdc.com/event/homeinstyle/en/product/1Z03O14QQ; https://www.hktdc.com/event/homeinstyle/en/product/1Z03O14QQ
Ningbo Chunlijia Industry and Trading Co Ltd,Ningbo Chunlijia Industry and Trading Co Ltd,Chinese Mainland,"Tote Bag,Storage Box,File","Tote Bag,Storage Box,File",,Exhibitor,Hong Kong Home InStyle 2025,3C-D24,Home Decor & Accessories,,1,,,"Tote Bag,Storage Box,File; Aluminum card holder; OBM, ODM","Tote Bag,Storage Box,File; Aluminum card holder; OBM, ODM",https://www.hktdc.com/event/homeinstyle/en/exhibitor/1S005MRGX,0,
"Ningbo Comelife Intelligent Technology Co., Ltd","Ningbo Comelife Intelligent Technology Co., Ltd",Chinese Mainland,"Oral Care,Personal Care Product","Oral Care,Personal Care Product",,Exhibitor,Hong Kong Home InStyle 2025,5E-B02,Health & Wellness,,1,,,"Oral Care,Personal Care Product; A series of oral care products, Such as, Dental floss, floss picks, interdental brush, electric toothbrush, water floss.; OEM, ODM","Oral Care,Personal Care Product; A series of oral care products, Such as, Dental floss, floss picks, interdental brush, electric toothbrush, water floss.; OEM, ODM",https://www.hktdc.com/event/homeinstyle/en/exhibitor/1S005IV7K,2,https://www.hktdc.com/event/homeinstyle/en/product/1Z03NVR9I; https://www.hktdc.com/event/homeinstyle/en/product/1Z03NVR9I
"Ningbo Siorio Electrical Appliances Co., Ltd.","Ningbo Siorio Electrical Appliances Co., Ltd.",Chinese Mainland,"Cup,Cup & Plate Set,Cup Cover","Cup,Cup & Plate Set,Cup Cover",,Exhibitor,Hong Kong Home InStyle 2025,3E-C29,Cook & Dine,,1,,,"Cup,Cup & Plate Set,Cup Cover; Sparking water maker machine full industry chain supplier, used for making carbonated beverages.; OEM","Cup,Cup & Plate Set,Cup Cover; Sparking water maker machine full industry chain supplier, used for making carbonated beverages.; OEM",https://www.hktdc.com/event/homeinstyle/en/exhibitor/1S005KDGB,8,https://www.hktdc.com/event/homeinstyle/en/product/1Z03NW8AY; https://www.hktdc.com/event/homeinstyle/en/product/1Z03NW8AY; https://www.hktdc.com/event/homeinstyle/en/product/1Z03OL969; https://www.hktdc.com/event/homeinstyle/en/product/1Z03OL969; https://www.hktdc.com/event/homeinstyle/en/product/1Z03NWDNQ; https://www.hktdc.com/event/homeinstyle/en/product/1Z03NWDNQ; https://www.hktdc.com/event/homeinstyle/en/product/1Z03NW8TD; https://www.hktdc.com/event/homeinstyle/en/product/1Z03NW8TD
"Ningbo Yawen International Trading Co., Ltd.","Ningbo Yawen International Trading Co., Ltd.",Chinese Mainland,Mug,Mug,,Exhibitor,Hong Kong Home InStyle 2025,3D-C34,Cook & Dine,,1,,,"Mug; Household products; ODM, OEM","Mug; Household products; ODM, OEM",https://www.hktdc.com/event/homeinstyle/en/exhibitor/1S005L18B,30,https://www.hktdc.com/event/homeinstyle/en/product/1X0MUXOL; https://www.hktdc.com/event/homeinstyle/en/product/1X0MUXOL; https://www.hktdc.com/event/homeinstyle/en/product/1X0MUXNM; https://www.hktdc.com/event/homeinstyle/en/product/1X0MUXNM; https://www.hktdc.com/event/homeinstyle/en/product/1X0MUXMN; https://www.hktdc.com/event/homeinstyle/en/product/1X0MUXMN; https://www.hktdc.com/event/homeinstyle/en/product/1X0L2D9O; https://www.hktdc.com/event/homeinstyle/en/product/1X0L2D9O; https://www.hktdc.com/event/homeinstyle/en/product/1X0L2D8P; https://www.hktdc.com/event/homeinstyle/en/product/1X0L2D8P; https://www.hktdc.com/event/homeinstyle/en/product/1X0L2D7Q; https://www.hktdc.com/event/homeinstyle/en/product/1X0L2D7Q; https://www.hktdc.com/event/homeinstyle/en/product/1X0DEQO6; https://www.hktdc.com/event/homeinstyle/en/product/1X0DEQO6; https://www.hktdc.com/event/homeinstyle/en/product/1X0DEQN7; https://www.hktdc.com/event/homeinstyle/en/product/1X0DEQN7; https://www.hktdc.com/event/homeinstyle/en/product/1X0DEQM8; https://www.hktdc.com/event/homeinstyle/en/product/1X0DEQM8; https://www.hktdc.com/event/homeinstyle/en/product/1X123Z03; https://www.hktdc.com/event/homeinstyle/en/product/1X123Z03; https://www.hktdc.com/event/homeinstyle/en/product/1X123YZ7; https://www.hktdc.com/event/homeinstyle/en/product/1X123YZ7; https://www.hktdc.com/event/homeinstyle/en/product/1X123YY8; https://www.hktdc.com/event/homeinstyle/en/product/1X123YY8; https://www.hktdc.com/event/homeinstyle/en/product/1X0U7OX3; https://www.hktdc.com/event/homeinstyle/en/product/1X0U7OX3; https://www.hktdc.com/event/homeinstyle/en/product/1X0U7OW4; https://www.hktdc.com/event/homeinstyle/en/product/1X0U7OW4; https://www.hktdc.com/event/homeinstyle/en/product/1X0U7OV5; https://www.hktdc.com/event/homeinstyle/en/product/1X0U7OV5
Ontime International Ltd.,Ontime International Ltd.,Chinese Mainland,"Makeup Kit,Beauty Equipment,Massager","Makeup Kit,Beauty Equipment,Massager",,Exhibitor,Hong Kong Home InStyle 2025,3C-E05,Home Decor & Accessories,,1,,,"Makeup Kit,Beauty Equipment,Massager; TPE CUSHION, GEL HEADBAND, MASSAGER ROLLER, CURL HAIR BRUSH, FIRST AID KIT; OBM, ODM, OEM","Makeup Kit,Beauty Equipment,Massager; TPE CUSHION, GEL HEADBAND, MASSAGER ROLLER, CURL HAIR BRUSH, FIRST AID KIT; OBM, ODM, OEM",https://www.hktdc.com/event/homeinstyle/en/exhibitor/1S005MUD3,0,
"Pioneer Furniture Co., Ltd.","Pioneer Furniture Co., Ltd.",Thailand,"During the past 10 years, PIONEER FURNITURE COMPANY LIMITED has been established since we diversified our product lines into furniture business in order to better serve the customers in both international and domestic markets.","During the past 10 years, PIONEER FURNITURE COMPANY LIMITED has been established since we diversified our product lines into furniture business in order to better serve the customers in both international and domestic markets.",,Exhibitor,Hong Kong Home InStyle 2025,3C-E20,Group Pavilions,Thailand Pavilion,1,,,"Cutting Board,Kitchen Utensil,Tabletop Accessories,Tableware,Plate,Food Container,Ice Bucket,Chair,Outdoor Furniture,Living Room Furniture; We're the biggest manufacturer and exporter of plastic furniture products in Thailand; OBM, Others","Cutting Board,Kitchen Utensil,Tabletop Accessories,Tableware,Plate,Food Container,Ice Bucket,Chair,Outdoor Furniture,Living Room Furniture; We're the biggest manufacturer and exporter of plastic furniture products in Thailand; OBM, Others",https://www.hktdc.com/event/homeinstyle/en/exhibitor/1S005JQ6S,20,https://www.hktdc.com/event/homeinstyle/en/product/1X1IFN21; https://www.hktdc.com/event/homeinstyle/en/product/1X1IFN21; https://www.hktdc.com/event/homeinstyle/en/product/1X1IFN12; https://www.hktdc.com/event/homeinstyle/en/product/1X1IFN12; https://www.hktdc.com/event/homeinstyle/en/product/1X1IFN03; https://www.hktdc.com/event/homeinstyle/en/product/1X1IFN03; https://www.hktdc.com/event/homeinstyle/en/product/1X1IFMZ7; https://www.hktdc.com/event/homeinstyle/en/product/1X1IFMZ7; https://www.hktdc.com/event/homeinstyle/en/product/1X1IFMY8; https://www.hktdc.com/event/homeinstyle/en/product/1X1IFMY8; https://www.hktdc.com/event/homeinstyle/en/product/1X1IFMX9; https://www.hktdc.com/event/homeinstyle/en/product/1X1IFMX9; https://www.hktdc.com/event/homeinstyle/en/product/1X1IFMWA; https://www.hktdc.com/event/homeinstyle/en/product/1X1IFMWA; https://www.hktdc.com/event/homeinstyle/en/product/1X1IFMVB; https://www.hktdc.com/event/homeinstyle/en/product/1X1IFMVB; https://www.hktdc.com/event/homeinstyle/en/product/1X1IFMUC; https://www.hktdc.com/event/homeinstyle/en/product/1X1IFMUC; https://www.hktdc.com/event/homeinstyle/en/product/1X1IFMTD; https://www.hktdc.com/event/homeinstyle/en/product/1X1IFMTD
"Prosper Hardware & Plastic Products Co., Ltd.(Jiangmen City Xinhui District)","Prosper Hardware & Plastic Products Co., Ltd.(Jiangmen City Xinhui District)",Chinese Mainland,"Bathroom Rack,Toilet Cleaning Brush,Garbage Bin,Toilet Paper Holder,Tissue Box","Bathroom Rack,Toilet Cleaning Brush,Garbage Bin,Toilet Paper Holder,Tissue Box",,Exhibitor,Hong Kong Home InStyle 2025,3D-D31,Cook & Dine,Cantonese Business Go Global,1,,,"Bathroom Rack,Toilet Cleaning Brush,Garbage Bin,Toilet Paper Holder,Tissue Box; Trash bin, toilet brush holder, iron wire prouducts; OEM","Bathroom Rack,Toilet Cleaning Brush,Garbage Bin,Toilet Paper Holder,Tissue Box; Trash bin, toilet brush holder, iron wire prouducts; OEM",https://www.hktdc.com/event/homeinstyle/en/exhibitor/1S005INE7,40,https://www.hktdc.com/event/homeinstyle/en/product/1Z03EPUHR; https://www.hktdc.com/event/homeinstyle/en/product/1Z03EPUHR; https://www.hktdc.com/event/homeinstyle/en/product/1X27BWTJ; https://www.hktdc.com/event/homeinstyle/en/product/1X27BWTJ; https://www.hktdc.com/event/homeinstyle/en/product/1X27BWOO; https://www.hktdc.com/event/homeinstyle/en/product/1X27BWOO; https://www.hktdc.com/event/homeinstyle/en/product/1X27BWHV; https://www.hktdc.com/event/homeinstyle/en/product/1X27BWHV; https://www.hktdc.com/event/homeinstyle/en/product/1X27BWB1; https://www.hktdc.com/event/homeinstyle/en/product/1X27BWB1; https://www.hktdc.com/event/homeinstyle/en/product/1X27BW66; https://www.hktdc.com/event/homeinstyle/en/product/1X27BW66; https://www.hktdc.com/event/homeinstyle/en/product/1X27BW39; https://www.hktdc.com/event/homeinstyle/en/product/1X27BW39; https://www.hktdc.com/event/homeinstyle/en/product/1X27BW2A; https://www.hktdc.com/event/homeinstyle/en/product/1X27BW2A; https://www.hktdc.com/event/homeinstyle/en/product/1X27BW0C; https://www.hktdc.com/event/homeinstyle/en/product/1X27BW0C; https://www.hktdc.com/event/homeinstyle/en/product/1X27BVXI; https://www.hktdc.com/event/homeinstyle/en/product/1X27BVXI; https://www.hktdc.com/event/homeinstyle/en/product/1X27BVTM; https://www.hktdc.com/event/homeinstyle/en/product/1X27BVTM; https://www.hktdc.com/event/homeinstyle/en/product/1X27BVSN; https://www.hktdc.com/event/homeinstyle/en/product/1X27BVSN; https://www.hktdc.com/event/homeinstyle/en/product/1X27BVNS; https://www.hktdc.com/event/homeinstyle/en/product/1X27BVNS; https://www.hktdc.com/event/homeinstyle/en/product/1X27BTK1; https://www.hktdc.com/event/homeinstyle/en/product/1X27BTK1; https://www.hktdc.com/event/homeinstyle/en/product/1X27BSYQ; https://www.hktdc.com/event/homeinstyle/en/product/1X27BSYQ; https://www.hktdc.com/event/homeinstyle/en/product/1X27BSBD; https://www.hktdc.com/event/homeinstyle/en/product/1X27BSBD; https://www.hktdc.com/event/homeinstyle/en/product/1X27BS8G; https://www.hktdc.com/event/homeinstyle/en/product/1X27BS8G; https://www.hktdc.com/event/homeinstyle/en/product/1X27BKJT; https://www.hktdc.com/event/homeinstyle/en/product/1X27BKJT; https://www.hktdc.com/event/homeinstyle/en/product/1X276GAE; https://www.hktdc.com/event/homeinstyle/en/product/1X276GAE; https://www.hktdc.com/event/homeinstyle/en/product/1X276FZS; https://www.hktdc.com/event/homeinstyle/en/product/1X276FZS
"Putian Thaili Trade Co., Ltd.","Putian Thaili Trade Co., Ltd.",Chinese Mainland,"Tabletop Accessories,Tableware,Disposable Tableware,Wood Crafts","Tabletop Accessories,Tableware,Disposable Tableware,Wood Crafts",,Exhibitor,Hong Kong Home InStyle 2025,3D-E27,Cook & Dine,,1,,,"Tabletop Accessories,Tableware,Disposable Tableware,Wood Crafts; Wood/ bamboo tableware: Wood tray, wood spoon, wood bowl, bamboo skewer & etc; OBM, OEM, ODM","Tabletop Accessories,Tableware,Disposable Tableware,Wood Crafts; Wood/ bamboo tableware: Wood tray, wood spoon, wood bowl, bamboo skewer & etc; OBM, OEM, ODM",https://www.hktdc.com/event/homeinstyle/en/exhibitor/1S005L16H,4,https://www.hktdc.com/event/homeinstyle/en/product/1X13HSXR; https://www.hktdc.com/event/homeinstyle/en/product/1X13HSXR; https://www.hktdc.com/event/homeinstyle/en/product/1X13HSWS; https://www.hktdc.com/event/homeinstyle/en/product/1X13HSWS
"Reangwa Standard Industry Co., Ltd.","Reangwa Standard Industry Co., Ltd.",Thailand,"Thai owned company registered since 1987 with own production facility in Thailand. Our company specilise in plastic houseware and food packaging with screen printing and PU foam injection capability, with more than 60 injection and blow moulding machines of 80 to 1800 tonnage. Our factory is cerified ISO9001, ISO14000, ISO45000, ISO22000 and comply with SMETA SEDEX audit.","Thai owned company registered since 1987 with own production facility in Thailand. Our company specilise in plastic houseware and food packaging with screen printing and PU foam injection capability, with more than 60 injection and blow moulding machines of 80 to 1800 tonnage. Our factory is cerified ISO9001, ISO14000, ISO45000, ISO22000 and comply with SMETA SEDEX audit.",,Exhibitor,Hong Kong Home InStyle 2025,3C-E18,Group Pavilions,Thailand Pavilion,1,,,"Picnic Tableware,Thermal Flask,Wine Glass,Food Container,Disposable Tableware,Bar Accessories,Ice Bucket,Garbage Bin,Home Storage & Organisation,Plastic Crafts; Tableware in our Crystan Unbreakable series from wine glass to champange flute made from tough clear as crystal plastic with the added advantage of toughness.  Our cooler with high quality PU insulation is also on offer with customised logo and color; ODM, OEM, OBM","Picnic Tableware,Thermal Flask,Wine Glass,Food Container,Disposable Tableware,Bar Accessories,Ice Bucket,Garbage Bin,Home Storage & Organisation,Plastic Crafts; Tableware in our Crystan Unbreakable series from wine glass to champange flute made from tough clear as crystal plastic with the added advantage of toughness.  Our cooler with high quality PU insulation is also on offer with customised logo and color; ODM, OEM, OBM",https://www.hktdc.com/event/homeinstyle/en/exhibitor/1S005JQ8M,24,https://www.hktdc.com/event/homeinstyle/en/product/1Z03JYVTQ; https://www.hktdc.com/event/homeinstyle/en/product/1Z03JYVTQ; https://www.hktdc.com/event/homeinstyle/en/product/1Z03JZ31U; https://www.hktdc.com/event/homeinstyle/en/product/1Z03JZ31U; https://www.hktdc.com/event/homeinstyle/en/product/1Z03JZ0DX; https://www.hktdc.com/event/homeinstyle/en/product/1Z03JZ0DX; https://www.hktdc.com/event/homeinstyle/en/product/1X1MFZGN; https://www.hktdc.com/event/homeinstyle/en/product/1X1MFZGN; https://www.hktdc.com/event/homeinstyle/en/product/1X0TWH6F; https://www.hktdc.com/event/homeinstyle/en/product/1X0TWH6F; https://www.hktdc.com/event/homeinstyle/en/product/1X0TWH4H; https://www.hktdc.com/event/homeinstyle/en/product/1X0TWH4H; https://www.hktdc.com/event/homeinstyle/en/product/1X0LL24Q; https://www.hktdc.com/event/homeinstyle/en/product/1X0LL24Q; https://www.hktdc.com/event/homeinstyle/en/product/1X0BWP4T; https://www.hktdc.com/event/homeinstyle/en/product/1X0BWP4T; https://www.hktdc.com/event/homeinstyle/en/product/1X0BWP3U; https://www.hktdc.com/event/homeinstyle/en/product/1X0BWP3U; https://www.hktdc.com/event/homeinstyle/en/product/1X083SO0; https://www.hktdc.com/event/homeinstyle/en/product/1X083SO0; https://www.hktdc.com/event/homeinstyle/en/product/1Z03JYI9R; https://www.hktdc.com/event/homeinstyle/en/product/1Z03JYI9R; https://www.hktdc.com/event/homeinstyle/en/product/1Z03JZ5OV; https://www.hktdc.com/event/homeinstyle/en/product/1Z03JZ5OV
"Sichuan EOUSE Furniture Co., Ltd.","Sichuan EOUSE Furniture Co., Ltd.",Chinese Mainland,"Fabric Crafts,Fabric Decoration","Fabric Crafts,Fabric Decoration",,Exhibitor,Hong Kong Home InStyle 2025,3E-F33,Home Textiles,,1,,,"Fabric Crafts,Fabric Decoration; Weave fabric decorations; OBM, ODM, OEM","Fabric Crafts,Fabric Decoration; Weave fabric decorations; OBM, ODM, OEM",https://www.hktdc.com/event/homeinstyle/en/exhibitor/1S005MQ8M,40,https://www.hktdc.com/event/homeinstyle/en/product/1Z03NWGH5; https://www.hktdc.com/event/homeinstyle/en/product/1Z03NWGH5; https://www.hktdc.com/event/homeinstyle/en/product/1Z03NZBEJ; https://www.hktdc.com/event/homeinstyle/en/product/1Z03NZBEJ; https://www.hktdc.com/event/homeinstyle/en/product/1Z03NYRF0; https://www.hktdc.com/event/homeinstyle/en/product/1Z03NYRF0; https://www.hktdc.com/event/homeinstyle/en/product/1Z03NZE2G; https://www.hktdc.com/event/homeinstyle/en/product/1Z03NZE2G; https://www.hktdc.com/event/homeinstyle/en/product/1Z03NYT8J; https://www.hktdc.com/event/homeinstyle/en/product/1Z03NYT8J; https://www.hktdc.com/event/homeinstyle/en/product/1Z03NZFAR; https://www.hktdc.com/event/homeinstyle/en/product/1Z03NZFAR; https://www.hktdc.com/event/homeinstyle/en/product/1Z03NYV5Q; https://www.hktdc.com/event/homeinstyle/en/product/1Z03NYV5Q; https://www.hktdc.com/event/homeinstyle/en/product/1Z03NYTTS; https://www.hktdc.com/event/homeinstyle/en/product/1Z03NYTTS; https://www.hktdc.com/event/homeinstyle/en/product/1Z03NY6W6; https://www.hktdc.com/event/homeinstyle/en/product/1Z03NY6W6; https://www.hktdc.com/event/homeinstyle/en/product/1Z03NZD58; https://www.hktdc.com/event/homeinstyle/en/product/1Z03NZD58; https://www.hktdc.com/event/homeinstyle/en/product/1Z03NQWJJ; https://www.hktdc.com/event/homeinstyle/en/product/1Z03NQWJJ; https://www.hktdc.com/event/homeinstyle/en/product/1Z03NQX9C; https://www.hktdc.com/event/homeinstyle/en/product/1Z03NQX9C; https://www.hktdc.com/event/homeinstyle/en/product/1Z03NVU9F; https://www.hktdc.com/event/homeinstyle/en/product/1Z03NVU9F; https://www.hktdc.com/event/homeinstyle/en/product/1Z03NWULF; https://www.hktdc.com/event/homeinstyle/en/product/1Z03NWULF; https://www.hktdc.com/event/homeinstyle/en/product/1Z03NWFNO; https://www.hktdc.com/event/homeinstyle/en/product/1Z03NWFNO; https://www.hktdc.com/event/homeinstyle/en/product/1Z03NWG48; https://www.hktdc.com/event/homeinstyle/en/product/1Z03NWG48; https://www.hktdc.com/event/homeinstyle/en/product/1Z03NQ2DV; https://www.hktdc.com/event/homeinstyle/en/product/1Z03NQ2DV; https://www.hktdc.com/event/homeinstyle/en/product/1Z03NVUUO; https://www.hktdc.com/event/homeinstyle/en/product/1Z03NVUUO; https://www.hktdc.com/event/homeinstyle/en/product/1Z03NW2L7; https://www.hktdc.com/event/homeinstyle/en/product/1Z03NW2L7; https://www.hktdc.com/event/homeinstyle/en/product/1Z03NW3W9; https://www.hktdc.com/event/homeinstyle/en/product/1Z03NW3W9
Times Art,Times Art,India,"Times Art is a Govt. Recognized Export House in New Delhi, India. It was established in 1999. Our factory and showroom is located at Kasna, Uttar Pradesh, India. We export Indian Handicrafts and home décor items including door knobs, wall hooks and handles to countries around the world. Our major countries of export are U.S.A, U.K and Spain. We provide high quality products at competitive prices.","Times Art is a Govt. Recognized Export House in New Delhi, India. It was established in 1999. Our factory and showroom is located at Kasna, Uttar Pradesh, India. We export Indian Handicrafts and home décor items including door knobs, wall hooks and handles to countries around the world. Our major countries of export are U.S.A, U.K and Spain. We provide high quality products at competitive prices.",,Exhibitor,Hong Kong Home InStyle 2025,3C-E12,Home Decor & Accessories,,1,,,"Tabletop Accessories,Paper Napkin,Wine Stopper,Glass Crafts,Metal Craft,Ceramic Crafts,Wood Crafts,Photo Frame,Knitting Crafts; We export Indian Handicrafts and home décor items including door  knobs, wall hooks and handles and kitchen accessories (chopping boards, coasters, etc); OBM","Tabletop Accessories,Paper Napkin,Wine Stopper,Glass Crafts,Metal Craft,Ceramic Crafts,Wood Crafts,Photo Frame,Knitting Crafts; We export Indian Handicrafts and home décor items including door  knobs, wall hooks and handles and kitchen accessories (chopping boards, coasters, etc); OBM",https://www.hktdc.com/event/homeinstyle/en/exhibitor/1S005MAEK,8,https://www.hktdc.com/event/homeinstyle/en/product/1X0T1LZA; https://www.hktdc.com/event/homeinstyle/en/product/1X0T1LZA; https://www.hktdc.com/event/homeinstyle/en/product/1X123WPN; https://www.hktdc.com/event/homeinstyle/en/product/1X123WPN; https://www.hktdc.com/event/homeinstyle/en/product/1X123WOO; https://www.hktdc.com/event/homeinstyle/en/product/1X123WOO; https://www.hktdc.com/event/homeinstyle/en/product/1X123WNP; https://www.hktdc.com/event/homeinstyle/en/product/1X123WNP
"United Way Enterprises Co., Ltd.","United Way Enterprises Co., Ltd.",Taiwan,"United Way Enterprises Co., Ltd is a premier manufacturer specializing in the design and production of unique and creative tableware. With over 20 years of industry experience, the company has established itself as a trusted leader in crafting one-of-a-kind cutlery that combines functionality with artistic flair. One of United Way's standout capabilities lies in its ability to create themed tableware for festive events and special occasions. United Way remains committed to pushing the boundaries of design and craftsmanship, transforming dining experiences into unforgettable moments with its unique tableware collection.","United Way Enterprises Co., Ltd is a premier manufacturer specializing in the design and production of unique and creative tableware. With over 20 years of industry experience, the company has established itself as a trusted leader in crafting one-of-a-kind cutlery that combines functionality with artistic flair. One of United Way's standout capabilities lies in its ability to create themed tableware for festive events and special occasions. United Way remains committed to pushing the boundaries of design and craftsmanship, transforming dining experiences into unforgettable moments with its unique tableware collection.",,Exhibitor,Hong Kong Home InStyle 2025,3D-C10,Group Pavilions,Taiwan Pavilion,1,,,"Kitchen Knife,Cutlery Set,Fork,Spoon,Table Knife,Kitchen Utensil,Tabletop Accessories,Tableware,Corkscrew,Wine Stopper; The stainless steel parts are certified for EU and US food safety standards.  The handles are hand-painted, showcasing exquisite craftsmanship and a unique design.; OEM, ODM","Kitchen Knife,Cutlery Set,Fork,Spoon,Table Knife,Kitchen Utensil,Tabletop Accessories,Tableware,Corkscrew,Wine Stopper; The stainless steel parts are certified for EU and US food safety standards.  The handles are hand-painted, showcasing exquisite craftsmanship and a unique design.; OEM, ODM",https://www.hktdc.com/event/homeinstyle/en/exhibitor/1S005J81P,14,https://www.hktdc.com/event/homeinstyle/en/product/1Z03NTV2Z; https://www.hktdc.com/event/homeinstyle/en/product/1Z03NTV2Z; https://www.hktdc.com/event/homeinstyle/en/product/1Z03NTV4T; https://www.hktdc.com/event/homeinstyle/en/product/1Z03NTV4T; https://www.hktdc.com/event/homeinstyle/en/product/1Z03NTVAB; https://www.hktdc.com/event/homeinstyle/en/product/1Z03NTVAB; https://www.hktdc.com/event/homeinstyle/en/product/1Z03NTV3W; https://www.hktdc.com/event/homeinstyle/en/product/1Z03NTV3W; https://www.hktdc.com/event/homeinstyle/en/product/1Z03NTVB8; https://www.hktdc.com/event/homeinstyle/en/product/1Z03NTVB8; https://www.hktdc.com/event/homeinstyle/en/product/1Z03NTVC5; https://www.hktdc.com/event/homeinstyle/en/product/1Z03NTVC5; https://www.hktdc.com/event/homeinstyle/en/product/1Z03NTV8H; https://www.hktdc.com/event/homeinstyle/en/product/1Z03NTV8H
"Wan Chao (Hangzhou) Stainless Steel Ind. Co., Ltd","Wan Chao (Hangzhou) Stainless Steel Ind. Co., Ltd",Chinese Mainland,"Wan Chao established in 1993, we are a leading manufacturing and exporter for high quality 18/8 and 18/10 stainless steel vacuum flask, coffee mug, tumbler, thermal bottle, coffee pot, food jar, sports bottle, outdoor drinkware. Our insulated series products will enrich your life every day whenever you are at home, office, exercise, doing sports or leisure time. Focusing on developing a safe, convenient and smart is our believe for innovative products. Plus the competitive prices, prompt delivery & good service that lead our products become popular and reputable among famous company from Global, Europe, Asia, North America, Latin America, Oceania market. You are invited to become ""Wan Chao Family"" through the mutual understanding and cooperation closely and firmly to reach our business philosophy-long term & win-win ! You win, we win too !!","Wan Chao established in 1993, we are a leading manufacturing and exporter for high quality 18/8 and 18/10 stainless steel vacuum flask, coffee mug, tumbler, thermal bottle, coffee pot, food jar, sports bottle, outdoor drinkware. Our insulated series products will enrich your life every day whenever you are at home, office, exercise, doing sports or leisure time. Focusing on developing a safe, convenient and smart is our believe for innovative products. Plus the competitive prices, prompt delivery & good service that lead our products become popular and reputable among famous company from Global, Europe, Asia, North America, Latin America, Oceania market. You are invited to become ""Wan Chao Family"" through the mutual understanding and cooperation closely and firmly to reach our business philosophy-long term & win-win ! You win, we win too !!",,Exhibitor,Hong Kong Home InStyle 2025,3D-C12,Group Pavilions,,1,,,"Picnic Tableware,Kettle,Thermal Flask,Thermal Mug,Vacuum Flask,Coffee Pot,Cup,Tableware,Tea Pot; Stainless Steel Vacuum Sports Bottle, Thermal Mug, Food Jar, Coffee Pot, Cutlery; ODM, OEM","Picnic Tableware,Kettle,Thermal Flask,Thermal Mug,Vacuum Flask,Coffee Pot,Cup,Tableware,Tea Pot; Stainless Steel Vacuum Sports Bottle, Thermal Mug, Food Jar, Coffee Pot, Cutlery; ODM, OEM",https://www.hktdc.com/event/homeinstyle/en/exhibitor/1S005KDKZ,14,https://www.hktdc.com/event/homeinstyle/en/product/1Z03NMRQ3; https://www.hktdc.com/event/homeinstyle/en/product/1Z03NMRQ3; https://www.hktdc.com/event/homeinstyle/en/product/1Z03NMQGY; https://www.hktdc.com/event/homeinstyle/en/product/1Z03NMQGY; https://www.hktdc.com/event/homeinstyle/en/product/1Z03NMQ9J; https://www.hktdc.com/event/homeinstyle/en/product/1Z03NMQ9J; https://www.hktdc.com/event/homeinstyle/en/product/1Z03NMSYE; https://www.hktdc.com/event/homeinstyle/en/product/1Z03NMSYE; https://www.hktdc.com/event/homeinstyle/en/product/1Z03NM0II; https://www.hktdc.com/event/homeinstyle/en/product/1Z03NM0II; https://www.hktdc.com/event/homeinstyle/en/product/1Z03NM0HL; https://www.hktdc.com/event/homeinstyle/en/product/1Z03NM0HL; https://www.hktdc.com/event/homeinstyle/en/product/1Z03NMSSW; https://www.hktdc.com/event/homeinstyle/en/product/1Z03NMSSW
"Weifang Regal Industrial Co., Ltd.","Weifang Regal Industrial Co., Ltd.",Chinese Mainland,"WEIFANG REGAL INDUSTRIAL CO.,LTD Established on 2009,we are an leading manufacturer of all kinds of plastic products, such as HDPE/LDPE disposable aprons,garbage bags, food bags, PE gloves,soluble strip laundry bags and etc.","WEIFANG REGAL INDUSTRIAL CO.,LTD Established on 2009,we are an leading manufacturer of all kinds of plastic products, such as HDPE/LDPE disposable aprons,garbage bags, food bags, PE gloves,soluble strip laundry bags and etc.",,Exhibitor,Hong Kong Home InStyle 2025,3D-E36,Cook & Dine,Chinese Mainland (Shandong) Pavilion,1,,,"Tote Bag,Shopping Bag,Cleaning Gloves,Laundry Bag,Bio-Degradable Product; Our main producdts are HDPE/LDPE plastic products,such as disposable aprons, garbage bags, food bags, refuse sacks,shopping bags,PE gloves,draw-string bags and etc.; OEM, OBM","Tote Bag,Shopping Bag,Cleaning Gloves,Laundry Bag,Bio-Degradable Product; Our main producdts are HDPE/LDPE plastic products,such as disposable aprons, garbage bags, food bags, refuse sacks,shopping bags,PE gloves,draw-string bags and etc.; OEM, OBM",https://www.hktdc.com/event/homeinstyle/en/exhibitor/1S005JC9X,0,
"Xiamen Cameo Enterprise Co., Ltd.","Xiamen Cameo Enterprise Co., Ltd.",Chinese Mainland,"Tote Bag,Shopping Bag,Fabric Crafts","Tote Bag,Shopping Bag,Fabric Crafts",,Exhibitor,Hong Kong Home InStyle 2025,5E-K26,Cultural and Creative Avenue,,1,,,"Tote Bag,Shopping Bag,Fabric Crafts; canvas  bag ,T- SHIRT ,sports cap; OEM, ODM","Tote Bag,Shopping Bag,Fabric Crafts; canvas  bag ,T- SHIRT ,sports cap; OEM, ODM",https://www.hktdc.com/event/homeinstyle/en/exhibitor/1S005MLBI,14,https://www.hktdc.com/event/homeinstyle/en/product/1Z03NWXJI; https://www.hktdc.com/event/homeinstyle/en/product/1Z03NWXJI; https://www.hktdc.com/event/homeinstyle/en/product/1Z03NWX4R; https://www.hktdc.com/event/homeinstyle/en/product/1Z03NWX4R; https://www.hktdc.com/event/homeinstyle/en/product/1Z03NWXM9; https://www.hktdc.com/event/homeinstyle/en/product/1Z03NWXM9; https://www.hktdc.com/event/homeinstyle/en/product/1Z03NWXUL; https://www.hktdc.com/event/homeinstyle/en/product/1Z03NWXUL; https://www.hktdc.com/event/homeinstyle/en/product/1X25MW1B; https://www.hktdc.com/event/homeinstyle/en/product/1X25MW1B; https://www.hktdc.com/event/homeinstyle/en/product/1X25M3ED; https://www.hktdc.com/event/homeinstyle/en/product/1X25M3ED; https://www.hktdc.com/event/homeinstyle/en/product/1X25MF0R; https://www.hktdc.com/event/homeinstyle/en/product/1X25MF0R
"Xiamen DNQ Import and Export Co., Ltd.","Xiamen DNQ Import and Export Co., Ltd.",Chinese Mainland,"Christmas Supply,Party Supplies","Christmas Supply,Party Supplies",,Exhibitor,Hong Kong Home InStyle 2025,3D-B28,Home Decor & Accessories,,1,,,"Christmas Supply,Party Supplies; Souvenirs; OBM, OEM, ODM","Christmas Supply,Party Supplies; Souvenirs; OBM, OEM, ODM",https://www.hktdc.com/event/homeinstyle/en/exhibitor/1S005L0TL,16,https://www.hktdc.com/event/homeinstyle/en/product/1X25RBU9; https://www.hktdc.com/event/homeinstyle/en/product/1X25RBU9; https://www.hktdc.com/event/homeinstyle/en/product/1X25RBTA; https://www.hktdc.com/event/homeinstyle/en/product/1X25RBTA; https://www.hktdc.com/event/homeinstyle/en/product/1X25RBSB; https://www.hktdc.com/event/homeinstyle/en/product/1X25RBSB; https://www.hktdc.com/event/homeinstyle/en/product/1X25RBRC; https://www.hktdc.com/event/homeinstyle/en/product/1X25RBRC; https://www.hktdc.com/event/homeinstyle/en/product/1X25RBQD; https://www.hktdc.com/event/homeinstyle/en/product/1X25RBQD; https://www.hktdc.com/event/homeinstyle/en/product/1X25RBPE; https://www.hktdc.com/event/homeinstyle/en/product/1X25RBPE; https://www.hktdc.com/event/homeinstyle/en/product/1X25RBOF; https://www.hktdc.com/event/homeinstyle/en/product/1X25RBOF; https://www.hktdc.com/event/homeinstyle/en/product/1X25NLHS; https://www.hktdc.com/event/homeinstyle/en/product/1X25NLHS
"Yangjiang Changying Industry and Trade Co., Ltd.","Yangjiang Changying Industry and Trade Co., Ltd.",Chinese Mainland,"Kitchen Utensil,Tableware,Manicure Supplies,Makeup Kit,Personal Care Product","Kitchen Utensil,Tableware,Manicure Supplies,Makeup Kit,Personal Care Product",,Exhibitor,Hong Kong Home InStyle 2025,5E-C07,Health & Wellness,Cantonese Business Go Global,1,,,"Kitchen Utensil,Tableware,Manicure Supplies,Makeup Kit,Personal Care Product; Specializing in the production of eyebrow clips, acne needles, eyelash curlers, manicure beauty sets, all kinds of hardware, stainless steel, plastic tool products.; OBM, OEM","Kitchen Utensil,Tableware,Manicure Supplies,Makeup Kit,Personal Care Product; Specializing in the production of eyebrow clips, acne needles, eyelash curlers, manicure beauty sets, all kinds of hardware, stainless steel, plastic tool products.; OBM, OEM",https://www.hktdc.com/event/homeinstyle/en/exhibitor/1S005ISO8,40,https://www.hktdc.com/event/homeinstyle/en/product/1Z03O7MBH; https://www.hktdc.com/event/homeinstyle/en/product/1Z03O7MBH; https://www.hktdc.com/event/homeinstyle/en/product/1Z03O26SI; https://www.hktdc.com/event/homeinstyle/en/product/1Z03O26SI; https://www.hktdc.com/event/homeinstyle/en/product/1Z03O26RL; https://www.hktdc.com/event/homeinstyle/en/product/1Z03O26RL; https://www.hktdc.com/event/homeinstyle/en/product/1Z03O26UC; https://www.hktdc.com/event/homeinstyle/en/product/1Z03O26UC; https://www.hktdc.com/event/homeinstyle/en/product/1Z03O26OU; https://www.hktdc.com/event/homeinstyle/en/product/1Z03O26OU; https://www.hktdc.com/event/homeinstyle/en/product/1Z03O26J9; https://www.hktdc.com/event/homeinstyle/en/product/1Z03O26J9; https://www.hktdc.com/event/homeinstyle/en/product/1Z03O20WC; https://www.hktdc.com/event/homeinstyle/en/product/1Z03O20WC; https://www.hktdc.com/event/homeinstyle/en/product/1Z03O20Y6; https://www.hktdc.com/event/homeinstyle/en/product/1Z03O20Y6; https://www.hktdc.com/event/homeinstyle/en/product/1Z03O247B; https://www.hktdc.com/event/homeinstyle/en/product/1Z03O247B; https://www.hktdc.com/event/homeinstyle/en/product/1Z03O24X5; https://www.hktdc.com/event/homeinstyle/en/product/1Z03O24X5; https://www.hktdc.com/event/homeinstyle/en/product/1Z03O24K8; https://www.hktdc.com/event/homeinstyle/en/product/1Z03O24K8; https://www.hktdc.com/event/homeinstyle/en/product/1Z03O24IE; https://www.hktdc.com/event/homeinstyle/en/product/1Z03O24IE; https://www.hktdc.com/event/homeinstyle/en/product/1Z03O24A2; https://www.hktdc.com/event/homeinstyle/en/product/1Z03O24A2; https://www.hktdc.com/event/homeinstyle/en/product/1Z03O242Q; https://www.hktdc.com/event/homeinstyle/en/product/1Z03O242Q; https://www.hktdc.com/event/homeinstyle/en/product/1Z03O23M3; https://www.hktdc.com/event/homeinstyle/en/product/1Z03O23M3; https://www.hktdc.com/event/homeinstyle/en/product/1Z03O22ES; https://www.hktdc.com/event/homeinstyle/en/product/1Z03O22ES; https://www.hktdc.com/event/homeinstyle/en/product/1Z03O21IH; https://www.hktdc.com/event/homeinstyle/en/product/1Z03O21IH; https://www.hktdc.com/event/homeinstyle/en/product/1Z03O1YUK; https://www.hktdc.com/event/homeinstyle/en/product/1Z03O1YUK; https://www.hktdc.com/event/homeinstyle/en/product/1Z03O1XY9; https://www.hktdc.com/event/homeinstyle/en/product/1Z03O1XY9; https://www.hktdc.com/event/homeinstyle/en/product/1Z03O1YJH; https://www.hktdc.com/event/homeinstyle/en/product/1Z03O1YJH
"Yangjiang Chaofeng Industrial & Trading Co., Ltd.","Yangjiang Chaofeng Industrial & Trading Co., Ltd.",Chinese Mainland,"Baking Tool,Kitchen Knife,Cutlery Set,Fork,Spoon,Table Knife,Kitchen Utensil,Tableware,Fruit Basket,Can Opener","Baking Tool,Kitchen Knife,Cutlery Set,Fork,Spoon,Table Knife,Kitchen Utensil,Tableware,Fruit Basket,Can Opener",,Exhibitor,Hong Kong Home InStyle 2025,3E-A33,Cook & Dine,Cantonese Business Go Global,1,,,"Baking Tool,Kitchen Knife,Cutlery Set,Fork,Spoon,Table Knife,Kitchen Utensil,Tableware,Fruit Basket,Can Opener; Company Introduction
Exporting to the Americas,Europe and the Middle East
Founded in 2001,Yangjiang Chaofeng Industrial &Trading Co.Ltd is a professional companythat integrates R&D,industry and trade,with main business in hardware and kitchenware.; OEM, ODM, OBM","Baking Tool,Kitchen Knife,Cutlery Set,Fork,Spoon,Table Knife,Kitchen Utensil,Tableware,Fruit Basket,Can Opener; Company Introduction
Exporting to the Americas,Europe and the Middle East
Founded in 2001,Yangjiang Chaofeng Industrial &Trading Co.Ltd is a professional companythat integrates R&D,industry and trade,with main business in hardware and kitchenware.; OEM, ODM, OBM",https://www.hktdc.com/event/homeinstyle/en/exhibitor/1S005H3B0,2,https://www.hktdc.com/event/homeinstyle/en/product/1X1T59UF; https://www.hktdc.com/event/homeinstyle/en/product/1X1T59UF
"Yangjiang Richton Co., Ltd","Yangjiang Richton Co., Ltd",Chinese Mainland,"Baking Mold,Bakeware","Baking Mold,Bakeware",,Exhibitor,Hong Kong Home InStyle 2025,3E-A36,Cook & Dine,Cantonese Business Go Global,1,,,"Baking Mold,Bakeware; Kitchen supplies; OEM, OBM","Baking Mold,Bakeware; Kitchen supplies; OEM, OBM",https://www.hktdc.com/event/homeinstyle/en/exhibitor/1S005GBTA,40,https://www.hktdc.com/event/homeinstyle/en/product/1Z03LS4NZ; https://www.hktdc.com/event/homeinstyle/en/product/1Z03LS4NZ; https://www.hktdc.com/event/homeinstyle/en/product/1Z03LT5EP; https://www.hktdc.com/event/homeinstyle/en/product/1Z03LT5EP; https://www.hktdc.com/event/homeinstyle/en/product/1Z03LS4UE; https://www.hktdc.com/event/homeinstyle/en/product/1Z03LS4UE; https://www.hktdc.com/event/homeinstyle/en/product/1Z03LTJPE; https://www.hktdc.com/event/homeinstyle/en/product/1Z03LTJPE; https://www.hktdc.com/event/homeinstyle/en/product/1Z03LT5L4; https://www.hktdc.com/event/homeinstyle/en/product/1Z03LT5L4; https://www.hktdc.com/event/homeinstyle/en/product/1Z03LTJIZ; https://www.hktdc.com/event/homeinstyle/en/product/1Z03LTJIZ; https://www.hktdc.com/event/homeinstyle/en/product/1Z03LTJS5; https://www.hktdc.com/event/homeinstyle/en/product/1Z03LTJS5; https://www.hktdc.com/event/homeinstyle/en/product/1Z03LSZ2V; https://www.hktdc.com/event/homeinstyle/en/product/1Z03LSZ2V; https://www.hktdc.com/event/homeinstyle/en/product/1Z03LTJR8; https://www.hktdc.com/event/homeinstyle/en/product/1Z03LTJR8; https://www.hktdc.com/event/homeinstyle/en/product/1Z03LT0M6; https://www.hktdc.com/event/homeinstyle/en/product/1Z03LT0M6; https://www.hktdc.com/event/homeinstyle/en/product/1Z03LTJH2; https://www.hktdc.com/event/homeinstyle/en/product/1Z03LTJH2; https://www.hktdc.com/event/homeinstyle/en/product/1Z03LSZZ4; https://www.hktdc.com/event/homeinstyle/en/product/1Z03LSZZ4; https://www.hktdc.com/event/homeinstyle/en/product/1Z03LTJT2; https://www.hktdc.com/event/homeinstyle/en/product/1Z03LTJT2; https://www.hktdc.com/event/homeinstyle/en/product/1Z03LT55G; https://www.hktdc.com/event/homeinstyle/en/product/1Z03LT55G; https://www.hktdc.com/event/homeinstyle/en/product/1Z03LS4VB; https://www.hktdc.com/event/homeinstyle/en/product/1Z03LS4VB; https://www.hktdc.com/event/homeinstyle/en/product/1Z03LSYGQ; https://www.hktdc.com/event/homeinstyle/en/product/1Z03LSYGQ; https://www.hktdc.com/event/homeinstyle/en/product/1Z03LTJQB; https://www.hktdc.com/event/homeinstyle/en/product/1Z03LTJQB; https://www.hktdc.com/event/homeinstyle/en/product/1Z03LTJOH; https://www.hktdc.com/event/homeinstyle/en/product/1Z03LTJOH; https://www.hktdc.com/event/homeinstyle/en/product/1Z03LS4SK; https://www.hktdc.com/event/homeinstyle/en/product/1Z03LS4SK; https://www.hktdc.com/event/homeinstyle/en/product/1Z03LT17E; https://www.hktdc.com/event/homeinstyle/en/product/1Z03LT17E
"Yangjiang YF Hardware Co., Ltd","Yangjiang YF Hardware Co., Ltd",Chinese Mainland,"Baking Mold,Baking Tool,Bakeware,Measuring Cup,Kitchen Utensil,Tableware,Kitchen Gloves,Corkscrew,Measuring Spoon,Can Opener","Baking Mold,Baking Tool,Bakeware,Measuring Cup,Kitchen Utensil,Tableware,Kitchen Gloves,Corkscrew,Measuring Spoon,Can Opener",,Exhibitor,Hong Kong Home InStyle 2025,3E-A34,Cook & Dine,Cantonese Business Go Global,1,,,"Baking Mold,Baking Tool,Bakeware,Measuring Cup,Kitchen Utensil,Tableware,Kitchen Gloves,Corkscrew,Measuring Spoon,Can Opener; We offer kitchen utensils, kitchen gadgets and kitchen accessories, which meet food grade standard. The OEM and ODM will be acceptable.; OEM, ODM","Baking Mold,Baking Tool,Bakeware,Measuring Cup,Kitchen Utensil,Tableware,Kitchen Gloves,Corkscrew,Measuring Spoon,Can Opener; We offer kitchen utensils, kitchen gadgets and kitchen accessories, which meet food grade standard. The OEM and ODM will be acceptable.; OEM, ODM",https://www.hktdc.com/event/homeinstyle/en/exhibitor/1S005GCRF,40,https://www.hktdc.com/event/homeinstyle/en/product/1Z03NPEEG; https://www.hktdc.com/event/homeinstyle/en/product/1Z03NPEEG; https://www.hktdc.com/event/homeinstyle/en/product/1Z03NPLWR; https://www.hktdc.com/event/homeinstyle/en/product/1Z03NPLWR; https://www.hktdc.com/event/homeinstyle/en/product/1Z03NPMIW; https://www.hktdc.com/event/homeinstyle/en/product/1Z03NPMIW; https://www.hktdc.com/event/homeinstyle/en/product/1Z03NP5CV; https://www.hktdc.com/event/homeinstyle/en/product/1Z03NP5CV; https://www.hktdc.com/event/homeinstyle/en/product/1Z03NPESA; https://www.hktdc.com/event/homeinstyle/en/product/1Z03NPESA; https://www.hktdc.com/event/homeinstyle/en/product/1Z03NPMKQ; https://www.hktdc.com/event/homeinstyle/en/product/1Z03NPMKQ; https://www.hktdc.com/event/homeinstyle/en/product/1Z03NPLT0; https://www.hktdc.com/event/homeinstyle/en/product/1Z03NPLT0; https://www.hktdc.com/event/homeinstyle/en/product/1Z03NPMF5; https://www.hktdc.com/event/homeinstyle/en/product/1Z03NPMF5; https://www.hktdc.com/event/homeinstyle/en/product/1Z03NPK37; https://www.hktdc.com/event/homeinstyle/en/product/1Z03NPK37; https://www.hktdc.com/event/homeinstyle/en/product/1Z03NPECM; https://www.hktdc.com/event/homeinstyle/en/product/1Z03NPECM; https://www.hktdc.com/event/homeinstyle/en/product/1Z03NPM42; https://www.hktdc.com/event/homeinstyle/en/product/1Z03NPM42; https://www.hktdc.com/event/homeinstyle/en/product/1Z03NP6QO; https://www.hktdc.com/event/homeinstyle/en/product/1Z03NP6QO; https://www.hktdc.com/event/homeinstyle/en/product/1Z03NPLML; https://www.hktdc.com/event/homeinstyle/en/product/1Z03NPLML; https://www.hktdc.com/event/homeinstyle/en/product/1Z03NPMQ8; https://www.hktdc.com/event/homeinstyle/en/product/1Z03NPMQ8; https://www.hktdc.com/event/homeinstyle/en/product/1Z03NPM9N; https://www.hktdc.com/event/homeinstyle/en/product/1Z03NPM9N; https://www.hktdc.com/event/homeinstyle/en/product/1Z03NP5QP; https://www.hktdc.com/event/homeinstyle/en/product/1Z03NP5QP; https://www.hktdc.com/event/homeinstyle/en/product/1Z03NP75E; https://www.hktdc.com/event/homeinstyle/en/product/1Z03NP75E; https://www.hktdc.com/event/homeinstyle/en/product/1Z03NP6L3; https://www.hktdc.com/event/homeinstyle/en/product/1Z03NP6L3; https://www.hktdc.com/event/homeinstyle/en/product/1Z03NP7ZW; https://www.hktdc.com/event/homeinstyle/en/product/1Z03NP7ZW; https://www.hktdc.com/event/homeinstyle/en/product/1Z03JX6V9; https://www.hktdc.com/event/homeinstyle/en/product/1Z03JX6V9
"Yongkang City Memory Trade Co., Ltd","Yongkang City Memory Trade Co., Ltd",Chinese Mainland,Food Steamer,Food Steamer,,Exhibitor,Hong Kong Home InStyle 2025,3E-A43,Cook & Dine,,1,,,"Food Steamer; Aluminum pot; OEM, ODM","Food Steamer; Aluminum pot; OEM, ODM",https://www.hktdc.com/event/homeinstyle/en/exhibitor/1S005LC80,12,https://www.hktdc.com/event/homeinstyle/en/product/1Z03NYOUU; https://www.hktdc.com/event/homeinstyle/en/product/1Z03NYOUU; https://www.hktdc.com/event/homeinstyle/en/product/1Z03NYBDM; https://www.hktdc.com/event/homeinstyle/en/product/1Z03NYBDM; https://www.hktdc.com/event/homeinstyle/en/product/1Z03NYR30; https://www.hktdc.com/event/homeinstyle/en/product/1Z03NYR30; https://www.hktdc.com/event/homeinstyle/en/product/1Z03NYSGW; https://www.hktdc.com/event/homeinstyle/en/product/1Z03NYSGW; https://www.hktdc.com/event/homeinstyle/en/product/1Z03NYPMH; https://www.hktdc.com/event/homeinstyle/en/product/1Z03NYPMH; https://www.hktdc.com/event/homeinstyle/en/product/1Z03NYQ9J; https://www.hktdc.com/event/homeinstyle/en/product/1Z03NYQ9J
"Yongkang Longyingfei Industry & Trading Co., Ltd.","Yongkang Longyingfei Industry & Trading Co., Ltd.",Chinese Mainland,Spice Container,Spice Container,,Exhibitor,Hong Kong Home InStyle 2025,3E-C43,Cook & Dine,,1,,,"Spice Container; stainless steel hose; ODM, OEM","Spice Container; stainless steel hose; ODM, OEM",https://www.hktdc.com/event/homeinstyle/en/exhibitor/1S005LCBR,14,https://www.hktdc.com/event/homeinstyle/en/product/1X1ZJQVZ; https://www.hktdc.com/event/homeinstyle/en/product/1X1ZJQVZ; https://www.hktdc.com/event/homeinstyle/en/product/1X1VRUKY; https://www.hktdc.com/event/homeinstyle/en/product/1X1VRUKY; https://www.hktdc.com/event/homeinstyle/en/product/1X1VRUJZ; https://www.hktdc.com/event/homeinstyle/en/product/1X1VRUJZ; https://www.hktdc.com/event/homeinstyle/en/product/1X1S10R9; https://www.hktdc.com/event/homeinstyle/en/product/1X1S10R9; https://www.hktdc.com/event/homeinstyle/en/product/1X1S10QA; https://www.hktdc.com/event/homeinstyle/en/product/1X1S10QA; https://www.hktdc.com/event/homeinstyle/en/product/1X1S10OC; https://www.hktdc.com/event/homeinstyle/en/product/1X1S10OC; https://www.hktdc.com/event/homeinstyle/en/product/1X1S10ND; https://www.hktdc.com/event/homeinstyle/en/product/1X1S10ND
Zhejiang Dushen Necktie Company Limited,Zhejiang Dushen Necktie Company Limited,Chinese Mainland,"Founded on March 13, 1995, the registered place is located at No. 1, Tie Yuan 2nd Road, Sanjiang Street, Shengzhou City, Zhejiang Province, and the legal representative is Ye Xiaoli. The business scope includes general items: garment manufacturing; garment manufacturing; manufacture of knitted or crocheted fabrics and articles thereof; manufacturing of household textile products; manufacturing of industrial textile products; fabric textile processing; production of daily masks (non-medical); sales of daily masks (non-medical); production of labor protection products; leather goods manufacturing; human resources services (excluding employment intermediary activities and labor dispatch services); non-residential real estate leases; (The above business scope does not include printing and dyeing) (except for projects subject to approval in accordance with the law, independently carry out business activities with a business license in accordance with the law). Licensed projects: employment intermediary activities (projects subject to approval in accordance with the law, business activities can only be carried out after approval by relevant departments, and specific business projects are subject to the approval results)","Founded on March 13, 1995, the registered place is located at No. 1, Tie Yuan 2nd Road, Sanjiang Street, Shengzhou City, Zhejiang Province, and the legal representative is Ye Xiaoli. The business scope includes general items: garment manufacturing; garment manufacturing; manufacture of knitted or crocheted fabrics and articles thereof; manufacturing of household textile products; manufacturing of industrial textile products; fabric textile processing; production of daily masks (non-medical); sales of daily masks (non-medical); production of labor protection products; leather goods manufacturing; human resources services (excluding employment intermediary activities and labor dispatch services); non-residential real estate leases; (The above business scope does not include printing and dyeing) (except for projects subject to approval in accordance with the law, independently carry out business activities with a business license in accordance with the law). Licensed projects: employment intermediary activities (projects subject to approval in accordance with the law, business activities can only be carried out after approval by relevant departments, and specific business projects are subject to the approval results)",,Exhibitor,Hong Kong Home InStyle 2025,3E-F39,Home Textiles,,1,,,"Carpets,Blankets,Pillows,Pillow Cases; Main tie clothing, tie clothing, etc. The company adheres to the business philosophy of ""customer first, forge ahead"" and adheres to the principle of ""customer first"" to provide our customers with high-quality services; OBM, ODM, OEM","Carpets,Blankets,Pillows,Pillow Cases; Main tie clothing, tie clothing, etc. The company adheres to the business philosophy of ""customer first, forge ahead"" and adheres to the principle of ""customer first"" to provide our customers with high-quality services; OBM, ODM, OEM",https://www.hktdc.com/event/homeinstyle/en/exhibitor/1S005LYRT,0,
"Zhongshan Zhanshi Outdoor Products Co., Ltd.","Zhongshan Zhanshi Outdoor Products Co., Ltd.",Chinese Mainland,"Barbecue Grill,Barbecue Tool","Barbecue Grill,Barbecue Tool",,Exhibitor,Hong Kong Home InStyle 2025,5E-A16,"Outdoor, Camping & Gardening",Cantonese Business Go Global,1,,,"Barbecue Grill,Barbecue Tool; Charcoal bbq grill, pizza oven, outdoor camping barbecue stove, portable bbq grill; ODM, OEM","Barbecue Grill,Barbecue Tool; Charcoal bbq grill, pizza oven, outdoor camping barbecue stove, portable bbq grill; ODM, OEM",https://www.hktdc.com/event/homeinstyle/en/exhibitor/1S005ISNB,6,https://www.hktdc.com/event/homeinstyle/en/product/1X23N3P2; https://www.hktdc.com/event/homeinstyle/en/product/1X23N3P2; https://www.hktdc.com/event/homeinstyle/en/product/1X23N3O3; https://www.hktdc.com/event/homeinstyle/en/product/1X23N3O3; https://www.hktdc.com/event/homeinstyle/en/product/1X1ZSQS2; https://www.hktdc.com/event/homeinstyle/en/product/1X1ZSQS2
"Zibo Jiaxiang Import & Export Co., Ltd.","Zibo Jiaxiang Import & Export Co., Ltd.",Chinese Mainland,"Zibo Jiaxiang Import and Export Co., Ltd, is a comprehensive production enterprise specializing in the production of high borosilicate glass crisper, baking pan, glass storage jar, olive oil bottle, seasoning jar, decanter,various kinds of wine glasses, high borosilicate double-layer cup,coffee pot and other glass products.The company have won the majority of customers favor relying on the careful service, the excellent quality, the efficient delivery time and the competitive price. Our products are exported to more than 60 countries and regions in Europe, America,Central and South America. price. Our products are exported to more than 60 countries and regions in Europe, America,Central and South","Zibo Jiaxiang Import and Export Co., Ltd, is a comprehensive production enterprise specializing in the production of high borosilicate glass crisper, baking pan, glass storage jar, olive oil bottle, seasoning jar, decanter,various kinds of wine glasses, high borosilicate double-layer cup,coffee pot and other glass products.The company have won the majority of customers favor relying on the careful service, the excellent quality, the efficient delivery time and the competitive price. Our products are exported to more than 60 countries and regions in Europe, America,Central and South America. price. Our products are exported to more than 60 countries and regions in Europe, America,Central and South",,Exhibitor,Hong Kong Home InStyle 2025,3D-C38,Cook & Dine,Chinese Mainland (Shandong) Pavilion,1,,,"Kettle,Measuring Cup,Kitchen Utensil,Coffee Pot,Wine Glass,Cup,Mug,Barware Set,Decanter,Tea Pot; high borosilicate glass crisper, baking pan, glass storage jar, olive oil
bottle, seasoning jar, decanter, various kinds of wine glasses, high
borosilicate double-layer cup,coffee pot and other glass products.; Others","Kettle,Measuring Cup,Kitchen Utensil,Coffee Pot,Wine Glass,Cup,Mug,Barware Set,Decanter,Tea Pot; high borosilicate glass crisper, baking pan, glass storage jar, olive oil
bottle, seasoning jar, decanter, various kinds of wine glasses, high
borosilicate double-layer cup,coffee pot and other glass products.; Others",https://www.hktdc.com/event/homeinstyle/en/exhibitor/1S005JCBR,8,https://www.hktdc.com/event/homeinstyle/en/product/1Z03NXFU3; https://www.hktdc.com/event/homeinstyle/en/product/1Z03NXFU3; https://www.hktdc.com/event/homeinstyle/en/product/1Z03NXEPJ; https://www.hktdc.com/event/homeinstyle/en/product/1Z03NXEPJ; https://www.hktdc.com/event/homeinstyle/en/product/1Z03NXBOP; https://www.hktdc.com/event/homeinstyle/en/product/1Z03NXBOP; https://www.hktdc.com/event/homeinstyle/en/product/1Z03NXCW0; https://www.hktdc.com/event/homeinstyle/en/product/1Z03NXCW0
"Zibo Peakfar Import Export Co., Ltd.","Zibo Peakfar Import Export Co., Ltd.",Chinese Mainland,"Zibo Peakfar Import Export Co., Ltd was founded in 2005, and our own factory Hejian Peakfar Glassware Co., Ltd is located in Hejian City, Hebei Province. Being 160km away from Tianjin Port and 200km from Beijing City, Hejian city is bestowed of convenient transportation and excellent investment environment. Our factory occupies 10,000 square meters, more than 30 staffs and achieves annual production value over US$5,000,000, We have more than 10 years' experience in houseware glass items, mainly specialized in glass cup, glass vase, glass container, candle holder, popcorn maker, teapot, glass bottle etc. With the growth of the company, Peakfar has been certified by and acknowledged in various standardized programs like BSCI and also meet all standard food grade testing such as FDA, LFGB. Besides, we also firmly believe and take quality control and improvement as our goal! All these enable Peakfar to offer one-stop high-end precision fabrication solutions throughout the chain, which set a strong foundation for a sustainable growth, and offers our best service to the customers all over the world with OEM & ODM projects.","Zibo Peakfar Import Export Co., Ltd was founded in 2005, and our own factory Hejian Peakfar Glassware Co., Ltd is located in Hejian City, Hebei Province. Being 160km away from Tianjin Port and 200km from Beijing City, Hejian city is bestowed of convenient transportation and excellent investment environment. Our factory occupies 10,000 square meters, more than 30 staffs and achieves annual production value over US$5,000,000, We have more than 10 years' experience in houseware glass items, mainly specialized in glass cup, glass vase, glass container, candle holder, popcorn maker, teapot, glass bottle etc. With the growth of the company, Peakfar has been certified by and acknowledged in various standardized programs like BSCI and also meet all standard food grade testing such as FDA, LFGB. Besides, we also firmly believe and take quality control and improvement as our goal! All these enable Peakfar to offer one-stop high-end precision fabrication solutions throughout the chain, which set a strong foundation for a sustainable growth, and offers our best service to the customers all over the world with OEM & ODM projects.",,Exhibitor,Hong Kong Home InStyle 2025,3D-D41,Cook & Dine,Chinese Mainland (Shandong) Pavilion,1,,,"Coffee Pot,Coffee Set,Cup,Mug,Cup & Plate Set,Spice Container,Drinking Straw,Food Container,Tea Pot,Tea Set; glass cup, glass mug, glass teapot, glass jar, glass pitcher, glass bottle, glass popcorn maker,  glass coffee maker, glass tea set, glass measuring cup,; OEM","Coffee Pot,Coffee Set,Cup,Mug,Cup & Plate Set,Spice Container,Drinking Straw,Food Container,Tea Pot,Tea Set; glass cup, glass mug, glass teapot, glass jar, glass pitcher, glass bottle, glass popcorn maker,  glass coffee maker, glass tea set, glass measuring cup,; OEM",https://www.hktdc.com/event/homeinstyle/en/exhibitor/1S005JCFF,40,https://www.hktdc.com/event/homeinstyle/en/product/1Z03G8RWL; https://www.hktdc.com/event/homeinstyle/en/product/1Z03G8RWL; https://www.hktdc.com/event/homeinstyle/en/product/1Z03G8RP6; https://www.hktdc.com/event/homeinstyle/en/product/1Z03G8RP6; https://www.hktdc.com/event/homeinstyle/en/product/1X2719CX; https://www.hktdc.com/event/homeinstyle/en/product/1X2719CX; https://www.hktdc.com/event/homeinstyle/en/product/1X2710LF; https://www.hktdc.com/event/homeinstyle/en/product/1X2710LF; https://www.hktdc.com/event/homeinstyle/en/product/1X270ZCR; https://www.hktdc.com/event/homeinstyle/en/product/1X270ZCR; https://www.hktdc.com/event/homeinstyle/en/product/1X26UEKA; https://www.hktdc.com/event/homeinstyle/en/product/1X26UEKA; https://www.hktdc.com/event/homeinstyle/en/product/1X20P6RR; https://www.hktdc.com/event/homeinstyle/en/product/1X20P6RR; https://www.hktdc.com/event/homeinstyle/en/product/1X20OYMK; https://www.hktdc.com/event/homeinstyle/en/product/1X20OYMK; https://www.hktdc.com/event/homeinstyle/en/product/1X1YFBLI; https://www.hktdc.com/event/homeinstyle/en/product/1X1YFBLI; https://www.hktdc.com/event/homeinstyle/en/product/1X1YFBKJ; https://www.hktdc.com/event/homeinstyle/en/product/1X1YFBKJ; https://www.hktdc.com/event/homeinstyle/en/product/1X1YFBJK; https://www.hktdc.com/event/homeinstyle/en/product/1X1YFBJK; https://www.hktdc.com/event/homeinstyle/en/product/1X1YFBIL; https://www.hktdc.com/event/homeinstyle/en/product/1X1YFBIL; https://www.hktdc.com/event/homeinstyle/en/product/1X1YFBHM; https://www.hktdc.com/event/homeinstyle/en/product/1X1YFBHM; https://www.hktdc.com/event/homeinstyle/en/product/1X1YFBGN; https://www.hktdc.com/event/homeinstyle/en/product/1X1YFBGN; https://www.hktdc.com/event/homeinstyle/en/product/1X1YFBFO; https://www.hktdc.com/event/homeinstyle/en/product/1X1YFBFO; https://www.hktdc.com/event/homeinstyle/en/product/1X1YFBEP; https://www.hktdc.com/event/homeinstyle/en/product/1X1YFBEP; https://www.hktdc.com/event/homeinstyle/en/product/1X1WFRCF; https://www.hktdc.com/event/homeinstyle/en/product/1X1WFRCF; https://www.hktdc.com/event/homeinstyle/en/product/1Z03G8SC8; https://www.hktdc.com/event/homeinstyle/en/product/1Z03G8SC8; https://www.hktdc.com/event/homeinstyle/en/product/1Z03G8S6Q; https://www.hktdc.com/event/homeinstyle/en/product/1Z03G8S6Q; https://www.hktdc.com/event/homeinstyle/en/product/1Z03G8SSW; https://www.hktdc.com/event/homeinstyle/en/product/1Z03G8SSW
Industrial Designers Society of Hong Kong,Industrial Designers Society of Hong Kong,Hong Kong,Industrial Designers Society of Hong Kong (IDSHK) is a non-profit organization founded in 2002.,Industrial Designers Society of Hong Kong (IDSHK) is a non-profit organization founded in 2002.,,Exhibitor,Hong Kong Home InStyle 2025,5E-L02,Cultural and Creative Avenue,,1,,,"Umbrella,Vacuum Flask,Coffee Pot,Living Room Furniture,Photo Frame,Decorative Lamp,Pet Bed & Mat,Pet Grooming Product,Design Services & Brand Strategy,Association Service; Collaboration Products of ReMIX Creative Business Matching Program
Products from IDSHK members; ODM, Others, OBM","Umbrella,Vacuum Flask,Coffee Pot,Living Room Furniture,Photo Frame,Decorative Lamp,Pet Bed & Mat,Pet Grooming Product,Design Services & Brand Strategy,Association Service; Collaboration Products of ReMIX Creative Business Matching Program
Products from IDSHK members; ODM, Others, OBM",https://www.hktdc.com/event/homeinstyle/en/exhibitor/1S005M56D,6,https://www.hktdc.com/event/homeinstyle/en/product/1Z03NY7ZW; https://www.hktdc.com/event/homeinstyle/en/product/1Z03NY7ZW; https://www.hktdc.com/event/homeinstyle/en/product/1Z03NY7YZ; https://www.hktdc.com/event/homeinstyle/en/product/1Z03NY7YZ; https://www.hktdc.com/event/homeinstyle/en/product/1Z03NY81P; https://www.hktdc.com/event/homeinstyle/en/product/1Z03NY81P
H & J Home Group Limited,H & J Home Group Limited,Hong Kong,"Slippers,Quilts,Pillows,Table Cloth","Slippers,Quilts,Pillows,Table Cloth",,Exhibitor,Hong Kong Home InStyle 2025,3E-E24,Home Textiles,,1,,,"Slippers,Quilts,Pillows,Table Cloth; Slipper, Pillow Case; OBM","Slippers,Quilts,Pillows,Table Cloth; Slipper, Pillow Case; OBM",https://www.hktdc.com/event/homeinstyle/en/exhibitor/1S005HS9H,10,https://www.hktdc.com/event/homeinstyle/en/product/1X20US8G; https://www.hktdc.com/event/homeinstyle/en/product/1X20US8G; https://www.hktdc.com/event/homeinstyle/en/product/1X20US4K; https://www.hktdc.com/event/homeinstyle/en/product/1X20US4K; https://www.hktdc.com/event/homeinstyle/en/product/1X20URYT; https://www.hktdc.com/event/homeinstyle/en/product/1X20URYT; https://www.hktdc.com/event/homeinstyle/en/product/1X20URWV; https://www.hktdc.com/event/homeinstyle/en/product/1X20URWV; https://www.hktdc.com/event/homeinstyle/en/product/1X20URVW; https://www.hktdc.com/event/homeinstyle/en/product/1X20URVW
Pantone LLC,Pantone LLC,Hong Kong,Ashtray,Ashtray,,Exhibitor,Hong Kong Home InStyle 2025,5E-M03,Cultural and Creative Avenue,,1,,,Ashtray; Pantone provides a universal language of color that enables color-critical decisions through every stage of the workflow for brands and manufacturers.; OBM,Ashtray; Pantone provides a universal language of color that enables color-critical decisions through every stage of the workflow for brands and manufacturers.; OBM,https://www.hktdc.com/event/homeinstyle/en/exhibitor/1S005MRSX,0,
Charter Power Development Limited,Charter Power Development Limited,Hong Kong,"We have own factory in Bangladesh. Factory set up in year of 2011, the top management and technical core from China to ensure system running and quality control in a smooth way to meet customer standard. Factory Audit:BSCI/SEDEX","We have own factory in Bangladesh. Factory set up in year of 2011, the top management and technical core from China to ensure system running and quality control in a smooth way to meet customer standard. Factory Audit:BSCI/SEDEX",,Exhibitor,Hong Kong Home InStyle 2025,3D-E29,Cook & Dine,,1,,,"Kitchen Utensil; Machines (65 sets) :
Injection 40 sets, Blowing 12 sets, Imprinting 8 sets, Silicone Compression 1 set, Stamping 2 sets, forming 2 sets
Materials - PVC, Silicone, ABS, PP, HIPS, PET, POM, PE, TPR, SAN, & Metal; OEM, ODM","Kitchen Utensil; Machines (65 sets) :
Injection 40 sets, Blowing 12 sets, Imprinting 8 sets, Silicone Compression 1 set, Stamping 2 sets, forming 2 sets
Materials - PVC, Silicone, ABS, PP, HIPS, PET, POM, PE, TPR, SAN, & Metal; OEM, ODM",https://www.hktdc.com/event/homeinstyle/en/exhibitor/1S005IQ9J,40,https://www.hktdc.com/event/homeinstyle/en/product/1Z03M31DW; https://www.hktdc.com/event/homeinstyle/en/product/1Z03M31DW; https://www.hktdc.com/event/homeinstyle/en/product/1Z03M00O0; https://www.hktdc.com/event/homeinstyle/en/product/1Z03M00O0; https://www.hktdc.com/event/homeinstyle/en/product/1Z03M44TH; https://www.hktdc.com/event/homeinstyle/en/product/1Z03M44TH; https://www.hktdc.com/event/homeinstyle/en/product/1Z03M2VUN; https://www.hktdc.com/event/homeinstyle/en/product/1Z03M2VUN; https://www.hktdc.com/event/homeinstyle/en/product/1Z03M2U8I; https://www.hktdc.com/event/homeinstyle/en/product/1Z03M2U8I; https://www.hktdc.com/event/homeinstyle/en/product/1Z03M00DX; https://www.hktdc.com/event/homeinstyle/en/product/1Z03M00DX; https://www.hktdc.com/event/homeinstyle/en/product/1Z03M44W8; https://www.hktdc.com/event/homeinstyle/en/product/1Z03M44W8; https://www.hktdc.com/event/homeinstyle/en/product/1Z03M41GN; https://www.hktdc.com/event/homeinstyle/en/product/1Z03M41GN; https://www.hktdc.com/event/homeinstyle/en/product/1Z03LTY02; https://www.hktdc.com/event/homeinstyle/en/product/1Z03LTY02; https://www.hktdc.com/event/homeinstyle/en/product/1Z03M2WIM; https://www.hktdc.com/event/homeinstyle/en/product/1Z03M2WIM; https://www.hktdc.com/event/homeinstyle/en/product/1Z03M401X; https://www.hktdc.com/event/homeinstyle/en/product/1Z03M401X; https://www.hktdc.com/event/homeinstyle/en/product/1Z03M03OX; https://www.hktdc.com/event/homeinstyle/en/product/1Z03M03OX; https://www.hktdc.com/event/homeinstyle/en/product/1Z03M01JE; https://www.hktdc.com/event/homeinstyle/en/product/1Z03M01JE; https://www.hktdc.com/event/homeinstyle/en/product/1Z03M41X8; https://www.hktdc.com/event/homeinstyle/en/product/1Z03M41X8; https://www.hktdc.com/event/homeinstyle/en/product/1Z03M022S; https://www.hktdc.com/event/homeinstyle/en/product/1Z03M022S; https://www.hktdc.com/event/homeinstyle/en/product/1Z03LTX7I; https://www.hktdc.com/event/homeinstyle/en/product/1Z03LTX7I; https://www.hktdc.com/event/homeinstyle/en/product/1Z03LTWQY; https://www.hktdc.com/event/homeinstyle/en/product/1Z03LTWQY; https://www.hktdc.com/event/homeinstyle/en/product/1Z03M02N1; https://www.hktdc.com/event/homeinstyle/en/product/1Z03M02N1; https://www.hktdc.com/event/homeinstyle/en/product/1Z03LOPUT; https://www.hktdc.com/event/homeinstyle/en/product/1Z03LOPUT; https://www.hktdc.com/event/homeinstyle/en/product/1Z03M2W6M; https://www.hktdc.com/event/homeinstyle/en/product/1Z03M2W6M
City King Inc. Limited,City King Inc. Limited,Hong Kong,"Sculpture,Art & Collectibles,Wall Decoration & Hangings","Sculpture,Art & Collectibles,Wall Decoration & Hangings",,Exhibitor,Hong Kong Home InStyle 2025,5E-L23,Cultural and Creative Avenue,,1,,,"Sculpture,Art & Collectibles,Wall Decoration & Hangings; Gourd Craft, Gifts Gourd, Christmas Gifts; ODM, OEM","Sculpture,Art & Collectibles,Wall Decoration & Hangings; Gourd Craft, Gifts Gourd, Christmas Gifts; ODM, OEM",https://www.hktdc.com/event/homeinstyle/en/exhibitor/1S005K983,40,https://www.hktdc.com/event/homeinstyle/en/product/1Z03NZURX; https://www.hktdc.com/event/homeinstyle/en/product/1Z03NZURX; https://www.hktdc.com/event/homeinstyle/en/product/1Z03NZXTO; https://www.hktdc.com/event/homeinstyle/en/product/1Z03NZXTO; https://www.hktdc.com/event/homeinstyle/en/product/1Z03NZXSR; https://www.hktdc.com/event/homeinstyle/en/product/1Z03NZXSR; https://www.hktdc.com/event/homeinstyle/en/product/1Z03NZXRU; https://www.hktdc.com/event/homeinstyle/en/product/1Z03NZXRU; https://www.hktdc.com/event/homeinstyle/en/product/1Z03NZXM9; https://www.hktdc.com/event/homeinstyle/en/product/1Z03NZXM9; https://www.hktdc.com/event/homeinstyle/en/product/1Z03NZXKF; https://www.hktdc.com/event/homeinstyle/en/product/1Z03NZXKF; https://www.hktdc.com/event/homeinstyle/en/product/1Z03NRJLQ; https://www.hktdc.com/event/homeinstyle/en/product/1Z03NRJLQ; https://www.hktdc.com/event/homeinstyle/en/product/1Z03NYLLO; https://www.hktdc.com/event/homeinstyle/en/product/1Z03NYLLO; https://www.hktdc.com/event/homeinstyle/en/product/1Z03NZUKI; https://www.hktdc.com/event/homeinstyle/en/product/1Z03NZUKI; https://www.hktdc.com/event/homeinstyle/en/product/1Z03NZUN9; https://www.hktdc.com/event/homeinstyle/en/product/1Z03NZUN9; https://www.hktdc.com/event/homeinstyle/en/product/1Z03M4YTN; https://www.hktdc.com/event/homeinstyle/en/product/1Z03M4YTN; https://www.hktdc.com/event/homeinstyle/en/product/1Z03LWLDC; https://www.hktdc.com/event/homeinstyle/en/product/1Z03LWLDC; https://www.hktdc.com/event/homeinstyle/en/product/1Z03LYCBR; https://www.hktdc.com/event/homeinstyle/en/product/1Z03LYCBR; https://www.hktdc.com/event/homeinstyle/en/product/1Z03M4VQZ; https://www.hktdc.com/event/homeinstyle/en/product/1Z03M4VQZ; https://www.hktdc.com/event/homeinstyle/en/product/1Z03MEAFH; https://www.hktdc.com/event/homeinstyle/en/product/1Z03MEAFH; https://www.hktdc.com/event/homeinstyle/en/product/1Z03M4VHQ; https://www.hktdc.com/event/homeinstyle/en/product/1Z03M4VHQ; https://www.hktdc.com/event/homeinstyle/en/product/1Z03M4YZ5; https://www.hktdc.com/event/homeinstyle/en/product/1Z03M4YZ5; https://www.hktdc.com/event/homeinstyle/en/product/1Z03MEBOP; https://www.hktdc.com/event/homeinstyle/en/product/1Z03MEBOP; https://www.hktdc.com/event/homeinstyle/en/product/1Z03M4VJK; https://www.hktdc.com/event/homeinstyle/en/product/1Z03M4VJK; https://www.hktdc.com/event/homeinstyle/en/product/1Z03M4VTQ; https://www.hktdc.com/event/homeinstyle/en/product/1Z03M4VTQ
DFA Awards by Hong Kong Design Centre,DFA Awards by Hong Kong Design Centre,Hong Kong,Hong Kong Design Centre is a strategic partner of the Hong Kong SAR Government in leveraging the city East-meets-West advantage to create value from design.,Hong Kong Design Centre is a strategic partner of the Hong Kong SAR Government in leveraging the city East-meets-West advantage to create value from design.,,Exhibitor,Hong Kong Home InStyle 2025,5E-M01,Cultural and Creative Avenue,,1,,,"Paper Crafts,Painting & Print,Sculpture,Art & Collectibles,Wall Decoration & Hangings; To achieve our goals, we cultivate a design culture. Bridge stakeholders to opportunities that unleash the value of design.
Promote excellence in various design disciplines. Vision is to establish Hong Kong as an international center of design excel; Others","Paper Crafts,Painting & Print,Sculpture,Art & Collectibles,Wall Decoration & Hangings; To achieve our goals, we cultivate a design culture. Bridge stakeholders to opportunities that unleash the value of design.
Promote excellence in various design disciplines. Vision is to establish Hong Kong as an international center of design excel; Others",https://www.hktdc.com/event/homeinstyle/en/exhibitor/1S005M52P,2,https://www.hktdc.com/event/homeinstyle/en/product/1Z03O20RR; https://www.hktdc.com/event/homeinstyle/en/product/1Z03O20RR
Gubleart Workshop,Gubleart Workshop,Hong Kong,Art & Collectibles,Art & Collectibles,,Exhibitor,Hong Kong Home InStyle 2025,5E-E32,Cultural and Creative Avenue,,1,,,"Art & Collectibles; The 'Panda' collection of earthenware tea set brings together the unique glamour of Rong County clay and the outstanding creations of Master Liu Yong, a renowned ceramic artist.; Others","Art & Collectibles; The 'Panda' collection of earthenware tea set brings together the unique glamour of Rong County clay and the outstanding creations of Master Liu Yong, a renowned ceramic artist.; Others",https://www.hktdc.com/event/homeinstyle/en/exhibitor/1S005MDI5,2,https://www.hktdc.com/event/homeinstyle/en/product/1Z03O20TL; https://www.hktdc.com/event/homeinstyle/en/product/1Z03O20TL
"Hong Kong Heng Fung Household Products Co., Limited","Hong Kong Heng Fung Household Products Co., Limited",Hong Kong,"Flower Arrangement,Resin Crafts,Vase,Aroma Diffuser,Christmas Supply,Home Fragrance","Flower Arrangement,Resin Crafts,Vase,Aroma Diffuser,Christmas Supply,Home Fragrance",,Exhibitor,Hong Kong Home InStyle 2025,3D-D32,Cook & Dine,,1,,,"Flower Arrangement,Resin Crafts,Vase,Aroma Diffuser,Christmas Supply,Home Fragrance; Resin flower arranger, vase, USB aromatherapy machine with music rotating lights.; ODM","Flower Arrangement,Resin Crafts,Vase,Aroma Diffuser,Christmas Supply,Home Fragrance; Resin flower arranger, vase, USB aromatherapy machine with music rotating lights.; ODM",https://www.hktdc.com/event/homeinstyle/en/exhibitor/1S005FSTT,6,https://www.hktdc.com/event/homeinstyle/en/product/1Z03M1OG0; https://www.hktdc.com/event/homeinstyle/en/product/1Z03M1OG0; https://www.hktdc.com/event/homeinstyle/en/product/1Z03M1PAH; https://www.hktdc.com/event/homeinstyle/en/product/1Z03M1PAH; https://www.hktdc.com/event/homeinstyle/en/product/1Z03M1P0B; https://www.hktdc.com/event/homeinstyle/en/product/1Z03M1P0B
Hong Kong Ka Fu Kitchenwares Limited,Hong Kong Ka Fu Kitchenwares Limited,Hong Kong,"This is Hong Kong Ka Fu Kitchenwares Limited. Our factory Dongguan Yuda garments factory was established in 1988, with the mindset of manufacturing the best quality oven mitts and potholders possible. With 36 years of experience in manufacture and export home textile, our factory is managed by using the advance ERP management system, and strict quality control is also implemented in the factory. We are an ISO 9001 certified factory, and we comply with the SA8000 standard as well. FDA and BSCI certifications are available. We have also passed factory audits for some of the major clients such as: Wal-Mart, Weber, Costco etc.","This is Hong Kong Ka Fu Kitchenwares Limited. Our factory Dongguan Yuda garments factory was established in 1988, with the mindset of manufacturing the best quality oven mitts and potholders possible. With 36 years of experience in manufacture and export home textile, our factory is managed by using the advance ERP management system, and strict quality control is also implemented in the factory. We are an ISO 9001 certified factory, and we comply with the SA8000 standard as well. FDA and BSCI certifications are available. We have also passed factory audits for some of the major clients such as: Wal-Mart, Weber, Costco etc.",,Exhibitor,Hong Kong Home InStyle 2025,3E-E33,Home Textiles,,1,,,"Kitchen Gloves,Oven Gloves,Kitchen Gloves; OVEN MITTS, SILICONE OVEN MITTS, MINI MITTS, APRON; OBM, OEM, ODM","Kitchen Gloves,Oven Gloves,Kitchen Gloves; OVEN MITTS, SILICONE OVEN MITTS, MINI MITTS, APRON; OBM, OEM, ODM",https://www.hktdc.com/event/homeinstyle/en/exhibitor/1S005GA75,8,https://www.hktdc.com/event/homeinstyle/en/product/1Z03NLJ6Z; https://www.hktdc.com/event/homeinstyle/en/product/1Z03NLJ6Z; https://www.hktdc.com/event/homeinstyle/en/product/1Z03NRIR9; https://www.hktdc.com/event/homeinstyle/en/product/1Z03NRIR9; https://www.hktdc.com/event/homeinstyle/en/product/1Z03NRJ52; https://www.hktdc.com/event/homeinstyle/en/product/1Z03NRJ52; https://www.hktdc.com/event/homeinstyle/en/product/1Z03NS0KC; https://www.hktdc.com/event/homeinstyle/en/product/1Z03NS0KC
"Jcraft Arts & Crafts Co., Limited","Jcraft Arts & Crafts Co., Limited",Hong Kong,Our company is a Hong Kong registered company and has own manufacturing factory located in Chinese Mainland.,Our company is a Hong Kong registered company and has own manufacturing factory located in Chinese Mainland.,,Exhibitor,Hong Kong Home InStyle 2025,5E-A18,Pet Supplies,,1,,,"Pet Supplies,Pet Toy,Pet Bed & Mat; Pet Goods and Pet Toys such as Pet Toy Balls.; ODM, OEM","Pet Supplies,Pet Toy,Pet Bed & Mat; Pet Goods and Pet Toys such as Pet Toy Balls.; ODM, OEM",https://www.hktdc.com/event/homeinstyle/en/exhibitor/1S005IZY7,0,
"Jiayi (HK) Trading Co., Ltd.","Jiayi (HK) Trading Co., Ltd.",Hong Kong,"April, Cotton Bag, Gauntlet, Tea Towel, Double Glove","April, Cotton Bag, Gauntlet, Tea Towel, Double Glove",,Exhibitor,Hong Kong Home InStyle 2025,3E-E40,Home Textiles,,1,,,"Waist Apron,Oven Gloves,Kitchen Gloves,Placemat,Napkin,Table Cloth,Towels,Tea Towel,Cushion Cases,Cushions; PVC Bag, Gauntlet, Tea Towel, Double Glove; OEM","Waist Apron,Oven Gloves,Kitchen Gloves,Placemat,Napkin,Table Cloth,Towels,Tea Towel,Cushion Cases,Cushions; PVC Bag, Gauntlet, Tea Towel, Double Glove; OEM",https://www.hktdc.com/event/homeinstyle/en/exhibitor/1S005L6SI,0,
Man Kee Chopping Board,Man Kee Chopping Board,Hong Kong,Ashtray,Ashtray,,Exhibitor,Hong Kong Home InStyle 2025,5E-E34,Cultural and Creative Avenue,,1,,,Ashtray; OEM,Ashtray; OEM,https://www.hktdc.com/event/homeinstyle/en/exhibitor/1S005MRVO,2,https://www.hktdc.com/event/homeinstyle/en/product/1Z03O20PX; https://www.hktdc.com/event/homeinstyle/en/product/1Z03O20PX
"Orientalsun Industry Co., Ltd.","Orientalsun Industry Co., Ltd.",Hong Kong,"Personal Care Product,Healthcare Product","Personal Care Product,Healthcare Product",,Exhibitor,Hong Kong Home InStyle 2025,3E-F31,Home Textiles,,1,,,"Personal Care Product,Healthcare Product; The major products the company deals with are hot water bottle with covers, microwave heat packs, hand warmers, toys, gift sets with various designs etc..Our company owes test room to ensure all products to have superior quality.; OEM","Personal Care Product,Healthcare Product; The major products the company deals with are hot water bottle with covers, microwave heat packs, hand warmers, toys, gift sets with various designs etc..Our company owes test room to ensure all products to have superior quality.; OEM",https://www.hktdc.com/event/homeinstyle/en/exhibitor/1S005JQBD,36,https://www.hktdc.com/event/homeinstyle/en/product/1Z03NXTWJ; https://www.hktdc.com/event/homeinstyle/en/product/1Z03NXTWJ; https://www.hktdc.com/event/homeinstyle/en/product/1Z03NXKT1; https://www.hktdc.com/event/homeinstyle/en/product/1Z03NXKT1; https://www.hktdc.com/event/homeinstyle/en/product/1Z03NXXGR; https://www.hktdc.com/event/homeinstyle/en/product/1Z03NXXGR; https://www.hktdc.com/event/homeinstyle/en/product/1Z03NXXXC; https://www.hktdc.com/event/homeinstyle/en/product/1Z03NXXXC; https://www.hktdc.com/event/homeinstyle/en/product/1Z03NXXP0; https://www.hktdc.com/event/homeinstyle/en/product/1Z03NXXP0; https://www.hktdc.com/event/homeinstyle/en/product/1Z03NXX2X; https://www.hktdc.com/event/homeinstyle/en/product/1Z03NXX2X; https://www.hktdc.com/event/homeinstyle/en/product/1Z03NXLAL; https://www.hktdc.com/event/homeinstyle/en/product/1Z03NXLAL; https://www.hktdc.com/event/homeinstyle/en/product/1Z03NXKBJ; https://www.hktdc.com/event/homeinstyle/en/product/1Z03NXKBJ; https://www.hktdc.com/event/homeinstyle/en/product/1Z03NXJAN; https://www.hktdc.com/event/homeinstyle/en/product/1Z03NXJAN; https://www.hktdc.com/event/homeinstyle/en/product/1Z03NXTP4; https://www.hktdc.com/event/homeinstyle/en/product/1Z03NXTP4; https://www.hktdc.com/event/homeinstyle/en/product/1Z03NXIKU; https://www.hktdc.com/event/homeinstyle/en/product/1Z03NXIKU; https://www.hktdc.com/event/homeinstyle/en/product/1Z03NXHT4; https://www.hktdc.com/event/homeinstyle/en/product/1Z03NXHT4; https://www.hktdc.com/event/homeinstyle/en/product/1Z03NXHKV; https://www.hktdc.com/event/homeinstyle/en/product/1Z03NXHKV; https://www.hktdc.com/event/homeinstyle/en/product/1Z03NXHBM; https://www.hktdc.com/event/homeinstyle/en/product/1Z03NXHBM; https://www.hktdc.com/event/homeinstyle/en/product/1Z03NXD65; https://www.hktdc.com/event/homeinstyle/en/product/1Z03NXD65; https://www.hktdc.com/event/homeinstyle/en/product/1Z03NXGMQ; https://www.hktdc.com/event/homeinstyle/en/product/1Z03NXGMQ; https://www.hktdc.com/event/homeinstyle/en/product/1Z03NXEWY; https://www.hktdc.com/event/homeinstyle/en/product/1Z03NXEWY; https://www.hktdc.com/event/homeinstyle/en/product/1Z03NX5FM; https://www.hktdc.com/event/homeinstyle/en/product/1Z03NX5FM
Smart Love Eco-Platform Limited,Smart Love Eco-Platform Limited,Hong Kong,"Smart Love Eco-Platform was established in 2024, but our journey began back in 2022 with AT-Vibe Technology. Our mission is to create a smart and safe city, starting with smart buildings and infrastructure. However, our vision extends beyond that; we aspire to bring the smart and safe concept into every home. We chose to focus on the elderly market rather than the e-generation because we believe in our social responsibility. By prioritizing the needs of our aging population, we aim to enhance their quality of life and ensure their safety in an increasingly digital world. -Vision- We aim to tackle social issues related to the growing elderly population and the expanding market for elder care services, fostering a supportive community where every senior can thrive. -Mission- Smart Love Eco-Platform Limited is dedicated to addressing the critical shortage of care services and enhancing home safety for the elderly, particularly those living alone. Our mission is to provide comprehensive solutions that ensure their well-being and security.","Smart Love Eco-Platform was established in 2024, but our journey began back in 2022 with AT-Vibe Technology. Our mission is to create a smart and safe city, starting with smart buildings and infrastructure. However, our vision extends beyond that; we aspire to bring the smart and safe concept into every home. We chose to focus on the elderly market rather than the e-generation because we believe in our social responsibility. By prioritizing the needs of our aging population, we aim to enhance their quality of life and ensure their safety in an increasingly digital world. -Vision- We aim to tackle social issues related to the growing elderly population and the expanding market for elder care services, fostering a supportive community where every senior can thrive. -Mission- Smart Love Eco-Platform Limited is dedicated to addressing the critical shortage of care services and enhancing home safety for the elderly, particularly those living alone. Our mission is to provide comprehensive solutions that ensure their well-being and security.",,Exhibitor,Hong Kong Home InStyle 2025,5E-B14,Health & Wellness,,1,,,"Electrical Appliance,Lighting Product,Consumer Electronics,Product Research and Development Service,Elderly Care; Smart Love-Fall Detection Radar
Smart Love-Vitals Detection Radar 
Smart Love-Smart Watch 
Smart Love-Smart SOS Button; Others, ODM","Electrical Appliance,Lighting Product,Consumer Electronics,Product Research and Development Service,Elderly Care; Smart Love-Fall Detection Radar
Smart Love-Vitals Detection Radar 
Smart Love-Smart Watch 
Smart Love-Smart SOS Button; Others, ODM",https://www.hktdc.com/event/homeinstyle/en/exhibitor/1S005JZ9A,0,
WHK Centralized Purchasing Limited,WHK Centralized Purchasing Limited,Hong Kong,"WHK is a professional manufacturer and exporter of high quality kitchen knives, established in Hongkong in 2009, with 10,000 square meters workshops, the advanced equipment and 150 staff. WHK are our own brand. We won a good reputation from domestic","WHK is a professional manufacturer and exporter of high quality kitchen knives, established in Hongkong in 2009, with 10,000 square meters workshops, the advanced equipment and 150 staff. WHK are our own brand. We won a good reputation from domestic",,Exhibitor,Hong Kong Home InStyle 2025,3E-B43,Cook & Dine,,1,,,"Wine Glass,Cup; WHK is a professional manufacturer and exporter of high quality kitchen knives, established in Hongkong in 2009, with 10,000 square meters workshops, the advanced equipment and 150 staff. WHK are our own brand. We won a good reputation from domestic; OEM","Wine Glass,Cup; WHK is a professional manufacturer and exporter of high quality kitchen knives, established in Hongkong in 2009, with 10,000 square meters workshops, the advanced equipment and 150 staff. WHK are our own brand. We won a good reputation from domestic; OEM",https://www.hktdc.com/event/homeinstyle/en/exhibitor/1S005GBQJ,0,
"Wahyuen Global Trade Co., Limited","Wahyuen Global Trade Co., Limited",Hong Kong,"Cookware,Baking Tool,Cutting Board,Measuring Cup,Kitchen Utensil,Tableware,Mixing Bowl,Kitchen Gloves,Corkscrew,Measuring Spoon","Cookware,Baking Tool,Cutting Board,Measuring Cup,Kitchen Utensil,Tableware,Mixing Bowl,Kitchen Gloves,Corkscrew,Measuring Spoon",,Exhibitor,Hong Kong Home InStyle 2025,3D-C32,Cook & Dine,,1,,,"Cookware,Baking Tool,Cutting Board,Measuring Cup,Kitchen Utensil,Tableware,Mixing Bowl,Kitchen Gloves,Corkscrew,Measuring Spoon; Kitchenware; OEM, ODM, OBM","Cookware,Baking Tool,Cutting Board,Measuring Cup,Kitchen Utensil,Tableware,Mixing Bowl,Kitchen Gloves,Corkscrew,Measuring Spoon; Kitchenware; OEM, ODM, OBM",https://www.hktdc.com/event/homeinstyle/en/exhibitor/1S005I8AY,20,https://www.hktdc.com/event/homeinstyle/en/product/1X23HE4Q; https://www.hktdc.com/event/homeinstyle/en/product/1X23HE4Q; https://www.hktdc.com/event/homeinstyle/en/product/1X23HE2S; https://www.hktdc.com/event/homeinstyle/en/product/1X23HE2S; https://www.hktdc.com/event/homeinstyle/en/product/1X23HE1T; https://www.hktdc.com/event/homeinstyle/en/product/1X23HE1T; https://www.hktdc.com/event/homeinstyle/en/product/1X23HDX0; https://www.hktdc.com/event/homeinstyle/en/product/1X23HDX0; https://www.hktdc.com/event/homeinstyle/en/product/1X23HDS5; https://www.hktdc.com/event/homeinstyle/en/product/1X23HDS5; https://www.hktdc.com/event/homeinstyle/en/product/1X23HDP8; https://www.hktdc.com/event/homeinstyle/en/product/1X23HDP8; https://www.hktdc.com/event/homeinstyle/en/product/1X23HDKD; https://www.hktdc.com/event/homeinstyle/en/product/1X23HDKD; https://www.hktdc.com/event/homeinstyle/en/product/1X23HDHG; https://www.hktdc.com/event/homeinstyle/en/product/1X23HDHG; https://www.hktdc.com/event/homeinstyle/en/product/1X23HDCL; https://www.hktdc.com/event/homeinstyle/en/product/1X23HDCL; https://www.hktdc.com/event/homeinstyle/en/product/1X1YLQYW; https://www.hktdc.com/event/homeinstyle/en/product/1X1YLQYW
British Allied Trades Federation,British Allied Trades Federation,United Kingdom,"Paper Crafts,Candle,Painting & Print,Sculpture,Fabric Crafts,Skin Care Product,Aroma Diffuser,Wall Decoration & Hangings,Home Fragrance,Association Service","Paper Crafts,Candle,Painting & Print,Sculpture,Fabric Crafts,Skin Care Product,Aroma Diffuser,Wall Decoration & Hangings,Home Fragrance,Association Service",,Exhibitor,Hong Kong Home InStyle 2025,5E-M13,Cultural and Creative Avenue,,1,,,"Paper Crafts,Candle,Painting & Print,Sculpture,Fabric Crafts,Skin Care Product,Aroma Diffuser,Wall Decoration & Hangings,Home Fragrance,Association Service; A selection of British Home and accessories brands; OBM, ODM, OEM","Paper Crafts,Candle,Painting & Print,Sculpture,Fabric Crafts,Skin Care Product,Aroma Diffuser,Wall Decoration & Hangings,Home Fragrance,Association Service; A selection of British Home and accessories brands; OBM, ODM, OEM",https://www.hktdc.com/event/homeinstyle/en/exhibitor/1S005M4Y2,0,
"Dehua Byrons Artwork Co., Ltd","Dehua Byrons Artwork Co., Ltd",Chinese Mainland,,,,Exhibitor,Hong Kong Home InStyle 2025,,,,1,,,,,https://www.hktdc.com/event/homeinstyle/en/exhibitor/1S005KDBQ,0,
"Dehua Fujian Hong Yue Ceramic Co., Ltd","Dehua Fujian Hong Yue Ceramic Co., Ltd",Chinese Mainland,"Ceramic Crafts,Decorative Bowl,Decorative Plate,Christmas Supply,Easter Supply","Ceramic Crafts,Decorative Bowl,Decorative Plate,Christmas Supply,Easter Supply",,Exhibitor,Hong Kong Home InStyle 2025,3D-B01,Group Pavilions,Chinese Mainland (Quanzhou) Pavilion,1,,,"Ceramic Crafts,Decorative Bowl,Decorative Plate,Christmas Supply,Easter Supply; Ceramics Handicrafts; ODM, OEM, OBM","Ceramic Crafts,Decorative Bowl,Decorative Plate,Christmas Supply,Easter Supply; Ceramics Handicrafts; ODM, OEM, OBM",https://www.hktdc.com/event/homeinstyle/en/exhibitor/1S005LYO2,0,
"Dehua Zhentailer Co., Ltd.","Dehua Zhentailer Co., Ltd.",Chinese Mainland,"Cutlery Set,Kitchen Utensil,Tabletop Accessories,Tableware","Cutlery Set,Kitchen Utensil,Tabletop Accessories,Tableware",,Exhibitor,Hong Kong Home InStyle 2025,3D-A01,Group Pavilions,Chinese Mainland (Quanzhou) Pavilion,1,,,"Cutlery Set,Kitchen Utensil,Tabletop Accessories,Tableware; Kitchenware and tableware; OBM, OEM, ODM","Cutlery Set,Kitchen Utensil,Tabletop Accessories,Tableware; Kitchenware and tableware; OBM, OEM, ODM",https://www.hktdc.com/event/homeinstyle/en/exhibitor/1S005L0Z3,0,
"Fujian Dehua Dingjing Crafts Co., Ltd","Fujian Dehua Dingjing Crafts Co., Ltd",Chinese Mainland,"Cup & Plate Set,Tabletop Accessories,Tableware,Resin Crafts,Ceramic Crafts,Decorative Bowl,Decorative Plate,Christmas Supply,Easter Supply,Halloween Supply","Cup & Plate Set,Tabletop Accessories,Tableware,Resin Crafts,Ceramic Crafts,Decorative Bowl,Decorative Plate,Christmas Supply,Easter Supply,Halloween Supply",,Exhibitor,Hong Kong Home InStyle 2025,3D-D24,Cook & Dine,,1,,,"Cup & Plate Set,Tabletop Accessories,Tableware,Resin Crafts,Ceramic Crafts,Decorative Bowl,Decorative Plate,Christmas Supply,Easter Supply,Halloween Supply; Photo frame, ceramic arts & crafts; ODM, OEM, OBM","Cup & Plate Set,Tabletop Accessories,Tableware,Resin Crafts,Ceramic Crafts,Decorative Bowl,Decorative Plate,Christmas Supply,Easter Supply,Halloween Supply; Photo frame, ceramic arts & crafts; ODM, OEM, OBM",https://www.hktdc.com/event/homeinstyle/en/exhibitor/1S005L1KB,10,https://www.hktdc.com/event/homeinstyle/en/product/1X21GX63; https://www.hktdc.com/event/homeinstyle/en/product/1X21GX63; https://www.hktdc.com/event/homeinstyle/en/product/1X1WOG4K; https://www.hktdc.com/event/homeinstyle/en/product/1X1WOG4K; https://www.hktdc.com/event/homeinstyle/en/product/1X1WOG2M; https://www.hktdc.com/event/homeinstyle/en/product/1X1WOG2M; https://www.hktdc.com/event/homeinstyle/en/product/1X1WOFJ8; https://www.hktdc.com/event/homeinstyle/en/product/1X1WOFJ8; https://www.hktdc.com/event/homeinstyle/en/product/1X1WIWPN; https://www.hktdc.com/event/homeinstyle/en/product/1X1WIWPN
"Fujian Dehua Longhua Ceramic Co., Ltd.","Fujian Dehua Longhua Ceramic Co., Ltd.",Chinese Mainland,"Cup,Cup & Plate Set,Tabletop Accessories,Tableware,Resin Crafts,Ceramic Crafts","Cup,Cup & Plate Set,Tabletop Accessories,Tableware,Resin Crafts,Ceramic Crafts",,Exhibitor,Hong Kong Home InStyle 2025,3C-F19,Group Pavilions,Chinese Mainland (Quanzhou) Pavilion,1,,,"Cup,Cup & Plate Set,Tabletop Accessories,Tableware,Resin Crafts,Ceramic Crafts; Ceramic; ODM, OEM, OBM","Cup,Cup & Plate Set,Tabletop Accessories,Tableware,Resin Crafts,Ceramic Crafts; Ceramic; ODM, OEM, OBM",https://www.hktdc.com/event/homeinstyle/en/exhibitor/1S005L0UI,6,https://www.hktdc.com/event/homeinstyle/en/product/1Z03K31Y5; https://www.hktdc.com/event/homeinstyle/en/product/1Z03K31Y5; https://www.hktdc.com/event/homeinstyle/en/product/1Z03K326G; https://www.hktdc.com/event/homeinstyle/en/product/1Z03K326G; https://www.hktdc.com/event/homeinstyle/en/product/1Z03K33CX; https://www.hktdc.com/event/homeinstyle/en/product/1Z03K33CX
"Fujian S&A Ceramic Industry Co., Ltd.","Fujian S&A Ceramic Industry Co., Ltd.",Chinese Mainland,"Cup & Plate Set,Tabletop Accessories,Resin Crafts,Ceramic Crafts,Decorative Bowl,Decorative Plate,Christmas Supply,Easter Supply,Halloween Supply","Cup & Plate Set,Tabletop Accessories,Resin Crafts,Ceramic Crafts,Decorative Bowl,Decorative Plate,Christmas Supply,Easter Supply,Halloween Supply",,Exhibitor,Hong Kong Home InStyle 2025,3D-A02,Group Pavilions,Chinese Mainland (Quanzhou) Pavilion,1,,,"Cup & Plate Set,Tabletop Accessories,Resin Crafts,Ceramic Crafts,Decorative Bowl,Decorative Plate,Christmas Supply,Easter Supply,Halloween Supply; Ceramic; OBM, ODM, OEM","Cup & Plate Set,Tabletop Accessories,Resin Crafts,Ceramic Crafts,Decorative Bowl,Decorative Plate,Christmas Supply,Easter Supply,Halloween Supply; Ceramic; OBM, ODM, OEM",https://www.hktdc.com/event/homeinstyle/en/exhibitor/1S005L12T,8,https://www.hktdc.com/event/homeinstyle/en/product/1Z03K35DS; https://www.hktdc.com/event/homeinstyle/en/product/1Z03K35DS; https://www.hktdc.com/event/homeinstyle/en/product/1Z03K39MX; https://www.hktdc.com/event/homeinstyle/en/product/1Z03K39MX; https://www.hktdc.com/event/homeinstyle/en/product/1Z03K33A3; https://www.hktdc.com/event/homeinstyle/en/product/1Z03K33A3; https://www.hktdc.com/event/homeinstyle/en/product/1Z03K3A68; https://www.hktdc.com/event/homeinstyle/en/product/1Z03K3A68
Hangzhou Leibo Industrial Co Ltd,Hangzhou Leibo Industrial Co Ltd,Chinese Mainland,"Tent,Outdoor Furniture,Garden Decoration","Tent,Outdoor Furniture,Garden Decoration",,Exhibitor,Hong Kong Home InStyle 2025,5E-B21,"Outdoor, Camping & Gardening",,1,,,"Tent,Outdoor Furniture,Garden Decoration; Aluminum greenhouse/ Chicken house/ bird cage/ dog cage; ODM, OBM, OEM","Tent,Outdoor Furniture,Garden Decoration; Aluminum greenhouse/ Chicken house/ bird cage/ dog cage; ODM, OBM, OEM",https://www.hktdc.com/event/homeinstyle/en/exhibitor/1S005KVRW,0,
Industrial Design Development Association of Taipei,Industrial Design Development Association of Taipei,Taiwan,"Storage Box,Storage Rack,Bar Accessories,Corkscrew,Home Office Furniture,Metal Craft,Decorative Plate,Furniture & Furnishing Accessory,Design Services & Brand Strategy,Product Research and Development Service","Storage Box,Storage Rack,Bar Accessories,Corkscrew,Home Office Furniture,Metal Craft,Decorative Plate,Furniture & Furnishing Accessory,Design Services & Brand Strategy,Product Research and Development Service",,Exhibitor,Hong Kong Home InStyle 2025,5E-L08,Cultural and Creative Avenue,,1,,,"Storage Box,Storage Rack,Bar Accessories,Corkscrew,Home Office Furniture,Metal Craft,Decorative Plate,Furniture & Furnishing Accessory,Design Services & Brand Strategy,Product Research and Development Service; Industrial Design Development Association of TaipeiPrivate non-profit organization from Taiwan,is committed to creating social impact through creative value, and establishing a platform for design exchange. We provide domestic and international exhi; OBM, ODM, OEM","Storage Box,Storage Rack,Bar Accessories,Corkscrew,Home Office Furniture,Metal Craft,Decorative Plate,Furniture & Furnishing Accessory,Design Services & Brand Strategy,Product Research and Development Service; Industrial Design Development Association of TaipeiPrivate non-profit organization from Taiwan,is committed to creating social impact through creative value, and establishing a platform for design exchange. We provide domestic and international exhi; OBM, ODM, OEM",https://www.hktdc.com/event/homeinstyle/en/exhibitor/1S005MPGZ,40,https://www.hktdc.com/event/homeinstyle/en/product/1Z03LROQ6; https://www.hktdc.com/event/homeinstyle/en/product/1Z03LROQ6; https://www.hktdc.com/event/homeinstyle/en/product/1Z03LRDLW; https://www.hktdc.com/event/homeinstyle/en/product/1Z03LRDLW; https://www.hktdc.com/event/homeinstyle/en/product/1Z03LRAHB; https://www.hktdc.com/event/homeinstyle/en/product/1Z03LRAHB; https://www.hktdc.com/event/homeinstyle/en/product/1Z03LRRJO; https://www.hktdc.com/event/homeinstyle/en/product/1Z03LRRJO; https://www.hktdc.com/event/homeinstyle/en/product/1Z03LR884; https://www.hktdc.com/event/homeinstyle/en/product/1Z03LR884; https://www.hktdc.com/event/homeinstyle/en/product/1Z03LR9K3; https://www.hktdc.com/event/homeinstyle/en/product/1Z03LR9K3; https://www.hktdc.com/event/homeinstyle/en/product/1Z03LRARH; https://www.hktdc.com/event/homeinstyle/en/product/1Z03LRARH; https://www.hktdc.com/event/homeinstyle/en/product/1Z03LQCNR; https://www.hktdc.com/event/homeinstyle/en/product/1Z03LQCNR; https://www.hktdc.com/event/homeinstyle/en/product/1Z03LRBJ4; https://www.hktdc.com/event/homeinstyle/en/product/1Z03LRBJ4; https://www.hktdc.com/event/homeinstyle/en/product/1Z03LR8EM; https://www.hktdc.com/event/homeinstyle/en/product/1Z03LR8EM; https://www.hktdc.com/event/homeinstyle/en/product/1Z03LRQ7P; https://www.hktdc.com/event/homeinstyle/en/product/1Z03LRQ7P; https://www.hktdc.com/event/homeinstyle/en/product/1Z03LRADN; https://www.hktdc.com/event/homeinstyle/en/product/1Z03LRADN; https://www.hktdc.com/event/homeinstyle/en/product/1Z03LRC4C; https://www.hktdc.com/event/homeinstyle/en/product/1Z03LRC4C; https://www.hktdc.com/event/homeinstyle/en/product/1Z03LRBYV; https://www.hktdc.com/event/homeinstyle/en/product/1Z03LRBYV; https://www.hktdc.com/event/homeinstyle/en/product/1Z03LRBSD; https://www.hktdc.com/event/homeinstyle/en/product/1Z03LRBSD; https://www.hktdc.com/event/homeinstyle/en/product/1Z03LRBBS; https://www.hktdc.com/event/homeinstyle/en/product/1Z03LRBBS; https://www.hktdc.com/event/homeinstyle/en/product/1Z03LRSBB; https://www.hktdc.com/event/homeinstyle/en/product/1Z03LRSBB; https://www.hktdc.com/event/homeinstyle/en/product/1Z03LRB2J; https://www.hktdc.com/event/homeinstyle/en/product/1Z03LRB2J; https://www.hktdc.com/event/homeinstyle/en/product/1Z03LR9DO; https://www.hktdc.com/event/homeinstyle/en/product/1Z03LR9DO; https://www.hktdc.com/event/homeinstyle/en/product/1Z03LRB3G; https://www.hktdc.com/event/homeinstyle/en/product/1Z03LRB3G
"Jaafarson Crafts & Gifts Co., Ltd.","Jaafarson Crafts & Gifts Co., Ltd.",Chinese Mainland,Barware Set,Barware Set,,Exhibitor,Hong Kong Home InStyle 2025,3D-C14,Group Pavilions,Chinese Mainland (Hunan) Pavilion,1,,,"Barware Set; Non-woven bags, cotton bags, linen bags, insulation bags, wine bags, woven bags, paper bags; ODM, OBM, OEM","Barware Set; Non-woven bags, cotton bags, linen bags, insulation bags, wine bags, woven bags, paper bags; ODM, OBM, OEM",https://www.hktdc.com/event/homeinstyle/en/exhibitor/1S005L4VB,0,
"Jinhua Gusong Metal Products Co., Ltd.","Jinhua Gusong Metal Products Co., Ltd.",Chinese Mainland,Vacuum Flask,Vacuum Flask,,Exhibitor,Hong Kong Home InStyle 2025,3C-D20,Home Decor & Accessories,,1,,,"Vacuum Flask; Stainless steel water bottle; ODM, OEM","Vacuum Flask; Stainless steel water bottle; ODM, OEM",https://www.hktdc.com/event/homeinstyle/en/exhibitor/1S005MTYD,0,
"Liling Huawang Ceramics Manufacturing Co., Ltd.","Liling Huawang Ceramics Manufacturing Co., Ltd.",Chinese Mainland,"Cup,Mug,Cup & Plate Set,Tableware","Cup,Mug,Cup & Plate Set,Tableware",,Exhibitor,Hong Kong Home InStyle 2025,3D-C19,Group Pavilions,Chinese Mainland (Hunan) Pavilion,1,,,"Cup,Mug,Cup & Plate Set,Tableware; CERAMICS; OEM, Others, ODM, OBM","Cup,Mug,Cup & Plate Set,Tableware; CERAMICS; OEM, Others, ODM, OBM",https://www.hktdc.com/event/homeinstyle/en/exhibitor/1S005LFBO,12,https://www.hktdc.com/event/homeinstyle/en/product/1Z03JWZC1; https://www.hktdc.com/event/homeinstyle/en/product/1Z03JWZC1; https://www.hktdc.com/event/homeinstyle/en/product/1Z03JWKDD; https://www.hktdc.com/event/homeinstyle/en/product/1Z03JWKDD; https://www.hktdc.com/event/homeinstyle/en/product/1Z03JWQ6S; https://www.hktdc.com/event/homeinstyle/en/product/1Z03JWQ6S; https://www.hktdc.com/event/homeinstyle/en/product/1Z03JWZ8D; https://www.hktdc.com/event/homeinstyle/en/product/1Z03JWZ8D; https://www.hktdc.com/event/homeinstyle/en/product/1Z03JWZ9A; https://www.hktdc.com/event/homeinstyle/en/product/1Z03JWZ9A; https://www.hktdc.com/event/homeinstyle/en/product/1Z03JWOS0; https://www.hktdc.com/event/homeinstyle/en/product/1Z03JWOS0
"Quanzhou Modison Home Deco Co., Ltd.","Quanzhou Modison Home Deco Co., Ltd.",Chinese Mainland,"Candlestick Holder,Vase","Candlestick Holder,Vase",,Exhibitor,Hong Kong Home InStyle 2025,3D-B19,Group Pavilions,Chinese Mainland (Hunan) Pavilion,1,,,"Candlestick Holder,Vase; Vase, Candle Holder, Ornaments; ODM, OBM, OEM","Candlestick Holder,Vase; Vase, Candle Holder, Ornaments; ODM, OBM, OEM",https://www.hktdc.com/event/homeinstyle/en/exhibitor/1S005LTC7,0,
"Quzhou Weishi Import & Export Co., Ltd","Quzhou Weishi Import & Export Co., Ltd",Chinese Mainland,"Fabric Sofa,Chair,Home Office Furniture,Children Furniture,Hotel & Clubhouse Furniture,Bedroom Furniture,Dining Room Furniture,Living Room Furniture,Restaurant & Bar Furniture,Furniture & Furnishing Accessory","Fabric Sofa,Chair,Home Office Furniture,Children Furniture,Hotel & Clubhouse Furniture,Bedroom Furniture,Dining Room Furniture,Living Room Furniture,Restaurant & Bar Furniture,Furniture & Furnishing Accessory",,Exhibitor,Hong Kong Home InStyle 2025,3D-A38,Home Decor & Accessories,,1,,,"Fabric Sofa,Chair,Home Office Furniture,Children Furniture,Hotel & Clubhouse Furniture,Bedroom Furniture,Dining Room Furniture,Living Room Furniture,Restaurant & Bar Furniture,Furniture & Furnishing Accessory; Gaming chairs, gaming tables, office chairs, bar chairs, sofas, dining chairs, dining tables, and other furniture; ODM, OEM, OBM","Fabric Sofa,Chair,Home Office Furniture,Children Furniture,Hotel & Clubhouse Furniture,Bedroom Furniture,Dining Room Furniture,Living Room Furniture,Restaurant & Bar Furniture,Furniture & Furnishing Accessory; Gaming chairs, gaming tables, office chairs, bar chairs, sofas, dining chairs, dining tables, and other furniture; ODM, OEM, OBM",https://www.hktdc.com/event/homeinstyle/en/exhibitor/1S005LO8O,0,
Taizhou Chuangyi Household Co Ltd,Taizhou Chuangyi Household Co Ltd,Chinese Mainland,"Bathroom Mat,Machine Woven Carpet,Carpets,Door Mats,Placemat,Cushions,Christmas Supply,Halloween Supply,Pet Supplies,Pet Bed & Mat","Bathroom Mat,Machine Woven Carpet,Carpets,Door Mats,Placemat,Cushions,Christmas Supply,Halloween Supply,Pet Supplies,Pet Bed & Mat",,Exhibitor,Hong Kong Home InStyle 2025,3E-E23,Home Textiles,,1,,,"Bathroom Mat,Machine Woven Carpet,Carpets,Door Mats,Placemat,Cushions,Christmas Supply,Halloween Supply,Pet Supplies,Pet Bed & Mat; Bath rug; OEM","Bathroom Mat,Machine Woven Carpet,Carpets,Door Mats,Placemat,Cushions,Christmas Supply,Halloween Supply,Pet Supplies,Pet Bed & Mat; Bath rug; OEM",https://www.hktdc.com/event/homeinstyle/en/exhibitor/1S005G4A2,0,
"Taizhou MingTai Plastic Co., Ltd.","Taizhou MingTai Plastic Co., Ltd.",Chinese Mainland,Coaster,Coaster,,Exhibitor,Hong Kong Home InStyle 2025,3D-B20,Group Pavilions,Chinese Mainland (Hunan) Pavilion,1,,,"Coaster; Household products; OEM, ODM","Coaster; Household products; OEM, ODM",https://www.hktdc.com/event/homeinstyle/en/exhibitor/1S005L4QQ,0,
Tottori Prefectural Government,Tottori Prefectural Government,Japan,"Dish,Art & Collectibles","Dish,Art & Collectibles",,Exhibitor,Hong Kong Home InStyle 2025,5E-D36,Cultural and Creative Avenue,,1,,,"Dish,Art & Collectibles; Tottori, Japans least populous prefecture, boasts a rich craft tradition of small, diverse studios, everyday items, and refined aesthetics. We showcase curated handmade goods from artisans honoring tradition yet embracing modern life.; OBM, OEM, ODM","Dish,Art & Collectibles; Tottori, Japans least populous prefecture, boasts a rich craft tradition of small, diverse studios, everyday items, and refined aesthetics. We showcase curated handmade goods from artisans honoring tradition yet embracing modern life.; OBM, OEM, ODM",https://www.hktdc.com/event/homeinstyle/en/exhibitor/1S005M4M2,0,
"Zhejiang Woka Home Product Co., Ltd.","Zhejiang Woka Home Product Co., Ltd.",Chinese Mainland,Storage Box,Storage Box,,Exhibitor,Hong Kong Home InStyle 2025,3E-B38,Cook & Dine,,1,,,"Storage Box; Home storage; OEM, ODM","Storage Box; Home storage; OEM, ODM",https://www.hktdc.com/event/homeinstyle/en/exhibitor/1S005LBZS,0,
"Zhenjiang Weworth Import & Export Co., Ltd.","Zhenjiang Weworth Import & Export Co., Ltd.",Chinese Mainland,"Slippers,Healthcare Product,Bed Linen,Cushions,Pet Toy","Slippers,Healthcare Product,Bed Linen,Cushions,Pet Toy",,Exhibitor,Hong Kong Home InStyle 2025,3E-D24,Home Textiles,,1,,,"Slippers,Healthcare Product,Bed Linen,Cushions,Pet Toy; HOMESTYLE PRODUCTS; OEM","Slippers,Healthcare Product,Bed Linen,Cushions,Pet Toy; HOMESTYLE PRODUCTS; OEM",https://www.hktdc.com/event/homeinstyle/en/exhibitor/1S005G0Y6,8,https://www.hktdc.com/event/homeinstyle/en/product/1Z03O13RO; https://www.hktdc.com/event/homeinstyle/en/product/1Z03O13RO; https://www.hktdc.com/event/homeinstyle/en/product/1Z03O12OY; https://www.hktdc.com/event/homeinstyle/en/product/1Z03O12OY; https://www.hktdc.com/event/homeinstyle/en/product/1Z03O134L; https://www.hktdc.com/event/homeinstyle/en/product/1Z03O134L; https://www.hktdc.com/event/homeinstyle/en/product/1Z03O1389; https://www.hktdc.com/event/homeinstyle/en/product/1Z03O1389
"Zibo Green Light Industrial Co., Ltd.","Zibo Green Light Industrial Co., Ltd.",Chinese Mainland,"Measuring Cup,Salt Pepper Grinder,Kitchen Utensil,Cup,Cup & Plate Set,Dish,Plate,Drinking Straw,Food Container,Coffee Grinder","Measuring Cup,Salt Pepper Grinder,Kitchen Utensil,Cup,Cup & Plate Set,Dish,Plate,Drinking Straw,Food Container,Coffee Grinder",,Exhibitor,Hong Kong Home InStyle 2025,3D-D42,Cook & Dine,Chinese Mainland (Shandong) Pavilion,1,,,"Measuring Cup,Salt Pepper Grinder,Kitchen Utensil,Cup,Cup & Plate Set,Dish,Plate,Drinking Straw,Food Container,Coffee Grinder; Glass canister, glass spice jar, borosilicate glass jar, glass storage jar; Others, ODM, OEM, OBM","Measuring Cup,Salt Pepper Grinder,Kitchen Utensil,Cup,Cup & Plate Set,Dish,Plate,Drinking Straw,Food Container,Coffee Grinder; Glass canister, glass spice jar, borosilicate glass jar, glass storage jar; Others, ODM, OEM, OBM",https://www.hktdc.com/event/homeinstyle/en/exhibitor/1S005GQ17,40,https://www.hktdc.com/event/homeinstyle/en/product/1Z03NV1UH; https://www.hktdc.com/event/homeinstyle/en/product/1Z03NV1UH; https://www.hktdc.com/event/homeinstyle/en/product/1Z03NV2L7; https://www.hktdc.com/event/homeinstyle/en/product/1Z03NV2L7; https://www.hktdc.com/event/homeinstyle/en/product/1Z03NV2CY; https://www.hktdc.com/event/homeinstyle/en/product/1Z03NV2CY; https://www.hktdc.com/event/homeinstyle/en/product/1Z03NV3SL; https://www.hktdc.com/event/homeinstyle/en/product/1Z03NV3SL; https://www.hktdc.com/event/homeinstyle/en/product/1Z03NUVEZ; https://www.hktdc.com/event/homeinstyle/en/product/1Z03NUVEZ; https://www.hktdc.com/event/homeinstyle/en/product/1Z03NV2WA; https://www.hktdc.com/event/homeinstyle/en/product/1Z03NV2WA; https://www.hktdc.com/event/homeinstyle/en/product/1Z03NV3FO; https://www.hktdc.com/event/homeinstyle/en/product/1Z03NV3FO; https://www.hktdc.com/event/homeinstyle/en/product/1Z03NUPWN; https://www.hktdc.com/event/homeinstyle/en/product/1Z03NUPWN; https://www.hktdc.com/event/homeinstyle/en/product/1Z03NUTC7; https://www.hktdc.com/event/homeinstyle/en/product/1Z03NUTC7; https://www.hktdc.com/event/homeinstyle/en/product/1Z03NURAF; https://www.hktdc.com/event/homeinstyle/en/product/1Z03NURAF; https://www.hktdc.com/event/homeinstyle/en/product/1Z03NUOP9; https://www.hktdc.com/event/homeinstyle/en/product/1Z03NUOP9; https://www.hktdc.com/event/homeinstyle/en/product/1Z03NUPOB; https://www.hktdc.com/event/homeinstyle/en/product/1Z03NUPOB; https://www.hktdc.com/event/homeinstyle/en/product/1Z03NUUHR; https://www.hktdc.com/event/homeinstyle/en/product/1Z03NUUHR; https://www.hktdc.com/event/homeinstyle/en/product/1Z03GLBAV; https://www.hktdc.com/event/homeinstyle/en/product/1Z03GLBAV; https://www.hktdc.com/event/homeinstyle/en/product/1Z03GOU06; https://www.hktdc.com/event/homeinstyle/en/product/1Z03GOU06; https://www.hktdc.com/event/homeinstyle/en/product/1Z03GLB74; https://www.hktdc.com/event/homeinstyle/en/product/1Z03GLB74; https://www.hktdc.com/event/homeinstyle/en/product/1Z03G791O; https://www.hktdc.com/event/homeinstyle/en/product/1Z03G791O; https://www.hktdc.com/event/homeinstyle/en/product/1Z03GE7AZ; https://www.hktdc.com/event/homeinstyle/en/product/1Z03GE7AZ; https://www.hktdc.com/event/homeinstyle/en/product/1Z03GLAK2; https://www.hktdc.com/event/homeinstyle/en/product/1Z03GLAK2; https://www.hktdc.com/event/homeinstyle/en/product/1Z03GOWB7; https://www.hktdc.com/event/homeinstyle/en/product/1Z03GOWB7
"Zibo Xin Sheng Light Industry Products Co., Ltd.","Zibo Xin Sheng Light Industry Products Co., Ltd.",Chinese Mainland,"Baking Tool,Saucepan,Dish Rack,Measuring Cup,Tableware,Bread Basket,Bar Accessories,Barware Set,Can Opener,Ashtray,Cling Wrap","Baking Tool,Saucepan,Dish Rack,Measuring Cup,Tableware,Bread Basket,Bar Accessories,Barware Set,Can Opener,Ashtray,Cling Wrap",,Exhibitor,Hong Kong Home InStyle 2025,3D-D37,Cook & Dine,Chinese Mainland (Shandong) Pavilion,1,,,"Baking Tool,Saucepan,Dish Rack,Measuring Cup,Tableware,Bread Basket,Bar Accessories,Barware Set,Can Opener,Ashtray,Cling Wrap; Glass seasoning bottles, glass bottles, high borosilicate glass food storage containers, glass bowls, glass plates, glass vases, glass candlesticks, glass oil and vinegar bottles, glass storage jars; OBM, ODM, OEM","Baking Tool,Saucepan,Dish Rack,Measuring Cup,Tableware,Bread Basket,Bar Accessories,Barware Set,Can Opener,Ashtray,Cling Wrap; Glass seasoning bottles, glass bottles, high borosilicate glass food storage containers, glass bowls, glass plates, glass vases, glass candlesticks, glass oil and vinegar bottles, glass storage jars; OBM, ODM, OEM",https://www.hktdc.com/event/homeinstyle/en/exhibitor/1S005LK44,0,
Aarrya Exports,Aarrya Exports,India,"We are an exporter and Manufacturer of Home Textile Products. We are situated in Karur, TN, India","We are an exporter and Manufacturer of Home Textile Products. We are situated in Karur, TN, India",,Exhibitor,Hong Kong Home InStyle 2025,3C-D04,Home Decor & Accessories,,1,,,"Oven Gloves,Kitchen Gloves,Pillow Cases,Placemat,Napkin,Table Cloth,Fabric Curtain,Tea Towel,Cushion Cases,Cushions; Cushions, Kitchen Linen, Table Linen, Tote Bags, Throws, Chairpads etc.; Others","Oven Gloves,Kitchen Gloves,Pillow Cases,Placemat,Napkin,Table Cloth,Fabric Curtain,Tea Towel,Cushion Cases,Cushions; Cushions, Kitchen Linen, Table Linen, Tote Bags, Throws, Chairpads etc.; Others",https://www.hktdc.com/event/homeinstyle/en/exhibitor/1S005MAI8,0,
Acacia Concepts,Acacia Concepts,India,EXPORTER FOR PROMOTIONAL GOODS AND HOME TEXTILES,EXPORTER FOR PROMOTIONAL GOODS AND HOME TEXTILES,,Exhibitor,Hong Kong Home InStyle 2025,3C-D06,Home Decor & Accessories,,1,,,"bathrobe,Waist Apron,Oven Gloves,Kitchen Gloves,Tapestry,Bib Apron,Bed Linen,Duvet Product,Pillow Cases,Placemat,Napkin,Table Cloth,Fabric Curtain,Baby Towels,Bath Towels,Towels,Tea Towel,Cushion Cases,Cushions,Bath Curtain; KITCHEN LINENS, BAG, POUCH,; Others","bathrobe,Waist Apron,Oven Gloves,Kitchen Gloves,Tapestry,Bib Apron,Bed Linen,Duvet Product,Pillow Cases,Placemat,Napkin,Table Cloth,Fabric Curtain,Baby Towels,Bath Towels,Towels,Tea Towel,Cushion Cases,Cushions,Bath Curtain; KITCHEN LINENS, BAG, POUCH,; Others",https://www.hktdc.com/event/homeinstyle/en/exhibitor/1S005MADN,2,https://www.hktdc.com/event/homeinstyle/en/product/1X23NULX; https://www.hktdc.com/event/homeinstyle/en/product/1X23NULX
Aomori Prefecture Government,Aomori Prefecture Government,Japan,,,,Exhibitor,Hong Kong Home InStyle 2025,5E-E35,Cultural and Creative Avenue,,1,,,"The booth exhibits traditional hand-crafted products from different brands in Aomori Prefecture, including Nanbu Weaving, Tsugaru Lacquer accessories and Kogin Embroidery.; OBM","The booth exhibits traditional hand-crafted products from different brands in Aomori Prefecture, including Nanbu Weaving, Tsugaru Lacquer accessories and Kogin Embroidery.; OBM",https://www.hktdc.com/event/homeinstyle/en/exhibitor/1S005M4PT,0,
Center for International Trade Expositions and Missions (CITEM),Center for International Trade Expositions and Missions (CITEM),Philippines,"Paper Crafts,Art & Collectibles,Wall Decoration & Hangings","Paper Crafts,Art & Collectibles,Wall Decoration & Hangings",,Exhibitor,Hong Kong Home InStyle 2025,5E-E33,Cultural and Creative Avenue,,1,,,"Paper Crafts,Art & Collectibles,Wall Decoration & Hangings; CITEM is the export promotions arm of the Philippine Department of Trade and Industry (DTI). It is the organizer of Manila FAME the Philippines premier trade show for quality home, fashion, and lifestyle products.; OBM, ODM, OEM","Paper Crafts,Art & Collectibles,Wall Decoration & Hangings; CITEM is the export promotions arm of the Philippine Department of Trade and Industry (DTI). It is the organizer of Manila FAME the Philippines premier trade show for quality home, fashion, and lifestyle products.; OBM, ODM, OEM",https://www.hktdc.com/event/homeinstyle/en/exhibitor/1S005MN6V,12,https://www.hktdc.com/event/homeinstyle/en/product/1Z03LT3FO; https://www.hktdc.com/event/homeinstyle/en/product/1Z03LT3FO; https://www.hktdc.com/event/homeinstyle/en/product/1Z03LSY6K; https://www.hktdc.com/event/homeinstyle/en/product/1Z03LSY6K; https://www.hktdc.com/event/homeinstyle/en/product/1Z03LXEEG; https://www.hktdc.com/event/homeinstyle/en/product/1Z03LXEEG; https://www.hktdc.com/event/homeinstyle/en/product/1Z03LSY7H; https://www.hktdc.com/event/homeinstyle/en/product/1Z03LSY7H; https://www.hktdc.com/event/homeinstyle/en/product/1Z03LSXO3; https://www.hktdc.com/event/homeinstyle/en/product/1Z03LSXO3; https://www.hktdc.com/event/homeinstyle/en/product/1Z03LSXHO; https://www.hktdc.com/event/homeinstyle/en/product/1Z03LSXHO
"Changsha Yalifang Technology Development Co., Ltd","Changsha Yalifang Technology Development Co., Ltd",Chinese Mainland,"Tote Bag,Shopping Bag,Mug,Tableware,Dish,Paper Crafts","Tote Bag,Shopping Bag,Mug,Tableware,Dish,Paper Crafts",,Exhibitor,Hong Kong Home InStyle 2025,3D-C13,Group Pavilions,Chinese Mainland (Hunan) Pavilion,1,,,"Tote Bag,Shopping Bag,Mug,Tableware,Dish,Paper Crafts; Ceramic cup, paper cup, handbag; OEM, Others, ODM, OBM","Tote Bag,Shopping Bag,Mug,Tableware,Dish,Paper Crafts; Ceramic cup, paper cup, handbag; OEM, Others, ODM, OBM",https://www.hktdc.com/event/homeinstyle/en/exhibitor/1S005L4W8,0,
"Changzhou Kok Kitchenware Co., Ltd.","Changzhou Kok Kitchenware Co., Ltd.",Chinese Mainland,Kitchen Utensil,Kitchen Utensil,,Exhibitor,Hong Kong Home InStyle 2025,3E-C42,Cook & Dine,,1,,,"Kitchen Utensil; Vegetable cutter; ODM, OEM","Kitchen Utensil; Vegetable cutter; ODM, OEM",https://www.hktdc.com/event/homeinstyle/en/exhibitor/1S005KDFE,0,
"Chaozhou Yule Hardware Industrial Co., Ltd","Chaozhou Yule Hardware Industrial Co., Ltd",Chinese Mainland,Dish,Dish,,Exhibitor,Hong Kong Home InStyle 2025,3E-C33,Cook & Dine,Cantonese Business Go Global,1,,,"Dish; Stainless steel xing bowl, stainless steel lunch box; OEM","Dish; Stainless steel xing bowl, stainless steel lunch box; OEM",https://www.hktdc.com/event/homeinstyle/en/exhibitor/1S005KDAT,0,
"Chengdu Eno Biology Technology Co., Ltd","Chengdu Eno Biology Technology Co., Ltd",Chinese Mainland,"Aroma Diffuser,Home Fragrance,Aroma Oil & Incense Stick","Aroma Diffuser,Home Fragrance,Aroma Oil & Incense Stick",,Exhibitor,Hong Kong Home InStyle 2025,3D-A37,Home Decor & Accessories,,1,,,"Aroma Diffuser,Home Fragrance,Aroma Oil & Incense Stick; Aromatherapy, no fire aromatherapy; ODM, OEM, OBM","Aroma Diffuser,Home Fragrance,Aroma Oil & Incense Stick; Aromatherapy, no fire aromatherapy; ODM, OEM, OBM",https://www.hktdc.com/event/homeinstyle/en/exhibitor/1S005M54J,0,
Chengdu Xindu Qiaofan Palm Leaf Weaving Specialized Cooperative,Chengdu Xindu Qiaofan Palm Leaf Weaving Specialized Cooperative,Chinese Mainland,Knitting Crafts,Knitting Crafts,,Exhibitor,Hong Kong Home InStyle 2025,3C-F35,Home Decor & Accessories,,1,,,"Knitting Crafts; Palm woven painting, palm woven fan, palm woven bag and other palm woven crafts; OBM, ODM, OEM","Knitting Crafts; Palm woven painting, palm woven fan, palm woven bag and other palm woven crafts; OBM, ODM, OEM",https://www.hktdc.com/event/homeinstyle/en/exhibitor/1S005MAGE,0,
"Chenzhou Best Handcraft Co., Ltd.","Chenzhou Best Handcraft Co., Ltd.",Chinese Mainland,"Metal Craft,Paper Crafts","Metal Craft,Paper Crafts",,Exhibitor,Hong Kong Home InStyle 2025,3D-B12,Group Pavilions,Chinese Mainland (Hunan) Pavilion,1,,,"Metal Craft,Paper Crafts; Handcraft; OBM, OEM, ODM, Others","Metal Craft,Paper Crafts; Handcraft; OBM, OEM, ODM, Others",https://www.hktdc.com/event/homeinstyle/en/exhibitor/1S005L4SK,2,https://www.hktdc.com/event/homeinstyle/en/product/1X204QN7; https://www.hktdc.com/event/homeinstyle/en/product/1X204QN7
Conway Designs Inc.,Conway Designs Inc.,Philippines,CONWAY DESIGNS INC. was incorporated by a group of professionals who have devoted much of their working lives in promoting and reviving the Philippines handicraft industry. The management team has been active in local and international shows and has gained recognition by overseas buyers for its unique and pioneering designs and looks. The company provides employment to the marginalized work community and incorporates indigenous materials in a view to improve livelihood of local community.,CONWAY DESIGNS INC. was incorporated by a group of professionals who have devoted much of their working lives in promoting and reviving the Philippines handicraft industry. The management team has been active in local and international shows and has gained recognition by overseas buyers for its unique and pioneering designs and looks. The company provides employment to the marginalized work community and incorporates indigenous materials in a view to improve livelihood of local community.,,Exhibitor,Hong Kong Home InStyle 2025,3D-A21,Home Decor & Accessories,,1,,,"Metal Craft,Figurine,Decorative Lamp; Unique pioneering designs and wide bodied range of products from figurines, luminaries, wall decors, ornaments, among others; OBM, Others","Metal Craft,Figurine,Decorative Lamp; Unique pioneering designs and wide bodied range of products from figurines, luminaries, wall decors, ornaments, among others; OBM, Others",https://www.hktdc.com/event/homeinstyle/en/exhibitor/1S005JQCA,4,https://www.hktdc.com/event/homeinstyle/en/product/1Z03O0F1I; https://www.hktdc.com/event/homeinstyle/en/product/1Z03O0F1I; https://www.hktdc.com/event/homeinstyle/en/product/1Z03O0F70; https://www.hktdc.com/event/homeinstyle/en/product/1Z03O0F70
"Creative Lights Vietnam CO.,LTD","Creative Lights Vietnam CO.,LTD",Chinese Mainland,"Candle,Aroma Diffuser,Home Fragrance,Aroma Oil & Incense Stick","Candle,Aroma Diffuser,Home Fragrance,Aroma Oil & Incense Stick",,Exhibitor,Hong Kong Home InStyle 2025,3C-F32,Home Decor & Accessories,Cantonese Business Go Global,1,,,"Candle,Aroma Diffuser,Home Fragrance,Aroma Oil & Incense Stick; Glass candles, Ceramic candles, Pillars, Votives, Tapers, Tealights, Diffuser, Room spray; OEM, ODM","Candle,Aroma Diffuser,Home Fragrance,Aroma Oil & Incense Stick; Glass candles, Ceramic candles, Pillars, Votives, Tapers, Tealights, Diffuser, Room spray; OEM, ODM",https://www.hktdc.com/event/homeinstyle/en/exhibitor/1S005KCEI,0,
"Dehua County Wuliwuwai Trade Co., Ltd","Dehua County Wuliwuwai Trade Co., Ltd",Chinese Mainland,"Tabletop Accessories,Tableware,Resin Crafts,Ceramic Crafts,Christmas Supply,Easter Supply,Halloween Supply","Tabletop Accessories,Tableware,Resin Crafts,Ceramic Crafts,Christmas Supply,Easter Supply,Halloween Supply",,Exhibitor,Hong Kong Home InStyle 2025,3C-F13,Group Pavilions,Chinese Mainland (Quanzhou) Pavilion,1,,,"Tabletop Accessories,Tableware,Resin Crafts,Ceramic Crafts,Christmas Supply,Easter Supply,Halloween Supply; Home decor; OEM, OBM, ODM","Tabletop Accessories,Tableware,Resin Crafts,Ceramic Crafts,Christmas Supply,Easter Supply,Halloween Supply; Home decor; OEM, OBM, ODM",https://www.hktdc.com/event/homeinstyle/en/exhibitor/1S005L1PW,0,
"Dehua Guanxing Crafts Co., Ltd.","Dehua Guanxing Crafts Co., Ltd.",Chinese Mainland,"Bathroom Accessories,Bonsai,Flower Arrangement,Resin Crafts,Vase,Ceramic Crafts","Bathroom Accessories,Bonsai,Flower Arrangement,Resin Crafts,Vase,Ceramic Crafts",,Exhibitor,Hong Kong Home InStyle 2025,3D-A10,Group Pavilions,Chinese Mainland (Quanzhou) Pavilion,1,,,"Bathroom Accessories,Bonsai,Flower Arrangement,Resin Crafts,Vase,Ceramic Crafts; Ceramic bathroom accessories & pots with artificial; OBM, ODM, OEM","Bathroom Accessories,Bonsai,Flower Arrangement,Resin Crafts,Vase,Ceramic Crafts; Ceramic bathroom accessories & pots with artificial; OBM, ODM, OEM",https://www.hktdc.com/event/homeinstyle/en/exhibitor/1S005L1SN,6,https://www.hktdc.com/event/homeinstyle/en/product/1X234KMQ; https://www.hktdc.com/event/homeinstyle/en/product/1X234KMQ; https://www.hktdc.com/event/homeinstyle/en/product/1X234KJT; https://www.hktdc.com/event/homeinstyle/en/product/1X234KJT; https://www.hktdc.com/event/homeinstyle/en/product/1X234KHV; https://www.hktdc.com/event/homeinstyle/en/product/1X234KHV
"Dehua Meiyujia Arts and Crafts Co.,Ltd.","Dehua Meiyujia Arts and Crafts Co.,Ltd.",Chinese Mainland,"Cup,Cup & Plate Set,Tabletop Accessories,Tableware,Resin Crafts,Vase,Ceramic Crafts,Christmas Supply,Easter Supply,Party Supplies","Cup,Cup & Plate Set,Tabletop Accessories,Tableware,Resin Crafts,Vase,Ceramic Crafts,Christmas Supply,Easter Supply,Party Supplies",,Exhibitor,Hong Kong Home InStyle 2025,3D-A06,Group Pavilions,Chinese Mainland (Quanzhou) Pavilion,1,,,"Cup,Cup & Plate Set,Tabletop Accessories,Tableware,Resin Crafts,Vase,Ceramic Crafts,Christmas Supply,Easter Supply,Party Supplies; Ceramic Items, DIY Paint Set Kits; OBM, ODM, OEM","Cup,Cup & Plate Set,Tabletop Accessories,Tableware,Resin Crafts,Vase,Ceramic Crafts,Christmas Supply,Easter Supply,Party Supplies; Ceramic Items, DIY Paint Set Kits; OBM, ODM, OEM",https://www.hktdc.com/event/homeinstyle/en/exhibitor/1S005L0WC,0,
Dehua Sunrise Designs Limited,Dehua Sunrise Designs Limited,Chinese Mainland,"Tabletop Accessories,Tableware,Resin Crafts,Ceramic Crafts,Decorative Plate,Christmas Supply,Easter Supply,Halloween Supply","Tabletop Accessories,Tableware,Resin Crafts,Ceramic Crafts,Decorative Plate,Christmas Supply,Easter Supply,Halloween Supply",,Exhibitor,Hong Kong Home InStyle 2025,3D-A07,Group Pavilions,Chinese Mainland (Quanzhou) Pavilion,1,,,"Tabletop Accessories,Tableware,Resin Crafts,Ceramic Crafts,Decorative Plate,Christmas Supply,Easter Supply,Halloween Supply; DOLOMITE ITEM; OEM, ODM, OBM","Tabletop Accessories,Tableware,Resin Crafts,Ceramic Crafts,Decorative Plate,Christmas Supply,Easter Supply,Halloween Supply; DOLOMITE ITEM; OEM, ODM, OBM",https://www.hktdc.com/event/homeinstyle/en/exhibitor/1S005L1QT,8,https://www.hktdc.com/event/homeinstyle/en/product/1Z03O1CQI; https://www.hktdc.com/event/homeinstyle/en/product/1Z03O1CQI; https://www.hktdc.com/event/homeinstyle/en/product/1Z03O1B5A; https://www.hktdc.com/event/homeinstyle/en/product/1Z03O1B5A; https://www.hktdc.com/event/homeinstyle/en/product/1Z03O16V9; https://www.hktdc.com/event/homeinstyle/en/product/1Z03O16V9; https://www.hktdc.com/event/homeinstyle/en/product/1Z03O15W7; https://www.hktdc.com/event/homeinstyle/en/product/1Z03O15W7
"Dehua Xingye Ceramics Science And Technology Co., Ltd","Dehua Xingye Ceramics Science And Technology Co., Ltd",Chinese Mainland,"Tabletop Accessories,Tableware,Resin Crafts,Ceramic Crafts,Christmas Supply,Easter Supply,Halloween Supply","Tabletop Accessories,Tableware,Resin Crafts,Ceramic Crafts,Christmas Supply,Easter Supply,Halloween Supply",,Exhibitor,Hong Kong Home InStyle 2025,3D-A09,Group Pavilions,Chinese Mainland (Quanzhou) Pavilion,1,,,"Tabletop Accessories,Tableware,Resin Crafts,Ceramic Crafts,Christmas Supply,Easter Supply,Halloween Supply; Ceramic product; OEM, ODM, OBM","Tabletop Accessories,Tableware,Resin Crafts,Ceramic Crafts,Christmas Supply,Easter Supply,Halloween Supply; Ceramic product; OEM, ODM, OBM",https://www.hktdc.com/event/homeinstyle/en/exhibitor/1S005L15K,0,
"Dezhou Widu Textile Technology Co., Ltd.","Dezhou Widu Textile Technology Co., Ltd.",Chinese Mainland,"Furnishing Fabric,Functional Fabric,Bed Linen,Bed Sheets","Furnishing Fabric,Functional Fabric,Bed Linen,Bed Sheets",,Exhibitor,Hong Kong Home InStyle 2025,3E-D38,Home Textiles,Chinese Mainland (Shandong) Pavilion,1,,,"Furnishing Fabric,Functional Fabric,Bed Linen,Bed Sheets; Offer materials hemp linen cotton yarn/fabric/bedsheet/blanket; Others","Furnishing Fabric,Functional Fabric,Bed Linen,Bed Sheets; Offer materials hemp linen cotton yarn/fabric/bedsheet/blanket; Others",https://www.hktdc.com/event/homeinstyle/en/exhibitor/1S005HAI8,0,
"Dongguan Depengyou Houseware Co., Ltd","Dongguan Depengyou Houseware Co., Ltd",Chinese Mainland,"Kitchen Knife,Cutlery Set,Cutting Board,Kitchen Utensil,Wine Glass,Tabletop Accessories,Tableware,Ice Bucket,Wine Rack","Kitchen Knife,Cutlery Set,Cutting Board,Kitchen Utensil,Wine Glass,Tabletop Accessories,Tableware,Ice Bucket,Wine Rack",,Exhibitor,Hong Kong Home InStyle 2025,3E-D33,Cook & Dine,Cantonese Business Go Global,1,,,"Kitchen Knife,Cutlery Set,Cutting Board,Kitchen Utensil,Wine Glass,Tabletop Accessories,Tableware,Ice Bucket,Wine Rack; Housewares, kitchen wares, bar wares; Others","Kitchen Knife,Cutlery Set,Cutting Board,Kitchen Utensil,Wine Glass,Tabletop Accessories,Tableware,Ice Bucket,Wine Rack; Housewares, kitchen wares, bar wares; Others",https://www.hktdc.com/event/homeinstyle/en/exhibitor/1S005KCW0,0,
"Dongguan Hongqiao New Material Technology Co., Ltd.","Dongguan Hongqiao New Material Technology Co., Ltd.",Chinese Mainland,"Fitness Product,Home Storage & Organisation,Bathroom Fittings & Sanitary Wares,Bath Supplies,Personal Care Product,Massager","Fitness Product,Home Storage & Organisation,Bathroom Fittings & Sanitary Wares,Bath Supplies,Personal Care Product,Massager",,Exhibitor,Hong Kong Home InStyle 2025,3C-F38,Home Decor & Accessories,Cantonese Business Go Global,1,,,"Fitness Product,Home Storage & Organisation,Bathroom Fittings & Sanitary Wares,Bath Supplies,Personal Care Product,Massager; Bathtub, mattress, pillow, protection; OEM","Fitness Product,Home Storage & Organisation,Bathroom Fittings & Sanitary Wares,Bath Supplies,Personal Care Product,Massager; Bathtub, mattress, pillow, protection; OEM",https://www.hktdc.com/event/homeinstyle/en/exhibitor/1S005KCPL,0,
"Dongguan Yongxingfu Hardware and Plastic Co., Ltd.","Dongguan Yongxingfu Hardware and Plastic Co., Ltd.",Chinese Mainland,Lamp Holder & Base,Lamp Holder & Base,,Exhibitor,Hong Kong Home InStyle 2025,3D-C31,Home Decor & Accessories,Cantonese Business Go Global,1,,,"Lamp Holder & Base; LED speaker, LED solar lamp, LED floor lamp; OEM, ODM","Lamp Holder & Base; LED speaker, LED solar lamp, LED floor lamp; OEM, ODM",https://www.hktdc.com/event/homeinstyle/en/exhibitor/1S005KCH9,10,https://www.hktdc.com/event/homeinstyle/en/product/1Z03NYWGS; https://www.hktdc.com/event/homeinstyle/en/product/1Z03NYWGS; https://www.hktdc.com/event/homeinstyle/en/product/1Z03NYX9C; https://www.hktdc.com/event/homeinstyle/en/product/1Z03NYX9C; https://www.hktdc.com/event/homeinstyle/en/product/1Z03NYXUL; https://www.hktdc.com/event/homeinstyle/en/product/1Z03NYXUL; https://www.hktdc.com/event/homeinstyle/en/product/1Z03NYY02; https://www.hktdc.com/event/homeinstyle/en/product/1Z03NYY02; https://www.hktdc.com/event/homeinstyle/en/product/1Z03NYYKE; https://www.hktdc.com/event/homeinstyle/en/product/1Z03NYYKE
"Dongguan Zhongyu Textile Co., Ltd.","Dongguan Zhongyu Textile Co., Ltd.",Chinese Mainland,Cushions,Cushions,,Exhibitor,Hong Kong Home InStyle 2025,3E-E32,Home Textiles,Cantonese Business Go Global,1,,,"Cushions; We specialize in manufacturing and processing waist cushions.; ODM, Others, OBM, OEM","Cushions; We specialize in manufacturing and processing waist cushions.; ODM, Others, OBM, OEM",https://www.hktdc.com/event/homeinstyle/en/exhibitor/1S005LK2A,4,https://www.hktdc.com/event/homeinstyle/en/product/1Z03O14X5; https://www.hktdc.com/event/homeinstyle/en/product/1Z03O14X5; https://www.hktdc.com/event/homeinstyle/en/product/1Z03O15VA; https://www.hktdc.com/event/homeinstyle/en/product/1Z03O15VA
European Product Design Award,European Product Design Award,USA,"Paper Crafts,Painting & Print,Sculpture,Art & Collectibles,Wall Decoration & Hangings","Paper Crafts,Painting & Print,Sculpture,Art & Collectibles,Wall Decoration & Hangings",,Exhibitor,Hong Kong Home InStyle 2025,5E-E37,Cultural and Creative Avenue,,1,,,"Paper Crafts,Painting & Print,Sculpture,Art & Collectibles,Wall Decoration & Hangings; The European Product Design Award recognizes and honors the expertise of international product and industrial designers who strive to improve our daily lives with their practical and well-thought-out creations.; Others","Paper Crafts,Painting & Print,Sculpture,Art & Collectibles,Wall Decoration & Hangings; The European Product Design Award recognizes and honors the expertise of international product and industrial designers who strive to improve our daily lives with their practical and well-thought-out creations.; Others",https://www.hktdc.com/event/homeinstyle/en/exhibitor/1S005MDFE,0,
Exmart International Pvt Ltd.,Exmart International Pvt Ltd.,India,"Candlestick Holder,Glass Crafts,Metal Craft,Resin Crafts,Vase,Wood Crafts,Decorative Bowl,Photo Frame,Picture Frame,Decorative Lamp,Easter Supply","Candlestick Holder,Glass Crafts,Metal Craft,Resin Crafts,Vase,Wood Crafts,Decorative Bowl,Photo Frame,Picture Frame,Decorative Lamp,Easter Supply",,Exhibitor,Hong Kong Home InStyle 2025,3C-D02,Home Decor & Accessories,,1,,,"Candlestick Holder,Glass Crafts,Metal Craft,Resin Crafts,Vase,Wood Crafts,Decorative Bowl,Photo Frame,Picture Frame,Decorative Lamp,Easter Supply; Polypropylene mat and Home decor; OBM","Candlestick Holder,Glass Crafts,Metal Craft,Resin Crafts,Vase,Wood Crafts,Decorative Bowl,Photo Frame,Picture Frame,Decorative Lamp,Easter Supply; Polypropylene mat and Home decor; OBM",https://www.hktdc.com/event/homeinstyle/en/exhibitor/1S005MR9I,16,https://www.hktdc.com/event/homeinstyle/en/product/1X1MIV1E; https://www.hktdc.com/event/homeinstyle/en/product/1X1MIV1E; https://www.hktdc.com/event/homeinstyle/en/product/1X1MIV0F; https://www.hktdc.com/event/homeinstyle/en/product/1X1MIV0F; https://www.hktdc.com/event/homeinstyle/en/product/1X1ABCND; https://www.hktdc.com/event/homeinstyle/en/product/1X1ABCND; https://www.hktdc.com/event/homeinstyle/en/product/1X1ABCME; https://www.hktdc.com/event/homeinstyle/en/product/1X1ABCME; https://www.hktdc.com/event/homeinstyle/en/product/1X1A45ZM; https://www.hktdc.com/event/homeinstyle/en/product/1X1A45ZM; https://www.hktdc.com/event/homeinstyle/en/product/1X043N4Z; https://www.hktdc.com/event/homeinstyle/en/product/1X043N4Z; https://www.hktdc.com/event/homeinstyle/en/product/1X043N30; https://www.hktdc.com/event/homeinstyle/en/product/1X043N30; https://www.hktdc.com/event/homeinstyle/en/product/1X043LAZ; https://www.hktdc.com/event/homeinstyle/en/product/1X043LAZ
"Foshan Jinlei Printing Co.,Ltd.","Foshan Jinlei Printing Co.,Ltd.",,,,,Exhibitor,Hong Kong Home InStyle 2025,,,,1,,,,,https://www.hktdc.com/event/homeinstyle/en/exhibitor/1S005LHKV,0,
"Fujian Dehua Bailing Handicrafts Co., Ltd.","Fujian Dehua Bailing Handicrafts Co., Ltd.",,,,,Exhibitor,Hong Kong Home InStyle 2025,,,,1,,,,,https://www.hktdc.com/event/homeinstyle/en/exhibitor/1S005L0SO,0,
"Fujian Dehua Bao Lian Fa Ceramics Co., Ltd.","Fujian Dehua Bao Lian Fa Ceramics Co., Ltd.",Chinese Mainland,"Ceramic Crafts,Decorative Bowl,Decorative Plate,Christmas Supply","Ceramic Crafts,Decorative Bowl,Decorative Plate,Christmas Supply",,Exhibitor,Hong Kong Home InStyle 2025,3D-B09,Group Pavilions,Chinese Mainland (Quanzhou) Pavilion,1,,,"Ceramic Crafts,Decorative Bowl,Decorative Plate,Christmas Supply; Ceramic; OEM, OBM, ODM","Ceramic Crafts,Decorative Bowl,Decorative Plate,Christmas Supply; Ceramic; OEM, OBM, ODM",https://www.hktdc.com/event/homeinstyle/en/exhibitor/1S005L0KC,0,
"Fujian Dehua Baoyi Ceramics Co., Ltd.","Fujian Dehua Baoyi Ceramics Co., Ltd.",Chinese Mainland,"Mug,Tea Set","Mug,Tea Set",,Exhibitor,Hong Kong Home InStyle 2025,3E-A41,Cook & Dine,,1,,,"Mug,Tea Set; CERAMIC; OEM, ODM","Mug,Tea Set; CERAMIC; OEM, ODM",https://www.hktdc.com/event/homeinstyle/en/exhibitor/1S005LBTA,6,https://www.hktdc.com/event/homeinstyle/en/product/1X1OO0DN; https://www.hktdc.com/event/homeinstyle/en/product/1X1OO0DN; https://www.hktdc.com/event/homeinstyle/en/product/1X1OO0CO; https://www.hktdc.com/event/homeinstyle/en/product/1X1OO0CO; https://www.hktdc.com/event/homeinstyle/en/product/1X1OO0BP; https://www.hktdc.com/event/homeinstyle/en/product/1X1OO0BP
"Fujian Dehua County Chaozong Ceramics Co., Ltd","Fujian Dehua County Chaozong Ceramics Co., Ltd",Chinese Mainland,"Resin Crafts,Ceramic Crafts,Decorative Bowl,Decorative Plate,Christmas Supply","Resin Crafts,Ceramic Crafts,Decorative Bowl,Decorative Plate,Christmas Supply",,Exhibitor,Hong Kong Home InStyle 2025,3C-F10,Group Pavilions,Chinese Mainland (Quanzhou) Pavilion,1,,,"Resin Crafts,Ceramic Crafts,Decorative Bowl,Decorative Plate,Christmas Supply; Ceramic; OEM, OBM, ODM","Resin Crafts,Ceramic Crafts,Decorative Bowl,Decorative Plate,Christmas Supply; Ceramic; OEM, OBM, ODM",https://www.hktdc.com/event/homeinstyle/en/exhibitor/1S005L0N3,0,
"Fujian Dehua Hongfengshuo Ceramics Co., Ltd","Fujian Dehua Hongfengshuo Ceramics Co., Ltd",Chinese Mainland,Ceramic Crafts,Ceramic Crafts,,Exhibitor,Hong Kong Home InStyle 2025,3C-F17,Group Pavilions,Chinese Mainland (Quanzhou) Pavilion,1,,,"Ceramic Crafts; Ceramic Craft, Houseware, Tableware, Etc.; ODM, OEM","Ceramic Crafts; Ceramic Craft, Houseware, Tableware, Etc.; ODM, OEM",https://www.hktdc.com/event/homeinstyle/en/exhibitor/1S005KYHN,0,
"Fujian Dehua Longhe Ceramics Co., Ltd","Fujian Dehua Longhe Ceramics Co., Ltd",Chinese Mainland,"Ceramic Crafts,Decorative Bowl,Decorative Plate,Christmas Supply","Ceramic Crafts,Decorative Bowl,Decorative Plate,Christmas Supply",,Exhibitor,Hong Kong Home InStyle 2025,3C-F11,Group Pavilions,Chinese Mainland (Quanzhou) Pavilion,1,,,"Ceramic Crafts,Decorative Bowl,Decorative Plate,Christmas Supply; Ceramic; OEM, OBM, ODM","Ceramic Crafts,Decorative Bowl,Decorative Plate,Christmas Supply; Ceramic; OEM, OBM, ODM",https://www.hktdc.com/event/homeinstyle/en/exhibitor/1S005L0II,0,
"Fujian Dehua Make Craft Co., Ltd.","Fujian Dehua Make Craft Co., Ltd.",Chinese Mainland,"Glass Crafts,Ceramic Crafts,Pet Bed & Mat","Glass Crafts,Ceramic Crafts,Pet Bed & Mat",,Exhibitor,Hong Kong Home InStyle 2025,3D-A43,Home Decor & Accessories,,1,,,"Glass Crafts,Ceramic Crafts,Pet Bed & Mat; Arts and Crafts; OEM","Glass Crafts,Ceramic Crafts,Pet Bed & Mat; Arts and Crafts; OEM",https://www.hktdc.com/event/homeinstyle/en/exhibitor/1S005MNYJ,2,https://www.hktdc.com/event/homeinstyle/en/product/1X1W7N7W; https://www.hktdc.com/event/homeinstyle/en/product/1X1W7N7W
"Fujian Dehua Tianhang Art & Crafts Co., Ltd.","Fujian Dehua Tianhang Art & Crafts Co., Ltd.",Chinese Mainland,Ceramic Crafts,Ceramic Crafts,,Exhibitor,Hong Kong Home InStyle 2025,3C-F44,Home Decor & Accessories,,1,,,"Ceramic Crafts; Home decoration; OEM, ODM, OBM","Ceramic Crafts; Home decoration; OEM, ODM, OBM",https://www.hktdc.com/event/homeinstyle/en/exhibitor/1S005KD0N,0,
"Fujian Dehua Win-Win Import & Export Co., Ltd.","Fujian Dehua Win-Win Import & Export Co., Ltd.",Chinese Mainland,"Resin Crafts,Ceramic Crafts,Pet Supplies,Pet Bowl & Feeder","Resin Crafts,Ceramic Crafts,Pet Supplies,Pet Bowl & Feeder",,Exhibitor,Hong Kong Home InStyle 2025,3D-A08,Group Pavilions,Chinese Mainland (Quanzhou) Pavilion,1,,,"Resin Crafts,Ceramic Crafts,Pet Supplies,Pet Bowl & Feeder; Pet ceramic products; OEM, OBM, ODM","Resin Crafts,Ceramic Crafts,Pet Supplies,Pet Bowl & Feeder; Pet ceramic products; OEM, OBM, ODM",https://www.hktdc.com/event/homeinstyle/en/exhibitor/1S005L11W,8,https://www.hktdc.com/event/homeinstyle/en/product/1X235K2A; https://www.hktdc.com/event/homeinstyle/en/product/1X235K2A; https://www.hktdc.com/event/homeinstyle/en/product/1X23NXEV; https://www.hktdc.com/event/homeinstyle/en/product/1X23NXEV; https://www.hktdc.com/event/homeinstyle/en/product/1X23NXHS; https://www.hktdc.com/event/homeinstyle/en/product/1X23NXHS; https://www.hktdc.com/event/homeinstyle/en/product/1X23NXIR; https://www.hktdc.com/event/homeinstyle/en/product/1X23NXIR
"Fujian Dehua Xuheng Ceramics Co., Ltd","Fujian Dehua Xuheng Ceramics Co., Ltd",Chinese Mainland,"Ceramic Crafts,Decorative Bowl,Decorative Plate,Christmas Supply","Ceramic Crafts,Decorative Bowl,Decorative Plate,Christmas Supply",,Exhibitor,Hong Kong Home InStyle 2025,3D-B24,Home Decor & Accessories,,1,,,"Ceramic Crafts,Decorative Bowl,Decorative Plate,Christmas Supply; Ceramic houseware; OEM, OBM, ODM","Ceramic Crafts,Decorative Bowl,Decorative Plate,Christmas Supply; Ceramic houseware; OEM, OBM, ODM",https://www.hktdc.com/event/homeinstyle/en/exhibitor/1S005LYN5,0,
"Fujian Province Dehua County Woodcock Enterprise Co., Ltd.","Fujian Province Dehua County Woodcock Enterprise Co., Ltd.",Chinese Mainland,"Glass Crafts,Ceramic Crafts,Bathroom Fittings & Sanitary Wares,Home Fragrance","Glass Crafts,Ceramic Crafts,Bathroom Fittings & Sanitary Wares,Home Fragrance",,Exhibitor,Hong Kong Home InStyle 2025,3C-F08,Group Pavilions,Chinese Mainland (Quanzhou) Pavilion,1,,,"Glass Crafts,Ceramic Crafts,Bathroom Fittings & Sanitary Wares,Home Fragrance; Ceramic; Others, OEM","Glass Crafts,Ceramic Crafts,Bathroom Fittings & Sanitary Wares,Home Fragrance; Ceramic; Others, OEM",https://www.hktdc.com/event/homeinstyle/en/exhibitor/1S005LYQW,0,
Furamar Limited,Furamar Limited,Chinese Mainland,Kitchen Utensil,Kitchen Utensil,,Exhibitor,Hong Kong Home InStyle 2025,3D-E32,Cook & Dine,,1,,,Kitchen Utensil; Enamel Product; OEM,Kitchen Utensil; Enamel Product; OEM,https://www.hktdc.com/event/homeinstyle/en/exhibitor/1S005K6NX,0,
"Fuzhou New Rhyme Industrial Co., Ltd.","Fuzhou New Rhyme Industrial Co., Ltd.",Chinese Mainland,"Flower Arrangement,Wall Decoration & Hangings,Christmas Supply,Easter Supply,Halloween Supply","Flower Arrangement,Wall Decoration & Hangings,Christmas Supply,Easter Supply,Halloween Supply",,Exhibitor,Hong Kong Home InStyle 2025,3D-A26,Home Decor & Accessories,,1,,,"Flower Arrangement,Wall Decoration & Hangings,Christmas Supply,Easter Supply,Halloween Supply; Wall decoration; ODM, OEM, OBM","Flower Arrangement,Wall Decoration & Hangings,Christmas Supply,Easter Supply,Halloween Supply; Wall decoration; ODM, OEM, OBM",https://www.hktdc.com/event/homeinstyle/en/exhibitor/1S005L1N2,0,
"Goldmine Enterprise Co., Ltd.","Goldmine Enterprise Co., Ltd.",Chinese Mainland,"Goldmine Enterprise Co.,Ltd establish in 1999 and located in Yangjiang City.We have over 20 years manufacturing knife experience and mainly in middle and high quality products.We exported to brands all over the world,and we help online sellers develope their products. All of our product quality is gauranteed.Welcome to contact us to develope your new items!","Goldmine Enterprise Co.,Ltd establish in 1999 and located in Yangjiang City.We have over 20 years manufacturing knife experience and mainly in middle and high quality products.We exported to brands all over the world,and we help online sellers develope their products. All of our product quality is gauranteed.Welcome to contact us to develope your new items!",,Exhibitor,Hong Kong Home InStyle 2025,3E-A31,Cook & Dine,Cantonese Business Go Global,1,,,"Kitchen Knife,Table Knife,Kitchen Utensil,Serving Utensil,Tableware; Kitchen knife set,wooden knife block,wood cutting boards,magnetic knife holder; ODM, OEM, OBM","Kitchen Knife,Table Knife,Kitchen Utensil,Serving Utensil,Tableware; Kitchen knife set,wooden knife block,wood cutting boards,magnetic knife holder; ODM, OEM, OBM",https://www.hktdc.com/event/homeinstyle/en/exhibitor/1S005HBPM,8,https://www.hktdc.com/event/homeinstyle/en/product/1Z03K5HS7; https://www.hktdc.com/event/homeinstyle/en/product/1Z03K5HS7; https://www.hktdc.com/event/homeinstyle/en/product/1Z03K5HQD; https://www.hktdc.com/event/homeinstyle/en/product/1Z03K5HQD; https://www.hktdc.com/event/homeinstyle/en/product/1Z03K5HT4; https://www.hktdc.com/event/homeinstyle/en/product/1Z03K5HT4; https://www.hktdc.com/event/homeinstyle/en/product/1Z03K5HOJ; https://www.hktdc.com/event/homeinstyle/en/product/1Z03K5HOJ
"Guangdong Jinguoxingjun Technology Co., Ltd","Guangdong Jinguoxingjun Technology Co., Ltd",Chinese Mainland,"Thermal Flask,Thermal Mug,Vacuum Flask,Cup","Thermal Flask,Thermal Mug,Vacuum Flask,Cup",,Exhibitor,Hong Kong Home InStyle 2025,3E-B34,Cook & Dine,Cantonese Business Go Global,1,,,"Thermal Flask,Thermal Mug,Vacuum Flask,Cup; Lunch. boxbottle, food container; OBM","Thermal Flask,Thermal Mug,Vacuum Flask,Cup; Lunch. boxbottle, food container; OBM",https://www.hktdc.com/event/homeinstyle/en/exhibitor/1S005KCI6,0,
"Guangdong ShengYiLong House Product Technology Co., Ltd.","Guangdong ShengYiLong House Product Technology Co., Ltd.",Chinese Mainland,"Cleaning Gloves,Bathroom Accessories,Bathroom Rack,Cleaning Appliance,Bathroom Fittings & Sanitary Wares,Bath Supplies,Bath Sponge & Scrubber,Bath Gloves,Bathroom Scale,Bath Curtain","Cleaning Gloves,Bathroom Accessories,Bathroom Rack,Cleaning Appliance,Bathroom Fittings & Sanitary Wares,Bath Supplies,Bath Sponge & Scrubber,Bath Gloves,Bathroom Scale,Bath Curtain",,Exhibitor,Hong Kong Home InStyle 2025,3D-A35,Home Decor & Accessories,Cantonese Business Go Global,1,,,"Cleaning Gloves,Bathroom Accessories,Bathroom Rack,Cleaning Appliance,Bathroom Fittings & Sanitary Wares,Bath Supplies,Bath Sponge & Scrubber,Bath Gloves,Bathroom Scale,Bath Curtain; Bathroom Accessories sets, Shower curtain, Bath products; OEM, Others, ODM","Cleaning Gloves,Bathroom Accessories,Bathroom Rack,Cleaning Appliance,Bathroom Fittings & Sanitary Wares,Bath Supplies,Bath Sponge & Scrubber,Bath Gloves,Bathroom Scale,Bath Curtain; Bathroom Accessories sets, Shower curtain, Bath products; OEM, Others, ODM",https://www.hktdc.com/event/homeinstyle/en/exhibitor/1S005KCT9,0,
HIPPI DENPASAR,HIPPI DENPASAR,Indonesia,Enterpreneur Association based in bali island Indonesia,Enterpreneur Association based in bali island Indonesia,,Exhibitor,Hong Kong Home InStyle 2025,5E-E31,Cultural and Creative Avenue,,1,,,"Paper Crafts,Painting & Print,Sculpture,Art & Collectibles,Wall Decoration & Hangings; hand made and unique products, recycle concept and eco friendly; OEM","Paper Crafts,Painting & Print,Sculpture,Art & Collectibles,Wall Decoration & Hangings; hand made and unique products, recycle concept and eco friendly; OEM",https://www.hktdc.com/event/homeinstyle/en/exhibitor/1S005M4VB,2,https://www.hktdc.com/event/homeinstyle/en/product/1Z03O20HL; https://www.hktdc.com/event/homeinstyle/en/product/1Z03O20HL
"Hangzhou Shouyi Import & Export Co., Ltd.","Hangzhou Shouyi Import & Export Co., Ltd.",Chinese Mainland,"Christmas Supply,Easter Supply,Halloween Supply","Christmas Supply,Easter Supply,Halloween Supply",,Exhibitor,Hong Kong Home InStyle 2025,3D-B41,Home Decor & Accessories,,1,,,"Christmas Supply,Easter Supply,Halloween Supply; LED Lighting; OBM, ODM, OEM","Christmas Supply,Easter Supply,Halloween Supply; LED Lighting; OBM, ODM, OEM",https://www.hktdc.com/event/homeinstyle/en/exhibitor/1S005LF9U,0,
Hefei Silentbedding Co Ltd,Hefei Silentbedding Co Ltd,Chinese Mainland,"Quilts,Pillows,Bed Sheets,Placemat,Bath Curtain","Quilts,Pillows,Bed Sheets,Placemat,Bath Curtain",,Exhibitor,Hong Kong Home InStyle 2025,3E-D34,Home Textiles,,1,,,"Quilts,Pillows,Bed Sheets,Placemat,Bath Curtain; Pillow, Sheet Set, Mattress Protectors; ODM, OEM","Quilts,Pillows,Bed Sheets,Placemat,Bath Curtain; Pillow, Sheet Set, Mattress Protectors; ODM, OEM",https://www.hktdc.com/event/homeinstyle/en/exhibitor/1S005KVQZ,0,
Home Accents Group of the Philippines Inc (Hapi),Home Accents Group of the Philippines Inc (Hapi),Philippines,"The Home Accents Group of the Philippines, Inc. (HAPI) is a group of exporters and manufacturers of housewares and gift products.","The Home Accents Group of the Philippines, Inc. (HAPI) is a group of exporters and manufacturers of housewares and gift products.",,Exhibitor,Hong Kong Home InStyle 2025,3C-F20,Home Decor & Accessories,,1,,,"Plate,Bowl,Dried Flower,Picture Frame,Figurine,Decorative Lamp,Lamp Shade,Lamp Holder & Base,Christmas Supply; Picture frame, wooden plates and bowls, wooden kitchen utensils, food cover, home decor made of c a p i z shells.; OEM","Plate,Bowl,Dried Flower,Picture Frame,Figurine,Decorative Lamp,Lamp Shade,Lamp Holder & Base,Christmas Supply; Picture frame, wooden plates and bowls, wooden kitchen utensils, food cover, home decor made of c a p i z shells.; OEM",https://www.hktdc.com/event/homeinstyle/en/exhibitor/1S005LK37,0,
"Huian Xinming Light Industry Co., Ltd. Fujian","Huian Xinming Light Industry Co., Ltd. Fujian",Chinese Mainland,Home Storage & Organisation,Home Storage & Organisation,,Exhibitor,Hong Kong Home InStyle 2025,3D-B07,Group Pavilions,Chinese Mainland (Quanzhou) Pavilion,1,,,"Home Storage & Organisation; Introduction
Established in 2000, Fujian Hui'an Xinming Light Industry Co., Ltd.
is a professional company manufacturing and exporting all kinds
of bags including ladies' bags, briefcases, portfolio organizers,
wallets, clutch bags, travel bags,; ODM, OEM, OBM","Home Storage & Organisation; Introduction
Established in 2000, Fujian Hui'an Xinming Light Industry Co., Ltd.
is a professional company manufacturing and exporting all kinds
of bags including ladies' bags, briefcases, portfolio organizers,
wallets, clutch bags, travel bags,; ODM, OEM, OBM",https://www.hktdc.com/event/homeinstyle/en/exhibitor/1S005L1FQ,0,
"Huizhou Kinte Outdoor Product Co., Ltd.","Huizhou Kinte Outdoor Product Co., Ltd.",Chinese Mainland,"Umbrella,Parasol","Umbrella,Parasol",,Exhibitor,Hong Kong Home InStyle 2025,3D-B31,Home Decor & Accessories,Cantonese Business Go Global,1,,,"Umbrella,Parasol; our company specialized all kinds umbrella over 10 years, such as fold umbrella, straight umbrella,golf umbrella, gift umbrella, small MOQ, shenzhen quality with best, we offer OEM AND ODM service.; OEM, ODM, OBM, Others","Umbrella,Parasol; our company specialized all kinds umbrella over 10 years, such as fold umbrella, straight umbrella,golf umbrella, gift umbrella, small MOQ, shenzhen quality with best, we offer OEM AND ODM service.; OEM, ODM, OBM, Others",https://www.hktdc.com/event/homeinstyle/en/exhibitor/1S005KVJK,8,https://www.hktdc.com/event/homeinstyle/en/product/1Z03MAT4V; https://www.hktdc.com/event/homeinstyle/en/product/1Z03MAT4V; https://www.hktdc.com/event/homeinstyle/en/product/1Z03MANOD; https://www.hktdc.com/event/homeinstyle/en/product/1Z03MANOD; https://www.hktdc.com/event/homeinstyle/en/product/1Z03MAOLL; https://www.hktdc.com/event/homeinstyle/en/product/1Z03MAOLL; https://www.hktdc.com/event/homeinstyle/en/product/1Z03MAPTW; https://www.hktdc.com/event/homeinstyle/en/product/1Z03MAPTW
"Hunan Gaofeng Ceramic Manufacturing Co., Ltd.","Hunan Gaofeng Ceramic Manufacturing Co., Ltd.",Chinese Mainland,"Cookware,Cup & Plate Set,Plate,Bowl","Cookware,Cup & Plate Set,Plate,Bowl",,Exhibitor,Hong Kong Home InStyle 2025,3E-E41,Cook & Dine,,1,,,"Cookware,Cup & Plate Set,Plate,Bowl; Ceramic mug, Ceramic tableware; OBM, OEM, ODM","Cookware,Cup & Plate Set,Plate,Bowl; Ceramic mug, Ceramic tableware; OBM, OEM, ODM",https://www.hktdc.com/event/homeinstyle/en/exhibitor/1S005LO7R,0,
"Hunan Sunye Decor Materials Co., Ltd.","Hunan Sunye Decor Materials Co., Ltd.",Chinese Mainland,"Furnishing Fabric,Functional Fabric,Fabric Crafts,Fabric Decoration,Mirror,Wall Decoration & Hangings","Furnishing Fabric,Functional Fabric,Fabric Crafts,Fabric Decoration,Mirror,Wall Decoration & Hangings",,Exhibitor,Hong Kong Home InStyle 2025,3D-C17,Group Pavilions,Chinese Mainland (Hunan) Pavilion,1,,,"Furnishing Fabric,Functional Fabric,Fabric Crafts,Fabric Decoration,Mirror,Wall Decoration & Hangings; PVC self-adhesive wallpaper; OEM, OBM, Others, ODM","Furnishing Fabric,Functional Fabric,Fabric Crafts,Fabric Decoration,Mirror,Wall Decoration & Hangings; PVC self-adhesive wallpaper; OEM, OBM, Others, ODM",https://www.hktdc.com/event/homeinstyle/en/exhibitor/1S005L4RN,0,
Jiangmen Zanxing Stainless Steel Products Co Ltd,Jiangmen Zanxing Stainless Steel Products Co Ltd,Chinese Mainland,"Cookware,Grill Pan,Kitchen Utensil,Frying Pan,Food Steamer","Cookware,Grill Pan,Kitchen Utensil,Frying Pan,Food Steamer",,Exhibitor,Hong Kong Home InStyle 2025,3D-D35,Cook & Dine,Cantonese Business Go Global,1,,,"Cookware,Grill Pan,Kitchen Utensil,Frying Pan,Food Steamer; STAINLESS STEEL COOKWARE POT; OEM","Cookware,Grill Pan,Kitchen Utensil,Frying Pan,Food Steamer; STAINLESS STEEL COOKWARE POT; OEM",https://www.hktdc.com/event/homeinstyle/en/exhibitor/1S005H3DU,40,https://www.hktdc.com/event/homeinstyle/en/product/1Z03FJD8Z; https://www.hktdc.com/event/homeinstyle/en/product/1Z03FJD8Z; https://www.hktdc.com/event/homeinstyle/en/product/1Z03FJE4A; https://www.hktdc.com/event/homeinstyle/en/product/1Z03FJE4A; https://www.hktdc.com/event/homeinstyle/en/product/1Z03F1RBC; https://www.hktdc.com/event/homeinstyle/en/product/1Z03F1RBC; https://www.hktdc.com/event/homeinstyle/en/product/1Z03F00M6; https://www.hktdc.com/event/homeinstyle/en/product/1Z03F00M6; https://www.hktdc.com/event/homeinstyle/en/product/1Z03F21IH; https://www.hktdc.com/event/homeinstyle/en/product/1Z03F21IH; https://www.hktdc.com/event/homeinstyle/en/product/1Z03F1UZ9; https://www.hktdc.com/event/homeinstyle/en/product/1Z03F1UZ9; https://www.hktdc.com/event/homeinstyle/en/product/1Z03FJB3G; https://www.hktdc.com/event/homeinstyle/en/product/1Z03FJB3G; https://www.hktdc.com/event/homeinstyle/en/product/1Z03FJCV3; https://www.hktdc.com/event/homeinstyle/en/product/1Z03FJCV3; https://www.hktdc.com/event/homeinstyle/en/product/1Z03F1QJP; https://www.hktdc.com/event/homeinstyle/en/product/1Z03F1QJP; https://www.hktdc.com/event/homeinstyle/en/product/1Z03F1TFY; https://www.hktdc.com/event/homeinstyle/en/product/1Z03F1TFY; https://www.hktdc.com/event/homeinstyle/en/product/1Z03F28K4; https://www.hktdc.com/event/homeinstyle/en/product/1Z03F28K4; https://www.hktdc.com/event/homeinstyle/en/product/1Z03FJ9TC; https://www.hktdc.com/event/homeinstyle/en/product/1Z03FJ9TC; https://www.hktdc.com/event/homeinstyle/en/product/1Z03F27TE; https://www.hktdc.com/event/homeinstyle/en/product/1Z03F27TE; https://www.hktdc.com/event/homeinstyle/en/product/1Z03F1OF3; https://www.hktdc.com/event/homeinstyle/en/product/1Z03F1OF3; https://www.hktdc.com/event/homeinstyle/en/product/1Z03FJACQ; https://www.hktdc.com/event/homeinstyle/en/product/1Z03FJACQ; https://www.hktdc.com/event/homeinstyle/en/product/1Z03FJCFF; https://www.hktdc.com/event/homeinstyle/en/product/1Z03FJCFF; https://www.hktdc.com/event/homeinstyle/en/product/1Z03FJC0O; https://www.hktdc.com/event/homeinstyle/en/product/1Z03FJC0O; https://www.hktdc.com/event/homeinstyle/en/product/1Z03FJBHA; https://www.hktdc.com/event/homeinstyle/en/product/1Z03FJBHA; https://www.hktdc.com/event/homeinstyle/en/product/1Z03F1SC8; https://www.hktdc.com/event/homeinstyle/en/product/1Z03F1SC8; https://www.hktdc.com/event/homeinstyle/en/product/1Z03FJDKZ; https://www.hktdc.com/event/homeinstyle/en/product/1Z03FJDKZ
Jinhua City Tianhai Travelware Co Ltd,Jinhua City Tianhai Travelware Co Ltd,Chinese Mainland,Camping & Picnic Equipment,Camping & Picnic Equipment,,Exhibitor,Hong Kong Home InStyle 2025,3E-C39,Cook & Dine,,1,,,"Camping & Picnic Equipment; Travel accessories; OEM, ODM","Camping & Picnic Equipment; Travel accessories; OEM, ODM",https://www.hktdc.com/event/homeinstyle/en/exhibitor/1S005LCAU,0,
"Jinhua Xiangtai Home Technology Co., Ltd.","Jinhua Xiangtai Home Technology Co., Ltd.",Chinese Mainland,Kitchen Utensil,Kitchen Utensil,,Exhibitor,Hong Kong Home InStyle 2025,3E-B37,Cook & Dine,,1,,,"Kitchen Utensil; Kitchenware; OEM, ODM","Kitchen Utensil; Kitchenware; OEM, ODM",https://www.hktdc.com/event/homeinstyle/en/exhibitor/1S005KYN5,0,
"Jun Xing Knitting Commodity Co., Ltd.","Jun Xing Knitting Commodity Co., Ltd.",Chinese Mainland,Knitting Crafts,Knitting Crafts,,Exhibitor,Hong Kong Home InStyle 2025,3D-C35,Home Decor & Accessories,Cantonese Business Go Global,1,,,"Knitting Crafts; Mosquito Net; OEM, ODM","Knitting Crafts; Mosquito Net; OEM, ODM",https://www.hktdc.com/event/homeinstyle/en/exhibitor/1S005KCSC,0,
"Kuizhou Foreign Trade Co., Ltd (Jiangmen)","Kuizhou Foreign Trade Co., Ltd (Jiangmen)",Chinese Mainland,"Kitchen Utensil,Spice Container,Food Box","Kitchen Utensil,Spice Container,Food Box",,Exhibitor,Hong Kong Home InStyle 2025,3E-A39,Cook & Dine,Cantonese Business Go Global,1,,,"Kitchen Utensil,Spice Container,Food Box; kitchen storage; OEM","Kitchen Utensil,Spice Container,Food Box; kitchen storage; OEM",https://www.hktdc.com/event/homeinstyle/en/exhibitor/1S005L1RQ,16,https://www.hktdc.com/event/homeinstyle/en/product/1X0WLLAZ; https://www.hktdc.com/event/homeinstyle/en/product/1X0WLLAZ; https://www.hktdc.com/event/homeinstyle/en/product/1X0WLL90; https://www.hktdc.com/event/homeinstyle/en/product/1X0WLL90; https://www.hktdc.com/event/homeinstyle/en/product/1X0WLL63; https://www.hktdc.com/event/homeinstyle/en/product/1X0WLL63; https://www.hktdc.com/event/homeinstyle/en/product/1X0WLLCX; https://www.hktdc.com/event/homeinstyle/en/product/1X0WLLCX; https://www.hktdc.com/event/homeinstyle/en/product/1X0WLLBY; https://www.hktdc.com/event/homeinstyle/en/product/1X0WLLBY; https://www.hktdc.com/event/homeinstyle/en/product/1X0WLL81; https://www.hktdc.com/event/homeinstyle/en/product/1X0WLL81; https://www.hktdc.com/event/homeinstyle/en/product/1X0WLL72; https://www.hktdc.com/event/homeinstyle/en/product/1X0WLL72; https://www.hktdc.com/event/homeinstyle/en/product/1X0WLL54; https://www.hktdc.com/event/homeinstyle/en/product/1X0WLL54
"Lanxishi JinHuan Art&Craft Products Co., LTD.","Lanxishi JinHuan Art&Craft Products Co., LTD.",Chinese Mainland,Photo Frame,Photo Frame,,Exhibitor,Hong Kong Home InStyle 2025,3D-B38,Home Decor & Accessories,,1,,,"Photo Frame; Photo Frame; OEM, ODM","Photo Frame; Photo Frame; OEM, ODM",https://www.hktdc.com/event/homeinstyle/en/exhibitor/1S005JTC7,0,
"Linhai Fuhong Commodity Co., Ltd","Linhai Fuhong Commodity Co., Ltd",Chinese Mainland,Household Cleaning Tool,Household Cleaning Tool,,Exhibitor,Hong Kong Home InStyle 2025,5E-D08,Homepedia,,1,,,"Household Cleaning Tool; WIPER, MOP, DUSTER, BRUSH; OEM, ODM","Household Cleaning Tool; WIPER, MOP, DUSTER, BRUSH; OEM, ODM",https://www.hktdc.com/event/homeinstyle/en/exhibitor/1S005JC80,0,
"Linyi Chensheng International Trade Co., Ltd.","Linyi Chensheng International Trade Co., Ltd.",Chinese Mainland,"Linyi Chensheng International Trading Co., Ltd. is located in Linyi City, Shandong Province, is an excellent enterprise in the plastic products industry, the company covers an area of more than 10,000 square meters, with BSCI certification, the main advantages are new product development and design, OEM, spot light customization, etc. The main products are various models of plastic storage box, beauty storage box, Pencil case, home storage box, quality first, innovation-driven, integrity-based is our core values always adhere to. We firmly believe that quality is the foundation of the enterprise, we strive to polish every product into a fine, to bring customers more competitive products and services, with excellent quality to win the trust of customers and market recognition. From scattered small orders to test the strength of the enterprise, we accept the whole, quality and speed together, truly realize the goods and other cabinets, so that customers worry. All the way forward, we have pure initial intention and unremitting pursuit, with efficiency and service to become a global quality supplier.","Linyi Chensheng International Trading Co., Ltd. is located in Linyi City, Shandong Province, is an excellent enterprise in the plastic products industry, the company covers an area of more than 10,000 square meters, with BSCI certification, the main advantages are new product development and design, OEM, spot light customization, etc. The main products are various models of plastic storage box, beauty storage box, Pencil case, home storage box, quality first, innovation-driven, integrity-based is our core values always adhere to. We firmly believe that quality is the foundation of the enterprise, we strive to polish every product into a fine, to bring customers more competitive products and services, with excellent quality to win the trust of customers and market recognition. From scattered small orders to test the strength of the enterprise, we accept the whole, quality and speed together, truly realize the goods and other cabinets, so that customers worry. All the way forward, we have pure initial intention and unremitting pursuit, with efficiency and service to become a global quality supplier.",,Exhibitor,Hong Kong Home InStyle 2025,5E-D04,Homepedia,Chinese Mainland (Shandong) Pavilion,1,,,"Storage Box,Storage Rack,Storage Basket,Home Storage & Organisation,Stationery; Cosmetics storage box, stationery storage box, medicine storage box, hardware toolbox, art supplies; ODM, Others, OBM, OEM","Storage Box,Storage Rack,Storage Basket,Home Storage & Organisation,Stationery; Cosmetics storage box, stationery storage box, medicine storage box, hardware toolbox, art supplies; ODM, Others, OBM, OEM",https://www.hktdc.com/event/homeinstyle/en/exhibitor/1S005JCGC,12,https://www.hktdc.com/event/homeinstyle/en/product/1Z03NV1FQ; https://www.hktdc.com/event/homeinstyle/en/product/1Z03NV1FQ; https://www.hktdc.com/event/homeinstyle/en/product/1Z03NV16H; https://www.hktdc.com/event/homeinstyle/en/product/1Z03NV16H; https://www.hktdc.com/event/homeinstyle/en/product/1Z03NV10Z; https://www.hktdc.com/event/homeinstyle/en/product/1Z03NV10Z; https://www.hktdc.com/event/homeinstyle/en/product/1Z03NV0DX; https://www.hktdc.com/event/homeinstyle/en/product/1Z03NV0DX; https://www.hktdc.com/event/homeinstyle/en/product/1Z03NV1CZ; https://www.hktdc.com/event/homeinstyle/en/product/1Z03NV1CZ; https://www.hktdc.com/event/homeinstyle/en/product/1Z03NK3CX; https://www.hktdc.com/event/homeinstyle/en/product/1Z03NK3CX
Linyi Meide Arts & Crafts Co Ltd,Linyi Meide Arts & Crafts Co Ltd,Chinese Mainland,"Linyi Meide Arts & Crafts Co Ltd is a well-known company with more than 15 years of experience. With the COZPET brand as our core, we focus on providing high-quality pet beds, mats, cat scratching trees and other products. At the same time, we also provide personalized OEM services to meet customer customization needs.","Linyi Meide Arts & Crafts Co Ltd is a well-known company with more than 15 years of experience. With the COZPET brand as our core, we focus on providing high-quality pet beds, mats, cat scratching trees and other products. At the same time, we also provide personalized OEM services to meet customer customization needs.",,Exhibitor,Hong Kong Home InStyle 2025,5E-A17,Pet Supplies,Chinese Mainland (Shandong) Pavilion,1,,,"Pet Supplies; With the COZPET brand as our core, we focus on providing high-quality pet beds, mats, cat scratching trees and other products.; OBM","Pet Supplies; With the COZPET brand as our core, we focus on providing high-quality pet beds, mats, cat scratching trees and other products.; OBM",https://www.hktdc.com/event/homeinstyle/en/exhibitor/1S005ICH9,0,
"Longquan Dachuan Household Products Co., Ltd","Longquan Dachuan Household Products Co., Ltd",Chinese Mainland,"Storage Box,Storage Rack","Storage Box,Storage Rack",,Exhibitor,Hong Kong Home InStyle 2025,3C-D12,Group Pavilions,Chinese Mainland (Longquan) Pavilion,1,,,"Storage Box,Storage Rack; Bamboo and wood products such as shelves, cup holders, chairs, bookshelves, etc; ODM, OEM","Storage Box,Storage Rack; Bamboo and wood products such as shelves, cup holders, chairs, bookshelves, etc; ODM, OEM",https://www.hktdc.com/event/homeinstyle/en/exhibitor/1S005MLIX,0,
"Nangyang City Star Valley Toys Co., Ltd.","Nangyang City Star Valley Toys Co., Ltd.",Chinese Mainland,Children Furniture,Children Furniture,,Exhibitor,Hong Kong Home InStyle 2025,3D-A24,Home Decor & Accessories,,1,,,"Children Furniture; TOYS GIFTS; ODM, OBM, OEM","Children Furniture; TOYS GIFTS; ODM, OBM, OEM",https://www.hktdc.com/event/homeinstyle/en/exhibitor/1S005L10Z,0,
"New Phenix Home Products Manufactory Co., Ltd.","New Phenix Home Products Manufactory Co., Ltd.",Chinese Mainland,Household Cleaning Tool,Household Cleaning Tool,,Exhibitor,Hong Kong Home InStyle 2025,5E-D05,Homepedia,,1,,,"Household Cleaning Tool; Toothbrush; ODM, OBM, OEM, Others","Household Cleaning Tool; Toothbrush; ODM, OBM, OEM, Others",https://www.hktdc.com/event/homeinstyle/en/exhibitor/1S005JMS2,0,
"Ningbo Evergreen Plastic Products Co., Ltd","Ningbo Evergreen Plastic Products Co., Ltd",Chinese Mainland,"Food Container,Food Box","Food Container,Food Box",,Exhibitor,Hong Kong Home InStyle 2025,3E-A37,Cook & Dine,,1,,,"Food Container,Food Box; Fresh box, Meal box; Others","Food Container,Food Box; Fresh box, Meal box; Others",https://www.hktdc.com/event/homeinstyle/en/exhibitor/1S005GRSX,0,
Ningbo Globalway Imp & Exp Co Ltd,Ningbo Globalway Imp & Exp Co Ltd,Chinese Mainland,Storage Basket,Storage Basket,,Exhibitor,Hong Kong Home InStyle 2025,3C-D29,Home Decor & Accessories,,1,,,"Storage Basket; Indoor Slipper Gift Set; ODM, OEM","Storage Basket; Indoor Slipper Gift Set; ODM, OEM",https://www.hktdc.com/event/homeinstyle/en/exhibitor/1S005MOQ6,0,
"Ningbo Haishu Huabei Chemical & Commodity Co., Ltd.","Ningbo Haishu Huabei Chemical & Commodity Co., Ltd.",Chinese Mainland,"Aroma Diffuser,Home Fragrance,Aroma Oil & Incense Stick","Aroma Diffuser,Home Fragrance,Aroma Oil & Incense Stick",,Exhibitor,Hong Kong Home InStyle 2025,3D-B40,Home Decor & Accessories,,1,,,"Aroma Diffuser,Home Fragrance,Aroma Oil & Incense Stick; Reed stick diffuser, Scented candle; OBM","Aroma Diffuser,Home Fragrance,Aroma Oil & Incense Stick; Reed stick diffuser, Scented candle; OBM",https://www.hktdc.com/event/homeinstyle/en/exhibitor/1S005MRBC,20,https://www.hktdc.com/event/homeinstyle/en/product/1Z03NVO0C; https://www.hktdc.com/event/homeinstyle/en/product/1Z03NVO0C; https://www.hktdc.com/event/homeinstyle/en/product/1Z03NVP0B; https://www.hktdc.com/event/homeinstyle/en/product/1Z03NVP0B; https://www.hktdc.com/event/homeinstyle/en/product/1Z03NVOP9; https://www.hktdc.com/event/homeinstyle/en/product/1Z03NVOP9; https://www.hktdc.com/event/homeinstyle/en/product/1Z03NVNXM; https://www.hktdc.com/event/homeinstyle/en/product/1Z03NVNXM; https://www.hktdc.com/event/homeinstyle/en/product/1Z03NVP32; https://www.hktdc.com/event/homeinstyle/en/product/1Z03NVP32; https://www.hktdc.com/event/homeinstyle/en/product/1Z03NVP4Z; https://www.hktdc.com/event/homeinstyle/en/product/1Z03NVP4Z; https://www.hktdc.com/event/homeinstyle/en/product/1Z03NVOTX; https://www.hktdc.com/event/homeinstyle/en/product/1Z03NVOTX; https://www.hktdc.com/event/homeinstyle/en/product/1Z03NVO19; https://www.hktdc.com/event/homeinstyle/en/product/1Z03NVO19; https://www.hktdc.com/event/homeinstyle/en/product/1Z03NVNWP; https://www.hktdc.com/event/homeinstyle/en/product/1Z03NVNWP; https://www.hktdc.com/event/homeinstyle/en/product/1Z03NVOVR; https://www.hktdc.com/event/homeinstyle/en/product/1Z03NVOVR
"Ningbo Hifel Commodity Co., Ltd.","Ningbo Hifel Commodity Co., Ltd.",Chinese Mainland,Cup,Cup,,Exhibitor,Hong Kong Home InStyle 2025,3D-E37,Cook & Dine,,1,,,Cup; Water Bottles; OEM,Cup; Water Bottles; OEM,https://www.hktdc.com/event/homeinstyle/en/exhibitor/1S005KVKH,0,
"Ningbo Houm Trading Co., Ltd.","Ningbo Houm Trading Co., Ltd.",Chinese Mainland,"Candle,Aroma Diffuser,Home Fragrance,Aroma Oil & Incense Stick","Candle,Aroma Diffuser,Home Fragrance,Aroma Oil & Incense Stick",,Exhibitor,Hong Kong Home InStyle 2025,3D-B35,Home Decor & Accessories,,1,,,"Candle,Aroma Diffuser,Home Fragrance,Aroma Oil & Incense Stick; Fusce at nisi eget dolor rhoncus facilisis. Mauris ante nisl, consectetur et luctus et, porta ut dolor. Curabitur ultricies ultrices nulla. Morbi blandit nec est vitae dictum. Etiam vel consectetur diam. Maecenas vitae egestas dolor.; OEM, OBM","Candle,Aroma Diffuser,Home Fragrance,Aroma Oil & Incense Stick; Fusce at nisi eget dolor rhoncus facilisis. Mauris ante nisl, consectetur et luctus et, porta ut dolor. Curabitur ultricies ultrices nulla. Morbi blandit nec est vitae dictum. Etiam vel consectetur diam. Maecenas vitae egestas dolor.; OEM, OBM",https://www.hktdc.com/event/homeinstyle/en/exhibitor/1S005KVC5,2,https://www.hktdc.com/event/homeinstyle/en/product/1Z03NX5DS; https://www.hktdc.com/event/homeinstyle/en/product/1Z03NX5DS
"Ningbo Lyfun Toy Co., Ltd","Ningbo Lyfun Toy Co., Ltd",Chinese Mainland,Knitting Crafts,Knitting Crafts,,Exhibitor,Hong Kong Home InStyle 2025,3D-B15,Group Pavilions,Chinese Mainland (Hunan) Pavilion,1,,,"Knitting Crafts; PLUSH TOYS; OEM, ODM","Knitting Crafts; PLUSH TOYS; OEM, ODM",https://www.hktdc.com/event/homeinstyle/en/exhibitor/1S005L4UE,0,
"Ningbo Pengyue Electrical Appliances Co., Ltd","Ningbo Pengyue Electrical Appliances Co., Ltd",Chinese Mainland,"Kitchen Appliance,Electrical Appliance","Kitchen Appliance,Electrical Appliance",,Exhibitor,Hong Kong Home InStyle 2025,3C-E29,Cook & Dine,,1,,,"Kitchen Appliance,Electrical Appliance; Electronic refrigerator, mini fridge, car fridge; OEM","Kitchen Appliance,Electrical Appliance; Electronic refrigerator, mini fridge, car fridge; OEM",https://www.hktdc.com/event/homeinstyle/en/exhibitor/1S005MRC9,2,https://www.hktdc.com/event/homeinstyle/en/product/1Z03NX76B; https://www.hktdc.com/event/homeinstyle/en/product/1Z03NX76B
"Ningbo Tianqi Plastic Products Co., Ltd","Ningbo Tianqi Plastic Products Co., Ltd",Chinese Mainland,Disposable Tableware,Disposable Tableware,,Exhibitor,Hong Kong Home InStyle 2025,3D-E31,Cook & Dine,,1,,,"Disposable Tableware; Disposable plastic tableware(knife, fork, spoon) and cutlery set, airline cutlery set, airline cup, disposable plastic cups, plates, tray and lids; OBM, OEM, ODM, Others","Disposable Tableware; Disposable plastic tableware(knife, fork, spoon) and cutlery set, airline cutlery set, airline cup, disposable plastic cups, plates, tray and lids; OBM, OEM, ODM, Others",https://www.hktdc.com/event/homeinstyle/en/exhibitor/1S005KVLE,0,
"Ningbo Topwayne International Co., Ltd.","Ningbo Topwayne International Co., Ltd.",Chinese Mainland,"Coffee Pot,Coffee Set,Decanter,Tea Pot","Coffee Pot,Coffee Set,Decanter,Tea Pot",,Exhibitor,Hong Kong Home InStyle 2025,3D-E39,Cook & Dine,,1,,,"Coffee Pot,Coffee Set,Decanter,Tea Pot; Bar shaker, coffee press; ODM, OBM","Coffee Pot,Coffee Set,Decanter,Tea Pot; Bar shaker, coffee press; ODM, OBM",https://www.hktdc.com/event/homeinstyle/en/exhibitor/1S005JZA7,0,
"Ningbo Yinzhou Bags Import & Export Co., Ltd.","Ningbo Yinzhou Bags Import & Export Co., Ltd.",Chinese Mainland,"Storage Box,Storage Rack,Wood Crafts","Storage Box,Storage Rack,Wood Crafts",,Exhibitor,Hong Kong Home InStyle 2025,3C-E31,Cook & Dine,,1,,,"Storage Box,Storage Rack,Wood Crafts; BAG; ODM","Storage Box,Storage Rack,Wood Crafts; BAG; ODM",https://www.hktdc.com/event/homeinstyle/en/exhibitor/1S005M57A,0,
"Ningbo Yuanic Home Living Co., Ltd.","Ningbo Yuanic Home Living Co., Ltd.",Chinese Mainland,Slippers,Slippers,,Exhibitor,Hong Kong Home InStyle 2025,3E-D36,Home Textiles,,1,,,"Slippers; Cotton slippers, home slippers, bathroom slippers; OEM, ODM","Slippers; Cotton slippers, home slippers, bathroom slippers; OEM, ODM",https://www.hktdc.com/event/homeinstyle/en/exhibitor/1S005KVTQ,0,
Phoenix Industries Limited,Phoenix Industries Limited,Sri Lanka,"Since 1976, Phoenix Industries has been a family-owned company dedicated to providing top-quality plastic products. With an annual turnover of US$ 41 million, we are proud to be the largest plastic manufacturing company in the Island. Our state-of-the-art 20,000m2 manufacturing plant houses sophisticated injection molding and blow-molding European machinery. We have a dedicated factory for Unilever Sri Lanka and a blow molding plant at Chevron. Our product range includes furniture, household articles, crates, toothbrushes, rigid packaging, conduits, and PVC pipes. We have fully-fledged in-house capabilities, including research and development, quality assurance, design, and mold manufacturing workshop. Our current customer portfolio includes Unilever, Chevron, Hemas, CCS, Cargills, Carlsberg, Reckitt Benckiser, Glaxo-Smith Kline, Nestle, and B2C channels. We take pride in providing quality products and services to our clients. Join us as we continue to innovate and provide solutions that meet the needs of our customers.","Since 1976, Phoenix Industries has been a family-owned company dedicated to providing top-quality plastic products. With an annual turnover of US$ 41 million, we are proud to be the largest plastic manufacturing company in the Island. Our state-of-the-art 20,000m2 manufacturing plant houses sophisticated injection molding and blow-molding European machinery. We have a dedicated factory for Unilever Sri Lanka and a blow molding plant at Chevron. Our product range includes furniture, household articles, crates, toothbrushes, rigid packaging, conduits, and PVC pipes. We have fully-fledged in-house capabilities, including research and development, quality assurance, design, and mold manufacturing workshop. Our current customer portfolio includes Unilever, Chevron, Hemas, CCS, Cargills, Carlsberg, Reckitt Benckiser, Glaxo-Smith Kline, Nestle, and B2C channels. We take pride in providing quality products and services to our clients. Join us as we continue to innovate and provide solutions that meet the needs of our customers.",,Exhibitor,Hong Kong Home InStyle 2025,5E-A26,Furniture,,1,,,"Picnic Basket,Chair,Outdoor Furniture,Home Office Furniture,Children Furniture,Dining Room Furniture,Living Room Furniture,Restaurant & Bar Furniture,Flower Pot; Plastic furniture / Sating and Tables / Storage and Organization / Household; ODM, OEM, OBM","Picnic Basket,Chair,Outdoor Furniture,Home Office Furniture,Children Furniture,Dining Room Furniture,Living Room Furniture,Restaurant & Bar Furniture,Flower Pot; Plastic furniture / Sating and Tables / Storage and Organization / Household; ODM, OEM, OBM",https://www.hktdc.com/event/homeinstyle/en/exhibitor/1S005INF4,0,
Pigmentarium,Pigmentarium,Czech Republic,"Perfume & Cologne,Art & Collectibles","Perfume & Cologne,Art & Collectibles",,Exhibitor,Hong Kong Home InStyle 2025,5E-M07,Cultural and Creative Avenue,,1,,,"Perfume & Cologne,Art & Collectibles; Pigmentarium focuses on creating artistic fragrances.; Others","Perfume & Cologne,Art & Collectibles; Pigmentarium focuses on creating artistic fragrances.; Others",https://www.hktdc.com/event/homeinstyle/en/exhibitor/1S005M4OW,2,https://www.hktdc.com/event/homeinstyle/en/product/1Z03O20JF; https://www.hktdc.com/event/homeinstyle/en/product/1Z03O20JF
Pioneer International Corporation Ltd,Pioneer International Corporation Ltd,Thailand,We're the biggest manufacturer and exporter of plastic houseware and furniture products,We're the biggest manufacturer and exporter of plastic houseware and furniture products,,Exhibitor,Hong Kong Home InStyle 2025,3C-E22,Group Pavilions,Thailand Pavilion,1,,,"Measuring Cup,Kitchen Utensil,Tabletop Accessories,Tableware,Food Container,Storage Box,Home Storage & Organisation,Chair; The biggest manufacturer of plastic houseware and furniture products
The biggestexporter of plastic houseware and furniture products. in Thailand; OBM","Measuring Cup,Kitchen Utensil,Tabletop Accessories,Tableware,Food Container,Storage Box,Home Storage & Organisation,Chair; The biggest manufacturer of plastic houseware and furniture products
The biggestexporter of plastic houseware and furniture products. in Thailand; OBM",https://www.hktdc.com/event/homeinstyle/en/exhibitor/1S005JQ7P,0,
"Pujiang FJ International Trade Co., Ltd","Pujiang FJ International Trade Co., Ltd",Chinese Mainland,"Pillows,Pillow Cases","Pillows,Pillow Cases",,Exhibitor,Hong Kong Home InStyle 2025,3E-E37,Home Textiles,,1,,,"Pillows,Pillow Cases; Pillow; ODM, Others, OEM, OBM","Pillows,Pillow Cases; Pillow; ODM, Others, OEM, OBM",https://www.hktdc.com/event/homeinstyle/en/exhibitor/1S005KYLB,0,
"Qingdao Best & Lucky Handicrafts Co., Ltd.","Qingdao Best & Lucky Handicrafts Co., Ltd.",Chinese Mainland,"We are manufacturer of Chinese traditional handicrafts.We supply a wide range of laundry baskets, gift baskets, storage baskets, beach bags, shopping bags, mats, rugs and trays, flower pot cover, pet house and so on. Until now, we have thousands of samples for you to choose, if you are interested, pls feel free to contact me, thanks!","We are manufacturer of Chinese traditional handicrafts.We supply a wide range of laundry baskets, gift baskets, storage baskets, beach bags, shopping bags, mats, rugs and trays, flower pot cover, pet house and so on. Until now, we have thousands of samples for you to choose, if you are interested, pls feel free to contact me, thanks!",,Exhibitor,Hong Kong Home InStyle 2025,3D-B36,Home Decor & Accessories,Chinese Mainland (Shandong) Pavilion,1,,,"Knitting Crafts; Storage basket & laundry hamper, fashion bag; Others","Knitting Crafts; Storage basket & laundry hamper, fashion bag; Others",https://www.hktdc.com/event/homeinstyle/en/exhibitor/1S005GBOP,8,https://www.hktdc.com/event/homeinstyle/en/product/1Z03JVK9P; https://www.hktdc.com/event/homeinstyle/en/product/1Z03JVK9P; https://www.hktdc.com/event/homeinstyle/en/product/1Z03JVJ0H; https://www.hktdc.com/event/homeinstyle/en/product/1Z03JVJ0H; https://www.hktdc.com/event/homeinstyle/en/product/1Z03JVJXQ; https://www.hktdc.com/event/homeinstyle/en/product/1Z03JVJXQ; https://www.hktdc.com/event/homeinstyle/en/product/1Z03JVK8S; https://www.hktdc.com/event/homeinstyle/en/product/1Z03JVK8S
"Qingdao Bomida International Trade Co., Ltd.","Qingdao Bomida International Trade Co., Ltd.",Chinese Mainland,"Kettle,Measuring Cup,Coffee Pot,Wine Glass,Coffee Set,Cup,Mug,Cup & Plate Set,Tea Pot,Tea Set","Kettle,Measuring Cup,Coffee Pot,Wine Glass,Coffee Set,Cup,Mug,Cup & Plate Set,Tea Pot,Tea Set",,Exhibitor,Hong Kong Home InStyle 2025,3D-E34,Cook & Dine,Chinese Mainland (Shandong) Pavilion,1,,,"Kettle,Measuring Cup,Coffee Pot,Wine Glass,Coffee Set,Cup,Mug,Cup & Plate Set,Tea Pot,Tea Set; Double wall glass,glass teapot, glass drip coffee pot, glass carafe; OEM","Kettle,Measuring Cup,Coffee Pot,Wine Glass,Coffee Set,Cup,Mug,Cup & Plate Set,Tea Pot,Tea Set; Double wall glass,glass teapot, glass drip coffee pot, glass carafe; OEM",https://www.hktdc.com/event/homeinstyle/en/exhibitor/1S005JCCO,22,https://www.hktdc.com/event/homeinstyle/en/product/1Z03L5FFC; https://www.hktdc.com/event/homeinstyle/en/product/1Z03L5FFC; https://www.hktdc.com/event/homeinstyle/en/product/1X22P6MW; https://www.hktdc.com/event/homeinstyle/en/product/1X22P6MW; https://www.hktdc.com/event/homeinstyle/en/product/1X1VL66C; https://www.hktdc.com/event/homeinstyle/en/product/1X1VL66C; https://www.hktdc.com/event/homeinstyle/en/product/1X1VL64E; https://www.hktdc.com/event/homeinstyle/en/product/1X1VL64E; https://www.hktdc.com/event/homeinstyle/en/product/1X1VL62G; https://www.hktdc.com/event/homeinstyle/en/product/1X1VL62G; https://www.hktdc.com/event/homeinstyle/en/product/1X1RMWWG; https://www.hktdc.com/event/homeinstyle/en/product/1X1RMWWG; https://www.hktdc.com/event/homeinstyle/en/product/1Z03L5FQF; https://www.hktdc.com/event/homeinstyle/en/product/1Z03L5FQF; https://www.hktdc.com/event/homeinstyle/en/product/1Z03L5FH6; https://www.hktdc.com/event/homeinstyle/en/product/1Z03L5FH6; https://www.hktdc.com/event/homeinstyle/en/product/1Z03L5FU3; https://www.hktdc.com/event/homeinstyle/en/product/1Z03L5FU3; https://www.hktdc.com/event/homeinstyle/en/product/1Z03L5FOL; https://www.hktdc.com/event/homeinstyle/en/product/1Z03L5FOL; https://www.hktdc.com/event/homeinstyle/en/product/1Z03L5ELV; https://www.hktdc.com/event/homeinstyle/en/product/1Z03L5ELV
"Qingdao Xingying Crafts Co., Ltd","Qingdao Xingying Crafts Co., Ltd",Chinese Mainland,"Glass Crafts,Ceramic Crafts,Candle,Christmas Supply,Halloween Supply,Valentine's Day Supply","Glass Crafts,Ceramic Crafts,Candle,Christmas Supply,Halloween Supply,Valentine's Day Supply",,Exhibitor,Hong Kong Home InStyle 2025,3D-B30,Home Decor & Accessories,Chinese Mainland (Shandong) Pavilion,1,,,"Glass Crafts,Ceramic Crafts,Candle,Christmas Supply,Halloween Supply,Valentine's Day Supply; The main exhibition products of Qingdao Xingying Crafts Co.,Ltd is candles and some designed ceramic or glass holders.Welcome to visit our booth!; ODM, OEM","Glass Crafts,Ceramic Crafts,Candle,Christmas Supply,Halloween Supply,Valentine's Day Supply; The main exhibition products of Qingdao Xingying Crafts Co.,Ltd is candles and some designed ceramic or glass holders.Welcome to visit our booth!; ODM, OEM",https://www.hktdc.com/event/homeinstyle/en/exhibitor/1S005HDKZ,0,
"Quanzhou Jiupeng Crafts Co., Ltd","Quanzhou Jiupeng Crafts Co., Ltd",Chinese Mainland,"Resin Crafts,Christmas Supply,Easter Supply,Halloween Supply","Resin Crafts,Christmas Supply,Easter Supply,Halloween Supply",,Exhibitor,Hong Kong Home InStyle 2025,3D-A05,Group Pavilions,Chinese Mainland (Quanzhou) Pavilion,1,,,"Resin Crafts,Christmas Supply,Easter Supply,Halloween Supply; Resin handicrafts; OBM, ODM, OEM","Resin Crafts,Christmas Supply,Easter Supply,Halloween Supply; Resin handicrafts; OBM, ODM, OEM",https://www.hktdc.com/event/homeinstyle/en/exhibitor/1S005MLS3,0,
Quanzhou Joy Homeware Limited,Quanzhou Joy Homeware Limited,Chinese Mainland,"Cup,Dish,Plate,Bowl","Cup,Dish,Plate,Bowl",,Exhibitor,Hong Kong Home InStyle 2025,3D-D26,Cook & Dine,,1,,,"Cup,Dish,Plate,Bowl; Melamine dinnerware; Others, OEM","Cup,Dish,Plate,Bowl; Melamine dinnerware; Others, OEM",https://www.hktdc.com/event/homeinstyle/en/exhibitor/1S005L1JE,0,
"Rizhao Bocan Industry And Trade Co., Ltd.","Rizhao Bocan Industry And Trade Co., Ltd.",Chinese Mainland,"Kitchen Knife,Table Knife,Kitchen Utensil,Tableware,Food Processor","Kitchen Knife,Table Knife,Kitchen Utensil,Tableware,Food Processor",,Exhibitor,Hong Kong Home InStyle 2025,3D-E42,Cook & Dine,Chinese Mainland (Shandong) Pavilion,1,,,"Kitchen Knife,Table Knife,Kitchen Utensil,Tableware,Food Processor; Potato cutter; OBM, OEM, ODM","Kitchen Knife,Table Knife,Kitchen Utensil,Tableware,Food Processor; Potato cutter; OBM, OEM, ODM",https://www.hktdc.com/event/homeinstyle/en/exhibitor/1S005LTFY,0,
SR Leather Goods Limited,SR Leather Goods Limited,Chinese Mainland,"Plastic Crafts,Party Supplies","Plastic Crafts,Party Supplies",,Exhibitor,Hong Kong Home InStyle 2025,3D-B32,Home Decor & Accessories,,1,,,"Plastic Crafts,Party Supplies; Leather goods; Others, OEM","Plastic Crafts,Party Supplies; Leather goods; Others, OEM",https://www.hktdc.com/event/homeinstyle/en/exhibitor/1S005L1HK,0,
"See Best Bag Co., Ltd.","See Best Bag Co., Ltd.",Chinese Mainland,"Laundry Bag,Fabric Crafts,Fabric Decoration","Laundry Bag,Fabric Crafts,Fabric Decoration",,Exhibitor,Hong Kong Home InStyle 2025,3E-D43,Cook & Dine,,1,,,"Laundry Bag,Fabric Crafts,Fabric Decoration; Bag; OEM, ODM, OBM","Laundry Bag,Fabric Crafts,Fabric Decoration; Bag; OEM, ODM, OBM",https://www.hktdc.com/event/homeinstyle/en/exhibitor/1S005KDJ2,0,
"Shandong Honghe Plastics Co., Ltd","Shandong Honghe Plastics Co., Ltd",Chinese Mainland,"Food Container,Disposable Tableware,Kitchen Gloves,Cling Wrap","Food Container,Disposable Tableware,Kitchen Gloves,Cling Wrap",,Exhibitor,Hong Kong Home InStyle 2025,3D-C44,Cook & Dine,Chinese Mainland (Shandong) Pavilion,1,,,"Food Container,Disposable Tableware,Kitchen Gloves,Cling Wrap; Cling film, TPE glove, Zipper bag; ODM, OEM","Food Container,Disposable Tableware,Kitchen Gloves,Cling Wrap; Cling film, TPE glove, Zipper bag; ODM, OEM",https://www.hktdc.com/event/homeinstyle/en/exhibitor/1S005HSAE,0,
"Shandong Xufeng Textile Co., Ltd","Shandong Xufeng Textile Co., Ltd",Chinese Mainland,"Shandong Xufeng Textile Co..Ltd establishecd in 2014,We are Professionalexport the textiloduets.","Shandong Xufeng Textile Co..Ltd establishecd in 2014,We are Professionalexport the textiloduets.",,Exhibitor,Hong Kong Home InStyle 2025,3E-D44,Home Textiles,Chinese Mainland (Shandong) Pavilion,1,,,"Bed Linen,Bath Towels,Towels,Tea Towel; Towels and beach towels; OEM, ODM, Others, OBM","Bed Linen,Bath Towels,Towels,Tea Towel; Towels and beach towels; OEM, ODM, Others, OBM",https://www.hktdc.com/event/homeinstyle/en/exhibitor/1S005JCDL,2,https://www.hktdc.com/event/homeinstyle/en/product/1Z03NKAOQ; https://www.hktdc.com/event/homeinstyle/en/product/1Z03NKAOQ
"Shandong Yufeng International Trade Co., Ltd.","Shandong Yufeng International Trade Co., Ltd.",Chinese Mainland,"Storage Rack,Bathroom Accessories,Bathroom Rack,Garbage Bin,Bucket,Home Storage & Organisation,Chair,Children Furniture","Storage Rack,Bathroom Accessories,Bathroom Rack,Garbage Bin,Bucket,Home Storage & Organisation,Chair,Children Furniture",,Exhibitor,Hong Kong Home InStyle 2025,5E-C01,Homepedia,Chinese Mainland (Shandong) Pavilion,1,,,"Storage Rack,Bathroom Accessories,Bathroom Rack,Garbage Bin,Bucket,Home Storage & Organisation,Chair,Children Furniture; Plastic stools, Plastic pots, Plastic trash cans; ODM, OBM, OEM","Storage Rack,Bathroom Accessories,Bathroom Rack,Garbage Bin,Bucket,Home Storage & Organisation,Chair,Children Furniture; Plastic stools, Plastic pots, Plastic trash cans; ODM, OBM, OEM",https://www.hktdc.com/event/homeinstyle/en/exhibitor/1S005LX4R,0,
Shenzhen Home Design Houseware Ltd,Shenzhen Home Design Houseware Ltd,Chinese Mainland,"Cutlery Set,Fork,Dish Rack,Kitchen Utensil,Cup,Mug,Tableware,Dish,Plate","Cutlery Set,Fork,Dish Rack,Kitchen Utensil,Cup,Mug,Tableware,Dish,Plate",,Exhibitor,Hong Kong Home InStyle 2025,3E-A32,Cook & Dine,Cantonese Business Go Global,1,,,"Cutlery Set,Fork,Dish Rack,Kitchen Utensil,Cup,Mug,Tableware,Dish,Plate; STAINLESS STEEL CUTLERY SET; Others","Cutlery Set,Fork,Dish Rack,Kitchen Utensil,Cup,Mug,Tableware,Dish,Plate; STAINLESS STEEL CUTLERY SET; Others",https://www.hktdc.com/event/homeinstyle/en/exhibitor/1S005G47B,0,
"Shenzhen Margotan Tech Co., Ltd.","Shenzhen Margotan Tech Co., Ltd.",Chinese Mainland,"Fitness Product,Skin Care Product,Shaving & Hair Removal Products,Beauty Equipment,Personal Care Product","Fitness Product,Skin Care Product,Shaving & Hair Removal Products,Beauty Equipment,Personal Care Product",,Exhibitor,Hong Kong Home InStyle 2025,5E-C02,Health & Wellness,Cantonese Business Go Global,1,,,"Fitness Product,Skin Care Product,Shaving & Hair Removal Products,Beauty Equipment,Personal Care Product; Beauty Products; ODM, OEM","Fitness Product,Skin Care Product,Shaving & Hair Removal Products,Beauty Equipment,Personal Care Product; Beauty Products; ODM, OEM",https://www.hktdc.com/event/homeinstyle/en/exhibitor/1S005J9SF,40,https://www.hktdc.com/event/homeinstyle/en/product/1Z03OQZM7; https://www.hktdc.com/event/homeinstyle/en/product/1Z03OQZM7; https://www.hktdc.com/event/homeinstyle/en/product/1Z03OQZLA; https://www.hktdc.com/event/homeinstyle/en/product/1Z03OQZLA; https://www.hktdc.com/event/homeinstyle/en/product/1Z03OGXB6; https://www.hktdc.com/event/homeinstyle/en/product/1Z03OGXB6; https://www.hktdc.com/event/homeinstyle/en/product/1Z03OJ0UI; https://www.hktdc.com/event/homeinstyle/en/product/1Z03OJ0UI; https://www.hktdc.com/event/homeinstyle/en/product/1Z03OJ0QU; https://www.hktdc.com/event/homeinstyle/en/product/1Z03OJ0QU; https://www.hktdc.com/event/homeinstyle/en/product/1Z03OGX7I; https://www.hktdc.com/event/homeinstyle/en/product/1Z03OGX7I; https://www.hktdc.com/event/homeinstyle/en/product/1Z03OGWRV; https://www.hktdc.com/event/homeinstyle/en/product/1Z03OGWRV; https://www.hktdc.com/event/homeinstyle/en/product/1Z03OGXD0; https://www.hktdc.com/event/homeinstyle/en/product/1Z03OGXD0; https://www.hktdc.com/event/homeinstyle/en/product/1Z03OA0JF; https://www.hktdc.com/event/homeinstyle/en/product/1Z03OA0JF; https://www.hktdc.com/event/homeinstyle/en/product/1Z03OA0VF; https://www.hktdc.com/event/homeinstyle/en/product/1Z03OA0VF; https://www.hktdc.com/event/homeinstyle/en/product/1Z03O83B0; https://www.hktdc.com/event/homeinstyle/en/product/1Z03O83B0; https://www.hktdc.com/event/homeinstyle/en/product/1Z03O836F; https://www.hktdc.com/event/homeinstyle/en/product/1Z03O836F; https://www.hktdc.com/event/homeinstyle/en/product/1Z03O8PGZ; https://www.hktdc.com/event/homeinstyle/en/product/1Z03O8PGZ; https://www.hktdc.com/event/homeinstyle/en/product/1Z03O83DU; https://www.hktdc.com/event/homeinstyle/en/product/1Z03O83DU; https://www.hktdc.com/event/homeinstyle/en/product/1Z03O7VFW; https://www.hktdc.com/event/homeinstyle/en/product/1Z03O7VFW; https://www.hktdc.com/event/homeinstyle/en/product/1Z03O7TUP; https://www.hktdc.com/event/homeinstyle/en/product/1Z03O7TUP; https://www.hktdc.com/event/homeinstyle/en/product/1Z03O4QHV; https://www.hktdc.com/event/homeinstyle/en/product/1Z03O4QHV; https://www.hktdc.com/event/homeinstyle/en/product/1Z03O7R30; https://www.hktdc.com/event/homeinstyle/en/product/1Z03O7R30; https://www.hktdc.com/event/homeinstyle/en/product/1Z03O6HKV; https://www.hktdc.com/event/homeinstyle/en/product/1Z03O6HKV; https://www.hktdc.com/event/homeinstyle/en/product/1Z03O5RHU; https://www.hktdc.com/event/homeinstyle/en/product/1Z03O5RHU
"Shijiazhuang Oriental Horizon Import and Export Co., Ltd.","Shijiazhuang Oriental Horizon Import and Export Co., Ltd.",Chinese Mainland,Fabric Crafts,Fabric Crafts,,Exhibitor,Hong Kong Home InStyle 2025,3E-E29,Home Textiles,,1,,,"Fabric Crafts; Caps; OEM, ODM","Fabric Crafts; Caps; OEM, ODM",https://www.hktdc.com/event/homeinstyle/en/exhibitor/1S005LBU7,6,https://www.hktdc.com/event/homeinstyle/en/product/1X1WL0ME; https://www.hktdc.com/event/homeinstyle/en/product/1X1WL0ME; https://www.hktdc.com/event/homeinstyle/en/product/1X1WL0LF; https://www.hktdc.com/event/homeinstyle/en/product/1X1WL0LF; https://www.hktdc.com/event/homeinstyle/en/product/1X1WL0KG; https://www.hktdc.com/event/homeinstyle/en/product/1X1WL0KG
"Shuangjing New Co., Ltd","Shuangjing New Co., Ltd",Chinese Mainland,Paper Crafts,Paper Crafts,,Exhibitor,Hong Kong Home InStyle 2025,3C-D10,Home Decor & Accessories,,1,,,Paper Crafts; housewares; OEM,Paper Crafts; housewares; OEM,https://www.hktdc.com/event/homeinstyle/en/exhibitor/1S005MRTU,0,
"Sunway Hardware Co., Ltd","Sunway Hardware Co., Ltd",Chinese Mainland,"Kitchen Utensil,Food Box,Bread Basket","Kitchen Utensil,Food Box,Bread Basket",,Exhibitor,Hong Kong Home InStyle 2025,3E-A44,Cook & Dine,Cantonese Business Go Global,1,,,"Kitchen Utensil,Food Box,Bread Basket; KITHEN; OEM","Kitchen Utensil,Food Box,Bread Basket; KITHEN; OEM",https://www.hktdc.com/event/homeinstyle/en/exhibitor/1S005HDI5,22,https://www.hktdc.com/event/homeinstyle/en/product/1Z03JQGS8; https://www.hktdc.com/event/homeinstyle/en/product/1Z03JQGS8; https://www.hktdc.com/event/homeinstyle/en/product/1Z03J53L6; https://www.hktdc.com/event/homeinstyle/en/product/1Z03J53L6; https://www.hktdc.com/event/homeinstyle/en/product/1Z03JQGNN; https://www.hktdc.com/event/homeinstyle/en/product/1Z03JQGNN; https://www.hktdc.com/event/homeinstyle/en/product/1Z03J512T; https://www.hktdc.com/event/homeinstyle/en/product/1Z03J512T; https://www.hktdc.com/event/homeinstyle/en/product/1Z03J4Y6K; https://www.hktdc.com/event/homeinstyle/en/product/1Z03J4Y6K; https://www.hktdc.com/event/homeinstyle/en/product/1Z03JQIYO; https://www.hktdc.com/event/homeinstyle/en/product/1Z03JQIYO; https://www.hktdc.com/event/homeinstyle/en/product/1Z03J4VLE; https://www.hktdc.com/event/homeinstyle/en/product/1Z03J4VLE; https://www.hktdc.com/event/homeinstyle/en/product/1Z03JQFYR; https://www.hktdc.com/event/homeinstyle/en/product/1Z03JQFYR; https://www.hktdc.com/event/homeinstyle/en/product/1Z03JQHU1; https://www.hktdc.com/event/homeinstyle/en/product/1Z03JQHU1; https://www.hktdc.com/event/homeinstyle/en/product/1Z03JQGEE; https://www.hktdc.com/event/homeinstyle/en/product/1Z03JQGEE; https://www.hktdc.com/event/homeinstyle/en/product/1Z03JQH7Y; https://www.hktdc.com/event/homeinstyle/en/product/1Z03JQH7Y
"Suzhou Nuobaijie Plastic Industry Co., Ltd","Suzhou Nuobaijie Plastic Industry Co., Ltd",Chinese Mainland,"The company mainly deals with PE, CPE, TPE, aprons, surgical gowns and other plastic products. The company has built a 6,000 square meters plant, and introduced high-performance cast machine, film blowing machine, punching machine, automatic baling machine, high-speed coding machine and other new machinery and equipment with high technological forefront, high intelligence content and high production capacity, which can produce 2 million CPE gloves; 8 million PE gloves; 500,000 aprons per day. The annual output value is 50 million RMB. All of its products are sold to Japan, Southeast Asia, Europe and the United States and other countries and regions.","The company mainly deals with PE, CPE, TPE, aprons, surgical gowns and other plastic products. The company has built a 6,000 square meters plant, and introduced high-performance cast machine, film blowing machine, punching machine, automatic baling machine, high-speed coding machine and other new machinery and equipment with high technological forefront, high intelligence content and high production capacity, which can produce 2 million CPE gloves; 8 million PE gloves; 500,000 aprons per day. The annual output value is 50 million RMB. All of its products are sold to Japan, Southeast Asia, Europe and the United States and other countries and regions.",,Exhibitor,Hong Kong Home InStyle 2025,5E-D07,Homepedia,,1,,,"Cleaning Gloves,Household Cleaning Tool,Bath Gloves; PE, CPE, TPE, aprons, surgical gowns and other plastic products.; OBM, ODM","Cleaning Gloves,Household Cleaning Tool,Bath Gloves; PE, CPE, TPE, aprons, surgical gowns and other plastic products.; OBM, ODM",https://www.hktdc.com/event/homeinstyle/en/exhibitor/1S005KCJ3,0,
"Taizhou Baiyite Plastic Co., Ltd.","Taizhou Baiyite Plastic Co., Ltd.",Chinese Mainland,"Kitchen Utensil,Tableware","Kitchen Utensil,Tableware",,Exhibitor,Hong Kong Home InStyle 2025,3E-E39,Cook & Dine,,1,,,"Kitchen Utensil,Tableware; Plastic; OEM","Kitchen Utensil,Tableware; Plastic; OEM",https://www.hktdc.com/event/homeinstyle/en/exhibitor/1S005LFDI,2,https://www.hktdc.com/event/homeinstyle/en/product/1X21GVOR; https://www.hktdc.com/event/homeinstyle/en/product/1X21GVOR
Taizhou Huangyan Chengnan Molds & Plastics Factory,Taizhou Huangyan Chengnan Molds & Plastics Factory,Chinese Mainland,"Dish Rack,Kitchen Utensil,Spice Container,Food Box","Dish Rack,Kitchen Utensil,Spice Container,Food Box",,Exhibitor,Hong Kong Home InStyle 2025,3D-E44,Cook & Dine,,1,,,"Dish Rack,Kitchen Utensil,Spice Container,Food Box; Our factory specializes in manufacturing plastic brushes, brooms, mops and other daily-use plastic articles. We have nearly 10 classes and more than 600 items and styles of products.
Adhering to the tenet of the consumerism and top-quality.; OBM, OEM, ODM","Dish Rack,Kitchen Utensil,Spice Container,Food Box; Our factory specializes in manufacturing plastic brushes, brooms, mops and other daily-use plastic articles. We have nearly 10 classes and more than 600 items and styles of products.
Adhering to the tenet of the consumerism and top-quality.; OBM, OEM, ODM",https://www.hktdc.com/event/homeinstyle/en/exhibitor/1S005GRQ3,6,https://www.hktdc.com/event/homeinstyle/en/product/1X1397TM; https://www.hktdc.com/event/homeinstyle/en/product/1X1397TM; https://www.hktdc.com/event/homeinstyle/en/product/1X1397SN; https://www.hktdc.com/event/homeinstyle/en/product/1X1397SN; https://www.hktdc.com/event/homeinstyle/en/product/1X1397RO; https://www.hktdc.com/event/homeinstyle/en/product/1X1397RO
"Taizhou Xianya Imp. & Exp. Co., Ltd.","Taizhou Xianya Imp. & Exp. Co., Ltd.",Chinese Mainland,Cutting Board,Cutting Board,,Exhibitor,Hong Kong Home InStyle 2025,3E-A30,Cook & Dine,,1,,,"Cutting Board; Taizhou Xianya Import & Export Co., Ltd. was established in 2010. The legal representative is Ying Xiangen. The company's business scope includes: engaging in the import and export of goods and technologies; wholesale and retail of plastic products,; OEM, OBM","Cutting Board; Taizhou Xianya Import & Export Co., Ltd. was established in 2010. The legal representative is Ying Xiangen. The company's business scope includes: engaging in the import and export of goods and technologies; wholesale and retail of plastic products,; OEM, OBM",https://www.hktdc.com/event/homeinstyle/en/exhibitor/1S005KVO5,16,https://www.hktdc.com/event/homeinstyle/en/product/1Z03NVGS8; https://www.hktdc.com/event/homeinstyle/en/product/1Z03NVGS8; https://www.hktdc.com/event/homeinstyle/en/product/1Z03NVGXT; https://www.hktdc.com/event/homeinstyle/en/product/1Z03NVGXT; https://www.hktdc.com/event/homeinstyle/en/product/1Z03NVGH5; https://www.hktdc.com/event/homeinstyle/en/product/1Z03NVGH5; https://www.hktdc.com/event/homeinstyle/en/product/1X1WN2ZV; https://www.hktdc.com/event/homeinstyle/en/product/1X1WN2ZV; https://www.hktdc.com/event/homeinstyle/en/product/1X1WN2XX; https://www.hktdc.com/event/homeinstyle/en/product/1X1WN2XX; https://www.hktdc.com/event/homeinstyle/en/product/1X1WN2U0; https://www.hktdc.com/event/homeinstyle/en/product/1X1WN2U0; https://www.hktdc.com/event/homeinstyle/en/product/1X1WIR2P; https://www.hktdc.com/event/homeinstyle/en/product/1X1WIR2P; https://www.hktdc.com/event/homeinstyle/en/product/1Z03NVGOK; https://www.hktdc.com/event/homeinstyle/en/product/1Z03NVGOK
"U-Right (Wuxi) International Trade Co., Ltd","U-Right (Wuxi) International Trade Co., Ltd",Chinese Mainland,Functional Fabric,Functional Fabric,,Exhibitor,Hong Kong Home InStyle 2025,3E-F29,Home Textiles,,1,,,"Functional Fabric; Microfiber household cleaning fabrics and microfiber cleaning products; Others, OBM, OEM, ODM","Functional Fabric; Microfiber household cleaning fabrics and microfiber cleaning products; Others, OBM, OEM, ODM",https://www.hktdc.com/event/homeinstyle/en/exhibitor/1S005KVUN,0,
Weihai Seyou Trading Co Ltd,Weihai Seyou Trading Co Ltd,Chinese Mainland,"Furnishing Fabric,Functional Fabric,Bed Linen,Quilts,Bed Sheets,Pillow Cases,Napkin,Table Cloth,Fabric Curtain,Cushion Cases","Furnishing Fabric,Functional Fabric,Bed Linen,Quilts,Bed Sheets,Pillow Cases,Napkin,Table Cloth,Fabric Curtain,Cushion Cases",,Exhibitor,Hong Kong Home InStyle 2025,3E-D40,Home Textiles,Chinese Mainland (Shandong) Pavilion,1,,,"Furnishing Fabric,Functional Fabric,Bed Linen,Quilts,Bed Sheets,Pillow Cases,Napkin,Table Cloth,Fabric Curtain,Cushion Cases; Cotton (Digital) print fabric, Precuts fabric, Pet products, etc.; ODM, OEM, OBM, Others","Furnishing Fabric,Functional Fabric,Bed Linen,Quilts,Bed Sheets,Pillow Cases,Napkin,Table Cloth,Fabric Curtain,Cushion Cases; Cotton (Digital) print fabric, Precuts fabric, Pet products, etc.; ODM, OEM, OBM, Others",https://www.hktdc.com/event/homeinstyle/en/exhibitor/1S005JCEI,0,
"Wuxi Henotic Co., Ltd.","Wuxi Henotic Co., Ltd.",Chinese Mainland,"Oven Gloves,Kitchen Gloves","Oven Gloves,Kitchen Gloves",,Exhibitor,Hong Kong Home InStyle 2025,3E-E38,Home Textiles,,1,,,"Oven Gloves,Kitchen Gloves; Glove; OEM","Oven Gloves,Kitchen Gloves; Glove; OEM",https://www.hktdc.com/event/homeinstyle/en/exhibitor/1S005JUXF,0,
"Wuyi Qinyuanchun Kitchen Ware Co.,Ltd.","Wuyi Qinyuanchun Kitchen Ware Co.,Ltd.",Chinese Mainland,"Grill Pan,Bakeware","Grill Pan,Bakeware",,Exhibitor,Hong Kong Home InStyle 2025,3E-C44,Cook & Dine,,1,,,"Grill Pan,Bakeware; Bakeware; ODM, OEM, OBM","Grill Pan,Bakeware; Bakeware; ODM, OEM, OBM",https://www.hktdc.com/event/homeinstyle/en/exhibitor/1S005KD4B,0,
"Wuyi Shunfeng Stainless Steel Products Co., Ltd.","Wuyi Shunfeng Stainless Steel Products Co., Ltd.",Chinese Mainland,"Thermal Flask,Thermal Mug,Vacuum Flask","Thermal Flask,Thermal Mug,Vacuum Flask",,Exhibitor,Hong Kong Home InStyle 2025,3D-D30,Cook & Dine,,1,,,"Thermal Flask,Thermal Mug,Vacuum Flask; Stainless steel, glass and plastic drinkware; ODM, OEM, OBM","Thermal Flask,Thermal Mug,Vacuum Flask; Stainless steel, glass and plastic drinkware; ODM, OEM, OBM",https://www.hktdc.com/event/homeinstyle/en/exhibitor/1S005GRR0,0,
"Wuyi Yole Household Products Co., Ltd.","Wuyi Yole Household Products Co., Ltd.",Chinese Mainland,"Bathroom Mat,Door Mats","Bathroom Mat,Door Mats",,Exhibitor,Hong Kong Home InStyle 2025,3E-E35,Home Textiles,,1,,,"Bathroom Mat,Door Mats; PVC MAT; ODM, OEM","Bathroom Mat,Door Mats; PVC MAT; ODM, OEM",https://www.hktdc.com/event/homeinstyle/en/exhibitor/1S005K44K,0,
"Wuyuan Meimei Houseware Co., Ltd.","Wuyuan Meimei Houseware Co., Ltd.",Chinese Mainland,"Established in 1992, Wuyuan Meimei Houseware Co., Ltd., located in Qiukou Town, Wuyuan County, Jiangxi Province, specializes in producing high-quality, eco-friendly wooden housewares like rolling pins, meat hammers, honey dippers, juicers, bartender sticks, egg beaters, and tableware. Utilizing premium imported and local hardwoods, advanced equipment, and skilled craftsmanship, we offer customized solutions, reliable quality, and attentive service to clients worldwide. We warmly welcome global partners for mutual cooperation and a prosperous future!","Established in 1992, Wuyuan Meimei Houseware Co., Ltd., located in Qiukou Town, Wuyuan County, Jiangxi Province, specializes in producing high-quality, eco-friendly wooden housewares like rolling pins, meat hammers, honey dippers, juicers, bartender sticks, egg beaters, and tableware. Utilizing premium imported and local hardwoods, advanced equipment, and skilled craftsmanship, we offer customized solutions, reliable quality, and attentive service to clients worldwide. We warmly welcome global partners for mutual cooperation and a prosperous future!",,Exhibitor,Hong Kong Home InStyle 2025,3E-A27,Cook & Dine,,1,,,"Fork,Cutting Board,Plate; we specialize in crafting premium wooden houseware designed for durability, safety, and convenience. Our product range includes wooden rolling pins, meat hammers, egg beaters, juicers, honey dippers, bartender sticks, wooden tableware and etc.; OEM","Fork,Cutting Board,Plate; we specialize in crafting premium wooden houseware designed for durability, safety, and convenience. Our product range includes wooden rolling pins, meat hammers, egg beaters, juicers, honey dippers, bartender sticks, wooden tableware and etc.; OEM",https://www.hktdc.com/event/homeinstyle/en/exhibitor/1S005LF8X,0,
Yangjiang Amber Industrial Co Ltd,Yangjiang Amber Industrial Co Ltd,Chinese Mainland,Kitchen Knife,Kitchen Knife,,Exhibitor,Hong Kong Home InStyle 2025,3D-D29,Cook & Dine,Cantonese Business Go Global,1,,,"Kitchen Knife; Kitchen Knives; OEM, ODM, OBM","Kitchen Knife; Kitchen Knives; OEM, ODM, OBM",https://www.hktdc.com/event/homeinstyle/en/exhibitor/1S005K6M0,0,
"Yangjiang Dasha Trading Co., Ltd.","Yangjiang Dasha Trading Co., Ltd.",Chinese Mainland,"Yangjiang S&F Industry & Trade Co., Ltd. is an international manufacturer & distributor of high quality wire iron products. We especially specialize in barbecue accessories and parts, metal household items:1) Barbecue grill baskets2) Barbecue sets3) Wine holders4) Fruit holders5) Kitchen accessories6) Bathroom accessories7) Storages8) Garden tools As a manufacturer, we provide competitive goods. We are committed to providing our customers with superior quality and competitive prices.","Yangjiang S&F Industry & Trade Co., Ltd. is an international manufacturer & distributor of high quality wire iron products. We especially specialize in barbecue accessories and parts, metal household items:1) Barbecue grill baskets2) Barbecue sets3) Wine holders4) Fruit holders5) Kitchen accessories6) Bathroom accessories7) Storages8) Garden tools As a manufacturer, we provide competitive goods. We are committed to providing our customers with superior quality and competitive prices.",,Exhibitor,Hong Kong Home InStyle 2025,3C-D28,Cook & Dine,Cantonese Business Go Global,1,,,"Baking Tool,Kitchen Knife,Cutlery Set,Fork,Table Knife,Kitchen Utensil,Tableware,Frying Pan; Storage rack
Bracket
Hook mug tree/cup rack kitchen tool
Grilling products
Bathroom rack
Organizing rack
Storage cartStorage basket; OBM, OEM, ODM","Baking Tool,Kitchen Knife,Cutlery Set,Fork,Table Knife,Kitchen Utensil,Tableware,Frying Pan; Storage rack
Bracket
Hook mug tree/cup rack kitchen tool
Grilling products
Bathroom rack
Organizing rack
Storage cartStorage basket; OBM, OEM, ODM",https://www.hktdc.com/event/homeinstyle/en/exhibitor/1S005LU6O,0,
"Yangjiang Green Sun Co., Ltd","Yangjiang Green Sun Co., Ltd",Chinese Mainland,"Our company specializes in the sale of kitchenware, bakeware and housewares, etc. With more than 10 years of experience in foreign trade, we can easily solve all kinds of problems in export trade.","Our company specializes in the sale of kitchenware, bakeware and housewares, etc. With more than 10 years of experience in foreign trade, we can easily solve all kinds of problems in export trade.",,Exhibitor,Hong Kong Home InStyle 2025,3D-E43,Cook & Dine,Cantonese Business Go Global,1,,,"Baking Mold,Baking Tool,Kitchen Utensil; Kitchenware, baking tools, household items; ODM, OBM","Baking Mold,Baking Tool,Kitchen Utensil; Kitchenware, baking tools, household items; ODM, OBM",https://www.hktdc.com/event/homeinstyle/en/exhibitor/1S005HBQJ,0,
"Yangjiang Kaisen Trading Co., Ltd","Yangjiang Kaisen Trading Co., Ltd",Chinese Mainland,"Yangjiang Kaisen trading Co., LTD is founded in 2012, professional at wood and bamboo products, cutting boards, pizza boards, cheese boards, knife blocks and handicraft products. We own the strong production capability and advanced production equipment, like CNC machine, dehumidification room, automatic grinder, automatic polishing machine, etc. In order to make good circumstance to our workers and ensure the product' s quality, we use the central vacuum system to collect the dust. Our company to"" quality first, integrity, meet customer's request"" as the quality policy. We always strictly implement the ISO9001 quality management system. Besides, we have FSC forest certification, BSCI audit report, BV & SGS certificates. Every year, we designed our own creative products by R&D department. We wish our products will meet the needs of market and continuous development. It is our responsibility to bring low-carbon, green, environment-friendly and healthy products to all families. Welcome all business friends to contact us at any time.","Yangjiang Kaisen trading Co., LTD is founded in 2012, professional at wood and bamboo products, cutting boards, pizza boards, cheese boards, knife blocks and handicraft products. We own the strong production capability and advanced production equipment, like CNC machine, dehumidification room, automatic grinder, automatic polishing machine, etc. In order to make good circumstance to our workers and ensure the product' s quality, we use the central vacuum system to collect the dust. Our company to"" quality first, integrity, meet customer's request"" as the quality policy. We always strictly implement the ISO9001 quality management system. Besides, we have FSC forest certification, BSCI audit report, BV & SGS certificates. Every year, we designed our own creative products by R&D department. We wish our products will meet the needs of market and continuous development. It is our responsibility to bring low-carbon, green, environment-friendly and healthy products to all families. Welcome all business friends to contact us at any time.",,Exhibitor,Hong Kong Home InStyle 2025,3E-B33,Cook & Dine,Cantonese Business Go Global,1,,,"Cutting Board,Kitchen Utensil,Tableware,Coaster; wooden tray ,
resin cutting board,
Resin tray,
Kitchenware,
Resin coaster; ODM","Cutting Board,Kitchen Utensil,Tableware,Coaster; wooden tray ,
resin cutting board,
Resin tray,
Kitchenware,
Resin coaster; ODM",https://www.hktdc.com/event/homeinstyle/en/exhibitor/1S005GA68,40,https://www.hktdc.com/event/homeinstyle/en/product/1Z03M20RR; https://www.hktdc.com/event/homeinstyle/en/product/1Z03M20RR; https://www.hktdc.com/event/homeinstyle/en/product/1Z03LT0TL; https://www.hktdc.com/event/homeinstyle/en/product/1Z03LT0TL; https://www.hktdc.com/event/homeinstyle/en/product/1Z03M20TL; https://www.hktdc.com/event/homeinstyle/en/product/1Z03M20TL; https://www.hktdc.com/event/homeinstyle/en/product/1Z03LT11W; https://www.hktdc.com/event/homeinstyle/en/product/1Z03LT11W; https://www.hktdc.com/event/homeinstyle/en/product/1Z03M20WC; https://www.hktdc.com/event/homeinstyle/en/product/1Z03M20WC; https://www.hktdc.com/event/homeinstyle/en/product/1Z03LSZFS; https://www.hktdc.com/event/homeinstyle/en/product/1Z03LSZFS; https://www.hktdc.com/event/homeinstyle/en/product/1Z03M20PX; https://www.hktdc.com/event/homeinstyle/en/product/1Z03M20PX; https://www.hktdc.com/event/homeinstyle/en/product/1Z03M20O0; https://www.hktdc.com/event/homeinstyle/en/product/1Z03M20O0; https://www.hktdc.com/event/homeinstyle/en/product/1Z03M20M6; https://www.hktdc.com/event/homeinstyle/en/product/1Z03M20M6; https://www.hktdc.com/event/homeinstyle/en/product/1Z03M20QU; https://www.hktdc.com/event/homeinstyle/en/product/1Z03M20QU; https://www.hktdc.com/event/homeinstyle/en/product/1Z03M20DX; https://www.hktdc.com/event/homeinstyle/en/product/1Z03M20DX; https://www.hktdc.com/event/homeinstyle/en/product/1Z03M20Y6; https://www.hktdc.com/event/homeinstyle/en/product/1Z03M20Y6; https://www.hktdc.com/event/homeinstyle/en/product/1Z03NUZQV; https://www.hktdc.com/event/homeinstyle/en/product/1Z03NUZQV; https://www.hktdc.com/event/homeinstyle/en/product/1Z03NUZXA; https://www.hktdc.com/event/homeinstyle/en/product/1Z03NUZXA; https://www.hktdc.com/event/homeinstyle/en/product/1Z03NUZKD; https://www.hktdc.com/event/homeinstyle/en/product/1Z03NUZKD; https://www.hktdc.com/event/homeinstyle/en/product/1Z03NUZVG; https://www.hktdc.com/event/homeinstyle/en/product/1Z03NUZVG; https://www.hktdc.com/event/homeinstyle/en/product/1Z03NUZTM; https://www.hktdc.com/event/homeinstyle/en/product/1Z03NUZTM; https://www.hktdc.com/event/homeinstyle/en/product/1Z03NUZWD; https://www.hktdc.com/event/homeinstyle/en/product/1Z03NUZWD; https://www.hktdc.com/event/homeinstyle/en/product/1Z03NUZUJ; https://www.hktdc.com/event/homeinstyle/en/product/1Z03NUZUJ; https://www.hktdc.com/event/homeinstyle/en/product/1Z03NUZY7; https://www.hktdc.com/event/homeinstyle/en/product/1Z03NUZY7
"Yangjiang Yuyang Housewares Co., Ltd.","Yangjiang Yuyang Housewares Co., Ltd.",Chinese Mainland,"Yangjiang Yuyang Housewares Co., Ltd., is located in Yangjiang city which is famous for kitchen products and hardware manufacturing in China. The factory covers an area of 20,000 square meters. We specialize in producing high-quality metal BBQ accessories and kitchenware. With over 1,000 molds and strong product customization capabilities. We provide OEM&ODM service, we are able to tailor our products to meet the specific needs of our clients. Our team consists of highly skilled professionals in R&D, Sales, and Quality control who are dedicated to ensuring that our products meet the highest standards of quality. We are proud to have achieved BSCI audit certification and we continue to work hard to maintain our reputation as a leading producer of BBQ tools and kitchenware. We are confident that our service brands, which include Black Stone, Jim Beam, Cuisinart, and Grillfurst, will continue to provide our customers with the high-quality products they have come to expect from us.","Yangjiang Yuyang Housewares Co., Ltd., is located in Yangjiang city which is famous for kitchen products and hardware manufacturing in China. The factory covers an area of 20,000 square meters. We specialize in producing high-quality metal BBQ accessories and kitchenware. With over 1,000 molds and strong product customization capabilities. We provide OEM&ODM service, we are able to tailor our products to meet the specific needs of our clients. Our team consists of highly skilled professionals in R&D, Sales, and Quality control who are dedicated to ensuring that our products meet the highest standards of quality. We are proud to have achieved BSCI audit certification and we continue to work hard to maintain our reputation as a leading producer of BBQ tools and kitchenware. We are confident that our service brands, which include Black Stone, Jim Beam, Cuisinart, and Grillfurst, will continue to provide our customers with the high-quality products they have come to expect from us.",,Exhibitor,Hong Kong Home InStyle 2025,3E-A35,Cook & Dine,Cantonese Business Go Global,1,,,"Barbecue Grill,Barbecue Tool,Picnic Tableware,Baking Tool,Bakeware,Measuring Cup,Kitchen Utensil,Cup,Plate,Measuring Spoon; Grilling pan,Grilling basket,Melting pot,Spice shaker,Breading trays set,Measuring spoon,Smoker box,Cheese melting dome,Drumstick rack,Chicken rack,Pizza peel,Burger press,Jalapeno rack,pizza pan,Taco rack,Griddle pan,Griddle accessories; Others, OEM, ODM, OBM","Barbecue Grill,Barbecue Tool,Picnic Tableware,Baking Tool,Bakeware,Measuring Cup,Kitchen Utensil,Cup,Plate,Measuring Spoon; Grilling pan,Grilling basket,Melting pot,Spice shaker,Breading trays set,Measuring spoon,Smoker box,Cheese melting dome,Drumstick rack,Chicken rack,Pizza peel,Burger press,Jalapeno rack,pizza pan,Taco rack,Griddle pan,Griddle accessories; Others, OEM, ODM, OBM",https://www.hktdc.com/event/homeinstyle/en/exhibitor/1S005HBRG,40,https://www.hktdc.com/event/homeinstyle/en/product/1Z03LTHQD; https://www.hktdc.com/event/homeinstyle/en/product/1Z03LTHQD; https://www.hktdc.com/event/homeinstyle/en/product/1Z03LTFZO; https://www.hktdc.com/event/homeinstyle/en/product/1Z03LTFZO; https://www.hktdc.com/event/homeinstyle/en/product/1Z03M0G3B; https://www.hktdc.com/event/homeinstyle/en/product/1Z03M0G3B; https://www.hktdc.com/event/homeinstyle/en/product/1Z03M0A0Q; https://www.hktdc.com/event/homeinstyle/en/product/1Z03M0A0Q; https://www.hktdc.com/event/homeinstyle/en/product/1Z03M1NHY; https://www.hktdc.com/event/homeinstyle/en/product/1Z03M1NHY; https://www.hktdc.com/event/homeinstyle/en/product/1Z03M0LJU; https://www.hktdc.com/event/homeinstyle/en/product/1Z03M0LJU; https://www.hktdc.com/event/homeinstyle/en/product/1Z03M1D9W; https://www.hktdc.com/event/homeinstyle/en/product/1Z03M1D9W; https://www.hktdc.com/event/homeinstyle/en/product/1Z03M0GAQ; https://www.hktdc.com/event/homeinstyle/en/product/1Z03M0GAQ; https://www.hktdc.com/event/homeinstyle/en/product/1Z03M0G9T; https://www.hktdc.com/event/homeinstyle/en/product/1Z03M0G9T; https://www.hktdc.com/event/homeinstyle/en/product/1Z03M0KAM; https://www.hktdc.com/event/homeinstyle/en/product/1Z03M0KAM; https://www.hktdc.com/event/homeinstyle/en/product/1Z03LTDMT; https://www.hktdc.com/event/homeinstyle/en/product/1Z03LTDMT; https://www.hktdc.com/event/homeinstyle/en/product/1Z03LT099; https://www.hktdc.com/event/homeinstyle/en/product/1Z03LT099; https://www.hktdc.com/event/homeinstyle/en/product/1Z03M075E; https://www.hktdc.com/event/homeinstyle/en/product/1Z03M075E; https://www.hktdc.com/event/homeinstyle/en/product/1Z03LTCCO; https://www.hktdc.com/event/homeinstyle/en/product/1Z03LTCCO; https://www.hktdc.com/event/homeinstyle/en/product/1Z03M0G55; https://www.hktdc.com/event/homeinstyle/en/product/1Z03M0G55; https://www.hktdc.com/event/homeinstyle/en/product/1Z03M1LXO; https://www.hktdc.com/event/homeinstyle/en/product/1Z03M1LXO; https://www.hktdc.com/event/homeinstyle/en/product/1Z03M1LJU; https://www.hktdc.com/event/homeinstyle/en/product/1Z03M1LJU; https://www.hktdc.com/event/homeinstyle/en/product/1Z03M091O; https://www.hktdc.com/event/homeinstyle/en/product/1Z03M091O; https://www.hktdc.com/event/homeinstyle/en/product/1Z03M1N27; https://www.hktdc.com/event/homeinstyle/en/product/1Z03M1N27; https://www.hktdc.com/event/homeinstyle/en/product/1Z03M1M42; https://www.hktdc.com/event/homeinstyle/en/product/1Z03M1M42
"Yangjiang Zhida Industry and Trade Co., Ltd.","Yangjiang Zhida Industry and Trade Co., Ltd.",Chinese Mainland,"Baking Tool,Grill Pan,Saucepan,Cutlery Set,Fork,Kitchen Utensil,Tableware,Kitchen Gloves,Frying Pan","Baking Tool,Grill Pan,Saucepan,Cutlery Set,Fork,Kitchen Utensil,Tableware,Kitchen Gloves,Frying Pan",,Exhibitor,Hong Kong Home InStyle 2025,3C-E23,Cook & Dine,Cantonese Business Go Global,1,,,"Baking Tool,Grill Pan,Saucepan,Cutlery Set,Fork,Kitchen Utensil,Tableware,Kitchen Gloves,Frying Pan; Specializing in the production of tableware, kitchenware, knives and forks; ODM, OEM, OBM","Baking Tool,Grill Pan,Saucepan,Cutlery Set,Fork,Kitchen Utensil,Tableware,Kitchen Gloves,Frying Pan; Specializing in the production of tableware, kitchenware, knives and forks; ODM, OEM, OBM",https://www.hktdc.com/event/homeinstyle/en/exhibitor/1S005MRD6,10,https://www.hktdc.com/event/homeinstyle/en/product/1Z03M3B67; https://www.hktdc.com/event/homeinstyle/en/product/1Z03M3B67; https://www.hktdc.com/event/homeinstyle/en/product/1Z03M3CK0; https://www.hktdc.com/event/homeinstyle/en/product/1Z03M3CK0; https://www.hktdc.com/event/homeinstyle/en/product/1Z03M3HFA; https://www.hktdc.com/event/homeinstyle/en/product/1Z03M3HFA; https://www.hktdc.com/event/homeinstyle/en/product/1Z03M2OHX; https://www.hktdc.com/event/homeinstyle/en/product/1Z03M2OHX; https://www.hktdc.com/event/homeinstyle/en/product/1Z03M3I7X; https://www.hktdc.com/event/homeinstyle/en/product/1Z03M3I7X
"Yiwu East Rise Commodity Co.,Ltd.","Yiwu East Rise Commodity Co.,Ltd.",Chinese Mainland,"Kitchen Utensil,Coaster","Kitchen Utensil,Coaster",,Exhibitor,Hong Kong Home InStyle 2025,3E-B39,Cook & Dine,,1,,,"Kitchen Utensil,Coaster; dish mat; ODM, OEM","Kitchen Utensil,Coaster; dish mat; ODM, OEM",https://www.hktdc.com/event/homeinstyle/en/exhibitor/1S005JUVL,0,
"Yiwu Kangshuo Plastic Products Co., Ltd","Yiwu Kangshuo Plastic Products Co., Ltd",Chinese Mainland,"Oven Gloves,Home Storage & Organisation","Oven Gloves,Home Storage & Organisation",,Exhibitor,Hong Kong Home InStyle 2025,3E-F35,Home Textiles,,1,,,"Oven Gloves,Home Storage & Organisation; Food Storage Container; OBM, ODM, OEM","Oven Gloves,Home Storage & Organisation; Food Storage Container; OBM, ODM, OEM",https://www.hktdc.com/event/homeinstyle/en/exhibitor/1S005KYKE,0,
"Yiwu Lijin daily Necessities Co., LTD","Yiwu Lijin daily Necessities Co., LTD",Chinese Mainland,Kitchen Utensil,Kitchen Utensil,,Exhibitor,Hong Kong Home InStyle 2025,3D-C36,Cook & Dine,,1,,,"Kitchen Utensil; scoure; ODM, OBM, OEM, Others","Kitchen Utensil; scoure; ODM, OBM, OEM, Others",https://www.hktdc.com/event/homeinstyle/en/exhibitor/1S005ING1,0,
"Yiwu Shiny Daily Commodity Co., Ltd","Yiwu Shiny Daily Commodity Co., Ltd",Chinese Mainland,"Bath Supplies,Bath Sponge & Scrubber,Bath Gloves,Personal Care Product","Bath Supplies,Bath Sponge & Scrubber,Bath Gloves,Personal Care Product",,Exhibitor,Hong Kong Home InStyle 2025,5E-B08,Health & Wellness,,1,,,"Bath Supplies,Bath Sponge & Scrubber,Bath Gloves,Personal Care Product; Back Scrubber bath gloves SPONGE/SCOURER shower pouf; OBM, OEM, ODM","Bath Supplies,Bath Sponge & Scrubber,Bath Gloves,Personal Care Product; Back Scrubber bath gloves SPONGE/SCOURER shower pouf; OBM, OEM, ODM",https://www.hktdc.com/event/homeinstyle/en/exhibitor/1S005JJCH,0,
"Yongkang Befair Kitchenware Co., Ltd.","Yongkang Befair Kitchenware Co., Ltd.",Chinese Mainland,,,,Exhibitor,Hong Kong Home InStyle 2025,3E-C35,Cook & Dine,,1,,,"BAKEWARE, COOKWARE, COLANDER; ODM, OEM","BAKEWARE, COOKWARE, COLANDER; ODM, OEM",https://www.hktdc.com/event/homeinstyle/en/exhibitor/1S005KCYU,0,
Yongkang Credible Daily Products Factory,Yongkang Credible Daily Products Factory,Chinese Mainland,"Thermal Flask,Thermal Mug,Vacuum Flask,Tea Pot","Thermal Flask,Thermal Mug,Vacuum Flask,Tea Pot",,Exhibitor,Hong Kong Home InStyle 2025,3E-C31,Cook & Dine,,1,,,"Thermal Flask,Thermal Mug,Vacuum Flask,Tea Pot; Stailess steel thermos cup, plastic cup; OEM, ODM","Thermal Flask,Thermal Mug,Vacuum Flask,Tea Pot; Stailess steel thermos cup, plastic cup; OEM, ODM",https://www.hktdc.com/event/homeinstyle/en/exhibitor/1S005KCRF,0,
"Yongkang Dongxu Elevator Industry Co., Ltd","Yongkang Dongxu Elevator Industry Co., Ltd",Chinese Mainland,Hand Tool,Hand Tool,,Exhibitor,Hong Kong Home InStyle 2025,3C-E13,Cook & Dine,,1,,,"Hand Tool; Aluminum alloy ladder; ODM, OEM","Hand Tool; Aluminum alloy ladder; ODM, OEM",https://www.hktdc.com/event/homeinstyle/en/exhibitor/1S005MOR3,0,
"Yongkang Ego Import & Export Co., Ltd.","Yongkang Ego Import & Export Co., Ltd.",Chinese Mainland,"Thermal Mug,Cup","Thermal Mug,Cup",,Exhibitor,Hong Kong Home InStyle 2025,3C-E14,Cook & Dine,,1,,,"Thermal Mug,Cup; Stainless steel water bottle, mug, thermal, aluminum water bottle, plasstic water bottle; ODM, OEM","Thermal Mug,Cup; Stainless steel water bottle, mug, thermal, aluminum water bottle, plasstic water bottle; ODM, OEM",https://www.hktdc.com/event/homeinstyle/en/exhibitor/1S005MW8G,0,
"Yongkang Guangmang Industry & Trade Co., Ltd","Yongkang Guangmang Industry & Trade Co., Ltd",Chinese Mainland,Thermal Flask,Thermal Flask,,Exhibitor,Hong Kong Home InStyle 2025,3C-E19,Cook & Dine,,1,,,"Thermal Flask; STAINLESS; OEM, ODM","Thermal Flask; STAINLESS; OEM, ODM",https://www.hktdc.com/event/homeinstyle/en/exhibitor/1S005LC66,0,
"Yongkang Honed Industry and Trade Co., Ltd.","Yongkang Honed Industry and Trade Co., Ltd.",Chinese Mainland,Bathroom Fittings & Sanitary Wares,Bathroom Fittings & Sanitary Wares,,Exhibitor,Hong Kong Home InStyle 2025,3C-E21,Home Decor & Accessories,,1,,,"Bathroom Fittings & Sanitary Wares; Spin Mop, Electric Spin Brush; OEM, ODM","Bathroom Fittings & Sanitary Wares; Spin Mop, Electric Spin Brush; OEM, ODM",https://www.hktdc.com/event/homeinstyle/en/exhibitor/1S005LBW1,0,
"Yongkang M & U Industry and Trade Co., Ltd","Yongkang M & U Industry and Trade Co., Ltd",Chinese Mainland,"Baking Mold,Kitchen Utensil,Tableware","Baking Mold,Kitchen Utensil,Tableware",,Exhibitor,Hong Kong Home InStyle 2025,3C-E25,Cook & Dine,,1,,,"Baking Mold,Kitchen Utensil,Tableware; Silicone cake mold, silicone ice mold, silicone mat; ODM","Baking Mold,Kitchen Utensil,Tableware; Silicone cake mold, silicone ice mold, silicone mat; ODM",https://www.hktdc.com/event/homeinstyle/en/exhibitor/1S005MNZG,0,
"Yuyao Chenwu Plastic Industry Co., Ltd","Yuyao Chenwu Plastic Industry Co., Ltd",Chinese Mainland,"Measuring Cup,Measuring Spoon,Tea Pot","Measuring Cup,Measuring Spoon,Tea Pot",,Exhibitor,Hong Kong Home InStyle 2025,3E-D41,Cook & Dine,,1,,,"Measuring Cup,Measuring Spoon,Tea Pot; Continuous spray bottle, foam spray bottle, oil spray bottle, and spray pour integrated oil bottle; OBM, ODM, OEM","Measuring Cup,Measuring Spoon,Tea Pot; Continuous spray bottle, foam spray bottle, oil spray bottle, and spray pour integrated oil bottle; OBM, ODM, OEM",https://www.hktdc.com/event/homeinstyle/en/exhibitor/1S005LFAR,0,
"Yuyao Jinkai Commodities Co., Ltd.","Yuyao Jinkai Commodities Co., Ltd.",Chinese Mainland,Kitchen Utensil,Kitchen Utensil,,Exhibitor,Hong Kong Home InStyle 2025,3D-C28,Cook & Dine,,1,,,Kitchen Utensil; SCOURER/ SCRUBBER; ODM,Kitchen Utensil; SCOURER/ SCRUBBER; ODM,https://www.hktdc.com/event/homeinstyle/en/exhibitor/1S005HH0J,0,
"Zhangzhou Haojiayi Industry and Trade Co., Ltd.","Zhangzhou Haojiayi Industry and Trade Co., Ltd.",Chinese Mainland,"Chair,Home Office Furniture,Bedroom Furniture,Dining Room Furniture,Living Room Furniture,Furniture & Furnishing Accessory","Chair,Home Office Furniture,Bedroom Furniture,Dining Room Furniture,Living Room Furniture,Furniture & Furnishing Accessory",,Exhibitor,Hong Kong Home InStyle 2025,3D-B23,Home Decor & Accessories,,1,,,"Chair,Home Office Furniture,Bedroom Furniture,Dining Room Furniture,Living Room Furniture,Furniture & Furnishing Accessory; Furniture; OBM, OEM, ODM","Chair,Home Office Furniture,Bedroom Furniture,Dining Room Furniture,Living Room Furniture,Furniture & Furnishing Accessory; Furniture; OBM, OEM, ODM",https://www.hktdc.com/event/homeinstyle/en/exhibitor/1S005L0PX,0,
Zhejiang Bestime Kitchenware Co Ltd,Zhejiang Bestime Kitchenware Co Ltd,Chinese Mainland,"Grill Pan,Saucepan,Frying Pan","Grill Pan,Saucepan,Frying Pan",,Exhibitor,Hong Kong Home InStyle 2025,3E-A40,Cook & Dine,,1,,,"Grill Pan,Saucepan,Frying Pan; ALUMINUM COOKWARE SET; ODM, OEM","Grill Pan,Saucepan,Frying Pan; ALUMINUM COOKWARE SET; ODM, OEM",https://www.hktdc.com/event/homeinstyle/en/exhibitor/1S005M4W8,0,
Zhejiang New Vision Imp & Exp Co Ltd,Zhejiang New Vision Imp & Exp Co Ltd,Chinese Mainland,"Cup,Mug","Cup,Mug",,Exhibitor,Hong Kong Home InStyle 2025,3E-C40,Cook & Dine,,1,,,"Cup,Mug; Cup; OEM, ODM, OBM","Cup,Mug; Cup; OEM, ODM, OBM",https://www.hktdc.com/event/homeinstyle/en/exhibitor/1S005KD65,8,https://www.hktdc.com/event/homeinstyle/en/product/1Z03NNEQG; https://www.hktdc.com/event/homeinstyle/en/product/1Z03NNEQG; https://www.hktdc.com/event/homeinstyle/en/product/1Z03NNECM; https://www.hktdc.com/event/homeinstyle/en/product/1Z03NNECM; https://www.hktdc.com/event/homeinstyle/en/product/1Z03NNFBO; https://www.hktdc.com/event/homeinstyle/en/product/1Z03NNFBO; https://www.hktdc.com/event/homeinstyle/en/product/1Z03NNEXV; https://www.hktdc.com/event/homeinstyle/en/product/1Z03NNEXV
"Zhejiang Simplicity Artware Co., Ltd","Zhejiang Simplicity Artware Co., Ltd",Chinese Mainland,"Battery Operated Candle,Aroma Oil & Incense Stick","Battery Operated Candle,Aroma Oil & Incense Stick",,Exhibitor,Hong Kong Home InStyle 2025,3C-D27,Home Decor & Accessories,,1,,,"Battery Operated Candle,Aroma Oil & Incense Stick; LED CANDLE, GLASS CANDLE; OBM, OEM","Battery Operated Candle,Aroma Oil & Incense Stick; LED CANDLE, GLASS CANDLE; OBM, OEM",https://www.hktdc.com/event/homeinstyle/en/exhibitor/1S005MRF0,0,
"Zhejiang Songchao Zhenxuan Technology Co., Ltd.","Zhejiang Songchao Zhenxuan Technology Co., Ltd.",Chinese Mainland,"Perfume & Cologne,Aroma Diffuser,Essential Oil,Home Fragrance,Aroma Oil & Incense Stick","Perfume & Cologne,Aroma Diffuser,Essential Oil,Home Fragrance,Aroma Oil & Incense Stick",,Exhibitor,Hong Kong Home InStyle 2025,3C-D26,Home Decor & Accessories,,1,,,"Perfume & Cologne,Aroma Diffuser,Essential Oil,Home Fragrance,Aroma Oil & Incense Stick; Aromatherapy,perfume; ODM, OEM","Perfume & Cologne,Aroma Diffuser,Essential Oil,Home Fragrance,Aroma Oil & Incense Stick; Aromatherapy,perfume; ODM, OEM",https://www.hktdc.com/event/homeinstyle/en/exhibitor/1S005MGJZ,4,https://www.hktdc.com/event/homeinstyle/en/product/1Z03NWN7S; https://www.hktdc.com/event/homeinstyle/en/product/1Z03NWN7S; https://www.hktdc.com/event/homeinstyle/en/product/1Z03NWN8P; https://www.hktdc.com/event/homeinstyle/en/product/1Z03NWN8P
Zhejiang Tianfeng Ceramics Ltd.,Zhejiang Tianfeng Ceramics Ltd.,Chinese Mainland,"Storage Box,Storage Rack,Tissue Box","Storage Box,Storage Rack,Tissue Box",,Exhibitor,Hong Kong Home InStyle 2025,3C-D14,Group Pavilions,Chinese Mainland (Longquan) Pavilion,1,,,"Storage Box,Storage Rack,Tissue Box; Handicrafts and daily necessities made from Longquan celado; OBM, OEM","Storage Box,Storage Rack,Tissue Box; Handicrafts and daily necessities made from Longquan celado; OBM, OEM",https://www.hktdc.com/event/homeinstyle/en/exhibitor/1S005MLH0,0,
"Zhejiang Tongxiang Foreign Trade (Group) Co., Ltd.","Zhejiang Tongxiang Foreign Trade (Group) Co., Ltd.",Chinese Mainland,Kitchen Gloves,Kitchen Gloves,,Exhibitor,Hong Kong Home InStyle 2025,3E-B31,Cook & Dine,,1,,,"Kitchen Gloves; We specialize in home textiles, kitchen textiles, flame retardant and temperature protection textiles.
Our main products are oven mitts, pot holders, aprons, etc.; Others","Kitchen Gloves; We specialize in home textiles, kitchen textiles, flame retardant and temperature protection textiles.
Our main products are oven mitts, pot holders, aprons, etc.; Others",https://www.hktdc.com/event/homeinstyle/en/exhibitor/1S005G7K5,6,https://www.hktdc.com/event/homeinstyle/en/product/1X263RXU; https://www.hktdc.com/event/homeinstyle/en/product/1X263RXU; https://www.hktdc.com/event/homeinstyle/en/product/1X263QWY; https://www.hktdc.com/event/homeinstyle/en/product/1X263QWY; https://www.hktdc.com/event/homeinstyle/en/product/1X263QGE; https://www.hktdc.com/event/homeinstyle/en/product/1X263QGE
"Zhejiang Wanhe Paper Co., Ltd","Zhejiang Wanhe Paper Co., Ltd",Chinese Mainland,"Tabletop Accessories,Paper Napkin,Toilet Paper & Facial Tissue","Tabletop Accessories,Paper Napkin,Toilet Paper & Facial Tissue",,Exhibitor,Hong Kong Home InStyle 2025,3E-B44,Cook & Dine,,1,,,"Tabletop Accessories,Paper Napkin,Toilet Paper & Facial Tissue; Napkins, printed paper, airlaid paper; ODM, OEM","Tabletop Accessories,Paper Napkin,Toilet Paper & Facial Tissue; Napkins, printed paper, airlaid paper; ODM, OEM",https://www.hktdc.com/event/homeinstyle/en/exhibitor/1S005KCFF,6,https://www.hktdc.com/event/homeinstyle/en/product/1Z03NYUMC; https://www.hktdc.com/event/homeinstyle/en/product/1Z03NYUMC; https://www.hktdc.com/event/homeinstyle/en/product/1Z03NYUO6; https://www.hktdc.com/event/homeinstyle/en/product/1Z03NYUO6; https://www.hktdc.com/event/homeinstyle/en/product/1Z03NYU7L; https://www.hktdc.com/event/homeinstyle/en/product/1Z03NYU7L
"Zhejiang Youshide Plastic Co.,Ltd","Zhejiang Youshide Plastic Co.,Ltd",Chinese Mainland,"Thermal Flask,Thermal Mug,Cup,Mug","Thermal Flask,Thermal Mug,Cup,Mug",,Exhibitor,Hong Kong Home InStyle 2025,3E-B30,Cook & Dine,,1,,,"Thermal Flask,Thermal Mug,Cup,Mug; Plastic shaker bottle; OEM","Thermal Flask,Thermal Mug,Cup,Mug; Plastic shaker bottle; OEM",https://www.hktdc.com/event/homeinstyle/en/exhibitor/1S005KBQJ,0,
Zhongshan Innolot Homeware Co Ltd,Zhongshan Innolot Homeware Co Ltd,Chinese Mainland,Spice Container,Spice Container,,Exhibitor,Hong Kong Home InStyle 2025,3D-E41,Cook & Dine,Cantonese Business Go Global,1,,,"Spice Container; Salt and pepper grinders, spice storage bottles; ODM, Others, OBM, OEM","Spice Container; Salt and pepper grinders, spice storage bottles; ODM, Others, OBM, OEM",https://www.hktdc.com/event/homeinstyle/en/exhibitor/1S005LX5O,0,
"Zibo Qianju International Trade Co., Ltd","Zibo Qianju International Trade Co., Ltd",Chinese Mainland,Ceramic Crafts,Ceramic Crafts,,Exhibitor,Hong Kong Home InStyle 2025,3D-A22,Home Decor & Accessories,Chinese Mainland (Shandong) Pavilion,1,,,"Ceramic Crafts; Sublimation mug, ceramic mug, magic mug and so on.; Others","Ceramic Crafts; Sublimation mug, ceramic mug, magic mug and so on.; Others",https://www.hktdc.com/event/homeinstyle/en/exhibitor/1S005JCH9,0,
Ddiin Concept Ltd.,Ddiin Concept Ltd.,Hong Kong,,,,Exhibitor,Hong Kong Home InStyle 2025,5E-L02,Cultural and Creative Avenue,,1,,,,,https://www.hktdc.com/event/homeinstyle/en/exhibitor/1S005MH3A,22,https://www.hktdc.com/event/homeinstyle/en/product/1Z03NQS5T; https://www.hktdc.com/event/homeinstyle/en/product/1Z03NQS5T; https://www.hktdc.com/event/homeinstyle/en/product/1X268KDZ; https://www.hktdc.com/event/homeinstyle/en/product/1X268KDZ; https://www.hktdc.com/event/homeinstyle/en/product/1X268DQ7; https://www.hktdc.com/event/homeinstyle/en/product/1X268DQ7; https://www.hktdc.com/event/homeinstyle/en/product/1Z03EKFU3; https://www.hktdc.com/event/homeinstyle/en/product/1Z03EKFU3; https://www.hktdc.com/event/homeinstyle/en/product/1Z03EKKF7; https://www.hktdc.com/event/homeinstyle/en/product/1Z03EKKF7; https://www.hktdc.com/event/homeinstyle/en/product/1Z03EJ1PW; https://www.hktdc.com/event/homeinstyle/en/product/1Z03EJ1PW; https://www.hktdc.com/event/homeinstyle/en/product/1Z03EJ1HK; https://www.hktdc.com/event/homeinstyle/en/product/1Z03EJ1HK; https://www.hktdc.com/event/homeinstyle/en/product/1X2685OX; https://www.hktdc.com/event/homeinstyle/en/product/1X2685OX; https://www.hktdc.com/event/homeinstyle/en/product/1Z03K2YRT; https://www.hktdc.com/event/homeinstyle/en/product/1Z03K2YRT; https://www.hktdc.com/event/homeinstyle/en/product/1Z03EJ14N; https://www.hktdc.com/event/homeinstyle/en/product/1Z03EJ14N; https://www.hktdc.com/event/homeinstyle/en/product/1Z03K61DW; https://www.hktdc.com/event/homeinstyle/en/product/1Z03K61DW
Simega Ltd,Simega Ltd,Hong Kong,,,,Exhibitor,Hong Kong Home InStyle 2025,5E-L02,Cultural and Creative Avenue,,1,,,,,https://www.hktdc.com/event/homeinstyle/en/exhibitor/1S005MGZN,0,
People on board social enterprise limited,People on board social enterprise limited,Hong Kong,,,,Exhibitor,Hong Kong Home InStyle 2025,5E-L02,Cultural and Creative Avenue,,1,,,,,https://www.hktdc.com/event/homeinstyle/en/exhibitor/1S005MH0J,0,
Zero Bureau,Zero Bureau,Hong Kong,,,,Exhibitor,Hong Kong Home InStyle 2025,5E-L02,Cultural and Creative Avenue,,1,,,,,https://www.hktdc.com/event/homeinstyle/en/exhibitor/1S005MH2D,0,
pong company ltd.,pong company ltd.,Hong Kong,,,,Exhibitor,Hong Kong Home InStyle 2025,5E-L02,Cultural and Creative Avenue,,1,,,,,https://www.hktdc.com/event/homeinstyle/en/exhibitor/1S005MGYQ,0,
33 Point 3 Exports Inc,33 Point 3 Exports Inc,Philippines,,,,Exhibitor,Hong Kong Home InStyle 2025,5E-E33,Cultural and Creative Avenue,,1,,,,,https://www.hktdc.com/event/homeinstyle/en/exhibitor/1S005MQKM,20,https://www.hktdc.com/event/homeinstyle/en/product/1X0N53FC; https://www.hktdc.com/event/homeinstyle/en/product/1X0N53FC; https://www.hktdc.com/event/homeinstyle/en/product/1X0N53ED; https://www.hktdc.com/event/homeinstyle/en/product/1X0N53ED; https://www.hktdc.com/event/homeinstyle/en/product/1X0N53DE; https://www.hktdc.com/event/homeinstyle/en/product/1X0N53DE; https://www.hktdc.com/event/homeinstyle/en/product/1X0N53CF; https://www.hktdc.com/event/homeinstyle/en/product/1X0N53CF; https://www.hktdc.com/event/homeinstyle/en/product/1X0N53BG; https://www.hktdc.com/event/homeinstyle/en/product/1X0N53BG; https://www.hktdc.com/event/homeinstyle/en/product/1X0N53AH; https://www.hktdc.com/event/homeinstyle/en/product/1X0N53AH; https://www.hktdc.com/event/homeinstyle/en/product/1X0JR5NY; https://www.hktdc.com/event/homeinstyle/en/product/1X0JR5NY; https://www.hktdc.com/event/homeinstyle/en/product/1X0JR5MZ; https://www.hktdc.com/event/homeinstyle/en/product/1X0JR5MZ; https://www.hktdc.com/event/homeinstyle/en/product/1X0JR5L0; https://www.hktdc.com/event/homeinstyle/en/product/1X0JR5L0; https://www.hktdc.com/event/homeinstyle/en/product/1X0N539I; https://www.hktdc.com/event/homeinstyle/en/product/1X0N539I
Globalink Marketing Ltd,Globalink Marketing Ltd,Hong Kong,,,,Exhibitor,Hong Kong Home InStyle 2025,,hktdc.com Showcase Zone,,1,,,,,https://www.hktdc.com/event/homeinstyle/en/exhibitor/1S005MRJO,40,https://www.hktdc.com/event/homeinstyle/en/product/1X255E0U; https://www.hktdc.com/event/homeinstyle/en/product/1X255E0U; https://www.hktdc.com/event/homeinstyle/en/product/1X255DZY; https://www.hktdc.com/event/homeinstyle/en/product/1X255DZY; https://www.hktdc.com/event/homeinstyle/en/product/1X255DO9; https://www.hktdc.com/event/homeinstyle/en/product/1X255DO9; https://www.hktdc.com/event/homeinstyle/en/product/1X24UVIX; https://www.hktdc.com/event/homeinstyle/en/product/1X24UVIX; https://www.hktdc.com/event/homeinstyle/en/product/1X24UVGZ; https://www.hktdc.com/event/homeinstyle/en/product/1X24UVGZ; https://www.hktdc.com/event/homeinstyle/en/product/1X24UV2D; https://www.hktdc.com/event/homeinstyle/en/product/1X24UV2D; https://www.hktdc.com/event/homeinstyle/en/product/1X24UUYK; https://www.hktdc.com/event/homeinstyle/en/product/1X24UUYK; https://www.hktdc.com/event/homeinstyle/en/product/1X24UUXL; https://www.hktdc.com/event/homeinstyle/en/product/1X24UUXL; https://www.hktdc.com/event/homeinstyle/en/product/1X24UUUO; https://www.hktdc.com/event/homeinstyle/en/product/1X24UUUO; https://www.hktdc.com/event/homeinstyle/en/product/1X24UT2J; https://www.hktdc.com/event/homeinstyle/en/product/1X24UT2J; https://www.hktdc.com/event/homeinstyle/en/product/1X24UT1K; https://www.hktdc.com/event/homeinstyle/en/product/1X24UT1K; https://www.hktdc.com/event/homeinstyle/en/product/1X24USZP; https://www.hktdc.com/event/homeinstyle/en/product/1X24USZP; https://www.hktdc.com/event/homeinstyle/en/product/1X24USYQ; https://www.hktdc.com/event/homeinstyle/en/product/1X24USYQ; https://www.hktdc.com/event/homeinstyle/en/product/1X24UVE1; https://www.hktdc.com/event/homeinstyle/en/product/1X24UVE1; https://www.hktdc.com/event/homeinstyle/en/product/1X24USWS; https://www.hktdc.com/event/homeinstyle/en/product/1X24USWS; https://www.hktdc.com/event/homeinstyle/en/product/1X24UVC3; https://www.hktdc.com/event/homeinstyle/en/product/1X24UVC3; https://www.hktdc.com/event/homeinstyle/en/product/1X24USVT; https://www.hktdc.com/event/homeinstyle/en/product/1X24USVT; https://www.hktdc.com/event/homeinstyle/en/product/1X24USTV; https://www.hktdc.com/event/homeinstyle/en/product/1X24USTV; https://www.hktdc.com/event/homeinstyle/en/product/1X24USPZ; https://www.hktdc.com/event/homeinstyle/en/product/1X24USPZ; https://www.hktdc.com/event/homeinstyle/en/product/1X24USO0; https://www.hktdc.com/event/homeinstyle/en/product/1X24USO0
Consulate General of Czechia in Hong Kong,Consulate General of Czechia in Hong Kong,Hong Kong,Association Service,Association Service,,Exhibitor,Hong Kong Home InStyle 2025,5E-M07,Cultural and Creative Avenue,,1,,,Association Service; Consulate General of the Czechia in Hong Kong; Others,Association Service; Consulate General of the Czechia in Hong Kong; Others,https://www.hktdc.com/event/homeinstyle/en/exhibitor/1S005M4UE,0,
E-linc International Exhibition & Technologies (Hai Nan) Co Ltd,E-linc International Exhibition & Technologies (Hai Nan) Co Ltd,Chinese Mainland,Association Service,Association Service,,Exhibitor,Hong Kong Home InStyle 2025,3D-A31,Trade Services,,1,,,Association Service; Exhibition; OEM,Association Service; Exhibition; OEM,https://www.hktdc.com/event/homeinstyle/en/exhibitor/1S005MTUP,0,
Zhejiang Guomai Advertising & Exhibition Co Ltd,Zhejiang Guomai Advertising & Exhibition Co Ltd,Chinese Mainland,Association Service,Association Service,,Exhibitor,Hong Kong Home InStyle 2025,3C-D16,Trade Services,,1,,,"Association Service; Trade service; OEM, OBM","Association Service; Trade service; OEM, OBM",https://www.hktdc.com/event/homeinstyle/en/exhibitor/1S005MTVM,0,
"Taizhou Idepad Stationery Co., Ltd.","Taizhou Idepad Stationery Co., Ltd.",Chinese Mainland,Stationery,Stationery,,Exhibitor,Hong Kong Home InStyle 2025,3C-C18,Group Pavilions,Chinese Mainland (Huangyan) Pavilion,1,,,"Stationery; Notebook, Diary Gifts Sets; OEM, ODM","Stationery; Notebook, Diary Gifts Sets; OEM, ODM",https://www.hktdc.com/event/homeinstyle/en/exhibitor/1S005LTJM,0,
"Jieyang Kangyi Household Products Co., Ltd.","Jieyang Kangyi Household Products Co., Ltd.",Chinese Mainland,"Storage Box,Storage Rack,Storage Basket,Bathroom Accessories,Home Storage & Organisation,Chair,Furniture & Furnishing Accessory,Tissue Box","Storage Box,Storage Rack,Storage Basket,Bathroom Accessories,Home Storage & Organisation,Chair,Furniture & Furnishing Accessory,Tissue Box",,Exhibitor,Hong Kong Home InStyle 2025,3D-E20,World of Fine Decor,Cantonese Business Go Global,1,,,"Storage Box,Storage Rack,Storage Basket,Bathroom Accessories,Home Storage & Organisation,Chair,Furniture & Furnishing Accessory,Tissue Box; Storage; ODM, OEM","Storage Box,Storage Rack,Storage Basket,Bathroom Accessories,Home Storage & Organisation,Chair,Furniture & Furnishing Accessory,Tissue Box; Storage; ODM, OEM",https://www.hktdc.com/event/homeinstyle/en/exhibitor/1S005KCLX,0,
"Wuyi Xinhe Commodity Co., Ltd.","Wuyi Xinhe Commodity Co., Ltd.",Chinese Mainland,"Thermal Mug,Cup,Mug","Thermal Mug,Cup,Mug",,Exhibitor,Hong Kong Home InStyle 2025,3E-A20,World of Fine Dining,,1,,,"Thermal Mug,Cup,Mug; Stainless steel bottle/plastic bottle; ODM, OEM","Thermal Mug,Cup,Mug; Stainless steel bottle/plastic bottle; ODM, OEM",https://www.hktdc.com/event/homeinstyle/en/exhibitor/1S005K6L3,0,
Yangjiang Market Value Enterprise Company Limited,Yangjiang Market Value Enterprise Company Limited,Chinese Mainland,"YangJiang Market Value Enterprise Company Limited was founded in 1999 ,the Top 10 leading manufacturer & supplier of high quality Kitchenware and Tools, located in core production base of Yangjiang China, covering an area of 60,000 square meter and 4,000 square meter warehouse. We have been developing, producing and marketing Kitchenware and Tools more than 22 years in ODM and OEM, covering a range of production processes for hardware, silicone, plastic etc to guarantee top quality and fast delivery.","YangJiang Market Value Enterprise Company Limited was founded in 1999 ,the Top 10 leading manufacturer & supplier of high quality Kitchenware and Tools, located in core production base of Yangjiang China, covering an area of 60,000 square meter and 4,000 square meter warehouse. We have been developing, producing and marketing Kitchenware and Tools more than 22 years in ODM and OEM, covering a range of production processes for hardware, silicone, plastic etc to guarantee top quality and fast delivery.",,Exhibitor,Hong Kong Home InStyle 2025,3E-D13,World of Fine Dining,Cantonese Business Go Global,1,,,"Kitchen Knife,Fork,Table Knife,Kitchen Utensil,Mug,Tableware,Mixing Bowl,Plate,Kitchen Gloves,Frying Pan; Barbecure Tools & Rack, Crayon, Garden Tools, Knives Manicure Set
Scissors, Hardware Tools, Kitchen Ware, Wooden Kitchenware, Stock Products, Brand Product; OBM, OEM, ODM","Kitchen Knife,Fork,Table Knife,Kitchen Utensil,Mug,Tableware,Mixing Bowl,Plate,Kitchen Gloves,Frying Pan; Barbecure Tools & Rack, Crayon, Garden Tools, Knives Manicure Set
Scissors, Hardware Tools, Kitchen Ware, Wooden Kitchenware, Stock Products, Brand Product; OBM, OEM, ODM",https://www.hktdc.com/event/homeinstyle/en/exhibitor/1S005LOAI,0,
Canalside Studio,Canalside Studio,Hong Kong,,,,Exhibitor,Hong Kong Home InStyle 2025,,Cultural and Creative Avenue,,1,,,,,https://www.hktdc.com/event/homeinstyle/en/exhibitor/1S005MLNI,0,
Hong Kong Furniture & Decoration Trade Association Limited,Hong Kong Furniture & Decoration Trade Association Limited,Hong Kong,"We were founded in 1955 as the longest history and representing the furniture and decoration industry non-profit organization. We were representing mainly the furniture traders in the earlier year and included manufacturer afterward. With the effort of our early age members, we grew with time and acquired many local and mainland production and material supply members. Thus we rename on 25 Dececmber 1993 to recent one till now. There are over 300 members range from furniture production, wholesales and retailing, material supply and well some multi-national wood crafting machine manufacturers. Our members from the whole China mainly from Guangdong Province while our products supply to the whole world. Besides, many of our member were awarded Fellow of Hong Kong Industry Quality Certificate and ISO9001/9002 recognition, some even named by the Hong Kong Brand Development Council as ""Hong Kong Top Brand"". We facilitate industrial business, enhance trading development, and assist improving members production technologies, in order to build our market together and raise industrial business as core missions. Since our set up, we focus on raising our members potential by providing trading information and advices. Regularly organize mission tour to explore global furniture development.","We were founded in 1955 as the longest history and representing the furniture and decoration industry non-profit organization. We were representing mainly the furniture traders in the earlier year and included manufacturer afterward. With the effort of our early age members, we grew with time and acquired many local and mainland production and material supply members. Thus we rename on 25 Dececmber 1993 to recent one till now. There are over 300 members range from furniture production, wholesales and retailing, material supply and well some multi-national wood crafting machine manufacturers. Our members from the whole China mainly from Guangdong Province while our products supply to the whole world. Besides, many of our member were awarded Fellow of Hong Kong Industry Quality Certificate and ISO9001/9002 recognition, some even named by the Hong Kong Brand Development Council as ""Hong Kong Top Brand"". We facilitate industrial business, enhance trading development, and assist improving members production technologies, in order to build our market together and raise industrial business as core missions. Since our set up, we focus on raising our members potential by providing trading information and advices. Regularly organize mission tour to explore global furniture development.",,Exhibitor,Hong Kong Home InStyle 2025,,Cultural and Creative Avenue,,1,,,Furniture production advice and execution for outstanding designers. Industrial consultation and representing industrial stackholders for government and social community policy and concern.,Furniture production advice and execution for outstanding designers. Industrial consultation and representing industrial stackholders for government and social community policy and concern.,https://www.hktdc.com/event/homeinstyle/en/exhibitor/1S005MLPC,0,
MADE-HK,MADE-HK,Hong Kong,,,,Exhibitor,Hong Kong Home InStyle 2025,,Cultural and Creative Avenue,,1,,,,,https://www.hktdc.com/event/homeinstyle/en/exhibitor/1S005MLOF,0,
"Akostar Import & Export Co., Ltd","Akostar Import & Export Co., Ltd",Chinese Mainland,"Cup & Plate Set,Tableware,Bowl,Drinking Straw,Disposable Tableware,Food Box","Cup & Plate Set,Tableware,Bowl,Drinking Straw,Disposable Tableware,Food Box",,Exhibitor,Hong Kong Home InStyle 2025,3E-B32,Cook & Dine,,1,,,"Cup & Plate Set,Tableware,Bowl,Drinking Straw,Disposable Tableware,Food Box; Gifts, kitchenwares, garden products; OEM","Cup & Plate Set,Tableware,Bowl,Drinking Straw,Disposable Tableware,Food Box; Gifts, kitchenwares, garden products; OEM",https://www.hktdc.com/event/homeinstyle/en/exhibitor/1S005KCGC,0,
Artisème,Artisème,Czech Republic,Art & Collectibles,Art & Collectibles,,Exhibitor,Hong Kong Home InStyle 2025,5E-M09,Cultural and Creative Avenue,,1,,,"Art & Collectibles; Artisème specialises in curated designs and home decor, all crafted in
Czechia.; Others","Art & Collectibles; Artisème specialises in curated designs and home decor, all crafted in
Czechia.; Others",https://www.hktdc.com/event/homeinstyle/en/exhibitor/1S005M4NZ,0,
Huannuo Industrial Trading Limited,Huannuo Industrial Trading Limited,Chinese Mainland,"Located in Taizhou, Zhejiang, known as the hometown of plastics. The company was founded in 2013, and after 10 years of hard work, it has developed into a private enterprise integrating cup making, manufacturing, and sales. Its main products include plastic sports cups, children's cups, thermos cups, and other products. We have a total manufacturing park of over 10000 square meters and employ more than 200 experienced workers. Since 2013, we have collaborated with over 100 clients from more than 15 countries/regions. BSCI and FDA certified products give us the opportunity to offer our products to Disney, Miniso, and other influential wholesalers","Located in Taizhou, Zhejiang, known as the hometown of plastics. The company was founded in 2013, and after 10 years of hard work, it has developed into a private enterprise integrating cup making, manufacturing, and sales. Its main products include plastic sports cups, children's cups, thermos cups, and other products. We have a total manufacturing park of over 10000 square meters and employ more than 200 experienced workers. Since 2013, we have collaborated with over 100 clients from more than 15 countries/regions. BSCI and FDA certified products give us the opportunity to offer our products to Disney, Miniso, and other influential wholesalers",,Exhibitor,Hong Kong Home InStyle 2025,3E-A38,Cook & Dine,,1,,,"Kettle,Cup,Mug,Cup Cover; The company was founded in 2013 and specializes in plastic sports cups, children's cups, thermos cups, and other products.
Since 2013, we have collaborated with over 100 clients from more than 15 countries/regions. BSCI and FDA certified products; ODM, OBM, OEM","Kettle,Cup,Mug,Cup Cover; The company was founded in 2013 and specializes in plastic sports cups, children's cups, thermos cups, and other products.
Since 2013, we have collaborated with over 100 clients from more than 15 countries/regions. BSCI and FDA certified products; ODM, OBM, OEM",https://www.hktdc.com/event/homeinstyle/en/exhibitor/1S005LYSQ,0,
"Liling Sinto Ceramic Co., Ltd","Liling Sinto Ceramic Co., Ltd",Chinese Mainland,"Cup,Cup & Plate Set,Tableware,Dish,Bowl","Cup,Cup & Plate Set,Tableware,Dish,Bowl",,Exhibitor,Hong Kong Home InStyle 2025,,Group Pavilions,Chinese Mainland (Hunan) Pavilion,1,,,"Cup,Cup & Plate Set,Tableware,Dish,Bowl; Ceramic products, Ceramic mug, Ceramic bowl, Ceramic dinner and so on.; ODM, Others, OEM, OBM","Cup,Cup & Plate Set,Tableware,Dish,Bowl; Ceramic products, Ceramic mug, Ceramic bowl, Ceramic dinner and so on.; ODM, Others, OEM, OBM",https://www.hktdc.com/event/homeinstyle/en/exhibitor/1S005LU7L,0,
N Ranga Rao & Sons Pvt Ltd,N Ranga Rao & Sons Pvt Ltd,India,"The NR Group, established in 1948, is the global leader in incense sticks and home fragrance products under its flagship brand Cycle. Its brand IRIS introduced modern home fragrance solutions in India, including reed diffusers, ultrasonic diffusers, scented candles, and room mists. These products elevate ambiance while promoting relaxation and well-being in homes and workspaces. The NR Group is vertically integrated in the fragrance domain and is among the few Indian companies blending perfumes in-house. It is SEDEX certified and the only Certified Carbon Neutral Manufacturer of incense sticks in India. The company uses only IFRA and GRAS-approved materials and adheres strictly to international regulations, including EPA, CARB, SCHER and VOC.With exports to over sixty five countries, the NR Group continues to set benchmarks in quality and sustainability.","The NR Group, established in 1948, is the global leader in incense sticks and home fragrance products under its flagship brand Cycle. Its brand IRIS introduced modern home fragrance solutions in India, including reed diffusers, ultrasonic diffusers, scented candles, and room mists. These products elevate ambiance while promoting relaxation and well-being in homes and workspaces. The NR Group is vertically integrated in the fragrance domain and is among the few Indian companies blending perfumes in-house. It is SEDEX certified and the only Certified Carbon Neutral Manufacturer of incense sticks in India. The company uses only IFRA and GRAS-approved materials and adheres strictly to international regulations, including EPA, CARB, SCHER and VOC.With exports to over sixty five countries, the NR Group continues to set benchmarks in quality and sustainability.",,Exhibitor,Hong Kong Home InStyle 2025,3C-E01,Home Decor & Accessories,,1,,,"Dried Flower,Candle,Aroma Diffuser,Halloween Supply,Essential Oil,Air Freshener,Home Fragrance,Aroma Oil & Incense Stick; Incense, Candle, potpourri, diffuser, fragrance oil, air freshener, decorative dry flowers, Fragrance sachet; ODM, OEM, OBM","Dried Flower,Candle,Aroma Diffuser,Halloween Supply,Essential Oil,Air Freshener,Home Fragrance,Aroma Oil & Incense Stick; Incense, Candle, potpourri, diffuser, fragrance oil, air freshener, decorative dry flowers, Fragrance sachet; ODM, OEM, OBM",https://www.hktdc.com/event/homeinstyle/en/exhibitor/1S005J2X7,0,
"Nanchong City Gaoping District Bamboo Art Co., Ltd","Nanchong City Gaoping District Bamboo Art Co., Ltd",Chinese Mainland,Knitting Crafts,Knitting Crafts,,Exhibitor,Hong Kong Home InStyle 2025,3C-F33,Home Decor & Accessories,,1,,,"Knitting Crafts; Bamboo knitting, arts and crafts; OEM, ODM, OBM","Knitting Crafts; Bamboo knitting, arts and crafts; OEM, ODM, OBM",https://www.hktdc.com/event/homeinstyle/en/exhibitor/1S005M53M,0,
"Surya Mas Daily Chemical (Tianjin) Co., Ltd","Surya Mas Daily Chemical (Tianjin) Co., Ltd",Chinese Mainland,"Our company was established in 1993. Until now, our company has been successful in marketing in China and many other countries and regions for 30 years, bringing clean life to thousands of families every day.","Our company was established in 1993. Until now, our company has been successful in marketing in China and many other countries and regions for 30 years, bringing clean life to thousands of families every day.",,Exhibitor,Hong Kong Home InStyle 2025,5E-D06,Homepedia,,1,,,"Household Cleaning Tool,Home Storage & Organisation,Personal Care Product,Air Freshener,Detergent; Surya Mas Daily Chemical (Tianjin) Co., LTD. is a professional manufacturing and marketing corporation of P.D.C.B moth balls, Moisture absorber, Heat Packs, Air fresher, Refrigerator cleaners, Toilet cleaners and other household cleanings products.; ODM, OBM, OEM","Household Cleaning Tool,Home Storage & Organisation,Personal Care Product,Air Freshener,Detergent; Surya Mas Daily Chemical (Tianjin) Co., LTD. is a professional manufacturing and marketing corporation of P.D.C.B moth balls, Moisture absorber, Heat Packs, Air fresher, Refrigerator cleaners, Toilet cleaners and other household cleanings products.; ODM, OBM, OEM",https://www.hktdc.com/event/homeinstyle/en/exhibitor/1S005IQ8M,0,
"Yangjiang Rizhimei Industry and Trade Co., Ltd.","Yangjiang Rizhimei Industry and Trade Co., Ltd.",Chinese Mainland,Kitchen Knife,Kitchen Knife,,Exhibitor,Hong Kong Home InStyle 2025,3D-D34,Cook & Dine,Cantonese Business Go Global,1,,,"Kitchen Knife; Kitchenware; ODM, OEM","Kitchen Knife; Kitchenware; ODM, OEM",https://www.hktdc.com/event/homeinstyle/en/exhibitor/1S005GFJ0,0,
Housing Society Elderly Resources Centre,Housing Society Elderly Resources Centre,Hong Kong,"The Elderly Resources Centre(ERC), the first of its kind in Hong Kong, was established by the Hong Kong Housing Society in 2005. Through education, health screening, professional consultation, and research by Occupational Therapists and Social Workers, ERC aims to promote an ""age-friendly home"" so that ""ageing in place"" can be achieved. Th Age-Friendly Home Living Lab in Hong Kong's first Living Lab registered under the European Network of Living Labs (ENoLL). Established by the ERC in 2022, the Age-Friendly Home Living Lab advocates the concept of ageing-in-place to the community with the application of user-driven and experience-based innovations; and plays a significant role in materialising the co-creation process in collaboration with an extensive network of stakeholders, end-users and developers, that sheds light on transferring age-friendly concept into practical solutions, with a vision of honouring the wish of elderly to age-in-place and minimising institutionalisation.","The Elderly Resources Centre(ERC), the first of its kind in Hong Kong, was established by the Hong Kong Housing Society in 2005. Through education, health screening, professional consultation, and research by Occupational Therapists and Social Workers, ERC aims to promote an ""age-friendly home"" so that ""ageing in place"" can be achieved. Th Age-Friendly Home Living Lab in Hong Kong's first Living Lab registered under the European Network of Living Labs (ENoLL). Established by the ERC in 2022, the Age-Friendly Home Living Lab advocates the concept of ageing-in-place to the community with the application of user-driven and experience-based innovations; and plays a significant role in materialising the co-creation process in collaboration with an extensive network of stakeholders, end-users and developers, that sheds light on transferring age-friendly concept into practical solutions, with a vision of honouring the wish of elderly to age-in-place and minimising institutionalisation.",,Exhibitor,Hong Kong Home InStyle 2025,5E-A02,Health & Wellness,,1,,,"Elderly Care; A key feature of our booth will be empathy activities in a mock-up flat, allowing participants to experience the challenges elderly people face in daily activities using different types of furniture.; Others","Elderly Care; A key feature of our booth will be empathy activities in a mock-up flat, allowing participants to experience the challenges elderly people face in daily activities using different types of furniture.; Others",https://www.hktdc.com/event/homeinstyle/en/exhibitor/1S005L13Q,0,
Bhirawa Group,Bhirawa Group,Indonesia,"based in Bali Indonesia, our company provide home decor speciality, multiple produk","based in Bali Indonesia, our company provide home decor speciality, multiple produk",,Exhibitor,Hong Kong Home InStyle 2025,5E-E31,Cultural and Creative Avenue,,1,,,"Paper Crafts,Painting & Print,Sculpture,Art & Collectibles,Wall Decoration & Hangings; UNIQUE, HAND MADE AND LIMITED EDITION; OEM","Paper Crafts,Painting & Print,Sculpture,Art & Collectibles,Wall Decoration & Hangings; UNIQUE, HAND MADE AND LIMITED EDITION; OEM",https://www.hktdc.com/event/homeinstyle/en/exhibitor/1S005M4TH,0,
PT Ruby Artisan Internasional,PT Ruby Artisan Internasional,Indonesia,"Based in Central of Jawa Island, our company produced multiple produk from wood.","Based in Central of Jawa Island, our company produced multiple produk from wood.",,Exhibitor,Hong Kong Home InStyle 2025,5E-E31,Cultural and Creative Avenue,,1,,,"Paper Crafts,Painting & Print,Sculpture,Art & Collectibles,Wall Decoration & Hangings; Produce unique product, handmade and limited edition; OEM","Paper Crafts,Painting & Print,Sculpture,Art & Collectibles,Wall Decoration & Hangings; Produce unique product, handmade and limited edition; OEM",https://www.hktdc.com/event/homeinstyle/en/exhibitor/1S005M4SK,0,
Pt House Creator Indonesia,Pt House Creator Indonesia,Indonesia,"We are based in Bali, more than 10 years building retail shop and also factory for unique and handmade products","We are based in Bali, more than 10 years building retail shop and also factory for unique and handmade products",,Exhibitor,Hong Kong Home InStyle 2025,5E-E31,Cultural and Creative Avenue,,1,,,"Paper Crafts,Painting & Print,Sculpture,Art & Collectibles,Wall Decoration & Hangings; Unique , handmade and limited edition; OEM","Paper Crafts,Painting & Print,Sculpture,Art & Collectibles,Wall Decoration & Hangings; Unique , handmade and limited edition; OEM",https://www.hktdc.com/event/homeinstyle/en/exhibitor/1S005M4RN,0,
Pt Naralia Group Indonesia,Pt Naralia Group Indonesia,Indonesia,"WE ARE BASED IN BALI INDONESIA, EXPORTIR AND IMPORTIR MULTIPLE PRODUCT","WE ARE BASED IN BALI INDONESIA, EXPORTIR AND IMPORTIR MULTIPLE PRODUCT",,Exhibitor,Hong Kong Home InStyle 2025,5E-E31,Cultural and Creative Avenue,,1,,,"Paper Crafts,Painting & Print,Sculpture,Art & Collectibles,Wall Decoration & Hangings; WE ARE DISTRIBUTOR FOR MULTIPLE PRODUCT BASED ON RECYCLE CONCEPT, UNIQUE AND HANDMADE WITH LIMITED DESAIN; OEM","Paper Crafts,Painting & Print,Sculpture,Art & Collectibles,Wall Decoration & Hangings; WE ARE DISTRIBUTOR FOR MULTIPLE PRODUCT BASED ON RECYCLE CONCEPT, UNIQUE AND HANDMADE WITH LIMITED DESAIN; OEM",https://www.hktdc.com/event/homeinstyle/en/exhibitor/1S005M4QQ,0,
Innosphere Limited,Innosphere Limited,Hong Kong,,,,Exhibitor,Hong Kong Home InStyle 2025,5E-L02,Cultural and Creative Avenue,,1,,,,,https://www.hktdc.com/event/homeinstyle/en/exhibitor/1S005MH54,0,
Sapiens Design Limited,Sapiens Design Limited,Hong Kong,,,,Exhibitor,Hong Kong Home InStyle 2025,5E-L02,Cultural and Creative Avenue,,1,,,,,https://www.hktdc.com/event/homeinstyle/en/exhibitor/1S005MH47,0,
AlphaCube Group Limited,AlphaCube Group Limited,Hong Kong,,,,Exhibitor,Hong Kong Home InStyle 2025,5E-L02,Cultural and Creative Avenue,,1,,,,,https://www.hktdc.com/event/homeinstyle/en/exhibitor/1S005MH1G,0,
Art on Scarves,Art on Scarves,United Kingdom,,,,Exhibitor,Hong Kong Home InStyle 2025,5E-M13,Cultural and Creative Avenue,,1,,,,,https://www.hktdc.com/event/homeinstyle/en/exhibitor/1S005MQCA,0,
BRITISH COLOUR STANDARD,BRITISH COLOUR STANDARD,United Kingdom,,,,Exhibitor,Hong Kong Home InStyle 2025,5E-M13,Cultural and Creative Avenue,,1,,,,,https://www.hktdc.com/event/homeinstyle/en/exhibitor/1S005MQAG,0,
Bothy Threads Ltd,Bothy Threads Ltd,United Kingdom,,,,Exhibitor,Hong Kong Home InStyle 2025,5E-M13,Cultural and Creative Avenue,,1,,,,,https://www.hktdc.com/event/homeinstyle/en/exhibitor/1S005MQIS,0,
Chizu Blue,Chizu Blue,Japan,,,,Exhibitor,Hong Kong Home InStyle 2025,5E-D36,Cultural and Creative Avenue,,1,,,,,https://www.hktdc.com/event/homeinstyle/en/exhibitor/1S005MGNN,0,
Dai Inshu Paper Production Cooperative Association,Dai Inshu Paper Production Cooperative Association,Japan,,,,Exhibitor,Hong Kong Home InStyle 2025,5E-D36,Cultural and Creative Avenue,,1,,,,,https://www.hktdc.com/event/homeinstyle/en/exhibitor/1S005MUVL,0,
Daisen-yaki Kugo-gama,Daisen-yaki Kugo-gama,Japan,,,,Exhibitor,Hong Kong Home InStyle 2025,5E-D36,Cultural and Creative Avenue,,1,,,,,https://www.hktdc.com/event/homeinstyle/en/exhibitor/1S005MGLT,0,
Domokudo,Domokudo,Japan,,,,Exhibitor,Hong Kong Home InStyle 2025,5E-D36,Cultural and Creative Avenue,,1,,,,,https://www.hktdc.com/event/homeinstyle/en/exhibitor/1S005MGOK,0,
Freya Rose London,Freya Rose London,United Kingdom,,,,Exhibitor,Hong Kong Home InStyle 2025,5E-M13,Cultural and Creative Avenue,,1,,,,,https://www.hktdc.com/event/homeinstyle/en/exhibitor/1S005MQBD,0,
Fukumitsu-yaki,Fukumitsu-yaki,Japan,,,,Exhibitor,Hong Kong Home InStyle 2025,5E-D36,Cultural and Creative Avenue,,1,,,,,https://www.hktdc.com/event/homeinstyle/en/exhibitor/1S005MUO6,0,
"Gweike Tech Co., Ltd","Gweike Tech Co., Ltd",Chinese Mainland,"Formed in July 2004, Gweike Laser is a high-tech corporation, owning over 200,000 square meters production bases, annual capacity of 20,000+ units, 130+ national patents, the ability to new releasing 5+ per year and multiple certifications including CE, FDA and ISO9001, and integrating high-power cutting, flexible automated production, three-dimensional five-axis technology, new energy power batteries, ultra-precision cutting products and service. So far Gweike Laser products has been introduced to over 180 countries and regions.","Formed in July 2004, Gweike Laser is a high-tech corporation, owning over 200,000 square meters production bases, annual capacity of 20,000+ units, 130+ national patents, the ability to new releasing 5+ per year and multiple certifications including CE, FDA and ISO9001, and integrating high-power cutting, flexible automated production, three-dimensional five-axis technology, new energy power batteries, ultra-precision cutting products and service. So far Gweike Laser products has been introduced to over 180 countries and regions.",,Exhibitor,Hong Kong Home InStyle 2025,5E-B16,Cultural and Creative Avenue,,1,,,"Consumer Electronics,Product Research and Development Service; G2 20W Metal &  Plastic Fiber Laser Engraver
Makes It Easier to Customize Your Creation
GWeikeG2 20W Metal Laser Engraver /Bring Industrial to Home Use
1. Speed up to 15000mm/s
2. 100k Hours Lifespan
3. Exceptional Accuracy
4. Desktop &amp; Han; OEM","Consumer Electronics,Product Research and Development Service; G2 20W Metal &  Plastic Fiber Laser Engraver
Makes It Easier to Customize Your Creation
GWeikeG2 20W Metal Laser Engraver /Bring Industrial to Home Use
1. Speed up to 15000mm/s
2. 100k Hours Lifespan
3. Exceptional Accuracy
4. Desktop &amp; Han; OEM",https://www.hktdc.com/event/homeinstyle/en/exhibitor/1S005MQP7,0,
"Heze Qiaomu Crafts Co., Ltd","Heze Qiaomu Crafts Co., Ltd",Chinese Mainland,Wood Crafts,Wood Crafts,,Exhibitor,Hong Kong Home InStyle 2025,5E-B16,Cultural and Creative Avenue,,1,,,"Wood Crafts; Development and Design of Wooden Model Products; OBM, ODM, OEM","Wood Crafts; Development and Design of Wooden Model Products; OBM, ODM, OEM",https://www.hktdc.com/event/homeinstyle/en/exhibitor/1S005MRHU,0,
Hongchang Culture and Art Studio,Hongchang Culture and Art Studio,Chinese Mainland,Ceramic Crafts,Ceramic Crafts,,Exhibitor,Hong Kong Home InStyle 2025,5E-B16,Cultural and Creative Avenue,,1,,,Ceramic Crafts; OBM,Ceramic Crafts; OBM,https://www.hktdc.com/event/homeinstyle/en/exhibitor/1S005MRP6,0,
Hu Yunping Pottery Studio,Hu Yunping Pottery Studio,Chinese Mainland,"Ceramic Crafts,Figurine","Ceramic Crafts,Figurine",,Exhibitor,Hong Kong Home InStyle 2025,5E-B16,Cultural and Creative Avenue,,1,,,"Ceramic Crafts,Figurine; chunshougongzhizuo; OBM","Ceramic Crafts,Figurine; chunshougongzhizuo; OBM",https://www.hktdc.com/event/homeinstyle/en/exhibitor/1S005MRQ3,0,
Inkyuuzan-yaki,Inkyuuzan-yaki,Japan,,,,Exhibitor,Hong Kong Home InStyle 2025,5E-D36,Cultural and Creative Avenue,,1,,,,,https://www.hktdc.com/event/homeinstyle/en/exhibitor/1S005MUUO,0,
"Jinan National Arts Education and Culture Consulting Co., Ltd","Jinan National Arts Education and Culture Consulting Co., Ltd",Chinese Mainland,Art & Collectibles,Art & Collectibles,,Exhibitor,Hong Kong Home InStyle 2025,5E-B16,Cultural and Creative Avenue,,1,,,Art & Collectibles; 山东省枣庄市刘氏玻璃翻画; Others,Art & Collectibles; 山东省枣庄市刘氏玻璃翻画; Others,https://www.hktdc.com/event/homeinstyle/en/exhibitor/1S005MRLI,0,
"Jinan Publishing Co., Ltd.","Jinan Publishing Co., Ltd.",Chinese Mainland,"Paper Crafts,Painting & Print,Sculpture,Art & Collectibles,Wall Decoration & Hangings","Paper Crafts,Painting & Print,Sculpture,Art & Collectibles,Wall Decoration & Hangings",,Exhibitor,Hong Kong Home InStyle 2025,5E-B16,Cultural and Creative Avenue,,1,,,"Paper Crafts,Painting & Print,Sculpture,Art & Collectibles,Wall Decoration & Hangings; The Quan Xiaoli brand strengthens exchanges and cooperation with the international cultural and creative industry through a series of innovative and practical cultural and creative products, expanding its presence in global markets.; Others","Paper Crafts,Painting & Print,Sculpture,Art & Collectibles,Wall Decoration & Hangings; The Quan Xiaoli brand strengthens exchanges and cooperation with the international cultural and creative industry through a series of innovative and practical cultural and creative products, expanding its presence in global markets.; Others",https://www.hktdc.com/event/homeinstyle/en/exhibitor/1S005MDGB,0,
"Jining Mujin Arts & Crafts Co., Ltd","Jining Mujin Arts & Crafts Co., Ltd",Chinese Mainland,Art & Collectibles,Art & Collectibles,,Exhibitor,Hong Kong Home InStyle 2025,5E-B16,Cultural and Creative Avenue,,1,,,Art & Collectibles; Others,Art & Collectibles; Others,https://www.hktdc.com/event/homeinstyle/en/exhibitor/1S005MRNC,0,
KABA,KABA,Japan,"""KABA is a project-based brand operated by members with different strengths from different industries. It is dedicated to the enhancement of skills of young craftsmen from Aomori Prefecture's traditional lacquerware craft """"Tsugaru-nuri,"""" and the succession and development of traditional crafts.Therefore, except for maintaining existing markets, it is essential to explore new markets for creating opportunities for young craftsmen to be recognized. KABA started the product planning and development five years ago, and began to sell and exhibit in Japan four years ago. Aiming to expand into overseas markets, KABA has exhibited not only in Japan but also overseas, such as Paris, New York, Hong Kong, and Taiwan. This year, It continues participing in both domestic and international exhibitions, with plans to develop and launch new products. KABA是一個由不同業界的成員運用各自的專長營運的企劃型品牌，致力提高青森縣傳統漆器工藝「津輕塗」的年輕工匠之技術，協助傳統的傳承和發展。因此不僅要維持現有市場，還需要開拓新市場，以創造年輕工匠被接納的可能性。KABA在五年前開始認真策劃和開發商品，並於四年前開始在日本國內進行銷售和參展。同時以拓展海外市場為目標，除了在日本國內，也曾在巴黎、紐約、香港、台灣等地參展。今年亦將在日本國內及海外參展，並計劃開發和推出新商品。""","""KABA is a project-based brand operated by members with different strengths from different industries. It is dedicated to the enhancement of skills of young craftsmen from Aomori Prefecture's traditional lacquerware craft """"Tsugaru-nuri,"""" and the succession and development of traditional crafts.Therefore, except for maintaining existing markets, it is essential to explore new markets for creating opportunities for young craftsmen to be recognized. KABA started the product planning and development five years ago, and began to sell and exhibit in Japan four years ago. Aiming to expand into overseas markets, KABA has exhibited not only in Japan but also overseas, such as Paris, New York, Hong Kong, and Taiwan. This year, It continues participing in both domestic and international exhibitions, with plans to develop and launch new products. KABA是一個由不同業界的成員運用各自的專長營運的企劃型品牌，致力提高青森縣傳統漆器工藝「津輕塗」的年輕工匠之技術，協助傳統的傳承和發展。因此不僅要維持現有市場，還需要開拓新市場，以創造年輕工匠被接納的可能性。KABA在五年前開始認真策劃和開發商品，並於四年前開始在日本國內進行銷售和參展。同時以拓展海外市場為目標，除了在日本國內，也曾在巴黎、紐約、香港、台灣等地參展。今年亦將在日本國內及海外參展，並計劃開發和推出新商品。""",,Exhibitor,Hong Kong Home InStyle 2025,5E-E35,Cultural and Creative Avenue,,1,,,,,https://www.hktdc.com/event/homeinstyle/en/exhibitor/1S005M51S,0,
Kaike-gama,Kaike-gama,Japan,,,,Exhibitor,Hong Kong Home InStyle 2025,5E-D36,Cultural and Creative Avenue,,1,,,,,https://www.hktdc.com/event/homeinstyle/en/exhibitor/1S005MUWI,0,
Kaishudo,Kaishudo,Japan,,,,Exhibitor,Hong Kong Home InStyle 2025,5E-D36,Cultural and Creative Avenue,,1,,,,,https://www.hktdc.com/event/homeinstyle/en/exhibitor/1S005MUYC,0,
Kobo Yumihama,Kobo Yumihama,Japan,,,,Exhibitor,Hong Kong Home InStyle 2025,5E-D36,Cultural and Creative Avenue,,1,,,,,https://www.hktdc.com/event/homeinstyle/en/exhibitor/1S005MV12,0,
Kokuzo-yaki,Kokuzo-yaki,Japan,,,,Exhibitor,Hong Kong Home InStyle 2025,5E-D36,Cultural and Creative Avenue,,1,,,,,https://www.hktdc.com/event/homeinstyle/en/exhibitor/1S005MUN9,0,
"Laizhou Lif Arts & Crafts Co., Ltd.","Laizhou Lif Arts & Crafts Co., Ltd.",Chinese Mainland,Knitting Crafts,Knitting Crafts,,Exhibitor,Hong Kong Home InStyle 2025,5E-B16,Cultural and Creative Avenue,,1,,,"Knitting Crafts; Our main products are bags, hats and home decor products made in many different kinds of materials like raffia, seagrass, wheats, straw, corn husk, wicker, bamboo, rattan, paper, cotton or jute fabrics and coils, polyester, PP, felt, wood and iroN; OEM","Knitting Crafts; Our main products are bags, hats and home decor products made in many different kinds of materials like raffia, seagrass, wheats, straw, corn husk, wicker, bamboo, rattan, paper, cotton or jute fabrics and coils, polyester, PP, felt, wood and iroN; OEM",https://www.hktdc.com/event/homeinstyle/en/exhibitor/1S005MQND,0,
"Linshu LiuZhiyun Arts & Crafts Co., Ltd.","Linshu LiuZhiyun Arts & Crafts Co., Ltd.",Chinese Mainland,Dish Rack,Dish Rack,,Exhibitor,Hong Kong Home InStyle 2025,5E-B16,Cultural and Creative Avenue,,1,,,Dish Rack; Outdoor products; ODM,Dish Rack; Outdoor products; ODM,https://www.hktdc.com/event/homeinstyle/en/exhibitor/1S005MRKL,0,
"Linyi Chengnuo Arts and Crafts Co., Ltd","Linyi Chengnuo Arts and Crafts Co., Ltd",Chinese Mainland,Painting & Print,Painting & Print,,Exhibitor,Hong Kong Home InStyle 2025,5E-B16,Cultural and Creative Avenue,,1,,,Painting & Print; Others,Painting & Print; Others,https://www.hktdc.com/event/homeinstyle/en/exhibitor/1S005MRO9,0,
"Linyi Wooden Toy Co., Ltd","Linyi Wooden Toy Co., Ltd",Chinese Mainland,"Paper Crafts,Painting & Print,Sculpture,Art & Collectibles,Wall Decoration & Hangings","Paper Crafts,Painting & Print,Sculpture,Art & Collectibles,Wall Decoration & Hangings",,Exhibitor,Hong Kong Home InStyle 2025,5E-B16,Cultural and Creative Avenue,,1,,,"Paper Crafts,Painting & Print,Sculpture,Art & Collectibles,Wall Decoration & Hangings; OBM","Paper Crafts,Painting & Print,Sculpture,Art & Collectibles,Wall Decoration & Hangings; OBM",https://www.hktdc.com/event/homeinstyle/en/exhibitor/1S005MRR0,0,
Makidani-gama,Makidani-gama,Japan,,,,Exhibitor,Hong Kong Home InStyle 2025,5E-D36,Cultural and Creative Avenue,,1,,,,,https://www.hktdc.com/event/homeinstyle/en/exhibitor/1S005MUMC,0,
Matsuda Dyeing Studio,Matsuda Dyeing Studio,Japan,,,,Exhibitor,Hong Kong Home InStyle 2025,5E-D36,Cultural and Creative Avenue,,1,,,,,https://www.hktdc.com/event/homeinstyle/en/exhibitor/1S005MV2Z,0,
Meg Hawkins Limited,Meg Hawkins Limited,United Kingdom,,,,Exhibitor,Hong Kong Home InStyle 2025,5E-M13,Cultural and Creative Avenue,,1,,,,,https://www.hktdc.com/event/homeinstyle/en/exhibitor/1S005MQF1,0,
Mitsuyoshi Morishita,Mitsuyoshi Morishita,Japan,,,,Exhibitor,Hong Kong Home InStyle 2025,5E-D36,Cultural and Creative Avenue,,1,,,,,https://www.hktdc.com/event/homeinstyle/en/exhibitor/1S005MUSU,0,
PURE TABLE TOP LTD,PURE TABLE TOP LTD,United Kingdom,,,,Exhibitor,Hong Kong Home InStyle 2025,5E-M13,Cultural and Creative Avenue,,1,,,,,https://www.hktdc.com/event/homeinstyle/en/exhibitor/1S005MQHV,0,
"Qiaolin New Luban Shandong Toy Manufacturing Co., Ltd.","Qiaolin New Luban Shandong Toy Manufacturing Co., Ltd.",Chinese Mainland,"Sculpture,Art & Collectibles,Wall Decoration & Hangings","Sculpture,Art & Collectibles,Wall Decoration & Hangings",,Exhibitor,Hong Kong Home InStyle 2025,5E-B16,Cultural and Creative Avenue,,1,,,"Sculpture,Art & Collectibles,Wall Decoration & Hangings; 巧林榫卯积木是一款自由组合千变万化的益智积木，锻炼孩子空间逻辑思维能力与创造力！; OBM","Sculpture,Art & Collectibles,Wall Decoration & Hangings; 巧林榫卯积木是一款自由组合千变万化的益智积木，锻炼孩子空间逻辑思维能力与创造力！; OBM",https://www.hktdc.com/event/homeinstyle/en/exhibitor/1S005MQOA,0,
"Quandu Huanxi (Jinan) Cultural and Creative Co., Ltd.","Quandu Huanxi (Jinan) Cultural and Creative Co., Ltd.",Chinese Mainland,"Quandu Huanxi (Jinan) Cultural & Creative Co., Ltd. is a cultural innovation enterprise specializing in the design and production of city-themed souvenirs.","Quandu Huanxi (Jinan) Cultural & Creative Co., Ltd. is a cultural innovation enterprise specializing in the design and production of city-themed souvenirs.",,Exhibitor,Hong Kong Home InStyle 2025,5E-B16,Cultural and Creative Avenue,,1,,,"Umbrella,Paper Crafts,Plastic Crafts,Wood Crafts,Painting & Print,Art & Collectibles,Wall Decoration & Hangings; Global supplier of tourism souvenir design and manufacturing; ODM, OEM, OBM","Umbrella,Paper Crafts,Plastic Crafts,Wood Crafts,Painting & Print,Art & Collectibles,Wall Decoration & Hangings; Global supplier of tourism souvenir design and manufacturing; ODM, OEM, OBM",https://www.hktdc.com/event/homeinstyle/en/exhibitor/1S005MGVZ,0,
SAKIORI CHICKA,SAKIORI CHICKA,Japan,"SAKIORI CHICKA produces and sells traditional Japanese crafts applying ""SAKIORI"". Its products are mainly living goods. “SAKIORI"" is a weaving technique that uses old kimonos and fabrics as raw materials. The fabrics are torn into thin strips and being weaved together. SAKIORI CHICKA 製作並售賣運用「裂織」的日本傳統工藝品，成品主要為日常使用的生活雜貨。「裂織」是以古舊的和服和布料作為材料，將其撕裂成細條後進行編織的技法。","SAKIORI CHICKA produces and sells traditional Japanese crafts applying ""SAKIORI"". Its products are mainly living goods. “SAKIORI"" is a weaving technique that uses old kimonos and fabrics as raw materials. The fabrics are torn into thin strips and being weaved together. SAKIORI CHICKA 製作並售賣運用「裂織」的日本傳統工藝品，成品主要為日常使用的生活雜貨。「裂織」是以古舊的和服和布料作為材料，將其撕裂成細條後進行編織的技法。",,Exhibitor,Hong Kong Home InStyle 2025,5E-E35,Cultural and Creative Avenue,,1,,,,,https://www.hktdc.com/event/homeinstyle/en/exhibitor/1S005M4ZZ,0,
"Shandong Fengzhili Trading Co., Ltd","Shandong Fengzhili Trading Co., Ltd",Chinese Mainland,"Paper Crafts,Sculpture","Paper Crafts,Sculpture",,Exhibitor,Hong Kong Home InStyle 2025,5E-B16,Cultural and Creative Avenue,,1,,,"Paper Crafts,Sculpture; OEM, OBM","Paper Crafts,Sculpture; OEM, OBM",https://www.hktdc.com/event/homeinstyle/en/exhibitor/1S005MTZA,0,
"Shandong Goodwood Imp. And Exp. Co., Ltd.","Shandong Goodwood Imp. And Exp. Co., Ltd.",Chinese Mainland,"Company base on professional wood factories, nearly 20 years experienced working teams & powerful budget, every year import logs & Timbers from America, Canada, Russia, Australia, New Zealand. export Plywood, OSB, Laminated PB/MDF, Solid wood panel, series of wooden Furnitures, crafts to more than 30 countries all over the world including Europe, USA, Japan, Korea, India, Middle East ,Africa.","Company base on professional wood factories, nearly 20 years experienced working teams & powerful budget, every year import logs & Timbers from America, Canada, Russia, Australia, New Zealand. export Plywood, OSB, Laminated PB/MDF, Solid wood panel, series of wooden Furnitures, crafts to more than 30 countries all over the world including Europe, USA, Japan, Korea, India, Middle East ,Africa.",,Exhibitor,Hong Kong Home InStyle 2025,5E-B16,Cultural and Creative Avenue,,1,,,"Children Furniture,Living Room Furniture,Sculpture,Wall Decoration & Hangings; Handcrafted wood artisanry & original design products; ODM, OEM","Children Furniture,Living Room Furniture,Sculpture,Wall Decoration & Hangings; Handcrafted wood artisanry & original design products; ODM, OEM",https://www.hktdc.com/event/homeinstyle/en/exhibitor/1S005MQMG,0,
"Shandong Kadele Education Technology Co., Ltd.","Shandong Kadele Education Technology Co., Ltd.",Chinese Mainland,"At Kadele, we believe in the power of imagination and the endless possibilities of play. Founded in 2013 by visionary toy expert Zhang Heng, who brought with him over 30 years of industry experience, Kadele was born from a passion for innovation. After a decade of research and development, we introduced the world to our groundbreaking multihedron building blocks in 2019. Unlike traditional blocks, Kadele's unique design allows for dynamic and lifelike creations, inspiring creativity and spatial thinking in builders of all ages. We are dedicated to delivering high-quality, safe, and educational toys that spark joy and foster learning. Today, Kadele is proud to be a leader in redefining building play, offering children and families a whole new way to imagine, build, and grow.","At Kadele, we believe in the power of imagination and the endless possibilities of play. Founded in 2013 by visionary toy expert Zhang Heng, who brought with him over 30 years of industry experience, Kadele was born from a passion for innovation. After a decade of research and development, we introduced the world to our groundbreaking multihedron building blocks in 2019. Unlike traditional blocks, Kadele's unique design allows for dynamic and lifelike creations, inspiring creativity and spatial thinking in builders of all ages. We are dedicated to delivering high-quality, safe, and educational toys that spark joy and foster learning. Today, Kadele is proud to be a leader in redefining building play, offering children and families a whole new way to imagine, build, and grow.",,Exhibitor,Hong Kong Home InStyle 2025,5E-B16,Cultural and Creative Avenue,,1,,,"Art & Collectibles; Kadele Blocks- Panda Family,  Pet Dog series, Bunny series, Soccer, Basketball, American Football.; OBM","Art & Collectibles; Kadele Blocks- Panda Family,  Pet Dog series, Bunny series, Soccer, Basketball, American Football.; OBM",https://www.hktdc.com/event/homeinstyle/en/exhibitor/1S005MQQ4,0,
"Shandong Moshang Fenghua Culture Media Co., Ltd.","Shandong Moshang Fenghua Culture Media Co., Ltd.",Chinese Mainland,Art & Collectibles,Art & Collectibles,,Exhibitor,Hong Kong Home InStyle 2025,5E-B16,Cultural and Creative Avenue,,1,,,Art & Collectibles; 作为非遗项目泉水扎染，一直在想如何打造文化礼品，彰显非遗底蕴，且可以融入生活，成为随手可得的物件表达朋友亲人之间的心意，文房四宝+镇纸+桌旗是泉水扎染的一次新的尝试。桌旗用中国汉族2500年历史，并融入泉水文化的泉水扎染技艺手工染成；镇纸里放入了艺术化处理的泉水元素，就这样组成了一组泉水扎染风格的文房四宝礼盒。; Others,Art & Collectibles; 作为非遗项目泉水扎染，一直在想如何打造文化礼品，彰显非遗底蕴，且可以融入生活，成为随手可得的物件表达朋友亲人之间的心意，文房四宝+镇纸+桌旗是泉水扎染的一次新的尝试。桌旗用中国汉族2500年历史，并融入泉水文化的泉水扎染技艺手工染成；镇纸里放入了艺术化处理的泉水元素，就这样组成了一组泉水扎染风格的文房四宝礼盒。; Others,https://www.hktdc.com/event/homeinstyle/en/exhibitor/1S005MTWJ,0,
"Shandong Qiuyu Cultural Development Co., Ltd.","Shandong Qiuyu Cultural Development Co., Ltd.",Chinese Mainland,"Shandong Qiuyu Cultural Development Co., Ltd. is an enterprise mainly engaged in cultural brand construction, cultural tourism industry construction, and cultural creative design. The company is a cultural and creative industry company that provides clients with enterprise brand planning and marketing, brand strategy and positioning, marketing and public relations communication, image and cultural construction, etc. We have a high-level team and experience advantages in cultural construction base, film and television production, creative space design, environmental display integration and communication, creative planning, and educational research. We are committed to building a communication integration supply chain with excellent creativity as the core. Our clients include Confucius Museum, National Museum, Shandong Museum, Shandong Provincial Department of Personnel, Chongqing Wulong Scenic Area, etc.","Shandong Qiuyu Cultural Development Co., Ltd. is an enterprise mainly engaged in cultural brand construction, cultural tourism industry construction, and cultural creative design. The company is a cultural and creative industry company that provides clients with enterprise brand planning and marketing, brand strategy and positioning, marketing and public relations communication, image and cultural construction, etc. We have a high-level team and experience advantages in cultural construction base, film and television production, creative space design, environmental display integration and communication, creative planning, and educational research. We are committed to building a communication integration supply chain with excellent creativity as the core. Our clients include Confucius Museum, National Museum, Shandong Museum, Shandong Provincial Department of Personnel, Chongqing Wulong Scenic Area, etc.",,Exhibitor,Hong Kong Home InStyle 2025,5E-B16,Cultural and Creative Avenue,,1,,,"Paper Crafts,Painting & Print,Sculpture,Art & Collectibles,Wall Decoration & Hangings; The company is a cultural and creative industry company that provides clients with enterprise brand planning and marketing, brand strategy and positioning, marketing and public relations communication, image and cultural construction, etc.; Others","Paper Crafts,Painting & Print,Sculpture,Art & Collectibles,Wall Decoration & Hangings; The company is a cultural and creative industry company that provides clients with enterprise brand planning and marketing, brand strategy and positioning, marketing and public relations communication, image and cultural construction, etc.; Others",https://www.hktdc.com/event/homeinstyle/en/exhibitor/1S005MDH8,0,
"Shandong Rumuchunfeng Culture Communication Co., Ltd.","Shandong Rumuchunfeng Culture Communication Co., Ltd.",Chinese Mainland,"In Chinese ancient rituals, Jiali Ceremony celebrates life's milestones and strengthens bonds. Shandong Rumuchunfeng Culture Communication Co., Ltd. specializes in reviving traditional Chinese etiquette with modern innovation. Services include Chinese ritual event planning, intangible cultural heritage (ICH) activities, study tours, corporate etiquette training, and cultural guidance. Their ""Jiali"" brand holds district-level ICH status. Guided by principles of integrity, virtue, speech, conduct, and propriety, the team has organized ceremonies like First Writing and Coming-of-Age Rites. They've hosted over 100 ICH study and cultural innovation events, gaining widespread recognition. Rooted in Shandong's cultural heritage, Jiali integrates Confucian values into creative products. Lucky charms like Champion Decorations, fridge magnets, and bookmarks offer tangible connections to tradition through symbolic designs.","In Chinese ancient rituals, Jiali Ceremony celebrates life's milestones and strengthens bonds. Shandong Rumuchunfeng Culture Communication Co., Ltd. specializes in reviving traditional Chinese etiquette with modern innovation. Services include Chinese ritual event planning, intangible cultural heritage (ICH) activities, study tours, corporate etiquette training, and cultural guidance. Their ""Jiali"" brand holds district-level ICH status. Guided by principles of integrity, virtue, speech, conduct, and propriety, the team has organized ceremonies like First Writing and Coming-of-Age Rites. They've hosted over 100 ICH study and cultural innovation events, gaining widespread recognition. Rooted in Shandong's cultural heritage, Jiali integrates Confucian values into creative products. Lucky charms like Champion Decorations, fridge magnets, and bookmarks offer tangible connections to tradition through symbolic designs.",,Exhibitor,Hong Kong Home InStyle 2025,5E-B16,Cultural and Creative Avenue,,1,,,"Paper Crafts,Resin Crafts,Art & Collectibles; Academician-style Prosperous Future (yellow cap, cert/scroll) inspires learning; Courteous Confucius bows;Dream-Achieved (top scholar) symbolizes success;six arts bookworms (ritual/music/archery/charioteering/literature/math)reflect Confucian values.; Others","Paper Crafts,Resin Crafts,Art & Collectibles; Academician-style Prosperous Future (yellow cap, cert/scroll) inspires learning; Courteous Confucius bows;Dream-Achieved (top scholar) symbolizes success;six arts bookworms (ritual/music/archery/charioteering/literature/math)reflect Confucian values.; Others",https://www.hktdc.com/event/homeinstyle/en/exhibitor/1S005MLUX,0,
Shinobu Kogeiten,Shinobu Kogeiten,Japan,,,,Exhibitor,Hong Kong Home InStyle 2025,5E-D36,Cultural and Creative Avenue,,1,,,,,https://www.hktdc.com/event/homeinstyle/en/exhibitor/1S005MURX,0,
Skyline Chess Limited,Skyline Chess Limited,United Kingdom,,,,Exhibitor,Hong Kong Home InStyle 2025,5E-M13,Cultural and Creative Avenue,,1,,,,,https://www.hktdc.com/event/homeinstyle/en/exhibitor/1S005MQE4,0,
Sue Ure Maison Ltd,Sue Ure Maison Ltd,United Kingdom,,,,Exhibitor,Hong Kong Home InStyle 2025,5E-M13,Cultural and Creative Avenue,,1,,,,,https://www.hktdc.com/event/homeinstyle/en/exhibitor/1S005MPHW,0,
Tadeco Home,Tadeco Home,Philippines,,,,Exhibitor,Hong Kong Home InStyle 2025,5E-E33,Cultural and Creative Avenue,,1,,,,,https://www.hktdc.com/event/homeinstyle/en/exhibitor/1S005MQJP,0,
Talking Tables Ltd,Talking Tables Ltd,United Kingdom,,,,Exhibitor,Hong Kong Home InStyle 2025,5E-M13,Cultural and Creative Avenue,,1,,,,,https://www.hktdc.com/event/homeinstyle/en/exhibitor/1S005MQD7,0,
Tottori Inaba-yaki,Tottori Inaba-yaki,Japan,,,,Exhibitor,Hong Kong Home InStyle 2025,5E-D36,Cultural and Creative Avenue,,1,,,,,https://www.hktdc.com/event/homeinstyle/en/exhibitor/1S005MUTR,0,
Uradome-yaki,Uradome-yaki,Japan,,,,Exhibitor,Hong Kong Home InStyle 2025,5E-D36,Cultural and Creative Avenue,,1,,,,,https://www.hktdc.com/event/homeinstyle/en/exhibitor/1S005MUP3,0,
"Weihai Jihong Cultural and Creative Co., Ltd","Weihai Jihong Cultural and Creative Co., Ltd",Chinese Mainland,"Tea Set,Metal Craft,Art & Collectibles,Product Research and Development Service","Tea Set,Metal Craft,Art & Collectibles,Product Research and Development Service",,Exhibitor,Hong Kong Home InStyle 2025,5E-B16,Cultural and Creative Avenue,,1,,,"Tea Set,Metal Craft,Art & Collectibles,Product Research and Development Service; Focus on the design and production of Weihai tin inlay handicraft skills, research experience and private customization, characteristic tin inlay cultural and creative development; Others","Tea Set,Metal Craft,Art & Collectibles,Product Research and Development Service; Focus on the design and production of Weihai tin inlay handicraft skills, research experience and private customization, characteristic tin inlay cultural and creative development; Others",https://www.hktdc.com/event/homeinstyle/en/exhibitor/1S005MQLJ,0,
Wrendale Designs,Wrendale Designs,United Kingdom,,,,Exhibitor,Hong Kong Home InStyle 2025,5E-M13,Cultural and Creative Avenue,,1,,,,,https://www.hktdc.com/event/homeinstyle/en/exhibitor/1S005MQ9J,0,
YANAGIYA REPRODUCT,YANAGIYA REPRODUCT,Japan,,,,Exhibitor,Hong Kong Home InStyle 2025,5E-D36,Cultural and Creative Avenue,,1,,,,,https://www.hktdc.com/event/homeinstyle/en/exhibitor/1S005MGKW,0,
Yashima Iron,Yashima Iron,Japan,,,,Exhibitor,Hong Kong Home InStyle 2025,5E-D36,Cultural and Creative Avenue,,1,,,,,https://www.hktdc.com/event/homeinstyle/en/exhibitor/1S005MGMQ,0,
"Zibo Kaiwen Haite Light Industry Products Co., Ltd","Zibo Kaiwen Haite Light Industry Products Co., Ltd",Chinese Mainland,"Paper Crafts,Painting & Print","Paper Crafts,Painting & Print",,Exhibitor,Hong Kong Home InStyle 2025,5E-B16,Cultural and Creative Avenue,,1,,,"Paper Crafts,Painting & Print; Others","Paper Crafts,Painting & Print; Others",https://www.hktdc.com/event/homeinstyle/en/exhibitor/1S005MRMF,0,
ko-ma,ko-ma,Japan,,,,Exhibitor,Hong Kong Home InStyle 2025,5E-D36,Cultural and Creative Avenue,,1,,,,,https://www.hktdc.com/event/homeinstyle/en/exhibitor/1S005MUQ0,0,
lore + needles,lore + needles,Japan,,,,Exhibitor,Hong Kong Home InStyle 2025,5E-D36,Cultural and Creative Avenue,,1,,,,,https://www.hktdc.com/event/homeinstyle/en/exhibitor/1S005MV05,0,
mclaggan+co,mclaggan+co,United Kingdom,,,,Exhibitor,Hong Kong Home InStyle 2025,5E-M13,Cultural and Creative Avenue,,1,,,,,https://www.hktdc.com/event/homeinstyle/en/exhibitor/1S005MQGY,0,
mitumame,mitumame,Japan,"mitumame is a ""SASHIKO"" unit from Tsugaru region of Aomori Prefecture. Using ""SASHIKO"" embroidery technique, created for reinforcing and insulating fabric in cold and harsh living environment, mitumame produces items that align with modern life. mitumame 是青森縣津輕地區的「刺子繡」組織。在生活條件嚴峻的寒冷地區，用於加固布料和保溫的「刺子繡」技法因而誕生。mitumame 使用 「刺子繡」製作出適合現代生活使用的物品。","mitumame is a ""SASHIKO"" unit from Tsugaru region of Aomori Prefecture. Using ""SASHIKO"" embroidery technique, created for reinforcing and insulating fabric in cold and harsh living environment, mitumame produces items that align with modern life. mitumame 是青森縣津輕地區的「刺子繡」組織。在生活條件嚴峻的寒冷地區，用於加固布料和保溫的「刺子繡」技法因而誕生。mitumame 使用 「刺子繡」製作出適合現代生活使用的物品。",,Exhibitor,Hong Kong Home InStyle 2025,5E-E35,Cultural and Creative Avenue,,1,,,,,https://www.hktdc.com/event/homeinstyle/en/exhibitor/1S005M50V,0,
sajiwashi,sajiwashi,Japan,,,,Exhibitor,Hong Kong Home InStyle 2025,5E-D36,Cultural and Creative Avenue,,1,,,,,https://www.hktdc.com/event/homeinstyle/en/exhibitor/1S005MUZ9,0,
tree frog,tree frog,Japan,,,,Exhibitor,Hong Kong Home InStyle 2025,5E-D36,Cultural and Creative Avenue,,1,,,,,https://www.hktdc.com/event/homeinstyle/en/exhibitor/1S005MUXF,0,
ukiroosh.,ukiroosh.,Japan,,,,Exhibitor,Hong Kong Home InStyle 2025,5E-D36,Cultural and Creative Avenue,,1,,,,,https://www.hktdc.com/event/homeinstyle/en/exhibitor/1S005MV3W,0,
Huiyuan International Exhibition Co. Ltd,Huiyuan International Exhibition Co. Ltd,Chinese Mainland,"Kitchen Utensil,Tableware,Metal Craft,Resin Crafts,Ceramic Crafts,Wood Crafts,Decorative Bowl,Decorative Plate,Fabric Crafts,Halloween Supply","Kitchen Utensil,Tableware,Metal Craft,Resin Crafts,Ceramic Crafts,Wood Crafts,Decorative Bowl,Decorative Plate,Fabric Crafts,Halloween Supply",,Exhibitor,Hong Kong Home InStyle 2025,3C-F15,Trade Services,,1,,,"Kitchen Utensil,Tableware,Metal Craft,Resin Crafts,Ceramic Crafts,Wood Crafts,Decorative Bowl,Decorative Plate,Fabric Crafts,Halloween Supply; Homeware; Others","Kitchen Utensil,Tableware,Metal Craft,Resin Crafts,Ceramic Crafts,Wood Crafts,Decorative Bowl,Decorative Plate,Fabric Crafts,Halloween Supply; Homeware; Others",https://www.hktdc.com/event/homeinstyle/en/exhibitor/1S005MRAF,0,
"Guangdong Chaoyu Exhibition Co., Ltd.","Guangdong Chaoyu Exhibition Co., Ltd.",Chinese Mainland,Association Service,Association Service,,Exhibitor,Hong Kong Home InStyle 2025,3E-E10,Trade Services,,1,,,Association Service; exhibition; Others,Association Service; exhibition; Others,https://www.hktdc.com/event/homeinstyle/en/exhibitor/1S005MTRY,0,
Shandong Hiexpo International Exhibition Co Ltd,Shandong Hiexpo International Exhibition Co Ltd,Chinese Mainland,Association Service,Association Service,,Exhibitor,Hong Kong Home InStyle 2025,3D-D23,Trade Services,,1,,,"Association Service; Exhibition service; OBM, OEM","Association Service; Exhibition service; OBM, OEM",https://www.hktdc.com/event/homeinstyle/en/exhibitor/1S005MTSV,0,
Sino-Shine Overseas Engineering and Development Ltd,Sino-Shine Overseas Engineering and Development Ltd,Chinese Mainland,"Glass Crafts,Ceramic Crafts,Christmas Supply,Halloween Supply,Home Fragrance","Glass Crafts,Ceramic Crafts,Christmas Supply,Halloween Supply,Home Fragrance",,Exhibitor,Hong Kong Home InStyle 2025,,Group Pavilions,Chinese Mainland (Hunan) Pavilion,1,,,"Glass Crafts,Ceramic Crafts,Christmas Supply,Halloween Supply,Home Fragrance; Ceramics; ODM, OBM","Glass Crafts,Ceramic Crafts,Christmas Supply,Halloween Supply,Home Fragrance; Ceramics; ODM, OBM",https://www.hktdc.com/event/homeinstyle/en/exhibitor/1S005MTP4,0,
"Zhejiang International Trade & Exhibition Co., Ltd.","Zhejiang International Trade & Exhibition Co., Ltd.",Chinese Mainland,Association Service,Association Service,,Exhibitor,Hong Kong Home InStyle 2025,,Trade Services,,1,,,Association Service; Exhibition; Others,Association Service; Exhibition; Others,https://www.hktdc.com/event/homeinstyle/en/exhibitor/1S005MTTS,0,
"Taizhou Qijia Imp & Exp Co., Ltd","Taizhou Qijia Imp & Exp Co., Ltd",Chinese Mainland,"Kitchen Utensil,Tableware,Storage Box,Home Storage & Organisation","Kitchen Utensil,Tableware,Storage Box,Home Storage & Organisation",,Exhibitor,Hong Kong Home InStyle 2025,,,,1,,,"Kitchen Utensil,Tableware,Storage Box,Home Storage & Organisation; Home; ODM","Kitchen Utensil,Tableware,Storage Box,Home Storage & Organisation; Home; ODM",https://www.hktdc.com/event/homeinstyle/en/exhibitor/1S005MTQ1,0,
