NAME_KR,NAME_EN,COUNTRY,INTRO_KR,INTRO_EN,WEBSITE,PARTICIPATION_TYPE,EXHIBITION_NAME_EN,BOOTH_NAME,HALL_NAME,PAVILION_NAME,FLOOR,X_COORD,Y_COORD,INDUSTRY_NAME_KR,INDUSTRY_NAME_EN,DETAIL_URL,PRODUCT_COUNT,PRODUCT_LIST
Man Sang Envelope Manufacturing Co Ltd,Man Sang Envelope Manufacturing Co Ltd,Hong Kong,"Man Sang provides one-stop shop printing solution to all business needs. We are experienced in the printing industry for more than 44 years, offering both OEM and ODM services. Our product categories including commercial printing, packaging for all industries, seasonal packaging, promotion materials, customized VIP gifts & PR kits, personalized gifts on various materials, etc.","Man Sang provides one-stop shop printing solution to all business needs. We are experienced in the printing industry for more than 44 years, offering both OEM and ODM services. Our product categories including commercial printing, packaging for all industries, seasonal packaging, promotion materials, customized VIP gifts & PR kits, personalized gifts on various materials, etc.",,Exhibitor,DeLuxe PrintPack Hong Kong,3-A06,DeLuxe PrintPack Hong Kong,,1,,,"Paper Decoration,Presentation Box,Packaging Design,Cosmetics Packaging,Wine Packaging,Luxury Packaging,Smart Packaging,Jewelry Packaging & Display,Glasses Packaging,Glass Packaging; Gift Boxes, Gifts Packaging, Food Packaging, Customized Gifts, Personalized Gifts, Promotion Materials, Commercial Printing, Graphic & Product Design services.; OEM, ODM","Paper Decoration,Presentation Box,Packaging Design,Cosmetics Packaging,Wine Packaging,Luxury Packaging,Smart Packaging,Jewelry Packaging & Display,Glasses Packaging,Glass Packaging; Gift Boxes, Gifts Packaging, Food Packaging, Customized Gifts, Personalized Gifts, Promotion Materials, Commercial Printing, Graphic & Product Design services.; OEM, ODM",https://www.hktdc.com/event/deluxeprintpackhk/en/exhibitor/1S005ISRZ,40,https://www.hktdc.com/event/deluxeprintpackhk/en/product/1Z03NI3QR; https://www.hktdc.com/event/deluxeprintpackhk/en/product/1Z03NI3QR; https://www.hktdc.com/event/deluxeprintpackhk/en/product/1Z03NI1RQ; https://www.hktdc.com/event/deluxeprintpackhk/en/product/1Z03NI1RQ; https://www.hktdc.com/event/deluxeprintpackhk/en/product/1Z03JPRHU; https://www.hktdc.com/event/deluxeprintpackhk/en/product/1Z03JPRHU; https://www.hktdc.com/event/deluxeprintpackhk/en/product/1Z03K8MZH; https://www.hktdc.com/event/deluxeprintpackhk/en/product/1Z03K8MZH; https://www.hktdc.com/event/deluxeprintpackhk/en/product/1Z03K8N5Y; https://www.hktdc.com/event/deluxeprintpackhk/en/product/1Z03K8N5Y; https://www.hktdc.com/event/deluxeprintpackhk/en/product/1Z03NFCXX; https://www.hktdc.com/event/deluxeprintpackhk/en/product/1Z03NFCXX; https://www.hktdc.com/event/deluxeprintpackhk/en/product/1Z03NFCW0; https://www.hktdc.com/event/deluxeprintpackhk/en/product/1Z03NFCW0; https://www.hktdc.com/event/deluxeprintpackhk/en/product/1Z03NF5QP; https://www.hktdc.com/event/deluxeprintpackhk/en/product/1Z03NF5QP; https://www.hktdc.com/event/deluxeprintpackhk/en/product/1Z03NF5M1; https://www.hktdc.com/event/deluxeprintpackhk/en/product/1Z03NF5M1; https://www.hktdc.com/event/deluxeprintpackhk/en/product/1Z03NF4A2; https://www.hktdc.com/event/deluxeprintpackhk/en/product/1Z03NF4A2; https://www.hktdc.com/event/deluxeprintpackhk/en/product/1Z03NF2WA; https://www.hktdc.com/event/deluxeprintpackhk/en/product/1Z03NF2WA; https://www.hktdc.com/event/deluxeprintpackhk/en/product/1Z03NF2M4; https://www.hktdc.com/event/deluxeprintpackhk/en/product/1Z03NF2M4; https://www.hktdc.com/event/deluxeprintpackhk/en/product/1Z03NF2CY; https://www.hktdc.com/event/deluxeprintpackhk/en/product/1Z03NF2CY; https://www.hktdc.com/event/deluxeprintpackhk/en/product/1Z03NF27D; https://www.hktdc.com/event/deluxeprintpackhk/en/product/1Z03NF27D; https://www.hktdc.com/event/deluxeprintpackhk/en/product/1Z03MJM5Z; https://www.hktdc.com/event/deluxeprintpackhk/en/product/1Z03MJM5Z; https://www.hktdc.com/event/deluxeprintpackhk/en/product/1Z03NF1VE; https://www.hktdc.com/event/deluxeprintpackhk/en/product/1Z03NF1VE; https://www.hktdc.com/event/deluxeprintpackhk/en/product/1Z03MJMF5; https://www.hktdc.com/event/deluxeprintpackhk/en/product/1Z03MJMF5; https://www.hktdc.com/event/deluxeprintpackhk/en/product/1Z03MJMAK; https://www.hktdc.com/event/deluxeprintpackhk/en/product/1Z03MJMAK; https://www.hktdc.com/event/deluxeprintpackhk/en/product/1Z03MJL50; https://www.hktdc.com/event/deluxeprintpackhk/en/product/1Z03MJL50; https://www.hktdc.com/event/deluxeprintpackhk/en/product/1Z03MJKF7; https://www.hktdc.com/event/deluxeprintpackhk/en/product/1Z03MJKF7
EXHIBITION+,EXHIBITION+,Hong Kong,"The Hong Kong Trade Development Council (HKTDC) introduces ‘EXHIBITION+’, a brand-new exhibition model integrating online-and-offline trade show formats, extending face-to-face interactions from its world-class exhibitions in Hong Kong to an online smart business matching platform to help you connect business partners proactively.","The Hong Kong Trade Development Council (HKTDC) introduces ‘EXHIBITION+’, a brand-new exhibition model integrating online-and-offline trade show formats, extending face-to-face interactions from its world-class exhibitions in Hong Kong to an online smart business matching platform to help you connect business partners proactively.",,Exhibitor,DeLuxe PrintPack Hong Kong,,DeLuxe PrintPack Hong Kong,,1,,,,,https://www.hktdc.com/event/deluxeprintpackhk/en/exhibitor/1S005LMKQ,2,https://www.hktdc.com/event/deluxeprintpackhk/en/product/1Z03KFPCB; https://www.hktdc.com/event/deluxeprintpackhk/en/product/1Z03KFPCB
Marshallom (Holdings) Limited,Marshallom (Holdings) Limited,Hong Kong,"'Marshallom (Holdings) LTD'., is a leading manufacturing company located in Hong Kong. Our group was established in 1993, specializing in tin packaging. Our factory occupies an area of 150,000 square meters in Huizhou, Guangdong Province, China. It integrated with a one-way stop service to provide customer designing, printing manufacturing and finally packaging. We have over 4000 sets of mouldings available. With our fully equipped resources, our maximum monthly production capacity reaches up to 1.5 million pieces.","'Marshallom (Holdings) LTD'., is a leading manufacturing company located in Hong Kong. Our group was established in 1993, specializing in tin packaging. Our factory occupies an area of 150,000 square meters in Huizhou, Guangdong Province, China. It integrated with a one-way stop service to provide customer designing, printing manufacturing and finally packaging. We have over 4000 sets of mouldings available. With our fully equipped resources, our maximum monthly production capacity reaches up to 1.5 million pieces.",,Exhibitor,DeLuxe PrintPack Hong Kong,3-A05,DeLuxe PrintPack Hong Kong,,1,,,"Metal Box & Can; Tin box tin can metal box metal can, round tin rectangle tin; OEM, ODM","Metal Box & Can; Tin box tin can metal box metal can, round tin rectangle tin; OEM, ODM",https://www.hktdc.com/event/deluxeprintpackhk/en/exhibitor/1S005ISVN,28,https://www.hktdc.com/event/deluxeprintpackhk/en/product/1Z03M034L; https://www.hktdc.com/event/deluxeprintpackhk/en/product/1Z03M034L; https://www.hktdc.com/event/deluxeprintpackhk/en/product/1X1ZI3P2; https://www.hktdc.com/event/deluxeprintpackhk/en/product/1X1ZI3P2; https://www.hktdc.com/event/deluxeprintpackhk/en/product/1X1RG1IF; https://www.hktdc.com/event/deluxeprintpackhk/en/product/1X1RG1IF; https://www.hktdc.com/event/deluxeprintpackhk/en/product/1X0MFEWY; https://www.hktdc.com/event/deluxeprintpackhk/en/product/1X0MFEWY; https://www.hktdc.com/event/deluxeprintpackhk/en/product/1X0MFEVZ; https://www.hktdc.com/event/deluxeprintpackhk/en/product/1X0MFEVZ; https://www.hktdc.com/event/deluxeprintpackhk/en/product/1X0MFB4Z; https://www.hktdc.com/event/deluxeprintpackhk/en/product/1X0MFB4Z; https://www.hktdc.com/event/deluxeprintpackhk/en/product/1X0MFB03; https://www.hktdc.com/event/deluxeprintpackhk/en/product/1X0MFB03; https://www.hktdc.com/event/deluxeprintpackhk/en/product/1X0MF7A5; https://www.hktdc.com/event/deluxeprintpackhk/en/product/1X0MF7A5; https://www.hktdc.com/event/deluxeprintpackhk/en/product/1X0MBWVH; https://www.hktdc.com/event/deluxeprintpackhk/en/product/1X0MBWVH; https://www.hktdc.com/event/deluxeprintpackhk/en/product/1X0MBWB1; https://www.hktdc.com/event/deluxeprintpackhk/en/product/1X0MBWB1; https://www.hktdc.com/event/deluxeprintpackhk/en/product/1X0MBUF3; https://www.hktdc.com/event/deluxeprintpackhk/en/product/1X0MBUF3; https://www.hktdc.com/event/deluxeprintpackhk/en/product/1X0M0FSZ; https://www.hktdc.com/event/deluxeprintpackhk/en/product/1X0M0FSZ; https://www.hktdc.com/event/deluxeprintpackhk/en/product/1Z03M04DT; https://www.hktdc.com/event/deluxeprintpackhk/en/product/1Z03M04DT; https://www.hktdc.com/event/deluxeprintpackhk/en/product/1Z03K5ZUJ; https://www.hktdc.com/event/deluxeprintpackhk/en/product/1Z03K5ZUJ
Siluck (Hong Kong) Limited,Siluck (Hong Kong) Limited,Hong Kong,"SILUCK (HONG KONG) LIMITED which was founded in 1994 and the manufactory Goodview packaging products (ShenZhen) Company Limited was located in Shenzhen, is mainly specialized in the production of high-end watch boxes, jewelry boxes, gift boxes, pen boxes and other packaging boxes. The main boxes types including plastic boxes, cardboard boxes, wooden boxes and so on. Our company have already passed a series of certifications. We have won the trust and cooperation of many famous brands during the past years. We have the professional manufacturing management team and a series of advanced automatic equipment, which effectively improves production efficiency and reduces production costs, can provide a better quality of products and services for our customers. We are looking forward to providing more professional information to you. Welcome to contact us!","SILUCK (HONG KONG) LIMITED which was founded in 1994 and the manufactory Goodview packaging products (ShenZhen) Company Limited was located in Shenzhen, is mainly specialized in the production of high-end watch boxes, jewelry boxes, gift boxes, pen boxes and other packaging boxes. The main boxes types including plastic boxes, cardboard boxes, wooden boxes and so on. Our company have already passed a series of certifications. We have won the trust and cooperation of many famous brands during the past years. We have the professional manufacturing management team and a series of advanced automatic equipment, which effectively improves production efficiency and reduces production costs, can provide a better quality of products and services for our customers. We are looking forward to providing more professional information to you. Welcome to contact us!",,Exhibitor,DeLuxe PrintPack Hong Kong,3-B01,DeLuxe PrintPack Hong Kong,,1,,,"Presentation Box,Velvet Boxes/Bags,Packaging Design,Luxury Packaging,Jewelry Packaging & Display,Watch Packaging; Watch box jewelry box carton box; OBM, ODM, OEM","Presentation Box,Velvet Boxes/Bags,Packaging Design,Luxury Packaging,Jewelry Packaging & Display,Watch Packaging; Watch box jewelry box carton box; OBM, ODM, OEM",https://www.hktdc.com/event/deluxeprintpackhk/en/exhibitor/1S005IY6K,40,https://www.hktdc.com/event/deluxeprintpackhk/en/product/1Z03GT6M0; https://www.hktdc.com/event/deluxeprintpackhk/en/product/1Z03GT6M0; https://www.hktdc.com/event/deluxeprintpackhk/en/product/1Z03GRA82; https://www.hktdc.com/event/deluxeprintpackhk/en/product/1Z03GRA82; https://www.hktdc.com/event/deluxeprintpackhk/en/product/1Z03GSA1N; https://www.hktdc.com/event/deluxeprintpackhk/en/product/1Z03GSA1N; https://www.hktdc.com/event/deluxeprintpackhk/en/product/1Z03GT6A0; https://www.hktdc.com/event/deluxeprintpackhk/en/product/1Z03GT6A0; https://www.hktdc.com/event/deluxeprintpackhk/en/product/1Z03HUSO8; https://www.hktdc.com/event/deluxeprintpackhk/en/product/1Z03HUSO8; https://www.hktdc.com/event/deluxeprintpackhk/en/product/1Z03GSH2D; https://www.hktdc.com/event/deluxeprintpackhk/en/product/1Z03GSH2D; https://www.hktdc.com/event/deluxeprintpackhk/en/product/1Z03GTZVG; https://www.hktdc.com/event/deluxeprintpackhk/en/product/1Z03GTZVG; https://www.hktdc.com/event/deluxeprintpackhk/en/product/1Z03GSGYQ; https://www.hktdc.com/event/deluxeprintpackhk/en/product/1Z03GSGYQ; https://www.hktdc.com/event/deluxeprintpackhk/en/product/1Z03GRA1N; https://www.hktdc.com/event/deluxeprintpackhk/en/product/1Z03GRA1N; https://www.hktdc.com/event/deluxeprintpackhk/en/product/1Z03HUSJN; https://www.hktdc.com/event/deluxeprintpackhk/en/product/1Z03HUSJN; https://www.hktdc.com/event/deluxeprintpackhk/en/product/1Z03GS5OV; https://www.hktdc.com/event/deluxeprintpackhk/en/product/1Z03GS5OV; https://www.hktdc.com/event/deluxeprintpackhk/en/product/1Z03GS5PS; https://www.hktdc.com/event/deluxeprintpackhk/en/product/1Z03GS5PS; https://www.hktdc.com/event/deluxeprintpackhk/en/product/1Z03HUJNK; https://www.hktdc.com/event/deluxeprintpackhk/en/product/1Z03HUJNK; https://www.hktdc.com/event/deluxeprintpackhk/en/product/1Z03GTZN4; https://www.hktdc.com/event/deluxeprintpackhk/en/product/1Z03GTZN4; https://www.hktdc.com/event/deluxeprintpackhk/en/product/1Z03HV5ID; https://www.hktdc.com/event/deluxeprintpackhk/en/product/1Z03HV5ID; https://www.hktdc.com/event/deluxeprintpackhk/en/product/1Z03GTZKD; https://www.hktdc.com/event/deluxeprintpackhk/en/product/1Z03GTZKD; https://www.hktdc.com/event/deluxeprintpackhk/en/product/1Z03GQP4Z; https://www.hktdc.com/event/deluxeprintpackhk/en/product/1Z03GQP4Z; https://www.hktdc.com/event/deluxeprintpackhk/en/product/1Z03HUSTT; https://www.hktdc.com/event/deluxeprintpackhk/en/product/1Z03HUSTT; https://www.hktdc.com/event/deluxeprintpackhk/en/product/1Z03GXHT4; https://www.hktdc.com/event/deluxeprintpackhk/en/product/1Z03GXHT4; https://www.hktdc.com/event/deluxeprintpackhk/en/product/1Z03GTZSP; https://www.hktdc.com/event/deluxeprintpackhk/en/product/1Z03GTZSP
"Wing Chun Gift Boxes Product (HK) Co., Limited","Wing Chun Gift Boxes Product (HK) Co., Limited",Hong Kong,"WING CHUN is a specialized printing and packaging company , we want to set the standards in our industries. Through revolution rattan evolution, and solutions we create sustainable value for our customers. We provide printed packaging service to various renowned brands. Our head company located in Hong Kong, and our factory located in Guang Dong. We had successfully obtained ISO9001: FSC, G7 , QS food packing, certification etc. With our rich experience in printing packaging more than 10 years, we help customer to promote their products & brand names, we can supply various products specially design Luxury packaging gift boxes, paper bag, paper pulp trays, clear plastic box, trademark sticker and so on. We have well-trained and experienced team in handling oversea shipment, providing one-stop service for our clients. We will do our best grow our clients profitability by providing high value at a lower per-piece cost, and hope to be the preferred partner for our customers. Welcome to send us further information for pricing or you have any OEM / ODM items need us to develop and manufactur.","WING CHUN is a specialized printing and packaging company , we want to set the standards in our industries. Through revolution rattan evolution, and solutions we create sustainable value for our customers. We provide printed packaging service to various renowned brands. Our head company located in Hong Kong, and our factory located in Guang Dong. We had successfully obtained ISO9001: FSC, G7 , QS food packing, certification etc. With our rich experience in printing packaging more than 10 years, we help customer to promote their products & brand names, we can supply various products specially design Luxury packaging gift boxes, paper bag, paper pulp trays, clear plastic box, trademark sticker and so on. We have well-trained and experienced team in handling oversea shipment, providing one-stop service for our clients. We will do our best grow our clients profitability by providing high value at a lower per-piece cost, and hope to be the preferred partner for our customers. Welcome to send us further information for pricing or you have any OEM / ODM items need us to develop and manufactur.",,Exhibitor,DeLuxe PrintPack Hong Kong,3-B02,DeLuxe PrintPack Hong Kong,,1,,,"Paper Decoration,Wooden Box and Case,Packaging Design,Cosmetics Packaging,Wine Packaging,Luxury Packaging,Jewelry Packaging & Display,Tubes Packaging,Glasses Packaging,Watch Packaging; With our rich experience in printing packaging more than 10 years, we help customer to promote their products & brand names, we can supply various products specially design Luxury packaging gift boxes, paper bag, paper pulp trays, clear plastic box,; OEM, ODM","Paper Decoration,Wooden Box and Case,Packaging Design,Cosmetics Packaging,Wine Packaging,Luxury Packaging,Jewelry Packaging & Display,Tubes Packaging,Glasses Packaging,Watch Packaging; With our rich experience in printing packaging more than 10 years, we help customer to promote their products & brand names, we can supply various products specially design Luxury packaging gift boxes, paper bag, paper pulp trays, clear plastic box,; OEM, ODM",https://www.hktdc.com/event/deluxeprintpackhk/en/exhibitor/1S005J2B1,40,https://www.hktdc.com/event/deluxeprintpackhk/en/product/1X1EX2JB; https://www.hktdc.com/event/deluxeprintpackhk/en/product/1X1EX2JB; https://www.hktdc.com/event/deluxeprintpackhk/en/product/1X1EX2M8; https://www.hktdc.com/event/deluxeprintpackhk/en/product/1X1EX2M8; https://www.hktdc.com/event/deluxeprintpackhk/en/product/1X1ZIIC6; https://www.hktdc.com/event/deluxeprintpackhk/en/product/1X1ZIIC6; https://www.hktdc.com/event/deluxeprintpackhk/en/product/1X1SG4F9; https://www.hktdc.com/event/deluxeprintpackhk/en/product/1X1SG4F9; https://www.hktdc.com/event/deluxeprintpackhk/en/product/1X1SG44K; https://www.hktdc.com/event/deluxeprintpackhk/en/product/1X1SG44K; https://www.hktdc.com/event/deluxeprintpackhk/en/product/1X1IJEP5; https://www.hktdc.com/event/deluxeprintpackhk/en/product/1X1IJEP5; https://www.hktdc.com/event/deluxeprintpackhk/en/product/1X1IJEO6; https://www.hktdc.com/event/deluxeprintpackhk/en/product/1X1IJEO6; https://www.hktdc.com/event/deluxeprintpackhk/en/product/1X1IJEL9; https://www.hktdc.com/event/deluxeprintpackhk/en/product/1X1IJEL9; https://www.hktdc.com/event/deluxeprintpackhk/en/product/1X1IJEKA; https://www.hktdc.com/event/deluxeprintpackhk/en/product/1X1IJEKA; https://www.hktdc.com/event/deluxeprintpackhk/en/product/1X1EX3N4; https://www.hktdc.com/event/deluxeprintpackhk/en/product/1X1EX3N4; https://www.hktdc.com/event/deluxeprintpackhk/en/product/1X1EX3L6; https://www.hktdc.com/event/deluxeprintpackhk/en/product/1X1EX3L6; https://www.hktdc.com/event/deluxeprintpackhk/en/product/1X1SG4BD; https://www.hktdc.com/event/deluxeprintpackhk/en/product/1X1SG4BD; https://www.hktdc.com/event/deluxeprintpackhk/en/product/1X1SG4G8; https://www.hktdc.com/event/deluxeprintpackhk/en/product/1X1SG4G8; https://www.hktdc.com/event/deluxeprintpackhk/en/product/1X1SG58D; https://www.hktdc.com/event/deluxeprintpackhk/en/product/1X1SG58D; https://www.hktdc.com/event/deluxeprintpackhk/en/product/1Z03IL61R; https://www.hktdc.com/event/deluxeprintpackhk/en/product/1Z03IL61R; https://www.hktdc.com/event/deluxeprintpackhk/en/product/1X19LGK4; https://www.hktdc.com/event/deluxeprintpackhk/en/product/1X19LGK4; https://www.hktdc.com/event/deluxeprintpackhk/en/product/1X1JWEBJ; https://www.hktdc.com/event/deluxeprintpackhk/en/product/1X1JWEBJ; https://www.hktdc.com/event/deluxeprintpackhk/en/product/1X1IGFZS; https://www.hktdc.com/event/deluxeprintpackhk/en/product/1X1IGFZS; https://www.hktdc.com/event/deluxeprintpackhk/en/product/1X1I8ZSB; https://www.hktdc.com/event/deluxeprintpackhk/en/product/1X1I8ZSB; https://www.hktdc.com/event/deluxeprintpackhk/en/product/1X1IGFR0; https://www.hktdc.com/event/deluxeprintpackhk/en/product/1X1IGFR0
Wing Wai Packaging & Printing Company Limited,Wing Wai Packaging & Printing Company Limited,Hong Kong,"our company is the printing and packaging company for 50 years.We produce different kinds of packaging product like paper bag,gift box,non-woven bag. And we also produce garment accessories.","our company is the printing and packaging company for 50 years.We produce different kinds of packaging product like paper bag,gift box,non-woven bag. And we also produce garment accessories.",,Exhibitor,DeLuxe PrintPack Hong Kong,3-A02,DeLuxe PrintPack Hong Kong,,1,,,"Special Paper and Materials,Wooden Box and Case,Bag and Pouch,Bottle and Can,Label and Tag,Velvet Boxes/Bags,Cosmetics Packaging,Luxury Packaging,Smart Packaging,Glass Packaging; Paper box, paper bag, non-woven bag.....; OEM, Others","Special Paper and Materials,Wooden Box and Case,Bag and Pouch,Bottle and Can,Label and Tag,Velvet Boxes/Bags,Cosmetics Packaging,Luxury Packaging,Smart Packaging,Glass Packaging; Paper box, paper bag, non-woven bag.....; OEM, Others",https://www.hktdc.com/event/deluxeprintpackhk/en/exhibitor/1S005IY8E,26,https://www.hktdc.com/event/deluxeprintpackhk/en/product/1Z03O2P5W; https://www.hktdc.com/event/deluxeprintpackhk/en/product/1Z03O2P5W; https://www.hktdc.com/event/deluxeprintpackhk/en/product/1Z03MLVXE; https://www.hktdc.com/event/deluxeprintpackhk/en/product/1Z03MLVXE; https://www.hktdc.com/event/deluxeprintpackhk/en/product/1Z03MLNVS; https://www.hktdc.com/event/deluxeprintpackhk/en/product/1Z03MLNVS; https://www.hktdc.com/event/deluxeprintpackhk/en/product/1Z03MLWMA; https://www.hktdc.com/event/deluxeprintpackhk/en/product/1Z03MLWMA; https://www.hktdc.com/event/deluxeprintpackhk/en/product/1Z03MLWAA; https://www.hktdc.com/event/deluxeprintpackhk/en/product/1Z03MLWAA; https://www.hktdc.com/event/deluxeprintpackhk/en/product/1Z03MLWD1; https://www.hktdc.com/event/deluxeprintpackhk/en/product/1Z03MLWD1; https://www.hktdc.com/event/deluxeprintpackhk/en/product/1Z03MLVN8; https://www.hktdc.com/event/deluxeprintpackhk/en/product/1Z03MLVN8; https://www.hktdc.com/event/deluxeprintpackhk/en/product/1Z03MLWIM; https://www.hktdc.com/event/deluxeprintpackhk/en/product/1Z03MLWIM; https://www.hktdc.com/event/deluxeprintpackhk/en/product/1Z03MLVRW; https://www.hktdc.com/event/deluxeprintpackhk/en/product/1Z03MLVRW; https://www.hktdc.com/event/deluxeprintpackhk/en/product/1Z03MKFZO; https://www.hktdc.com/event/deluxeprintpackhk/en/product/1Z03MKFZO; https://www.hktdc.com/event/deluxeprintpackhk/en/product/1Z03MAMQ8; https://www.hktdc.com/event/deluxeprintpackhk/en/product/1Z03MAMQ8; https://www.hktdc.com/event/deluxeprintpackhk/en/product/1Z03M58YY; https://www.hktdc.com/event/deluxeprintpackhk/en/product/1Z03M58YY; https://www.hktdc.com/event/deluxeprintpackhk/en/product/1Z03M59DO; https://www.hktdc.com/event/deluxeprintpackhk/en/product/1Z03M59DO
"Changshan Shunfa Bags Co., Ltd.","Changshan Shunfa Bags Co., Ltd.",Chinese Mainland,"Presentation Box,Bag and Pouch,Silk Boxes/Bags,Velvet Boxes/Bags,Cosmetics Packaging,Wine Packaging,Luxury Packaging,Jewelry Packaging & Display,Watch Packaging,Glass Packaging","Presentation Box,Bag and Pouch,Silk Boxes/Bags,Velvet Boxes/Bags,Cosmetics Packaging,Wine Packaging,Luxury Packaging,Jewelry Packaging & Display,Watch Packaging,Glass Packaging",,Exhibitor,DeLuxe PrintPack Hong Kong,3-C22,DeLuxe PrintPack Hong Kong,,1,,,"Presentation Box,Bag and Pouch,Silk Boxes/Bags,Velvet Boxes/Bags,Cosmetics Packaging,Wine Packaging,Luxury Packaging,Jewelry Packaging & Display,Watch Packaging,Glass Packaging; Bustbag shopping bag, cosmetic bag, other bag, garment bag; ODM, OEM, OBM","Presentation Box,Bag and Pouch,Silk Boxes/Bags,Velvet Boxes/Bags,Cosmetics Packaging,Wine Packaging,Luxury Packaging,Jewelry Packaging & Display,Watch Packaging,Glass Packaging; Bustbag shopping bag, cosmetic bag, other bag, garment bag; ODM, OEM, OBM",https://www.hktdc.com/event/deluxeprintpackhk/en/exhibitor/1S005L297,40,https://www.hktdc.com/event/deluxeprintpackhk/en/product/1Z03O1Y2W; https://www.hktdc.com/event/deluxeprintpackhk/en/product/1Z03O1Y2W; https://www.hktdc.com/event/deluxeprintpackhk/en/product/1Z03O1XVI; https://www.hktdc.com/event/deluxeprintpackhk/en/product/1Z03O1XVI; https://www.hktdc.com/event/deluxeprintpackhk/en/product/1Z03O1XO3; https://www.hktdc.com/event/deluxeprintpackhk/en/product/1Z03O1XO3; https://www.hktdc.com/event/deluxeprintpackhk/en/product/1Z03O1TMD; https://www.hktdc.com/event/deluxeprintpackhk/en/product/1Z03O1TMD; https://www.hktdc.com/event/deluxeprintpackhk/en/product/1Z03O1TIP; https://www.hktdc.com/event/deluxeprintpackhk/en/product/1Z03O1TIP; https://www.hktdc.com/event/deluxeprintpackhk/en/product/1Z03M551S; https://www.hktdc.com/event/deluxeprintpackhk/en/product/1Z03M551S; https://www.hktdc.com/event/deluxeprintpackhk/en/product/1Z03M4L43; https://www.hktdc.com/event/deluxeprintpackhk/en/product/1Z03M4L43; https://www.hktdc.com/event/deluxeprintpackhk/en/product/1Z03M4J7W; https://www.hktdc.com/event/deluxeprintpackhk/en/product/1Z03M4J7W; https://www.hktdc.com/event/deluxeprintpackhk/en/product/1Z03M4HLS; https://www.hktdc.com/event/deluxeprintpackhk/en/product/1Z03M4HLS; https://www.hktdc.com/event/deluxeprintpackhk/en/product/1Z03M4IF9; https://www.hktdc.com/event/deluxeprintpackhk/en/product/1Z03M4IF9; https://www.hktdc.com/event/deluxeprintpackhk/en/product/1Z03MA8FJ; https://www.hktdc.com/event/deluxeprintpackhk/en/product/1Z03MA8FJ; https://www.hktdc.com/event/deluxeprintpackhk/en/product/1Z03M4GDH; https://www.hktdc.com/event/deluxeprintpackhk/en/product/1Z03M4GDH; https://www.hktdc.com/event/deluxeprintpackhk/en/product/1Z03M4I60; https://www.hktdc.com/event/deluxeprintpackhk/en/product/1Z03M4I60; https://www.hktdc.com/event/deluxeprintpackhk/en/product/1Z03M4DNQ; https://www.hktdc.com/event/deluxeprintpackhk/en/product/1Z03M4DNQ; https://www.hktdc.com/event/deluxeprintpackhk/en/product/1Z03M55ID; https://www.hktdc.com/event/deluxeprintpackhk/en/product/1Z03M55ID; https://www.hktdc.com/event/deluxeprintpackhk/en/product/1Z03M55A1; https://www.hktdc.com/event/deluxeprintpackhk/en/product/1Z03M55A1; https://www.hktdc.com/event/deluxeprintpackhk/en/product/1Z03MA8L1; https://www.hktdc.com/event/deluxeprintpackhk/en/product/1Z03MA8L1; https://www.hktdc.com/event/deluxeprintpackhk/en/product/1Z03M4H47; https://www.hktdc.com/event/deluxeprintpackhk/en/product/1Z03M4H47; https://www.hktdc.com/event/deluxeprintpackhk/en/product/1Z03M4I1F; https://www.hktdc.com/event/deluxeprintpackhk/en/product/1Z03M4I1F; https://www.hktdc.com/event/deluxeprintpackhk/en/product/1Z03M4GQE; https://www.hktdc.com/event/deluxeprintpackhk/en/product/1Z03M4GQE
Guangzhou Yameva Leather Manufacturer,Guangzhou Yameva Leather Manufacturer,Chinese Mainland,"At Yameva, our engineering team understand your goals, challenges, individual needs, limitations. To design what is necessary for your packaging to perform at the best solution while taking full advantage of your budget. We have tailored quality assurance procedures to meet particular quality requirements. Our quality control teams are responsible for managing every project in quality expectations.","At Yameva, our engineering team understand your goals, challenges, individual needs, limitations. To design what is necessary for your packaging to perform at the best solution while taking full advantage of your budget. We have tailored quality assurance procedures to meet particular quality requirements. Our quality control teams are responsible for managing every project in quality expectations.",,Exhibitor,DeLuxe PrintPack Hong Kong,3-A12,DeLuxe PrintPack Hong Kong,Cantonese Business Go Global,1,,,"Wooden Box and Case,Presentation Box,Bag and Pouch,Wine Packaging,Luxury Packaging,Jewelry Packaging & Display; Luxury PU Packaging; Jewelry Packaging & Display; Cosmetics Packaging; Box & Case - Gift Packaging; OEM, ODM","Wooden Box and Case,Presentation Box,Bag and Pouch,Wine Packaging,Luxury Packaging,Jewelry Packaging & Display; Luxury PU Packaging; Jewelry Packaging & Display; Cosmetics Packaging; Box & Case - Gift Packaging; OEM, ODM",https://www.hktdc.com/event/deluxeprintpackhk/en/exhibitor/1S005L2FP,32,https://www.hktdc.com/event/deluxeprintpackhk/en/product/1Z03NSZPY; https://www.hktdc.com/event/deluxeprintpackhk/en/product/1Z03NSZPY; https://www.hktdc.com/event/deluxeprintpackhk/en/product/1Z03NT891; https://www.hktdc.com/event/deluxeprintpackhk/en/product/1Z03NT891; https://www.hktdc.com/event/deluxeprintpackhk/en/product/1Z03M563L; https://www.hktdc.com/event/deluxeprintpackhk/en/product/1Z03M563L; https://www.hktdc.com/event/deluxeprintpackhk/en/product/1Z03M54TH; https://www.hktdc.com/event/deluxeprintpackhk/en/product/1Z03M54TH; https://www.hktdc.com/event/deluxeprintpackhk/en/product/1Z03NRO19; https://www.hktdc.com/event/deluxeprintpackhk/en/product/1Z03NRO19; https://www.hktdc.com/event/deluxeprintpackhk/en/product/1Z03M4Y9B; https://www.hktdc.com/event/deluxeprintpackhk/en/product/1Z03M4Y9B; https://www.hktdc.com/event/deluxeprintpackhk/en/product/1Z03NRB74; https://www.hktdc.com/event/deluxeprintpackhk/en/product/1Z03NRB74; https://www.hktdc.com/event/deluxeprintpackhk/en/product/1Z03M4ZXA; https://www.hktdc.com/event/deluxeprintpackhk/en/product/1Z03M4ZXA; https://www.hktdc.com/event/deluxeprintpackhk/en/product/1Z03M55QP; https://www.hktdc.com/event/deluxeprintpackhk/en/product/1Z03M55QP; https://www.hktdc.com/event/deluxeprintpackhk/en/product/1Z03LVQ9J; https://www.hktdc.com/event/deluxeprintpackhk/en/product/1Z03LVQ9J; https://www.hktdc.com/event/deluxeprintpackhk/en/product/1Z03M0ET7; https://www.hktdc.com/event/deluxeprintpackhk/en/product/1Z03M0ET7; https://www.hktdc.com/event/deluxeprintpackhk/en/product/1Z03M4XZ6; https://www.hktdc.com/event/deluxeprintpackhk/en/product/1Z03M4XZ6; https://www.hktdc.com/event/deluxeprintpackhk/en/product/1Z03M4XQX; https://www.hktdc.com/event/deluxeprintpackhk/en/product/1Z03M4XQX; https://www.hktdc.com/event/deluxeprintpackhk/en/product/1Z03M37MZ; https://www.hktdc.com/event/deluxeprintpackhk/en/product/1Z03M37MZ; https://www.hktdc.com/event/deluxeprintpackhk/en/product/1Z03M4Y2W; https://www.hktdc.com/event/deluxeprintpackhk/en/product/1Z03M4Y2W; https://www.hktdc.com/event/deluxeprintpackhk/en/product/1Z03LRGEE; https://www.hktdc.com/event/deluxeprintpackhk/en/product/1Z03LRGEE
"Sate-Lite (Foshan) Plastics Co., Ltd.","Sate-Lite (Foshan) Plastics Co., Ltd.",Chinese Mainland,"Packaging Design,Cosmetics Packaging,Jewelry Packaging & Display","Packaging Design,Cosmetics Packaging,Jewelry Packaging & Display",,Exhibitor,DeLuxe PrintPack Hong Kong,3-C10,DeLuxe PrintPack Hong Kong,,1,,,"Packaging Design,Cosmetics Packaging,Jewelry Packaging & Display; Paper box & paper bag; OBM","Packaging Design,Cosmetics Packaging,Jewelry Packaging & Display; Paper box & paper bag; OBM",https://www.hktdc.com/event/deluxeprintpackhk/en/exhibitor/1S005LXLC,10,https://www.hktdc.com/event/deluxeprintpackhk/en/product/1Z03GA2PV; https://www.hktdc.com/event/deluxeprintpackhk/en/product/1Z03GA2PV; https://www.hktdc.com/event/deluxeprintpackhk/en/product/1Z03GA2VD; https://www.hktdc.com/event/deluxeprintpackhk/en/product/1Z03GA2VD; https://www.hktdc.com/event/deluxeprintpackhk/en/product/1Z03G7AGE; https://www.hktdc.com/event/deluxeprintpackhk/en/product/1Z03G7AGE; https://www.hktdc.com/event/deluxeprintpackhk/en/product/1Z03GA2JD; https://www.hktdc.com/event/deluxeprintpackhk/en/product/1Z03GA2JD; https://www.hktdc.com/event/deluxeprintpackhk/en/product/1Z03GA20Y; https://www.hktdc.com/event/deluxeprintpackhk/en/product/1Z03GA20Y
Best Planner Development Ltd,Best Planner Development Ltd,Hong Kong,PREMIUM PRODUCT MANUFACTURING AND PRINTING SERVICES PROVIDER.,PREMIUM PRODUCT MANUFACTURING AND PRINTING SERVICES PROVIDER.,,Exhibitor,DeLuxe PrintPack Hong Kong,3-A15,DeLuxe PrintPack Hong Kong,,1,,,"Cosmetics Packaging,Luxury Packaging,Smart Packaging,Watch Packaging; LUXURY PACKAGING BOXES, GIFT BOXES; OEM, ODM","Cosmetics Packaging,Luxury Packaging,Smart Packaging,Watch Packaging; LUXURY PACKAGING BOXES, GIFT BOXES; OEM, ODM",https://www.hktdc.com/event/deluxeprintpackhk/en/exhibitor/1S005LYWE,2,https://www.hktdc.com/event/deluxeprintpackhk/en/product/1Z03MDDFE; https://www.hktdc.com/event/deluxeprintpackhk/en/product/1Z03MDDFE
"Flowers Sky Industry Co., Limited","Flowers Sky Industry Co., Limited",Hong Kong,"Flowers Sky Industry Co., Limited is a distinguished manufacturer specializing in high-quality cigar boxes, cigar accessories, watch boxes, and jewelry boxes.","Flowers Sky Industry Co., Limited is a distinguished manufacturer specializing in high-quality cigar boxes, cigar accessories, watch boxes, and jewelry boxes.",,Exhibitor,DeLuxe PrintPack Hong Kong,3-A13,DeLuxe PrintPack Hong Kong,,1,,,"Wooden Box and Case,Presentation Box,Velvet Boxes/Bags,Cosmetics Packaging,Wine Packaging,Luxury Packaging,Smart Packaging,Jewelry Packaging & Display,Watch Packaging,Cigar Packaging; Manufacturer specializing in high-quality cigar boxes, cigar accessories, watch boxes, and jewelry boxes.; OEM, ODM, Others, OBM","Wooden Box and Case,Presentation Box,Velvet Boxes/Bags,Cosmetics Packaging,Wine Packaging,Luxury Packaging,Smart Packaging,Jewelry Packaging & Display,Watch Packaging,Cigar Packaging; Manufacturer specializing in high-quality cigar boxes, cigar accessories, watch boxes, and jewelry boxes.; OEM, ODM, Others, OBM",https://www.hktdc.com/event/deluxeprintpackhk/en/exhibitor/1S005JP25,12,https://www.hktdc.com/event/deluxeprintpackhk/en/product/1Z03O0OD9; https://www.hktdc.com/event/deluxeprintpackhk/en/product/1Z03O0OD9; https://www.hktdc.com/event/deluxeprintpackhk/en/product/1Z03O146E; https://www.hktdc.com/event/deluxeprintpackhk/en/product/1Z03O146E; https://www.hktdc.com/event/deluxeprintpackhk/en/product/1Z03O11Z2; https://www.hktdc.com/event/deluxeprintpackhk/en/product/1Z03O11Z2; https://www.hktdc.com/event/deluxeprintpackhk/en/product/1Z03O0D2H; https://www.hktdc.com/event/deluxeprintpackhk/en/product/1Z03O0D2H; https://www.hktdc.com/event/deluxeprintpackhk/en/product/1Z03O0DDK; https://www.hktdc.com/event/deluxeprintpackhk/en/product/1Z03O0DDK; https://www.hktdc.com/event/deluxeprintpackhk/en/product/1Z03O0AW2; https://www.hktdc.com/event/deluxeprintpackhk/en/product/1Z03O0AW2
Fung Ming Ribbon Industrial Limited,Fung Ming Ribbon Industrial Limited,Hong Kong,"Fung Ming Ribbon Industrial Limited was established in 1998, accumulated many years of experiences in producing high quality ribbons. Our technicians had been well trained in Japan for many years, excel at making Japanese quality ribbons. Both the dyeing and weaving technologies achieve the world highest standard, the qualities are reliable and stable. We have 120 Swiss high speed shuttleless looms, 60 custom-made shuttle looms, the capacity is 3 times of a normal shuttle. We are proud of our products as we use import dyestuff from Germany, coordinating with technician's rich experiences and skills and with our high temperature high pressure dyeing equipments, in addition, using a jumbo setting machine to complete the final processes. As we have those technologies, facilities and capable staffs, enable us to produce rich color and high color fastness ribbons, fully satisfy customers from Japan, UA, the European Union countries as well as those customers concern about both environmental and quality.","Fung Ming Ribbon Industrial Limited was established in 1998, accumulated many years of experiences in producing high quality ribbons. Our technicians had been well trained in Japan for many years, excel at making Japanese quality ribbons. Both the dyeing and weaving technologies achieve the world highest standard, the qualities are reliable and stable. We have 120 Swiss high speed shuttleless looms, 60 custom-made shuttle looms, the capacity is 3 times of a normal shuttle. We are proud of our products as we use import dyestuff from Germany, coordinating with technician's rich experiences and skills and with our high temperature high pressure dyeing equipments, in addition, using a jumbo setting machine to complete the final processes. As we have those technologies, facilities and capable staffs, enable us to produce rich color and high color fastness ribbons, fully satisfy customers from Japan, UA, the European Union countries as well as those customers concern about both environmental and quality.",,Exhibitor,DeLuxe PrintPack Hong Kong,3-A09,DeLuxe PrintPack Hong Kong,,1,,,"Cut-Edge Ribbon,Packaging Design,Cosmetics Packaging,Luxury Packaging,Jewelry Packaging & Display; Fung Ming Ribbon produces high quality ribbons for luxury products, Fast delivery and small MOQ for customized printed ribbons.; OEM","Cut-Edge Ribbon,Packaging Design,Cosmetics Packaging,Luxury Packaging,Jewelry Packaging & Display; Fung Ming Ribbon produces high quality ribbons for luxury products, Fast delivery and small MOQ for customized printed ribbons.; OEM",https://www.hktdc.com/event/deluxeprintpackhk/en/exhibitor/1S005ISZB,36,https://www.hktdc.com/event/deluxeprintpackhk/en/product/1X25OGXR; https://www.hktdc.com/event/deluxeprintpackhk/en/product/1X25OGXR; https://www.hktdc.com/event/deluxeprintpackhk/en/product/1X1MQ22S; https://www.hktdc.com/event/deluxeprintpackhk/en/product/1X1MQ22S; https://www.hktdc.com/event/deluxeprintpackhk/en/product/1Z03G5DAT; https://www.hktdc.com/event/deluxeprintpackhk/en/product/1Z03G5DAT; https://www.hktdc.com/event/deluxeprintpackhk/en/product/1Z03G5DH8; https://www.hktdc.com/event/deluxeprintpackhk/en/product/1Z03G5DH8; https://www.hktdc.com/event/deluxeprintpackhk/en/product/1Z03G5BTA; https://www.hktdc.com/event/deluxeprintpackhk/en/product/1Z03G5BTA; https://www.hktdc.com/event/deluxeprintpackhk/en/product/1X25OGUU; https://www.hktdc.com/event/deluxeprintpackhk/en/product/1X25OGUU; https://www.hktdc.com/event/deluxeprintpackhk/en/product/1X25OGRX; https://www.hktdc.com/event/deluxeprintpackhk/en/product/1X25OGRX; https://www.hktdc.com/event/deluxeprintpackhk/en/product/1X25OFR0; https://www.hktdc.com/event/deluxeprintpackhk/en/product/1X25OFR0; https://www.hktdc.com/event/deluxeprintpackhk/en/product/1X25GB12; https://www.hktdc.com/event/deluxeprintpackhk/en/product/1X25GB12; https://www.hktdc.com/event/deluxeprintpackhk/en/product/1X1RUDQ7; https://www.hktdc.com/event/deluxeprintpackhk/en/product/1X1RUDQ7; https://www.hktdc.com/event/deluxeprintpackhk/en/product/1X1RUDP8; https://www.hktdc.com/event/deluxeprintpackhk/en/product/1X1RUDP8; https://www.hktdc.com/event/deluxeprintpackhk/en/product/1X1RUDNA; https://www.hktdc.com/event/deluxeprintpackhk/en/product/1X1RUDNA; https://www.hktdc.com/event/deluxeprintpackhk/en/product/1X1MQ20U; https://www.hktdc.com/event/deluxeprintpackhk/en/product/1X1MQ20U; https://www.hktdc.com/event/deluxeprintpackhk/en/product/1X1EMIC6; https://www.hktdc.com/event/deluxeprintpackhk/en/product/1X1EMIC6; https://www.hktdc.com/event/deluxeprintpackhk/en/product/1X1EMIB7; https://www.hktdc.com/event/deluxeprintpackhk/en/product/1X1EMIB7; https://www.hktdc.com/event/deluxeprintpackhk/en/product/1Z03G5C0O; https://www.hktdc.com/event/deluxeprintpackhk/en/product/1Z03G5C0O; https://www.hktdc.com/event/deluxeprintpackhk/en/product/1Z03G5D72; https://www.hktdc.com/event/deluxeprintpackhk/en/product/1Z03G5D72; https://www.hktdc.com/event/deluxeprintpackhk/en/product/1Z03JK7YZ; https://www.hktdc.com/event/deluxeprintpackhk/en/product/1Z03JK7YZ
"Hyacinth Paper (HK) Co., Limited","Hyacinth Paper (HK) Co., Limited",Hong Kong,"Hyacinth Group was established in 2000 in Shenzhen, Guangdong Province, China, which is committed to providing premium art and educational paper products for brands and institutions seeking excellence. Our company operates high-standard art paper and paper product factories and logistics centers, in Dongguan and Jiaxing, China. The mill have a combined annual production and processing capacity of 120,000 tons, with a regular inventory of over 20,000 tons of art paper available for immediate delivery. We can offers customers a selection of over 5,000 different types of art and specialty papers.","Hyacinth Group was established in 2000 in Shenzhen, Guangdong Province, China, which is committed to providing premium art and educational paper products for brands and institutions seeking excellence. Our company operates high-standard art paper and paper product factories and logistics centers, in Dongguan and Jiaxing, China. The mill have a combined annual production and processing capacity of 120,000 tons, with a regular inventory of over 20,000 tons of art paper available for immediate delivery. We can offers customers a selection of over 5,000 different types of art and specialty papers.",,Exhibitor,DeLuxe PrintPack Hong Kong,3-A01,DeLuxe PrintPack Hong Kong,,1,,,"Presentation Box,Packaging Design,Cosmetics Packaging,Luxury Packaging,Jewelry Packaging & Display,Art Printing; FSC mix credit / FSC 100% recycled paper grade.
Pure Inspiration / Vivid colorful fancy paper.
Vanguard New kevel /image touch paper series for brand and luxury packaging.
Brilliant Star? pearl paper, 38 fashion and classic colors.; Others","Presentation Box,Packaging Design,Cosmetics Packaging,Luxury Packaging,Jewelry Packaging & Display,Art Printing; FSC mix credit / FSC 100% recycled paper grade.
Pure Inspiration / Vivid colorful fancy paper.
Vanguard New kevel /image touch paper series for brand and luxury packaging.
Brilliant Star? pearl paper, 38 fashion and classic colors.; Others",https://www.hktdc.com/event/deluxeprintpackhk/en/exhibitor/1S005ISQ2,18,https://www.hktdc.com/event/deluxeprintpackhk/en/product/1X1LS2P5; https://www.hktdc.com/event/deluxeprintpackhk/en/product/1X1LS2P5; https://www.hktdc.com/event/deluxeprintpackhk/en/product/1X1LO990; https://www.hktdc.com/event/deluxeprintpackhk/en/product/1X1LO990; https://www.hktdc.com/event/deluxeprintpackhk/en/product/1X1LO972; https://www.hktdc.com/event/deluxeprintpackhk/en/product/1X1LO972; https://www.hktdc.com/event/deluxeprintpackhk/en/product/1X1LO954; https://www.hktdc.com/event/deluxeprintpackhk/en/product/1X1LO954; https://www.hktdc.com/event/deluxeprintpackhk/en/product/1X0ZLJE1; https://www.hktdc.com/event/deluxeprintpackhk/en/product/1X0ZLJE1; https://www.hktdc.com/event/deluxeprintpackhk/en/product/1X22NDX0; https://www.hktdc.com/event/deluxeprintpackhk/en/product/1X22NDX0; https://www.hktdc.com/event/deluxeprintpackhk/en/product/1X22NDW1; https://www.hktdc.com/event/deluxeprintpackhk/en/product/1X22NDW1; https://www.hktdc.com/event/deluxeprintpackhk/en/product/1X0ZL7PQ; https://www.hktdc.com/event/deluxeprintpackhk/en/product/1X0ZL7PQ; https://www.hktdc.com/event/deluxeprintpackhk/en/product/1Z03M1QMG; https://www.hktdc.com/event/deluxeprintpackhk/en/product/1Z03M1QMG
JEF Industrial Limited,JEF Industrial Limited,Hong Kong,"Originally established in 1992, under the name of JEF Limited, our company has rebranded as JEF Industrial Limited in 2019, and has been one of the leading and most reputable manufacturers of decorated tin boxes, now supplying clients in over 40 countries, with a particular focus on Europe and the UK. All our tin boxes are made with the highest quality of raw material, inks and lacquers, and comply with the strictest and latest food-packaging regulations. Our factory, based in Shenzhen, China is BSCI, FAMA and BRC accredited. We offer a wide ragne of standard items with over 1,000 sets of tooling available, covering a wide ragne of shapes, styles and sizes.","Originally established in 1992, under the name of JEF Limited, our company has rebranded as JEF Industrial Limited in 2019, and has been one of the leading and most reputable manufacturers of decorated tin boxes, now supplying clients in over 40 countries, with a particular focus on Europe and the UK. All our tin boxes are made with the highest quality of raw material, inks and lacquers, and comply with the strictest and latest food-packaging regulations. Our factory, based in Shenzhen, China is BSCI, FAMA and BRC accredited. We offer a wide ragne of standard items with over 1,000 sets of tooling available, covering a wide ragne of shapes, styles and sizes.",,Exhibitor,DeLuxe PrintPack Hong Kong,3-B05,DeLuxe PrintPack Hong Kong,,1,,,"Metal Box & Can,Cosmetics Packaging,Luxury Packaging,Jewelry Packaging & Display; Tin boxes for fine foods, i.e. tea, coffee, chocolate, biscuits or confectionery.   Tin boxes are also utilised for many other products, like stationery, wine & spirits, perfume & cosmetics, textile or promotional items.; OEM","Metal Box & Can,Cosmetics Packaging,Luxury Packaging,Jewelry Packaging & Display; Tin boxes for fine foods, i.e. tea, coffee, chocolate, biscuits or confectionery.   Tin boxes are also utilised for many other products, like stationery, wine & spirits, perfume & cosmetics, textile or promotional items.; OEM",https://www.hktdc.com/event/deluxeprintpackhk/en/exhibitor/1S005ISTT,16,https://www.hktdc.com/event/deluxeprintpackhk/en/product/1Z03G3U9F; https://www.hktdc.com/event/deluxeprintpackhk/en/product/1Z03G3U9F; https://www.hktdc.com/event/deluxeprintpackhk/en/product/1Z03G3T8J; https://www.hktdc.com/event/deluxeprintpackhk/en/product/1Z03G3T8J; https://www.hktdc.com/event/deluxeprintpackhk/en/product/1X2529SH; https://www.hktdc.com/event/deluxeprintpackhk/en/product/1X2529SH; https://www.hktdc.com/event/deluxeprintpackhk/en/product/1X2529RI; https://www.hktdc.com/event/deluxeprintpackhk/en/product/1X2529RI; https://www.hktdc.com/event/deluxeprintpackhk/en/product/1X2529QJ; https://www.hktdc.com/event/deluxeprintpackhk/en/product/1X2529QJ; https://www.hktdc.com/event/deluxeprintpackhk/en/product/1Z03G3U4U; https://www.hktdc.com/event/deluxeprintpackhk/en/product/1Z03G3U4U; https://www.hktdc.com/event/deluxeprintpackhk/en/product/1Z03G3UC6; https://www.hktdc.com/event/deluxeprintpackhk/en/product/1Z03G3UC6; https://www.hktdc.com/event/deluxeprintpackhk/en/product/1Z03G3TKJ; https://www.hktdc.com/event/deluxeprintpackhk/en/product/1Z03G3TKJ
MPP Packaging (Asia) Limited,MPP Packaging (Asia) Limited,Hong Kong,"MPP ASIA IS PROUD TO BE AT THE FOREFRONT OF BOTH INNOVATIVE, RESPONSIBLE, AND ENVIROMENTALLY AWARE-PRODUCT PACKAGING AND DESIGN. WE SPECIALIZE IN MANAFACTURING PRODUCT PACKAGING FOR A VARIETY OF INDUSTRIES INCLUDING FASHION, COSMETIC & FRAGRANCE, JEWELRY & WATCH, WINE & LIQUOR FOR PRESTIGIOUS BRANDS AROUND THE GLOBE. WITH YEAR OF EXPERIENCE IN EXPORTING WORLDWIDE, WE'RE DELIGHTED TO HAVE ESTABLISHED LONG-TERM BUSINESS RELATIONSHIPS WITH HIGH-END BRANDS FOR YEARS. THEIR CONTIUNED SUPPORT AND VARYING NEEDS HELP US TO PRODUCE PACKAGING INNOVATIONS THAT CONTINUE TO CHALLENGE AND CHANGE THE LANDSCAPE OF PACKAGING DESIGN ALLOWING US TO STREAMLINE OUR SERVICES AND pricing. WE ARE HONORED TO PRODUCE BEAUTIFUL ITEMS WITH COMPETITIVE PRICING, QUALITY CONTROL AND UNIQUE AND ECO-FRIENDLY SOLUTIONS IN PACKAGING.","MPP ASIA IS PROUD TO BE AT THE FOREFRONT OF BOTH INNOVATIVE, RESPONSIBLE, AND ENVIROMENTALLY AWARE-PRODUCT PACKAGING AND DESIGN. WE SPECIALIZE IN MANAFACTURING PRODUCT PACKAGING FOR A VARIETY OF INDUSTRIES INCLUDING FASHION, COSMETIC & FRAGRANCE, JEWELRY & WATCH, WINE & LIQUOR FOR PRESTIGIOUS BRANDS AROUND THE GLOBE. WITH YEAR OF EXPERIENCE IN EXPORTING WORLDWIDE, WE'RE DELIGHTED TO HAVE ESTABLISHED LONG-TERM BUSINESS RELATIONSHIPS WITH HIGH-END BRANDS FOR YEARS. THEIR CONTIUNED SUPPORT AND VARYING NEEDS HELP US TO PRODUCE PACKAGING INNOVATIONS THAT CONTINUE TO CHALLENGE AND CHANGE THE LANDSCAPE OF PACKAGING DESIGN ALLOWING US TO STREAMLINE OUR SERVICES AND pricing. WE ARE HONORED TO PRODUCE BEAUTIFUL ITEMS WITH COMPETITIVE PRICING, QUALITY CONTROL AND UNIQUE AND ECO-FRIENDLY SOLUTIONS IN PACKAGING.",,Exhibitor,DeLuxe PrintPack Hong Kong,3-A08,DeLuxe PrintPack Hong Kong,,1,,,"Leather and PU Leather Yarn,Presentation Box,Bag and Pouch,Perfume Bottle,Packaging Design,Cosmetics Packaging,Wine Packaging,Luxury Packaging,Jewelry Packaging & Display,Watch Packaging; PACKAGING BOX, SHOPPING BAG, PUZZLE, FOLDING BOX, NOTEBOOK, CALENDAR, GREETING CARD, GAME CARD, PRINTING BOX SET. ECO-FRIENDLY PACKAGING SOLUTION.; OBM, ODM, OEM","Leather and PU Leather Yarn,Presentation Box,Bag and Pouch,Perfume Bottle,Packaging Design,Cosmetics Packaging,Wine Packaging,Luxury Packaging,Jewelry Packaging & Display,Watch Packaging; PACKAGING BOX, SHOPPING BAG, PUZZLE, FOLDING BOX, NOTEBOOK, CALENDAR, GREETING CARD, GAME CARD, PRINTING BOX SET. ECO-FRIENDLY PACKAGING SOLUTION.; OBM, ODM, OEM",https://www.hktdc.com/event/deluxeprintpackhk/en/exhibitor/1S005ISSW,8,https://www.hktdc.com/event/deluxeprintpackhk/en/product/1Z03JKZFS; https://www.hktdc.com/event/deluxeprintpackhk/en/product/1Z03JKZFS; https://www.hktdc.com/event/deluxeprintpackhk/en/product/1X25N5H4; https://www.hktdc.com/event/deluxeprintpackhk/en/product/1X25N5H4; https://www.hktdc.com/event/deluxeprintpackhk/en/product/1Z03JL15K; https://www.hktdc.com/event/deluxeprintpackhk/en/product/1Z03JL15K; https://www.hktdc.com/event/deluxeprintpackhk/en/product/1Z03JKZVG; https://www.hktdc.com/event/deluxeprintpackhk/en/product/1Z03JKZVG
Mooly (HK) Limited,Mooly (HK) Limited,Hong Kong,"a new set-up paper merchant selling high end fancy paper from own paper mill in Shangdong, China.","a new set-up paper merchant selling high end fancy paper from own paper mill in Shangdong, China.",,Exhibitor,DeLuxe PrintPack Hong Kong,3-A03,DeLuxe PrintPack Hong Kong,,1,,,"Handmade Paper,Special Paper and Materials,Label and Tag,Wine Packaging,Luxury Packaging,Smart Packaging; Mainly exhibit fancy paper for graphic printing and packaging, in addition, some luxury materials, such as Cloth and PU for both book and packaging.; ODM, OBM","Handmade Paper,Special Paper and Materials,Label and Tag,Wine Packaging,Luxury Packaging,Smart Packaging; Mainly exhibit fancy paper for graphic printing and packaging, in addition, some luxury materials, such as Cloth and PU for both book and packaging.; ODM, OBM",https://www.hktdc.com/event/deluxeprintpackhk/en/exhibitor/1S005ISYE,0,
Roy Mark (Asia) Limited,Roy Mark (Asia) Limited,Hong Kong,"We have over 30 years' experience in paper products and paper packaging manufacturing with a 1,500sqm computerized pre-production area in Hong Kong and 60,000sqm fully equipped factory in Mainland China. We provide a total solution of creative design and production especially in food packaging gift box, paper bag, chocolate box, calendar & red packets.","We have over 30 years' experience in paper products and paper packaging manufacturing with a 1,500sqm computerized pre-production area in Hong Kong and 60,000sqm fully equipped factory in Mainland China. We provide a total solution of creative design and production especially in food packaging gift box, paper bag, chocolate box, calendar & red packets.",,Exhibitor,DeLuxe PrintPack Hong Kong,3-A11,DeLuxe PrintPack Hong Kong,,1,,,"Wooden Box and Case,Presentation Box,Bag and Pouch,Velvet Boxes/Bags,Packaging Design,Luxury Packaging; We provide a total solution of creative design and production especially in food packaging gift box, paper bag, chocolate box, calendar & red packets.; Others","Wooden Box and Case,Presentation Box,Bag and Pouch,Velvet Boxes/Bags,Packaging Design,Luxury Packaging; We provide a total solution of creative design and production especially in food packaging gift box, paper bag, chocolate box, calendar & red packets.; Others",https://www.hktdc.com/event/deluxeprintpackhk/en/exhibitor/1S005ISXH,32,https://www.hktdc.com/event/deluxeprintpackhk/en/product/1Z03NVH47; https://www.hktdc.com/event/deluxeprintpackhk/en/product/1Z03NVH47; https://www.hktdc.com/event/deluxeprintpackhk/en/product/1Z03NVGYQ; https://www.hktdc.com/event/deluxeprintpackhk/en/product/1Z03NVGYQ; https://www.hktdc.com/event/deluxeprintpackhk/en/product/1Z03NVGT5; https://www.hktdc.com/event/deluxeprintpackhk/en/product/1Z03NVGT5; https://www.hktdc.com/event/deluxeprintpackhk/en/product/1Z03MLF9U; https://www.hktdc.com/event/deluxeprintpackhk/en/product/1Z03MLF9U; https://www.hktdc.com/event/deluxeprintpackhk/en/product/1Z03MLF70; https://www.hktdc.com/event/deluxeprintpackhk/en/product/1Z03MLF70; https://www.hktdc.com/event/deluxeprintpackhk/en/product/1Z03MLF63; https://www.hktdc.com/event/deluxeprintpackhk/en/product/1Z03MLF63; https://www.hktdc.com/event/deluxeprintpackhk/en/product/1Z03K4K1D; https://www.hktdc.com/event/deluxeprintpackhk/en/product/1Z03K4K1D; https://www.hktdc.com/event/deluxeprintpackhk/en/product/1Z03K4K44; https://www.hktdc.com/event/deluxeprintpackhk/en/product/1Z03K4K44; https://www.hktdc.com/event/deluxeprintpackhk/en/product/1Z03K4KCG; https://www.hktdc.com/event/deluxeprintpackhk/en/product/1Z03K4KCG; https://www.hktdc.com/event/deluxeprintpackhk/en/product/1Z03K44UE; https://www.hktdc.com/event/deluxeprintpackhk/en/product/1Z03K44UE; https://www.hktdc.com/event/deluxeprintpackhk/en/product/1Z03K4JWT; https://www.hktdc.com/event/deluxeprintpackhk/en/product/1Z03K4JWT; https://www.hktdc.com/event/deluxeprintpackhk/en/product/1Z03K4KIY; https://www.hktdc.com/event/deluxeprintpackhk/en/product/1Z03K4KIY; https://www.hktdc.com/event/deluxeprintpackhk/en/product/1Z03K4KF7; https://www.hktdc.com/event/deluxeprintpackhk/en/product/1Z03K4KF7; https://www.hktdc.com/event/deluxeprintpackhk/en/product/1Z03K4NS1; https://www.hktdc.com/event/deluxeprintpackhk/en/product/1Z03K4NS1; https://www.hktdc.com/event/deluxeprintpackhk/en/product/1Z03K4JVW; https://www.hktdc.com/event/deluxeprintpackhk/en/product/1Z03K4JVW; https://www.hktdc.com/event/deluxeprintpackhk/en/product/1Z03K4JR8; https://www.hktdc.com/event/deluxeprintpackhk/en/product/1Z03K4JR8
Starry Gift Box Products Limited,Starry Gift Box Products Limited,Hong Kong,"Presentation Box,Velvet Boxes/Bags,Wine Packaging,Luxury Packaging,Smart Packaging,Jewelry Packaging & Display,Glasses Packaging,Watch Packaging","Presentation Box,Velvet Boxes/Bags,Wine Packaging,Luxury Packaging,Smart Packaging,Jewelry Packaging & Display,Glasses Packaging,Watch Packaging",,Exhibitor,DeLuxe PrintPack Hong Kong,3-B08,DeLuxe PrintPack Hong Kong,,1,,,"Presentation Box,Velvet Boxes/Bags,Wine Packaging,Luxury Packaging,Smart Packaging,Jewelry Packaging & Display,Glasses Packaging,Watch Packaging; Providing customized gift box in paper and PU material.; OEM","Presentation Box,Velvet Boxes/Bags,Wine Packaging,Luxury Packaging,Smart Packaging,Jewelry Packaging & Display,Glasses Packaging,Watch Packaging; Providing customized gift box in paper and PU material.; OEM",https://www.hktdc.com/event/deluxeprintpackhk/en/exhibitor/1S005J2Z1,38,https://www.hktdc.com/event/deluxeprintpackhk/en/product/1Z03O13Z0; https://www.hktdc.com/event/deluxeprintpackhk/en/product/1Z03O13Z0; https://www.hktdc.com/event/deluxeprintpackhk/en/product/1Z03O13OX; https://www.hktdc.com/event/deluxeprintpackhk/en/product/1Z03O13OX; https://www.hktdc.com/event/deluxeprintpackhk/en/product/1Z03O123P; https://www.hktdc.com/event/deluxeprintpackhk/en/product/1Z03O123P; https://www.hktdc.com/event/deluxeprintpackhk/en/product/1Z03O1I46; https://www.hktdc.com/event/deluxeprintpackhk/en/product/1Z03O1I46; https://www.hktdc.com/event/deluxeprintpackhk/en/product/1Z03NS1OZ; https://www.hktdc.com/event/deluxeprintpackhk/en/product/1Z03NS1OZ; https://www.hktdc.com/event/deluxeprintpackhk/en/product/1Z03NTU8I; https://www.hktdc.com/event/deluxeprintpackhk/en/product/1Z03NTU8I; https://www.hktdc.com/event/deluxeprintpackhk/en/product/1Z03NTTGV; https://www.hktdc.com/event/deluxeprintpackhk/en/product/1Z03NTTGV; https://www.hktdc.com/event/deluxeprintpackhk/en/product/1Z03NU3M3; https://www.hktdc.com/event/deluxeprintpackhk/en/product/1Z03NU3M3; https://www.hktdc.com/event/deluxeprintpackhk/en/product/1Z03NTW4S; https://www.hktdc.com/event/deluxeprintpackhk/en/product/1Z03NTW4S; https://www.hktdc.com/event/deluxeprintpackhk/en/product/1Z03NSX03; https://www.hktdc.com/event/deluxeprintpackhk/en/product/1Z03NSX03; https://www.hktdc.com/event/deluxeprintpackhk/en/product/1Z03NSZO1; https://www.hktdc.com/event/deluxeprintpackhk/en/product/1Z03NSZO1; https://www.hktdc.com/event/deluxeprintpackhk/en/product/1Z03NSXO3; https://www.hktdc.com/event/deluxeprintpackhk/en/product/1Z03NSXO3; https://www.hktdc.com/event/deluxeprintpackhk/en/product/1Z03NSZHM; https://www.hktdc.com/event/deluxeprintpackhk/en/product/1Z03NSZHM; https://www.hktdc.com/event/deluxeprintpackhk/en/product/1Z03NSW2Y; https://www.hktdc.com/event/deluxeprintpackhk/en/product/1Z03NSW2Y; https://www.hktdc.com/event/deluxeprintpackhk/en/product/1Z03NSZB4; https://www.hktdc.com/event/deluxeprintpackhk/en/product/1Z03NSZB4; https://www.hktdc.com/event/deluxeprintpackhk/en/product/1Z03NSVO5; https://www.hktdc.com/event/deluxeprintpackhk/en/product/1Z03NSVO5; https://www.hktdc.com/event/deluxeprintpackhk/en/product/1Z03NS0JF; https://www.hktdc.com/event/deluxeprintpackhk/en/product/1Z03NS0JF; https://www.hktdc.com/event/deluxeprintpackhk/en/product/1Z03NS1WB; https://www.hktdc.com/event/deluxeprintpackhk/en/product/1Z03NS1WB; https://www.hktdc.com/event/deluxeprintpackhk/en/product/1Z03NS1DW; https://www.hktdc.com/event/deluxeprintpackhk/en/product/1Z03NS1DW
TouchPoint Company Limited,TouchPoint Company Limited,Hong Kong,"We design and produce boxes, bags, pouches and displays products for watch and jewelry brands. Our factory is located in Southern China, with product development team to handle innovative projects. Our sourcing team is expertise in material sourcing and handling.","We design and produce boxes, bags, pouches and displays products for watch and jewelry brands. Our factory is located in Southern China, with product development team to handle innovative projects. Our sourcing team is expertise in material sourcing and handling.",,Exhibitor,DeLuxe PrintPack Hong Kong,3-B06,DeLuxe PrintPack Hong Kong,,1,,,"Bag and Pouch,Silk Boxes/Bags,Luxury Packaging,Jewelry Packaging & Display,Watch Packaging; Jewelry and watch Boxes, pouches, shopping bag, displays; OEM, ODM","Bag and Pouch,Silk Boxes/Bags,Luxury Packaging,Jewelry Packaging & Display,Watch Packaging; Jewelry and watch Boxes, pouches, shopping bag, displays; OEM, ODM",https://www.hktdc.com/event/deluxeprintpackhk/en/exhibitor/1S005ISWK,28,https://www.hktdc.com/event/deluxeprintpackhk/en/product/1Z03NOS7N; https://www.hktdc.com/event/deluxeprintpackhk/en/product/1Z03NOS7N; https://www.hktdc.com/event/deluxeprintpackhk/en/product/1Z03NO2HJ; https://www.hktdc.com/event/deluxeprintpackhk/en/product/1Z03NO2HJ; https://www.hktdc.com/event/deluxeprintpackhk/en/product/1Z03NK7W5; https://www.hktdc.com/event/deluxeprintpackhk/en/product/1Z03NK7W5; https://www.hktdc.com/event/deluxeprintpackhk/en/product/1Z03NK86A; https://www.hktdc.com/event/deluxeprintpackhk/en/product/1Z03NK86A; https://www.hktdc.com/event/deluxeprintpackhk/en/product/1Z03NK9CR; https://www.hktdc.com/event/deluxeprintpackhk/en/product/1Z03NK9CR; https://www.hktdc.com/event/deluxeprintpackhk/en/product/1Z03NNEMS; https://www.hktdc.com/event/deluxeprintpackhk/en/product/1Z03NNEMS; https://www.hktdc.com/event/deluxeprintpackhk/en/product/1Z03NO2OY; https://www.hktdc.com/event/deluxeprintpackhk/en/product/1Z03NO2OY; https://www.hktdc.com/event/deluxeprintpackhk/en/product/1Z03NK8IA; https://www.hktdc.com/event/deluxeprintpackhk/en/product/1Z03NK8IA; https://www.hktdc.com/event/deluxeprintpackhk/en/product/1Z03NMSME; https://www.hktdc.com/event/deluxeprintpackhk/en/product/1Z03NMSME; https://www.hktdc.com/event/deluxeprintpackhk/en/product/1Z03NO2L7; https://www.hktdc.com/event/deluxeprintpackhk/en/product/1Z03NO2L7; https://www.hktdc.com/event/deluxeprintpackhk/en/product/1Z03NK7FK; https://www.hktdc.com/event/deluxeprintpackhk/en/product/1Z03NK7FK; https://www.hktdc.com/event/deluxeprintpackhk/en/product/1Z03NKASE; https://www.hktdc.com/event/deluxeprintpackhk/en/product/1Z03NKASE; https://www.hktdc.com/event/deluxeprintpackhk/en/product/1Z03NMSHT; https://www.hktdc.com/event/deluxeprintpackhk/en/product/1Z03NMSHT; https://www.hktdc.com/event/deluxeprintpackhk/en/product/1Z03NK8AY; https://www.hktdc.com/event/deluxeprintpackhk/en/product/1Z03NK8AY
Well Packaging Company Limited,Well Packaging Company Limited,Hong Kong,"Presentation Box,Bag and Pouch,Silk Boxes/Bags,Velvet Boxes/Bags,Cosmetics Packaging,Wine Packaging,Luxury Packaging,Jewelry Packaging & Display,Glasses Packaging,Watch Packaging","Presentation Box,Bag and Pouch,Silk Boxes/Bags,Velvet Boxes/Bags,Cosmetics Packaging,Wine Packaging,Luxury Packaging,Jewelry Packaging & Display,Glasses Packaging,Watch Packaging",,Exhibitor,DeLuxe PrintPack Hong Kong,3-A04,DeLuxe PrintPack Hong Kong,,1,,,"Presentation Box,Bag and Pouch,Silk Boxes/Bags,Velvet Boxes/Bags,Cosmetics Packaging,Wine Packaging,Luxury Packaging,Jewelry Packaging & Display,Glasses Packaging,Watch Packaging; packaging boxes, pouch, shopping bag, displayer, printing; OEM","Presentation Box,Bag and Pouch,Silk Boxes/Bags,Velvet Boxes/Bags,Cosmetics Packaging,Wine Packaging,Luxury Packaging,Jewelry Packaging & Display,Glasses Packaging,Watch Packaging; packaging boxes, pouch, shopping bag, displayer, printing; OEM",https://www.hktdc.com/event/deluxeprintpackhk/en/exhibitor/1S005ISUQ,40,https://www.hktdc.com/event/deluxeprintpackhk/en/product/1X22NE0U; https://www.hktdc.com/event/deluxeprintpackhk/en/product/1X22NE0U; https://www.hktdc.com/event/deluxeprintpackhk/en/product/1X22NDZY; https://www.hktdc.com/event/deluxeprintpackhk/en/product/1X22NDZY; https://www.hktdc.com/event/deluxeprintpackhk/en/product/1Z03G3NBG; https://www.hktdc.com/event/deluxeprintpackhk/en/product/1Z03G3NBG; https://www.hktdc.com/event/deluxeprintpackhk/en/product/1X1VQQVZ; https://www.hktdc.com/event/deluxeprintpackhk/en/product/1X1VQQVZ; https://www.hktdc.com/event/deluxeprintpackhk/en/product/1X1VQQU0; https://www.hktdc.com/event/deluxeprintpackhk/en/product/1X1VQQU0; https://www.hktdc.com/event/deluxeprintpackhk/en/product/1X1S9GCC; https://www.hktdc.com/event/deluxeprintpackhk/en/product/1X1S9GCC; https://www.hktdc.com/event/deluxeprintpackhk/en/product/1X1S4AGQ; https://www.hktdc.com/event/deluxeprintpackhk/en/product/1X1S4AGQ; https://www.hktdc.com/event/deluxeprintpackhk/en/product/1X1S49IR; https://www.hktdc.com/event/deluxeprintpackhk/en/product/1X1S49IR; https://www.hktdc.com/event/deluxeprintpackhk/en/product/1X1S4963; https://www.hktdc.com/event/deluxeprintpackhk/en/product/1X1S4963; https://www.hktdc.com/event/deluxeprintpackhk/en/product/1X1S3JRO; https://www.hktdc.com/event/deluxeprintpackhk/en/product/1X1S3JRO; https://www.hktdc.com/event/deluxeprintpackhk/en/product/1X1RQBRC; https://www.hktdc.com/event/deluxeprintpackhk/en/product/1X1RQBRC; https://www.hktdc.com/event/deluxeprintpackhk/en/product/1X1RQBNG; https://www.hktdc.com/event/deluxeprintpackhk/en/product/1X1RQBNG; https://www.hktdc.com/event/deluxeprintpackhk/en/product/1X1RPNGN; https://www.hktdc.com/event/deluxeprintpackhk/en/product/1X1RPNGN; https://www.hktdc.com/event/deluxeprintpackhk/en/product/1X1ROTPW; https://www.hktdc.com/event/deluxeprintpackhk/en/product/1X1ROTPW; https://www.hktdc.com/event/deluxeprintpackhk/en/product/1X1ROCHJ; https://www.hktdc.com/event/deluxeprintpackhk/en/product/1X1ROCHJ; https://www.hktdc.com/event/deluxeprintpackhk/en/product/1X1R508S; https://www.hktdc.com/event/deluxeprintpackhk/en/product/1X1R508S; https://www.hktdc.com/event/deluxeprintpackhk/en/product/1Z03G3D4B; https://www.hktdc.com/event/deluxeprintpackhk/en/product/1Z03G3D4B; https://www.hktdc.com/event/deluxeprintpackhk/en/product/1Z03G3NAJ; https://www.hktdc.com/event/deluxeprintpackhk/en/product/1Z03G3NAJ; https://www.hktdc.com/event/deluxeprintpackhk/en/product/1Z03G3NDA; https://www.hktdc.com/event/deluxeprintpackhk/en/product/1Z03G3NDA; https://www.hktdc.com/event/deluxeprintpackhk/en/product/1Z03G3N6V; https://www.hktdc.com/event/deluxeprintpackhk/en/product/1Z03G3N6V
"Dongguan City Jingli Can Co., Ltd.","Dongguan City Jingli Can Co., Ltd.",Chinese Mainland,"Metal Box & Can,Presentation Box,Cosmetics Packaging,Luxury Packaging,Jewelry Packaging & Display","Metal Box & Can,Presentation Box,Cosmetics Packaging,Luxury Packaging,Jewelry Packaging & Display",,Exhibitor,DeLuxe PrintPack Hong Kong,3-A18,DeLuxe PrintPack Hong Kong,Cantonese Business Go Global,1,,,"Metal Box & Can,Presentation Box,Cosmetics Packaging,Luxury Packaging,Jewelry Packaging & Display; Fancy Tin Box Package and premium gifts; OEM","Metal Box & Can,Presentation Box,Cosmetics Packaging,Luxury Packaging,Jewelry Packaging & Display; Fancy Tin Box Package and premium gifts; OEM",https://www.hktdc.com/event/deluxeprintpackhk/en/exhibitor/1S005LMLN,18,https://www.hktdc.com/event/deluxeprintpackhk/en/product/1X1K91P8; https://www.hktdc.com/event/deluxeprintpackhk/en/product/1X1K91P8; https://www.hktdc.com/event/deluxeprintpackhk/en/product/1X0ZB05V; https://www.hktdc.com/event/deluxeprintpackhk/en/product/1X0ZB05V; https://www.hktdc.com/event/deluxeprintpackhk/en/product/1X0ZB03X; https://www.hktdc.com/event/deluxeprintpackhk/en/product/1X0ZB03X; https://www.hktdc.com/event/deluxeprintpackhk/en/product/1X0Q8CS8; https://www.hktdc.com/event/deluxeprintpackhk/en/product/1X0Q8CS8; https://www.hktdc.com/event/deluxeprintpackhk/en/product/1X0Q8CR9; https://www.hktdc.com/event/deluxeprintpackhk/en/product/1X0Q8CR9; https://www.hktdc.com/event/deluxeprintpackhk/en/product/1X0Q8CQA; https://www.hktdc.com/event/deluxeprintpackhk/en/product/1X0Q8CQA; https://www.hktdc.com/event/deluxeprintpackhk/en/product/1X0LXB9U; https://www.hktdc.com/event/deluxeprintpackhk/en/product/1X0LXB9U; https://www.hktdc.com/event/deluxeprintpackhk/en/product/1X0LXB8V; https://www.hktdc.com/event/deluxeprintpackhk/en/product/1X0LXB8V; https://www.hktdc.com/event/deluxeprintpackhk/en/product/1X0LXB7W; https://www.hktdc.com/event/deluxeprintpackhk/en/product/1X0LXB7W
"Guangzhou Shing E Chang Paper Package Product Co., Ltd.","Guangzhou Shing E Chang Paper Package Product Co., Ltd.",Chinese Mainland,"Presentation Box,Cosmetics Packaging,Luxury Packaging,Art Printing","Presentation Box,Cosmetics Packaging,Luxury Packaging,Art Printing",,Exhibitor,DeLuxe PrintPack Hong Kong,3-B18,DeLuxe PrintPack Hong Kong,Cantonese Business Go Global,1,,,"Presentation Box,Cosmetics Packaging,Luxury Packaging,Art Printing; Paper package boxes & paper bags; OBM, OEM, ODM","Presentation Box,Cosmetics Packaging,Luxury Packaging,Art Printing; Paper package boxes & paper bags; OBM, OEM, ODM",https://www.hktdc.com/event/deluxeprintpackhk/en/exhibitor/1S005LRAF,10,https://www.hktdc.com/event/deluxeprintpackhk/en/product/1Z03NZAU8; https://www.hktdc.com/event/deluxeprintpackhk/en/product/1Z03NZAU8; https://www.hktdc.com/event/deluxeprintpackhk/en/product/1Z03NYO5X; https://www.hktdc.com/event/deluxeprintpackhk/en/product/1Z03NYO5X; https://www.hktdc.com/event/deluxeprintpackhk/en/product/1Z03NZ679; https://www.hktdc.com/event/deluxeprintpackhk/en/product/1Z03NZ679; https://www.hktdc.com/event/deluxeprintpackhk/en/product/1Z03NXJT2; https://www.hktdc.com/event/deluxeprintpackhk/en/product/1Z03NXJT2; https://www.hktdc.com/event/deluxeprintpackhk/en/product/1Z03NZ6FL; https://www.hktdc.com/event/deluxeprintpackhk/en/product/1Z03NZ6FL
"Guangzhou Yonglin Printing & Packaging Co., Ltd.","Guangzhou Yonglin Printing & Packaging Co., Ltd.",Chinese Mainland,"Founded in 2003, GuangzhouYonglin printing & packaging Co., Ltd. is located in Yonglin Industrial Park, Jianggao Town, Baiyun District, Guangzhou. It is a modern large-scale packaging and printing enterprise integrating creative design, structural design, plate making. The company possesses advanced production equipment such as ROLAND 700 Evolution Speed printing machine, automatic box-making machines for standard and irregular shapes, automatic die-cutting machines, laminating machines, leather case machines, UV machines, and hot stamping machines. From fully automated mass production to craftsmanship by skilled artisans, we cater to the diverse needs of our clients.","Founded in 2003, GuangzhouYonglin printing & packaging Co., Ltd. is located in Yonglin Industrial Park, Jianggao Town, Baiyun District, Guangzhou. It is a modern large-scale packaging and printing enterprise integrating creative design, structural design, plate making. The company possesses advanced production equipment such as ROLAND 700 Evolution Speed printing machine, automatic box-making machines for standard and irregular shapes, automatic die-cutting machines, laminating machines, leather case machines, UV machines, and hot stamping machines. From fully automated mass production to craftsmanship by skilled artisans, we cater to the diverse needs of our clients.",,Exhibitor,DeLuxe PrintPack Hong Kong,3-C18,DeLuxe PrintPack Hong Kong,Cantonese Business Go Global,1,,,"Paper Decoration,Presentation Box,Bag and Pouch,Packaging Design,Cosmetics Packaging,Wine Packaging,Luxury Packaging,Jewelry Packaging & Display,Watch Packaging,Cigar Packaging; Paper box & paper bag,cosmetic box, perfume box, wine box,chocolate box,gift box,shoes box...; OEM","Paper Decoration,Presentation Box,Bag and Pouch,Packaging Design,Cosmetics Packaging,Wine Packaging,Luxury Packaging,Jewelry Packaging & Display,Watch Packaging,Cigar Packaging; Paper box & paper bag,cosmetic box, perfume box, wine box,chocolate box,gift box,shoes box...; OEM",https://www.hktdc.com/event/deluxeprintpackhk/en/exhibitor/1S005L26G,16,https://www.hktdc.com/event/deluxeprintpackhk/en/product/1Z03JQS3Z; https://www.hktdc.com/event/deluxeprintpackhk/en/product/1Z03JQS3Z; https://www.hktdc.com/event/deluxeprintpackhk/en/product/1Z03JR1A5; https://www.hktdc.com/event/deluxeprintpackhk/en/product/1Z03JR1A5; https://www.hktdc.com/event/deluxeprintpackhk/en/product/1X06VMJN; https://www.hktdc.com/event/deluxeprintpackhk/en/product/1X06VMJN; https://www.hktdc.com/event/deluxeprintpackhk/en/product/1X06VM9X; https://www.hktdc.com/event/deluxeprintpackhk/en/product/1X06VM9X; https://www.hktdc.com/event/deluxeprintpackhk/en/product/1X06VM8Y; https://www.hktdc.com/event/deluxeprintpackhk/en/product/1X06VM8Y; https://www.hktdc.com/event/deluxeprintpackhk/en/product/1X06VLPK; https://www.hktdc.com/event/deluxeprintpackhk/en/product/1X06VLPK; https://www.hktdc.com/event/deluxeprintpackhk/en/product/1X06VLOL; https://www.hktdc.com/event/deluxeprintpackhk/en/product/1X06VLOL; https://www.hktdc.com/event/deluxeprintpackhk/en/product/1Z03JRT3Y; https://www.hktdc.com/event/deluxeprintpackhk/en/product/1Z03JRT3Y
"DongGuan Crown Win Package Co., Ltd.","DongGuan Crown Win Package Co., Ltd.",Chinese Mainland,"Metal Box & Can,Presentation Box,Bag and Pouch,Bottle and Can,Label and Tag,Packaging Design,Cosmetics Packaging,Luxury Packaging,Jewelry Packaging & Display,Tubes Packaging","Metal Box & Can,Presentation Box,Bag and Pouch,Bottle and Can,Label and Tag,Packaging Design,Cosmetics Packaging,Luxury Packaging,Jewelry Packaging & Display,Tubes Packaging",,Exhibitor,DeLuxe PrintPack Hong Kong,3-A32,DeLuxe PrintPack Hong Kong,Cantonese Business Go Global,1,,,"Metal Box & Can,Presentation Box,Bag and Pouch,Bottle and Can,Label and Tag,Packaging Design,Cosmetics Packaging,Luxury Packaging,Jewelry Packaging & Display,Tubes Packaging; Package boxes, paper bags, tube boxes; ODM, OEM, OBM","Metal Box & Can,Presentation Box,Bag and Pouch,Bottle and Can,Label and Tag,Packaging Design,Cosmetics Packaging,Luxury Packaging,Jewelry Packaging & Display,Tubes Packaging; Package boxes, paper bags, tube boxes; ODM, OEM, OBM",https://www.hktdc.com/event/deluxeprintpackhk/en/exhibitor/1S005L2A4,40,https://www.hktdc.com/event/deluxeprintpackhk/en/product/1Z03JVDKZ; https://www.hktdc.com/event/deluxeprintpackhk/en/product/1Z03JVDKZ; https://www.hktdc.com/event/deluxeprintpackhk/en/product/1Z03JZGLT; https://www.hktdc.com/event/deluxeprintpackhk/en/product/1Z03JZGLT; https://www.hktdc.com/event/deluxeprintpackhk/en/product/1Z03JYQ8M; https://www.hktdc.com/event/deluxeprintpackhk/en/product/1Z03JYQ8M; https://www.hktdc.com/event/deluxeprintpackhk/en/product/1Z03K2ELV; https://www.hktdc.com/event/deluxeprintpackhk/en/product/1Z03K2ELV; https://www.hktdc.com/event/deluxeprintpackhk/en/product/1Z03JVRHU; https://www.hktdc.com/event/deluxeprintpackhk/en/product/1Z03JVRHU; https://www.hktdc.com/event/deluxeprintpackhk/en/product/1Z03JXGLT; https://www.hktdc.com/event/deluxeprintpackhk/en/product/1Z03JXGLT; https://www.hktdc.com/event/deluxeprintpackhk/en/product/1Z03JVP32; https://www.hktdc.com/event/deluxeprintpackhk/en/product/1Z03JVP32; https://www.hktdc.com/event/deluxeprintpackhk/en/product/1Z03JZHU1; https://www.hktdc.com/event/deluxeprintpackhk/en/product/1Z03JZHU1; https://www.hktdc.com/event/deluxeprintpackhk/en/product/1Z03JYTRY; https://www.hktdc.com/event/deluxeprintpackhk/en/product/1Z03JYTRY; https://www.hktdc.com/event/deluxeprintpackhk/en/product/1Z03JWTSV; https://www.hktdc.com/event/deluxeprintpackhk/en/product/1Z03JWTSV; https://www.hktdc.com/event/deluxeprintpackhk/en/product/1Z03JVUGU; https://www.hktdc.com/event/deluxeprintpackhk/en/product/1Z03JVUGU; https://www.hktdc.com/event/deluxeprintpackhk/en/product/1Z03JVOP9; https://www.hktdc.com/event/deluxeprintpackhk/en/product/1Z03JVOP9; https://www.hktdc.com/event/deluxeprintpackhk/en/product/1Z03JZFPI; https://www.hktdc.com/event/deluxeprintpackhk/en/product/1Z03JZFPI; https://www.hktdc.com/event/deluxeprintpackhk/en/product/1Z03JYVLE; https://www.hktdc.com/event/deluxeprintpackhk/en/product/1Z03JYVLE; https://www.hktdc.com/event/deluxeprintpackhk/en/product/1Z03K2AFH; https://www.hktdc.com/event/deluxeprintpackhk/en/product/1Z03K2AFH; https://www.hktdc.com/event/deluxeprintpackhk/en/product/1Z03JVR5U; https://www.hktdc.com/event/deluxeprintpackhk/en/product/1Z03JVR5U; https://www.hktdc.com/event/deluxeprintpackhk/en/product/1Z03JZFZO; https://www.hktdc.com/event/deluxeprintpackhk/en/product/1Z03JZFZO; https://www.hktdc.com/event/deluxeprintpackhk/en/product/1Z03JWMUW; https://www.hktdc.com/event/deluxeprintpackhk/en/product/1Z03JWMUW; https://www.hktdc.com/event/deluxeprintpackhk/en/product/1Z03JVCPL; https://www.hktdc.com/event/deluxeprintpackhk/en/product/1Z03JVCPL; https://www.hktdc.com/event/deluxeprintpackhk/en/product/1Z03JV16H; https://www.hktdc.com/event/deluxeprintpackhk/en/product/1Z03JV16H
"Dongguan Detai Paper Products Co., Ltd.","Dongguan Detai Paper Products Co., Ltd.",Chinese Mainland,"Metal Box & Can,Presentation Box,Bag and Pouch,Bottle and Can,Label and Tag,Packaging Design,Cosmetics Packaging,Luxury Packaging,Jewelry Packaging & Display,Tubes Packaging","Metal Box & Can,Presentation Box,Bag and Pouch,Bottle and Can,Label and Tag,Packaging Design,Cosmetics Packaging,Luxury Packaging,Jewelry Packaging & Display,Tubes Packaging",,Exhibitor,DeLuxe PrintPack Hong Kong,3-B29,DeLuxe PrintPack Hong Kong,Cantonese Business Go Global,1,,,"Metal Box & Can,Presentation Box,Bag and Pouch,Bottle and Can,Label and Tag,Packaging Design,Cosmetics Packaging,Luxury Packaging,Jewelry Packaging & Display,Tubes Packaging; Paper tube & Paper box & Paper bag; OEM, ODM, OBM","Metal Box & Can,Presentation Box,Bag and Pouch,Bottle and Can,Label and Tag,Packaging Design,Cosmetics Packaging,Luxury Packaging,Jewelry Packaging & Display,Tubes Packaging; Paper tube & Paper box & Paper bag; OEM, ODM, OBM",https://www.hktdc.com/event/deluxeprintpackhk/en/exhibitor/1S005L2ES,20,https://www.hktdc.com/event/deluxeprintpackhk/en/product/1X0PZ5D8; https://www.hktdc.com/event/deluxeprintpackhk/en/product/1X0PZ5D8; https://www.hktdc.com/event/deluxeprintpackhk/en/product/1X0PUIPT; https://www.hktdc.com/event/deluxeprintpackhk/en/product/1X0PUIPT; https://www.hktdc.com/event/deluxeprintpackhk/en/product/1X0PNMBV; https://www.hktdc.com/event/deluxeprintpackhk/en/product/1X0PNMBV; https://www.hktdc.com/event/deluxeprintpackhk/en/product/1X0PNMAW; https://www.hktdc.com/event/deluxeprintpackhk/en/product/1X0PNMAW; https://www.hktdc.com/event/deluxeprintpackhk/en/product/1X0PETI3; https://www.hktdc.com/event/deluxeprintpackhk/en/product/1X0PETI3; https://www.hktdc.com/event/deluxeprintpackhk/en/product/1X0PETH4; https://www.hktdc.com/event/deluxeprintpackhk/en/product/1X0PETH4; https://www.hktdc.com/event/deluxeprintpackhk/en/product/1X0PETF6; https://www.hktdc.com/event/deluxeprintpackhk/en/product/1X0PETF6; https://www.hktdc.com/event/deluxeprintpackhk/en/product/1X0P5AHP; https://www.hktdc.com/event/deluxeprintpackhk/en/product/1X0P5AHP; https://www.hktdc.com/event/deluxeprintpackhk/en/product/1X0P3NMH; https://www.hktdc.com/event/deluxeprintpackhk/en/product/1X0P3NMH; https://www.hktdc.com/event/deluxeprintpackhk/en/product/1X0P3NLI; https://www.hktdc.com/event/deluxeprintpackhk/en/product/1X0P3NLI
"Dongguan Fullbright Industry Co., Ltd.","Dongguan Fullbright Industry Co., Ltd.",Chinese Mainland,"Paper Decoration,Presentation Box,Bag and Pouch,Velvet Boxes/Bags,Packaging Design,Cosmetics Packaging,Wine Packaging,Luxury Packaging,Jewelry Packaging & Display","Paper Decoration,Presentation Box,Bag and Pouch,Velvet Boxes/Bags,Packaging Design,Cosmetics Packaging,Wine Packaging,Luxury Packaging,Jewelry Packaging & Display",,Exhibitor,DeLuxe PrintPack Hong Kong,3-A17,DeLuxe PrintPack Hong Kong,Cantonese Business Go Global,1,,,"Paper Decoration,Presentation Box,Bag and Pouch,Velvet Boxes/Bags,Packaging Design,Cosmetics Packaging,Wine Packaging,Luxury Packaging,Jewelry Packaging & Display; Paper bag, shopping bag, paper gift bag; paper box, paper gift box, paper lid and bottom box, cosmetics box, paper jewelry box, paper hang tag; OEM","Paper Decoration,Presentation Box,Bag and Pouch,Velvet Boxes/Bags,Packaging Design,Cosmetics Packaging,Wine Packaging,Luxury Packaging,Jewelry Packaging & Display; Paper bag, shopping bag, paper gift bag; paper box, paper gift box, paper lid and bottom box, cosmetics box, paper jewelry box, paper hang tag; OEM",https://www.hktdc.com/event/deluxeprintpackhk/en/exhibitor/1S005LMNH,40,https://www.hktdc.com/event/deluxeprintpackhk/en/product/1Z03O1X4R; https://www.hktdc.com/event/deluxeprintpackhk/en/product/1Z03O1X4R; https://www.hktdc.com/event/deluxeprintpackhk/en/product/1Z03O1WFV; https://www.hktdc.com/event/deluxeprintpackhk/en/product/1Z03O1WFV; https://www.hktdc.com/event/deluxeprintpackhk/en/product/1Z03O1W9D; https://www.hktdc.com/event/deluxeprintpackhk/en/product/1Z03O1W9D; https://www.hktdc.com/event/deluxeprintpackhk/en/product/1Z03O1W2Y; https://www.hktdc.com/event/deluxeprintpackhk/en/product/1Z03O1W2Y; https://www.hktdc.com/event/deluxeprintpackhk/en/product/1Z03O03DU; https://www.hktdc.com/event/deluxeprintpackhk/en/product/1Z03O03DU; https://www.hktdc.com/event/deluxeprintpackhk/en/product/1Z03O00C0; https://www.hktdc.com/event/deluxeprintpackhk/en/product/1Z03O00C0; https://www.hktdc.com/event/deluxeprintpackhk/en/product/1Z03NV4OW; https://www.hktdc.com/event/deluxeprintpackhk/en/product/1Z03NV4OW; https://www.hktdc.com/event/deluxeprintpackhk/en/product/1Z03NY72N; https://www.hktdc.com/event/deluxeprintpackhk/en/product/1Z03NY72N; https://www.hktdc.com/event/deluxeprintpackhk/en/product/1Z03NY4Y2; https://www.hktdc.com/event/deluxeprintpackhk/en/product/1Z03NY4Y2; https://www.hktdc.com/event/deluxeprintpackhk/en/product/1X1G4NFO; https://www.hktdc.com/event/deluxeprintpackhk/en/product/1X1G4NFO; https://www.hktdc.com/event/deluxeprintpackhk/en/product/1Z03NV3JC; https://www.hktdc.com/event/deluxeprintpackhk/en/product/1Z03NV3JC; https://www.hktdc.com/event/deluxeprintpackhk/en/product/1Z03NUVO5; https://www.hktdc.com/event/deluxeprintpackhk/en/product/1Z03NUVO5; https://www.hktdc.com/event/deluxeprintpackhk/en/product/1Z03NY7CT; https://www.hktdc.com/event/deluxeprintpackhk/en/product/1Z03NY7CT; https://www.hktdc.com/event/deluxeprintpackhk/en/product/1Z03NUXA9; https://www.hktdc.com/event/deluxeprintpackhk/en/product/1Z03NUXA9; https://www.hktdc.com/event/deluxeprintpackhk/en/product/1Z03NVG7Z; https://www.hktdc.com/event/deluxeprintpackhk/en/product/1Z03NVG7Z; https://www.hktdc.com/event/deluxeprintpackhk/en/product/1Z03NVBNS; https://www.hktdc.com/event/deluxeprintpackhk/en/product/1Z03NVBNS; https://www.hktdc.com/event/deluxeprintpackhk/en/product/1Z03NUYRT; https://www.hktdc.com/event/deluxeprintpackhk/en/product/1Z03NUYRT; https://www.hktdc.com/event/deluxeprintpackhk/en/product/1Z03NY6QO; https://www.hktdc.com/event/deluxeprintpackhk/en/product/1Z03NY6QO; https://www.hktdc.com/event/deluxeprintpackhk/en/product/1Z03NVD1K; https://www.hktdc.com/event/deluxeprintpackhk/en/product/1Z03NVD1K; https://www.hktdc.com/event/deluxeprintpackhk/en/product/1Z03NVH0J; https://www.hktdc.com/event/deluxeprintpackhk/en/product/1Z03NVH0J
Dongguan Jolly Industries Limited,Dongguan Jolly Industries Limited,Chinese Mainland,"Presentation Box,Silk Boxes/Bags,Velvet Boxes/Bags,Wine Packaging,Luxury Packaging,Jewelry Packaging & Display,Watch Packaging,Cigar Packaging","Presentation Box,Silk Boxes/Bags,Velvet Boxes/Bags,Wine Packaging,Luxury Packaging,Jewelry Packaging & Display,Watch Packaging,Cigar Packaging",,Exhibitor,DeLuxe PrintPack Hong Kong,3-B11,DeLuxe PrintPack Hong Kong,Cantonese Business Go Global,1,,,"Presentation Box,Silk Boxes/Bags,Velvet Boxes/Bags,Wine Packaging,Luxury Packaging,Jewelry Packaging & Display,Watch Packaging,Cigar Packaging; Cosmetics box, jewelry box, watch box, OEM ODM; ODM, OEM","Presentation Box,Silk Boxes/Bags,Velvet Boxes/Bags,Wine Packaging,Luxury Packaging,Jewelry Packaging & Display,Watch Packaging,Cigar Packaging; Cosmetics box, jewelry box, watch box, OEM ODM; ODM, OEM",https://www.hktdc.com/event/deluxeprintpackhk/en/exhibitor/1S005L22S,4,https://www.hktdc.com/event/deluxeprintpackhk/en/product/1Z03NVAPN; https://www.hktdc.com/event/deluxeprintpackhk/en/product/1Z03NVAPN; https://www.hktdc.com/event/deluxeprintpackhk/en/product/1Z03NVAHB; https://www.hktdc.com/event/deluxeprintpackhk/en/product/1Z03NVAHB
"Dongguan Lucky Color Industry Co., Ltd.","Dongguan Lucky Color Industry Co., Ltd.",Chinese Mainland,"Presentation Box,Bag and Pouch,Velvet Boxes/Bags,Perfume Bottle,Packaging Design,Cosmetics Packaging,Wine Packaging,Luxury Packaging,Jewelry Packaging & Display,Tubes Packaging","Presentation Box,Bag and Pouch,Velvet Boxes/Bags,Perfume Bottle,Packaging Design,Cosmetics Packaging,Wine Packaging,Luxury Packaging,Jewelry Packaging & Display,Tubes Packaging",,Exhibitor,DeLuxe PrintPack Hong Kong,3-C04,DeLuxe PrintPack Hong Kong,Cantonese Business Go Global,1,,,"Presentation Box,Bag and Pouch,Velvet Boxes/Bags,Perfume Bottle,Packaging Design,Cosmetics Packaging,Wine Packaging,Luxury Packaging,Jewelry Packaging & Display,Tubes Packaging; Cosmetic box packaging, jewelry boxes, liquor packaging.
One For All Solution For Gustom Printed Packaging; ODM, OEM, Others, OBM","Presentation Box,Bag and Pouch,Velvet Boxes/Bags,Perfume Bottle,Packaging Design,Cosmetics Packaging,Wine Packaging,Luxury Packaging,Jewelry Packaging & Display,Tubes Packaging; Cosmetic box packaging, jewelry boxes, liquor packaging.
One For All Solution For Gustom Printed Packaging; ODM, OEM, Others, OBM",https://www.hktdc.com/event/deluxeprintpackhk/en/exhibitor/1S005L1Y5,12,https://www.hktdc.com/event/deluxeprintpackhk/en/product/1Z03O2R23; https://www.hktdc.com/event/deluxeprintpackhk/en/product/1Z03O2R23; https://www.hktdc.com/event/deluxeprintpackhk/en/product/1X1WLMRF; https://www.hktdc.com/event/deluxeprintpackhk/en/product/1X1WLMRF; https://www.hktdc.com/event/deluxeprintpackhk/en/product/1X1WLLWD; https://www.hktdc.com/event/deluxeprintpackhk/en/product/1X1WLLWD; https://www.hktdc.com/event/deluxeprintpackhk/en/product/1X1WLJNS; https://www.hktdc.com/event/deluxeprintpackhk/en/product/1X1WLJNS; https://www.hktdc.com/event/deluxeprintpackhk/en/product/1X1SSLNM; https://www.hktdc.com/event/deluxeprintpackhk/en/product/1X1SSLNM; https://www.hktdc.com/event/deluxeprintpackhk/en/product/1X1SSLMN; https://www.hktdc.com/event/deluxeprintpackhk/en/product/1X1SSLMN
"Dongguan New Start Hardware Technology Co., Ltd.","Dongguan New Start Hardware Technology Co., Ltd.",Chinese Mainland,"DongGuan New start Hardware Technology is set up in 2012.expert in customizingg PERFUME LABEL ,WINE LABEL &etc..Our factory have 3800sqm.We have more than 100 machines like Japanese offset printer,punching.Automatic drawing,Mirror plosihing.CNC and Fine Engraving.Also have rroms of high-tech molding and complete inspectioN.From tooling and products are finished in the plant.NewStart is an enterprise with high-tech metal surface treatment.Our team have more than 15years experience of customizing labels(Aluminium,Copper,Nickel,stainlessstell,Alloy zinc)which widely used on the luxury&delicated packing boxes.And our efficient&lean services,fair price and higher cost perfomance win our customer's Support &Trust","DongGuan New start Hardware Technology is set up in 2012.expert in customizingg PERFUME LABEL ,WINE LABEL &etc..Our factory have 3800sqm.We have more than 100 machines like Japanese offset printer,punching.Automatic drawing,Mirror plosihing.CNC and Fine Engraving.Also have rroms of high-tech molding and complete inspectioN.From tooling and products are finished in the plant.NewStart is an enterprise with high-tech metal surface treatment.Our team have more than 15years experience of customizing labels(Aluminium,Copper,Nickel,stainlessstell,Alloy zinc)which widely used on the luxury&delicated packing boxes.And our efficient&lean services,fair price and higher cost perfomance win our customer's Support &Trust",,Exhibitor,DeLuxe PrintPack Hong Kong,3-A10,DeLuxe PrintPack Hong Kong,Cantonese Business Go Global,1,,,"Label and Tag,Wine Packaging,Luxury Packaging; Metals(aluminium,copper,stainless steel,zinc alloys)Namplates,marks,for Perfume,Wine bottle,Wood boxes and other packing.Process:Dioxide,multi-color oxidization,corrosion,brushing,highlight,CD pattern,antique copper process,oil injection,.; Others","Label and Tag,Wine Packaging,Luxury Packaging; Metals(aluminium,copper,stainless steel,zinc alloys)Namplates,marks,for Perfume,Wine bottle,Wood boxes and other packing.Process:Dioxide,multi-color oxidization,corrosion,brushing,highlight,CD pattern,antique copper process,oil injection,.; Others",https://www.hktdc.com/event/deluxeprintpackhk/en/exhibitor/1S005L24M,0,
"Dongguan Nodiman Packaging Co., Ltd.","Dongguan Nodiman Packaging Co., Ltd.",Chinese Mainland,"Dongguan Nodiman Packaging Co., Ltd. is a benchmark enterprise in the packaging industry, focusing on high-grade packaging for more than 20 years. Is a collection of product design, development, production, sales, service as one of the ""one-stop"" enterprise.","Dongguan Nodiman Packaging Co., Ltd. is a benchmark enterprise in the packaging industry, focusing on high-grade packaging for more than 20 years. Is a collection of product design, development, production, sales, service as one of the ""one-stop"" enterprise.",,Exhibitor,DeLuxe PrintPack Hong Kong,3-A28,DeLuxe PrintPack Hong Kong,Cantonese Business Go Global,1,,,"Wooden Box and Case,Presentation Box,Packaging Design,Cosmetics Packaging,Wine Packaging,Luxury Packaging,Jewelry Packaging & Display,Watch Packaging,Cigar Packaging,Art Printing; We serve watch, jewelry, perfume, cosmetics, tobacco, alcohol, health care products, gifts, electronic products and other industries, we provide wooden boxes, handmade packaging boxes and printing folding boxes, each product has a milestone manufactu; OBM, ODM, OEM","Wooden Box and Case,Presentation Box,Packaging Design,Cosmetics Packaging,Wine Packaging,Luxury Packaging,Jewelry Packaging & Display,Watch Packaging,Cigar Packaging,Art Printing; We serve watch, jewelry, perfume, cosmetics, tobacco, alcohol, health care products, gifts, electronic products and other industries, we provide wooden boxes, handmade packaging boxes and printing folding boxes, each product has a milestone manufactu; OBM, ODM, OEM",https://www.hktdc.com/event/deluxeprintpackhk/en/exhibitor/1S005L1TK,0,
"Dongguan Pengcheng JES Packaging Product Co., Ltd.","Dongguan Pengcheng JES Packaging Product Co., Ltd.",Chinese Mainland,"JES Packaging is an international producer of more competitive paper boxes, paper cylinders, paper bags, and molded pulp.Founded in 2001, over 500 workers, 28,000m workshops with various auto-machines, FSC, and ISO9001, ISO14000 certificated. we combine great products with a creative and knowledgeable total-service team to provide ideas and solutions for any paper packaging need.","JES Packaging is an international producer of more competitive paper boxes, paper cylinders, paper bags, and molded pulp.Founded in 2001, over 500 workers, 28,000m workshops with various auto-machines, FSC, and ISO9001, ISO14000 certificated. we combine great products with a creative and knowledgeable total-service team to provide ideas and solutions for any paper packaging need.",,Exhibitor,DeLuxe PrintPack Hong Kong,3-C08,DeLuxe PrintPack Hong Kong,Cantonese Business Go Global,1,,,"Paper Decoration,Presentation Box,Bag and Pouch,Packaging Design,Cosmetics Packaging,Wine Packaging,Luxury Packaging,Jewelry Packaging & Display,Watch Packaging; Paper boxes, paper cylinders, paper bags, and molded pulp; OBM","Paper Decoration,Presentation Box,Bag and Pouch,Packaging Design,Cosmetics Packaging,Wine Packaging,Luxury Packaging,Jewelry Packaging & Display,Watch Packaging; Paper boxes, paper cylinders, paper bags, and molded pulp; OBM",https://www.hktdc.com/event/deluxeprintpackhk/en/exhibitor/1S005LMOE,2,https://www.hktdc.com/event/deluxeprintpackhk/en/product/1Z03NUS6Q; https://www.hktdc.com/event/deluxeprintpackhk/en/product/1Z03NUS6Q
"Dongguan Zhizun Industrial Co., Ltd.","Dongguan Zhizun Industrial Co., Ltd.",Chinese Mainland,"Dongguan Zhizun Industrial CO.,Ltd was found in Nov 1995, which is principally engaged in development and manufacture of printed packages and gift boxes. Covering an area of 6000 square meters, we now have over 300 employees and are currently exporting 80% of our production worldwide. We not only have modern semi-automatic and automatic equipment, like vision detection and location machine, die cutting machine, Heidelberger printing presses. But we also have received ISO9001:2008 International Quality System certification and SA8000:2008, SEDEX, FSC certification system. If you are interested in any of our products or would like to discuss a custom order, please feel free to contact us. We are looking forward to forming successful business relationships with new clients around the world in the near future.","Dongguan Zhizun Industrial CO.,Ltd was found in Nov 1995, which is principally engaged in development and manufacture of printed packages and gift boxes. Covering an area of 6000 square meters, we now have over 300 employees and are currently exporting 80% of our production worldwide. We not only have modern semi-automatic and automatic equipment, like vision detection and location machine, die cutting machine, Heidelberger printing presses. But we also have received ISO9001:2008 International Quality System certification and SA8000:2008, SEDEX, FSC certification system. If you are interested in any of our products or would like to discuss a custom order, please feel free to contact us. We are looking forward to forming successful business relationships with new clients around the world in the near future.",,Exhibitor,DeLuxe PrintPack Hong Kong,3-C02,DeLuxe PrintPack Hong Kong,Cantonese Business Go Global,1,,,"Paper Decoration,Presentation Box,Bag and Pouch,Packaging Design,Cosmetics Packaging,Wine Packaging,Luxury Packaging,Jewelry Packaging & Display; Gift Box, Tubes, Paper Box, Paper Bag; OEM","Paper Decoration,Presentation Box,Bag and Pouch,Packaging Design,Cosmetics Packaging,Wine Packaging,Luxury Packaging,Jewelry Packaging & Display; Gift Box, Tubes, Paper Box, Paper Bag; OEM",https://www.hktdc.com/event/deluxeprintpackhk/en/exhibitor/1S005LMMK,14,https://www.hktdc.com/event/deluxeprintpackhk/en/product/1X1P6VPQ; https://www.hktdc.com/event/deluxeprintpackhk/en/product/1X1P6VPQ; https://www.hktdc.com/event/deluxeprintpackhk/en/product/1X1P6VOR; https://www.hktdc.com/event/deluxeprintpackhk/en/product/1X1P6VOR; https://www.hktdc.com/event/deluxeprintpackhk/en/product/1X1P6VLU; https://www.hktdc.com/event/deluxeprintpackhk/en/product/1X1P6VLU; https://www.hktdc.com/event/deluxeprintpackhk/en/product/1X1P6VKV; https://www.hktdc.com/event/deluxeprintpackhk/en/product/1X1P6VKV; https://www.hktdc.com/event/deluxeprintpackhk/en/product/1X1P6VJW; https://www.hktdc.com/event/deluxeprintpackhk/en/product/1X1P6VJW; https://www.hktdc.com/event/deluxeprintpackhk/en/product/1X1P6VIX; https://www.hktdc.com/event/deluxeprintpackhk/en/product/1X1P6VIX; https://www.hktdc.com/event/deluxeprintpackhk/en/product/1X1L12ZV; https://www.hktdc.com/event/deluxeprintpackhk/en/product/1X1L12ZV
"Guangzhou Tianyi Metal Products Co., Ltd.","Guangzhou Tianyi Metal Products Co., Ltd.",Chinese Mainland,"Guangzhou Tianyi Metal Products Co.,Ltd. founded in 2015, produces square, round, and other shaped tin boxes for food and gift packaging. With 50k+ sqm of modernized workshop, 300+ skilled workers, and 15+ automatic production lines, we can produce over 5 million pcs of tin boxes each month. We offer excellent quality, competitive prices, and prompt delivery, ensuring client confidence. All products have FDA, LFGB, EN71-1,2,3, REACH, etc. certificates.","Guangzhou Tianyi Metal Products Co.,Ltd. founded in 2015, produces square, round, and other shaped tin boxes for food and gift packaging. With 50k+ sqm of modernized workshop, 300+ skilled workers, and 15+ automatic production lines, we can produce over 5 million pcs of tin boxes each month. We offer excellent quality, competitive prices, and prompt delivery, ensuring client confidence. All products have FDA, LFGB, EN71-1,2,3, REACH, etc. certificates.",,Exhibitor,DeLuxe PrintPack Hong Kong,3-B21,DeLuxe PrintPack Hong Kong,Cantonese Business Go Global,1,,,"Metal Box & Can,Presentation Box,Bottle and Can,Packaging Design,Model Making,Packaging Cap and Closure,Authentication and Traceability,Luxury Packaging,Smart Packaging,Art Printing; Cookie tin box, Tea tin box, Candy tin box, gift tin box; OEM, OBM, ODM","Metal Box & Can,Presentation Box,Bottle and Can,Packaging Design,Model Making,Packaging Cap and Closure,Authentication and Traceability,Luxury Packaging,Smart Packaging,Art Printing; Cookie tin box, Tea tin box, Candy tin box, gift tin box; OEM, OBM, ODM",https://www.hktdc.com/event/deluxeprintpackhk/en/exhibitor/1S005L1UH,40,https://www.hktdc.com/event/deluxeprintpackhk/en/product/1X2493TY; https://www.hktdc.com/event/deluxeprintpackhk/en/product/1X2493TY; https://www.hktdc.com/event/deluxeprintpackhk/en/product/1X25RM9X; https://www.hktdc.com/event/deluxeprintpackhk/en/product/1X25RM9X; https://www.hktdc.com/event/deluxeprintpackhk/en/product/1X23ZI2G; https://www.hktdc.com/event/deluxeprintpackhk/en/product/1X23ZI2G; https://www.hktdc.com/event/deluxeprintpackhk/en/product/1Z03K2M35; https://www.hktdc.com/event/deluxeprintpackhk/en/product/1Z03K2M35; https://www.hktdc.com/event/deluxeprintpackhk/en/product/1Z03K2CDL; https://www.hktdc.com/event/deluxeprintpackhk/en/product/1Z03K2CDL; https://www.hktdc.com/event/deluxeprintpackhk/en/product/1X23ZHVQ; https://www.hktdc.com/event/deluxeprintpackhk/en/product/1X23ZHVQ; https://www.hktdc.com/event/deluxeprintpackhk/en/product/1Z03K3NVS; https://www.hktdc.com/event/deluxeprintpackhk/en/product/1Z03K3NVS; https://www.hktdc.com/event/deluxeprintpackhk/en/product/1Z03K2IWU; https://www.hktdc.com/event/deluxeprintpackhk/en/product/1Z03K2IWU; https://www.hktdc.com/event/deluxeprintpackhk/en/product/1Z03K3KCG; https://www.hktdc.com/event/deluxeprintpackhk/en/product/1Z03K3KCG; https://www.hktdc.com/event/deluxeprintpackhk/en/product/1X23ZHTS; https://www.hktdc.com/event/deluxeprintpackhk/en/product/1X23ZHTS; https://www.hktdc.com/event/deluxeprintpackhk/en/product/1Z03K3I9R; https://www.hktdc.com/event/deluxeprintpackhk/en/product/1Z03K3I9R; https://www.hktdc.com/event/deluxeprintpackhk/en/product/1Z03K38CS; https://www.hktdc.com/event/deluxeprintpackhk/en/product/1Z03K38CS; https://www.hktdc.com/event/deluxeprintpackhk/en/product/1Z03K3LML; https://www.hktdc.com/event/deluxeprintpackhk/en/product/1Z03K3LML; https://www.hktdc.com/event/deluxeprintpackhk/en/product/1Z03K3P5W; https://www.hktdc.com/event/deluxeprintpackhk/en/product/1Z03K3P5W; https://www.hktdc.com/event/deluxeprintpackhk/en/product/1Z03K392L; https://www.hktdc.com/event/deluxeprintpackhk/en/product/1Z03K392L; https://www.hktdc.com/event/deluxeprintpackhk/en/product/1Z03K3P7Q; https://www.hktdc.com/event/deluxeprintpackhk/en/product/1Z03K3P7Q; https://www.hktdc.com/event/deluxeprintpackhk/en/product/1Z03K2OR3; https://www.hktdc.com/event/deluxeprintpackhk/en/product/1Z03K2OR3; https://www.hktdc.com/event/deluxeprintpackhk/en/product/1Z03K3QVP; https://www.hktdc.com/event/deluxeprintpackhk/en/product/1Z03K3QVP; https://www.hktdc.com/event/deluxeprintpackhk/en/product/1Z03K39EL; https://www.hktdc.com/event/deluxeprintpackhk/en/product/1Z03K39EL; https://www.hktdc.com/event/deluxeprintpackhk/en/product/1Z03K37OT; https://www.hktdc.com/event/deluxeprintpackhk/en/product/1Z03K37OT
"Shanghai Xinxiang Package Co., Ltd.","Shanghai Xinxiang Package Co., Ltd.",Chinese Mainland,"Presentation Box,Bag and Pouch,Packaging Design,Wine Packaging,Luxury Packaging,Smart Packaging,Jewelry Packaging & Display,Watch Packaging","Presentation Box,Bag and Pouch,Packaging Design,Wine Packaging,Luxury Packaging,Smart Packaging,Jewelry Packaging & Display,Watch Packaging",,Exhibitor,DeLuxe PrintPack Hong Kong,3-C05,DeLuxe PrintPack Hong Kong,,1,,,"Presentation Box,Bag and Pouch,Packaging Design,Wine Packaging,Luxury Packaging,Smart Packaging,Jewelry Packaging & Display,Watch Packaging; Luxury Paper Bag, Paper Gift Box, Rigid Box, Perfume Box, Fragrance Gift Box, Corrugated Paper Box, Cosmetic Gift Box, Luxury Jewelry Box. We tailor every aspect of our packaging solutions to align with the values and aesthetics of luxury brands.; OEM, ODM","Presentation Box,Bag and Pouch,Packaging Design,Wine Packaging,Luxury Packaging,Smart Packaging,Jewelry Packaging & Display,Watch Packaging; Luxury Paper Bag, Paper Gift Box, Rigid Box, Perfume Box, Fragrance Gift Box, Corrugated Paper Box, Cosmetic Gift Box, Luxury Jewelry Box. We tailor every aspect of our packaging solutions to align with the values and aesthetics of luxury brands.; OEM, ODM",https://www.hktdc.com/event/deluxeprintpackhk/en/exhibitor/1S005LMQ8,10,https://www.hktdc.com/event/deluxeprintpackhk/en/product/1Z03O1BCP; https://www.hktdc.com/event/deluxeprintpackhk/en/product/1Z03O1BCP; https://www.hktdc.com/event/deluxeprintpackhk/en/product/1Z03NZI1F; https://www.hktdc.com/event/deluxeprintpackhk/en/product/1Z03NZI1F; https://www.hktdc.com/event/deluxeprintpackhk/en/product/1Z03NZGS8; https://www.hktdc.com/event/deluxeprintpackhk/en/product/1Z03NZGS8; https://www.hktdc.com/event/deluxeprintpackhk/en/product/1Z03NZHI1; https://www.hktdc.com/event/deluxeprintpackhk/en/product/1Z03NZHI1; https://www.hktdc.com/event/deluxeprintpackhk/en/product/1Z03NZHPG; https://www.hktdc.com/event/deluxeprintpackhk/en/product/1Z03NZHPG
"Shantou GLD Arts & Crafts Co., Ltd.","Shantou GLD Arts & Crafts Co., Ltd.",Chinese Mainland,"Bag and Pouch,Packaging Design,Cosmetics Packaging,Wine Packaging,Luxury Packaging,Jewelry Packaging & Display,Watch Packaging","Bag and Pouch,Packaging Design,Cosmetics Packaging,Wine Packaging,Luxury Packaging,Jewelry Packaging & Display,Watch Packaging",,Exhibitor,DeLuxe PrintPack Hong Kong,3-C03,DeLuxe PrintPack Hong Kong,Cantonese Business Go Global,1,,,"Bag and Pouch,Packaging Design,Cosmetics Packaging,Wine Packaging,Luxury Packaging,Jewelry Packaging & Display,Watch Packaging; Printing paper boxes, pu leather boxes,jewelry boxes, cosmetic boxes,wine boxes,chocolate boxes, paper bag; OBM, ODM, OEM","Bag and Pouch,Packaging Design,Cosmetics Packaging,Wine Packaging,Luxury Packaging,Jewelry Packaging & Display,Watch Packaging; Printing paper boxes, pu leather boxes,jewelry boxes, cosmetic boxes,wine boxes,chocolate boxes, paper bag; OBM, ODM, OEM",https://www.hktdc.com/event/deluxeprintpackhk/en/exhibitor/1S005LRGX,0,
"Shenzhen Xin Zesen Printing Co., Ltd.","Shenzhen Xin Zesen Printing Co., Ltd.",Chinese Mainland,"Presentation Box,Cosmetics Packaging,Luxury Packaging,Jewelry Packaging & Display","Presentation Box,Cosmetics Packaging,Luxury Packaging,Jewelry Packaging & Display",,Exhibitor,DeLuxe PrintPack Hong Kong,3-C23,DeLuxe PrintPack Hong Kong,,1,,,"Presentation Box,Cosmetics Packaging,Luxury Packaging,Jewelry Packaging & Display; Gift boxes, jewelry boxes, color boxes; OEM","Presentation Box,Cosmetics Packaging,Luxury Packaging,Jewelry Packaging & Display; Gift boxes, jewelry boxes, color boxes; OEM",https://www.hktdc.com/event/deluxeprintpackhk/en/exhibitor/1S005L28A,10,https://www.hktdc.com/event/deluxeprintpackhk/en/product/1Z03GD3N0; https://www.hktdc.com/event/deluxeprintpackhk/en/product/1Z03GD3N0; https://www.hktdc.com/event/deluxeprintpackhk/en/product/1Z03GAX4R; https://www.hktdc.com/event/deluxeprintpackhk/en/product/1Z03GAX4R; https://www.hktdc.com/event/deluxeprintpackhk/en/product/1Z03GD396; https://www.hktdc.com/event/deluxeprintpackhk/en/product/1Z03GD396; https://www.hktdc.com/event/deluxeprintpackhk/en/product/1Z03GD32R; https://www.hktdc.com/event/deluxeprintpackhk/en/product/1Z03GD32R; https://www.hktdc.com/event/deluxeprintpackhk/en/product/1Z03GD3DU; https://www.hktdc.com/event/deluxeprintpackhk/en/product/1Z03GD3DU
"XIAMEN BAG IMP. & EXP. CO., LTD.","XIAMEN BAG IMP. & EXP. CO., LTD.",Chinese Mainland,"Bag and Pouch,Cosmetics Packaging,Wine Packaging,Luxury Packaging,Jewelry Packaging & Display","Bag and Pouch,Cosmetics Packaging,Wine Packaging,Luxury Packaging,Jewelry Packaging & Display",,Exhibitor,DeLuxe PrintPack Hong Kong,3-B27,DeLuxe PrintPack Hong Kong,,1,,,"Bag and Pouch,Cosmetics Packaging,Wine Packaging,Luxury Packaging,Jewelry Packaging & Display; CYR takes pride in providing a diverse range of eco-friendly, versatile packaging products. Our offerings, including eco paper bags, corrugated bags,  boutique gift bags, and non - woven bags, meet the unique needs of various industries; Others","Bag and Pouch,Cosmetics Packaging,Wine Packaging,Luxury Packaging,Jewelry Packaging & Display; CYR takes pride in providing a diverse range of eco-friendly, versatile packaging products. Our offerings, including eco paper bags, corrugated bags,  boutique gift bags, and non - woven bags, meet the unique needs of various industries; Others",https://www.hktdc.com/event/deluxeprintpackhk/en/exhibitor/1S005LRF0,34,https://www.hktdc.com/event/deluxeprintpackhk/en/product/1Z03NVUTR; https://www.hktdc.com/event/deluxeprintpackhk/en/product/1Z03NVUTR; https://www.hktdc.com/event/deluxeprintpackhk/en/product/1Z03NV17E; https://www.hktdc.com/event/deluxeprintpackhk/en/product/1Z03NV17E; https://www.hktdc.com/event/deluxeprintpackhk/en/product/1Z03NVUD3; https://www.hktdc.com/event/deluxeprintpackhk/en/product/1Z03NVUD3; https://www.hktdc.com/event/deluxeprintpackhk/en/product/1Z03NVUIO; https://www.hktdc.com/event/deluxeprintpackhk/en/product/1Z03NVUIO; https://www.hktdc.com/event/deluxeprintpackhk/en/product/1Z03NVV6N; https://www.hktdc.com/event/deluxeprintpackhk/en/product/1Z03NVV6N; https://www.hktdc.com/event/deluxeprintpackhk/en/product/1Z03NV7L2; https://www.hktdc.com/event/deluxeprintpackhk/en/product/1Z03NV7L2; https://www.hktdc.com/event/deluxeprintpackhk/en/product/1Z03NUXGR; https://www.hktdc.com/event/deluxeprintpackhk/en/product/1Z03NUXGR; https://www.hktdc.com/event/deluxeprintpackhk/en/product/1Z03NV43N; https://www.hktdc.com/event/deluxeprintpackhk/en/product/1Z03NV43N; https://www.hktdc.com/event/deluxeprintpackhk/en/product/1Z03NV8GG; https://www.hktdc.com/event/deluxeprintpackhk/en/product/1Z03NV8GG; https://www.hktdc.com/event/deluxeprintpackhk/en/product/1Z03NVU7L; https://www.hktdc.com/event/deluxeprintpackhk/en/product/1Z03NVU7L; https://www.hktdc.com/event/deluxeprintpackhk/en/product/1Z03NV2PV; https://www.hktdc.com/event/deluxeprintpackhk/en/product/1Z03NV2PV; https://www.hktdc.com/event/deluxeprintpackhk/en/product/1Z03NVCZR; https://www.hktdc.com/event/deluxeprintpackhk/en/product/1Z03NVCZR; https://www.hktdc.com/event/deluxeprintpackhk/en/product/1Z03NV9I9; https://www.hktdc.com/event/deluxeprintpackhk/en/product/1Z03NV9I9; https://www.hktdc.com/event/deluxeprintpackhk/en/product/1Z03NVUHR; https://www.hktdc.com/event/deluxeprintpackhk/en/product/1Z03NVUHR; https://www.hktdc.com/event/deluxeprintpackhk/en/product/1Z03NVUJL; https://www.hktdc.com/event/deluxeprintpackhk/en/product/1Z03NVUJL; https://www.hktdc.com/event/deluxeprintpackhk/en/product/1Z03NV7ZW; https://www.hktdc.com/event/deluxeprintpackhk/en/product/1Z03NV7ZW; https://www.hktdc.com/event/deluxeprintpackhk/en/product/1Z03NVBU7; https://www.hktdc.com/event/deluxeprintpackhk/en/product/1Z03NVBU7
"Xiamen Packrich Imp. and Exp. Co., Ltd.","Xiamen Packrich Imp. and Exp. Co., Ltd.",Chinese Mainland,"Cosmetics Packaging,Wine Packaging,Luxury Packaging,Jewelry Packaging & Display","Cosmetics Packaging,Wine Packaging,Luxury Packaging,Jewelry Packaging & Display",,Exhibitor,DeLuxe PrintPack Hong Kong,3-C07,DeLuxe PrintPack Hong Kong,,1,,,"Cosmetics Packaging,Wine Packaging,Luxury Packaging,Jewelry Packaging & Display; Shopping bag, Garment bag, Wedding Dress cover, Cotton bag
, cosmetic bag, Paper bag, Paper box; Others, OEM","Cosmetics Packaging,Wine Packaging,Luxury Packaging,Jewelry Packaging & Display; Shopping bag, Garment bag, Wedding Dress cover, Cotton bag
, cosmetic bag, Paper bag, Paper box; Others, OEM",https://www.hktdc.com/event/deluxeprintpackhk/en/exhibitor/1S005LRE3,40,https://www.hktdc.com/event/deluxeprintpackhk/en/product/1X26WG7H; https://www.hktdc.com/event/deluxeprintpackhk/en/product/1X26WG7H; https://www.hktdc.com/event/deluxeprintpackhk/en/product/1Z03K5E64; https://www.hktdc.com/event/deluxeprintpackhk/en/product/1Z03K5E64; https://www.hktdc.com/event/deluxeprintpackhk/en/product/1X26WNLI; https://www.hktdc.com/event/deluxeprintpackhk/en/product/1X26WNLI; https://www.hktdc.com/event/deluxeprintpackhk/en/product/1Z03M1SZB; https://www.hktdc.com/event/deluxeprintpackhk/en/product/1Z03M1SZB; https://www.hktdc.com/event/deluxeprintpackhk/en/product/1Z03K5ECM; https://www.hktdc.com/event/deluxeprintpackhk/en/product/1Z03K5ECM; https://www.hktdc.com/event/deluxeprintpackhk/en/product/1Z03K5D58; https://www.hktdc.com/event/deluxeprintpackhk/en/product/1Z03K5D58; https://www.hktdc.com/event/deluxeprintpackhk/en/product/1Z03G9VXE; https://www.hktdc.com/event/deluxeprintpackhk/en/product/1Z03G9VXE; https://www.hktdc.com/event/deluxeprintpackhk/en/product/1Z03K5F0L; https://www.hktdc.com/event/deluxeprintpackhk/en/product/1Z03K5F0L; https://www.hktdc.com/event/deluxeprintpackhk/en/product/1Z03K5CMU; https://www.hktdc.com/event/deluxeprintpackhk/en/product/1Z03K5CMU; https://www.hktdc.com/event/deluxeprintpackhk/en/product/1Z03K5F63; https://www.hktdc.com/event/deluxeprintpackhk/en/product/1Z03K5F63; https://www.hktdc.com/event/deluxeprintpackhk/en/product/1Z03K5FG9; https://www.hktdc.com/event/deluxeprintpackhk/en/product/1Z03K5FG9; https://www.hktdc.com/event/deluxeprintpackhk/en/product/1Z03K5CRF; https://www.hktdc.com/event/deluxeprintpackhk/en/product/1Z03K5CRF; https://www.hktdc.com/event/deluxeprintpackhk/en/product/1Z03K5CLX; https://www.hktdc.com/event/deluxeprintpackhk/en/product/1Z03K5CLX; https://www.hktdc.com/event/deluxeprintpackhk/en/product/1Z03M1NDA; https://www.hktdc.com/event/deluxeprintpackhk/en/product/1Z03M1NDA; https://www.hktdc.com/event/deluxeprintpackhk/en/product/1Z03K5CYU; https://www.hktdc.com/event/deluxeprintpackhk/en/product/1Z03K5CYU; https://www.hktdc.com/event/deluxeprintpackhk/en/product/1Z03K5EAS; https://www.hktdc.com/event/deluxeprintpackhk/en/product/1Z03K5EAS; https://www.hktdc.com/event/deluxeprintpackhk/en/product/1Z03K5EOM; https://www.hktdc.com/event/deluxeprintpackhk/en/product/1Z03K5EOM; https://www.hktdc.com/event/deluxeprintpackhk/en/product/1Z03K5EQG; https://www.hktdc.com/event/deluxeprintpackhk/en/product/1Z03K5EQG; https://www.hktdc.com/event/deluxeprintpackhk/en/product/1Z03K5EKY; https://www.hktdc.com/event/deluxeprintpackhk/en/product/1Z03K5EKY; https://www.hktdc.com/event/deluxeprintpackhk/en/product/1Z03K5EI4; https://www.hktdc.com/event/deluxeprintpackhk/en/product/1Z03K5EI4
Yishu Paper,Yishu Paper,Chinese Mainland,Special Paper and Materials,Special Paper and Materials,,Exhibitor,DeLuxe PrintPack Hong Kong,3-C06,DeLuxe PrintPack Hong Kong,,1,,,"Special Paper and Materials; Fancy paper, Specialty Paper; ODM, OEM","Special Paper and Materials; Fancy paper, Specialty Paper; ODM, OEM",https://www.hktdc.com/event/deluxeprintpackhk/en/exhibitor/1S005LRJO,6,https://www.hktdc.com/event/deluxeprintpackhk/en/product/1X1WVLWD; https://www.hktdc.com/event/deluxeprintpackhk/en/product/1X1WVLWD; https://www.hktdc.com/event/deluxeprintpackhk/en/product/1X1WVLUF; https://www.hktdc.com/event/deluxeprintpackhk/en/product/1X1WVLUF; https://www.hktdc.com/event/deluxeprintpackhk/en/product/1X1WVLRI; https://www.hktdc.com/event/deluxeprintpackhk/en/product/1X1WVLRI
Midas Printing International Limited,Midas Printing International Limited,Hong Kong,"Leveraging our strengths in book printing, Midas ventured into the luxury packaging business in 2009. Over the past 10 years, we have produced many iconic projects for top international fashion, cosmetics, and jewelry brands, along with unique collaborations with hospitality, food, and beverage companies worldwide. With the growth of complexity and sophistication in packaging, we have invested heavily in areas such as precision engineering, automatic machinery, structural computer software, and enterprise systems, and we continuously work with industry experts to help us thrive in this ever-changing landscape.","Leveraging our strengths in book printing, Midas ventured into the luxury packaging business in 2009. Over the past 10 years, we have produced many iconic projects for top international fashion, cosmetics, and jewelry brands, along with unique collaborations with hospitality, food, and beverage companies worldwide. With the growth of complexity and sophistication in packaging, we have invested heavily in areas such as precision engineering, automatic machinery, structural computer software, and enterprise systems, and we continuously work with industry experts to help us thrive in this ever-changing landscape.",,Exhibitor,DeLuxe PrintPack Hong Kong,3-B04,DeLuxe PrintPack Hong Kong,,1,,,"Presentation Box,Bag and Pouch,Velvet Boxes/Bags,Packaging Design,Cosmetics Packaging,Wine Packaging,Luxury Packaging,Jewelry Packaging & Display,Tubes Packaging,Watch Packaging; Our skiful workers and advanced facilities provide an optimal platform and capability for packaging printing, such as gift boxes, packaging boxes, wrapping paper for consumer products like wines & spirits, cosmetics.; ODM","Presentation Box,Bag and Pouch,Velvet Boxes/Bags,Packaging Design,Cosmetics Packaging,Wine Packaging,Luxury Packaging,Jewelry Packaging & Display,Tubes Packaging,Watch Packaging; Our skiful workers and advanced facilities provide an optimal platform and capability for packaging printing, such as gift boxes, packaging boxes, wrapping paper for consumer products like wines & spirits, cosmetics.; ODM",https://www.hktdc.com/event/deluxeprintpackhk/en/exhibitor/1S005IT07,2,https://www.hktdc.com/event/deluxeprintpackhk/en/product/1X1WT2WY; https://www.hktdc.com/event/deluxeprintpackhk/en/product/1X1WT2WY
DONGGUAN TAILIAN PACKING LIMITED,DONGGUAN TAILIAN PACKING LIMITED,Chinese Mainland,"Handmade Paper,Special Paper and Materials,Presentation Box,Bag and Pouch,Packaging Cap and Closure,Luxury Packaging","Handmade Paper,Special Paper and Materials,Presentation Box,Bag and Pouch,Packaging Cap and Closure,Luxury Packaging",,Exhibitor,DeLuxe PrintPack Hong Kong,3-B13,DeLuxe PrintPack Hong Kong,Cantonese Business Go Global,1,,,"Handmade Paper,Special Paper and Materials,Presentation Box,Bag and Pouch,Packaging Cap and Closure,Luxury Packaging; With nearly 40 years of experience in the retail and luxury packaging trade, GoodBox’s self-owned global service network works with clients worldwide to provide a wide range of high-quality packaging options with unparalleled expertise and value.; OBM, OEM, ODM","Handmade Paper,Special Paper and Materials,Presentation Box,Bag and Pouch,Packaging Cap and Closure,Luxury Packaging; With nearly 40 years of experience in the retail and luxury packaging trade, GoodBox’s self-owned global service network works with clients worldwide to provide a wide range of high-quality packaging options with unparalleled expertise and value.; OBM, OEM, ODM",https://www.hktdc.com/event/deluxeprintpackhk/en/exhibitor/1S005L2HJ,0,
"Dongguan Shishangmei Printing Co., Ltd.","Dongguan Shishangmei Printing Co., Ltd.",Chinese Mainland,"Bag and Pouch,Jewelry Packaging & Display","Bag and Pouch,Jewelry Packaging & Display",,Exhibitor,DeLuxe PrintPack Hong Kong,3-B17,DeLuxe PrintPack Hong Kong,Cantonese Business Go Global,1,,,"Bag and Pouch,Jewelry Packaging & Display; We are the professional manufacturer with over 15 years experience focus on paper bag.; OEM, OBM, ODM","Bag and Pouch,Jewelry Packaging & Display; We are the professional manufacturer with over 15 years experience focus on paper bag.; OEM, OBM, ODM",https://www.hktdc.com/event/deluxeprintpackhk/en/exhibitor/1S005LRLI,4,https://www.hktdc.com/event/deluxeprintpackhk/en/product/1X1MPBBS; https://www.hktdc.com/event/deluxeprintpackhk/en/product/1X1MPBBS; https://www.hktdc.com/event/deluxeprintpackhk/en/product/1X1MPBAT; https://www.hktdc.com/event/deluxeprintpackhk/en/product/1X1MPBAT
"Guangdong Bosing Paper Packaging & Printing Co., Ltd.","Guangdong Bosing Paper Packaging & Printing Co., Ltd.",Chinese Mainland,"Guangdong Bosing Paper Packaging&Printing Co., Ltd. Cake boxes Corrugated &Carton Boxes Food Packaging Box Gift Boxes Paper Bags Wine & Milk Box Mailer box Other Products","Guangdong Bosing Paper Packaging&Printing Co., Ltd. Cake boxes Corrugated &Carton Boxes Food Packaging Box Gift Boxes Paper Bags Wine & Milk Box Mailer box Other Products",,Exhibitor,DeLuxe PrintPack Hong Kong,3-C14,DeLuxe PrintPack Hong Kong,Cantonese Business Go Global,1,,,"Presentation Box,Silk Boxes/Bags,Packaging Design,Cosmetics Packaging,Wine Packaging,Luxury Packaging,Smart Packaging,Jewelry Packaging & Display,Watch Packaging,Art Printing; Cake boxes; Corrugated & Carton Boxes; Food Packaging Box
Gift Boxes; Paper Bags; Wine & Milk Box; Mailer box & Other Products; OEM, ODM, OBM","Presentation Box,Silk Boxes/Bags,Packaging Design,Cosmetics Packaging,Wine Packaging,Luxury Packaging,Smart Packaging,Jewelry Packaging & Display,Watch Packaging,Art Printing; Cake boxes; Corrugated & Carton Boxes; Food Packaging Box
Gift Boxes; Paper Bags; Wine & Milk Box; Mailer box & Other Products; OEM, ODM, OBM",https://www.hktdc.com/event/deluxeprintpackhk/en/exhibitor/1S005L1WB,0,
"Wenzhou Lovedoor Group Co., Ltd.","Wenzhou Lovedoor Group Co., Ltd.",Chinese Mainland,"Cut-Edge Ribbon,Wooden Box and Case,Presentation Box,Bag and Pouch,Label and Tag,Packaging Design,Wine Packaging,Luxury Packaging,Jewelry Packaging & Display","Cut-Edge Ribbon,Wooden Box and Case,Presentation Box,Bag and Pouch,Label and Tag,Packaging Design,Wine Packaging,Luxury Packaging,Jewelry Packaging & Display",,Exhibitor,DeLuxe PrintPack Hong Kong,3-B14,DeLuxe PrintPack Hong Kong,,1,,,"Cut-Edge Ribbon,Wooden Box and Case,Presentation Box,Bag and Pouch,Label and Tag,Packaging Design,Wine Packaging,Luxury Packaging,Jewelry Packaging & Display; Bags / Pouches; Box - Presentation; Box & case-wood; Jewelry Packaging & Display; Labels / Tags; Packaging Design; Luxury Packaging; Luxury Packaging; ribbon(cut-Edge);Wine packaging; OEM, OBM, ODM","Cut-Edge Ribbon,Wooden Box and Case,Presentation Box,Bag and Pouch,Label and Tag,Packaging Design,Wine Packaging,Luxury Packaging,Jewelry Packaging & Display; Bags / Pouches; Box - Presentation; Box & case-wood; Jewelry Packaging & Display; Labels / Tags; Packaging Design; Luxury Packaging; Luxury Packaging; ribbon(cut-Edge);Wine packaging; OEM, OBM, ODM",https://www.hktdc.com/event/deluxeprintpackhk/en/exhibitor/1S005LRC9,0,
"Yiwu Bravo paper products Co., Ltd.","Yiwu Bravo paper products Co., Ltd.",Chinese Mainland,"Handmade Paper,Special Paper and Materials,Presentation Box,Bag and Pouch,Packaging Design,Luxury Packaging","Handmade Paper,Special Paper and Materials,Presentation Box,Bag and Pouch,Packaging Design,Luxury Packaging",,Exhibitor,DeLuxe PrintPack Hong Kong,3-C13,DeLuxe PrintPack Hong Kong,,1,,,"Handmade Paper,Special Paper and Materials,Presentation Box,Bag and Pouch,Packaging Design,Luxury Packaging; Craft paper boxes, gift boxes, jewelry boxes, cosmetics boxes, gift paper bags, printed ribbons; OBM, OEM, ODM","Handmade Paper,Special Paper and Materials,Presentation Box,Bag and Pouch,Packaging Design,Luxury Packaging; Craft paper boxes, gift boxes, jewelry boxes, cosmetics boxes, gift paper bags, printed ribbons; OBM, OEM, ODM",https://www.hktdc.com/event/deluxeprintpackhk/en/exhibitor/1S005LRNC,2,https://www.hktdc.com/event/deluxeprintpackhk/en/product/1Z03O1OWO; https://www.hktdc.com/event/deluxeprintpackhk/en/product/1Z03O1OWO
Zenith Packaging Industry Limited,Zenith Packaging Industry Limited,Chinese Mainland,"Box-presentation ,Box&Case-Wood Cigar packaging","Box-presentation ,Box&Case-Wood Cigar packaging",,Exhibitor,DeLuxe PrintPack Hong Kong,3-C17,DeLuxe PrintPack Hong Kong,Cantonese Business Go Global,1,,,"Wooden Box and Case,Silk Boxes/Bags,Velvet Boxes/Bags,Cosmetics Packaging,Wine Packaging,Luxury Packaging,Smart Packaging,Jewelry Packaging & Display,Watch Packaging,Cigar Packaging; Box-presentation ,Box&Case-Wood Cigar packaging; OBM, ODM, OEM","Wooden Box and Case,Silk Boxes/Bags,Velvet Boxes/Bags,Cosmetics Packaging,Wine Packaging,Luxury Packaging,Smart Packaging,Jewelry Packaging & Display,Watch Packaging,Cigar Packaging; Box-presentation ,Box&Case-Wood Cigar packaging; OBM, ODM, OEM",https://www.hktdc.com/event/deluxeprintpackhk/en/exhibitor/1S005LMTZ,0,
"DONGGUAN HEAO INDUSTRIAL INVESTMENT CO.,LTD","DONGGUAN HEAO INDUSTRIAL INVESTMENT CO.,LTD",Chinese Mainland,"Welcome to Heao group, a primary packaging company since 2010, specialized in providing high-quality packaging solutions for global beauty, skincare and personal care industries. Our products cover various types of packaging such as airless pump bottles, sprayer bottles, oral liquid bottles, cosmetic tubes, and soft tubes with functional heads, compact case etc. Automated assembly lines and high performance machinery allow Heao to output over 80 million pieces per month. In addition, custom cosmetic packaging is one of our core strengths, making customized mold or decorating packaging with your preferred color and finish can be achieved,we are good at turning your idea into a complete product. The Heao group is committed to not only making top-notch products, but also promoting sustainable development. Our production facilities are certified to ISO 9001 quality management system and ISO 14001 environmental management system, ensuring that every step of the product from design to production meets the highest international standards.","Welcome to Heao group, a primary packaging company since 2010, specialized in providing high-quality packaging solutions for global beauty, skincare and personal care industries. Our products cover various types of packaging such as airless pump bottles, sprayer bottles, oral liquid bottles, cosmetic tubes, and soft tubes with functional heads, compact case etc. Automated assembly lines and high performance machinery allow Heao to output over 80 million pieces per month. In addition, custom cosmetic packaging is one of our core strengths, making customized mold or decorating packaging with your preferred color and finish can be achieved,we are good at turning your idea into a complete product. The Heao group is committed to not only making top-notch products, but also promoting sustainable development. Our production facilities are certified to ISO 9001 quality management system and ISO 14001 environmental management system, ensuring that every step of the product from design to production meets the highest international standards.",,Exhibitor,DeLuxe PrintPack Hong Kong,3-B07,DeLuxe PrintPack Hong Kong,Cantonese Business Go Global,1,,,"Phials and Monodoses Bottle,Cosmetics Packaging,Tubes Packaging; Bottle/Vial/Jar/Great Health/Hose/CAMPACT CASE/LIP TUBE; OEM, ODM","Phials and Monodoses Bottle,Cosmetics Packaging,Tubes Packaging; Bottle/Vial/Jar/Great Health/Hose/CAMPACT CASE/LIP TUBE; OEM, ODM",https://www.hktdc.com/event/deluxeprintpackhk/en/exhibitor/1S005LMVT,0,
"Dongguan Changfa Craft Packing Products Co., Ltd.","Dongguan Changfa Craft Packing Products Co., Ltd.",Chinese Mainland,"Presentation Box,Bag and Pouch,Velvet Boxes/Bags,Packaging Design,Cosmetics Packaging,Wine Packaging,Luxury Packaging,Jewelry Packaging & Display,Watch Packaging","Presentation Box,Bag and Pouch,Velvet Boxes/Bags,Packaging Design,Cosmetics Packaging,Wine Packaging,Luxury Packaging,Jewelry Packaging & Display,Watch Packaging",,Exhibitor,DeLuxe PrintPack Hong Kong,3-A22,DeLuxe PrintPack Hong Kong,Cantonese Business Go Global,1,,,"Presentation Box,Bag and Pouch,Velvet Boxes/Bags,Packaging Design,Cosmetics Packaging,Wine Packaging,Luxury Packaging,Jewelry Packaging & Display,Watch Packaging; Paper box, leather box, gift box, perfume box, jewelry box, pen box, scented candle box design and production.; OBM, OEM, ODM, Others","Presentation Box,Bag and Pouch,Velvet Boxes/Bags,Packaging Design,Cosmetics Packaging,Wine Packaging,Luxury Packaging,Jewelry Packaging & Display,Watch Packaging; Paper box, leather box, gift box, perfume box, jewelry box, pen box, scented candle box design and production.; OBM, OEM, ODM, Others",https://www.hktdc.com/event/deluxeprintpackhk/en/exhibitor/1S005L1X8,0,
"Dongguan DongHong Paper Products Co., Ltd.","Dongguan DongHong Paper Products Co., Ltd.",Chinese Mainland,"Metal Box & Can,Presentation Box,Bag and Pouch,Bottle and Can,Label and Tag,Packaging Design,Cosmetics Packaging,Luxury Packaging,Jewelry Packaging & Display,Tubes Packaging","Metal Box & Can,Presentation Box,Bag and Pouch,Bottle and Can,Label and Tag,Packaging Design,Cosmetics Packaging,Luxury Packaging,Jewelry Packaging & Display,Tubes Packaging",,Exhibitor,DeLuxe PrintPack Hong Kong,3-C31,DeLuxe PrintPack Hong Kong,Cantonese Business Go Global,1,,,"Metal Box & Can,Presentation Box,Bag and Pouch,Bottle and Can,Label and Tag,Packaging Design,Cosmetics Packaging,Luxury Packaging,Jewelry Packaging & Display,Tubes Packaging; Rigid paper box; OBM, ODM, OEM","Metal Box & Can,Presentation Box,Bag and Pouch,Bottle and Can,Label and Tag,Packaging Design,Cosmetics Packaging,Luxury Packaging,Jewelry Packaging & Display,Tubes Packaging; Rigid paper box; OBM, ODM, OEM",https://www.hktdc.com/event/deluxeprintpackhk/en/exhibitor/1S005L2B1,0,
"Dongguan Ganxing Gifts Co., Ltd","Dongguan Ganxing Gifts Co., Ltd",Chinese Mainland,"Metal Box & Can,Wooden Box and Case,Presentation Box,Velvet Boxes/Bags,Packaging Design,Cosmetics Packaging,Luxury Packaging,Smart Packaging,Jewelry Packaging & Display,Watch Packaging","Metal Box & Can,Wooden Box and Case,Presentation Box,Velvet Boxes/Bags,Packaging Design,Cosmetics Packaging,Luxury Packaging,Smart Packaging,Jewelry Packaging & Display,Watch Packaging",,Exhibitor,DeLuxe PrintPack Hong Kong,3-B28,DeLuxe PrintPack Hong Kong,Cantonese Business Go Global,1,,,"Metal Box & Can,Wooden Box and Case,Presentation Box,Velvet Boxes/Bags,Packaging Design,Cosmetics Packaging,Luxury Packaging,Smart Packaging,Jewelry Packaging & Display,Watch Packaging; Packaging Boxes, Jewlery Boxes, OEM&ODM; ODM, OEM","Metal Box & Can,Wooden Box and Case,Presentation Box,Velvet Boxes/Bags,Packaging Design,Cosmetics Packaging,Luxury Packaging,Smart Packaging,Jewelry Packaging & Display,Watch Packaging; Packaging Boxes, Jewlery Boxes, OEM&ODM; ODM, OEM",https://www.hktdc.com/event/deluxeprintpackhk/en/exhibitor/1S005LRSX,0,
"Dongguan Jiurun Printing & Packaging Technology Co., Ltd.","Dongguan Jiurun Printing & Packaging Technology Co., Ltd.",Chinese Mainland,"Metal Box & Can,Silk Boxes/Bags,Packaging Cap and Closure,Wine Packaging,Luxury Packaging,Jewelry Packaging & Display,Watch Packaging","Metal Box & Can,Silk Boxes/Bags,Packaging Cap and Closure,Wine Packaging,Luxury Packaging,Jewelry Packaging & Display,Watch Packaging",,Exhibitor,DeLuxe PrintPack Hong Kong,3-C01,DeLuxe PrintPack Hong Kong,Cantonese Business Go Global,1,,,"Metal Box & Can,Silk Boxes/Bags,Packaging Cap and Closure,Wine Packaging,Luxury Packaging,Jewelry Packaging & Display,Watch Packaging; Lid and base box, magnet box, folding box; ODM, OEM, OBM","Metal Box & Can,Silk Boxes/Bags,Packaging Cap and Closure,Wine Packaging,Luxury Packaging,Jewelry Packaging & Display,Watch Packaging; Lid and base box, magnet box, folding box; ODM, OEM, OBM",https://www.hktdc.com/event/deluxeprintpackhk/en/exhibitor/1S005LRO9,0,
"Dongguan Xianjunlong Paper Products Co., Limited","Dongguan Xianjunlong Paper Products Co., Limited",Chinese Mainland,"Presentation Box,Bag and Pouch,Silk Boxes/Bags,Wine Packaging,Luxury Packaging,Jewelry Packaging & Display,Art Printing","Presentation Box,Bag and Pouch,Silk Boxes/Bags,Wine Packaging,Luxury Packaging,Jewelry Packaging & Display,Art Printing",,Exhibitor,DeLuxe PrintPack Hong Kong,3-C25,DeLuxe PrintPack Hong Kong,Cantonese Business Go Global,1,,,"Presentation Box,Bag and Pouch,Silk Boxes/Bags,Wine Packaging,Luxury Packaging,Jewelry Packaging & Display,Art Printing; Gift box,Packing box; OBM, ODM, OEM","Presentation Box,Bag and Pouch,Silk Boxes/Bags,Wine Packaging,Luxury Packaging,Jewelry Packaging & Display,Art Printing; Gift box,Packing box; OBM, ODM, OEM",https://www.hktdc.com/event/deluxeprintpackhk/en/exhibitor/1S005LRR0,20,https://www.hktdc.com/event/deluxeprintpackhk/en/product/1Z03NWRKL; https://www.hktdc.com/event/deluxeprintpackhk/en/product/1Z03NWRKL; https://www.hktdc.com/event/deluxeprintpackhk/en/product/1Z03NWPZE; https://www.hktdc.com/event/deluxeprintpackhk/en/product/1Z03NWPZE; https://www.hktdc.com/event/deluxeprintpackhk/en/product/1Z03NWN9M; https://www.hktdc.com/event/deluxeprintpackhk/en/product/1Z03NWN9M; https://www.hktdc.com/event/deluxeprintpackhk/en/product/1Z03NWPMH; https://www.hktdc.com/event/deluxeprintpackhk/en/product/1Z03NWPMH; https://www.hktdc.com/event/deluxeprintpackhk/en/product/1Z03NWNF4; https://www.hktdc.com/event/deluxeprintpackhk/en/product/1Z03NWNF4; https://www.hktdc.com/event/deluxeprintpackhk/en/product/1Z03NWNKP; https://www.hktdc.com/event/deluxeprintpackhk/en/product/1Z03NWNKP; https://www.hktdc.com/event/deluxeprintpackhk/en/product/1Z03NWPGZ; https://www.hktdc.com/event/deluxeprintpackhk/en/product/1Z03NWPGZ; https://www.hktdc.com/event/deluxeprintpackhk/en/product/1Z03NWP5W; https://www.hktdc.com/event/deluxeprintpackhk/en/product/1Z03NWP5W; https://www.hktdc.com/event/deluxeprintpackhk/en/product/1Z03NWPR2; https://www.hktdc.com/event/deluxeprintpackhk/en/product/1Z03NWPR2; https://www.hktdc.com/event/deluxeprintpackhk/en/product/1Z03NWPJQ; https://www.hktdc.com/event/deluxeprintpackhk/en/product/1Z03NWPJQ
"Dongguan XinYu Tin Can Manufactory Co, Ltd","Dongguan XinYu Tin Can Manufactory Co, Ltd",Chinese Mainland,"Perfume Bottle,Luxury Packaging","Perfume Bottle,Luxury Packaging",,Exhibitor,DeLuxe PrintPack Hong Kong,3-C32,DeLuxe PrintPack Hong Kong,Cantonese Business Go Global,1,,,"Perfume Bottle,Luxury Packaging; CR tin box & Tea tin box & Cookie tin box & Gift tin box; ODM, OBM, OEM","Perfume Bottle,Luxury Packaging; CR tin box & Tea tin box & Cookie tin box & Gift tin box; ODM, OBM, OEM",https://www.hktdc.com/event/deluxeprintpackhk/en/exhibitor/1S005L2CY,28,https://www.hktdc.com/event/deluxeprintpackhk/en/product/1Z03K6WMA; https://www.hktdc.com/event/deluxeprintpackhk/en/product/1Z03K6WMA; https://www.hktdc.com/event/deluxeprintpackhk/en/product/1Z03LPBMV; https://www.hktdc.com/event/deluxeprintpackhk/en/product/1Z03LPBMV; https://www.hktdc.com/event/deluxeprintpackhk/en/product/1Z03LPDFE; https://www.hktdc.com/event/deluxeprintpackhk/en/product/1Z03LPDFE; https://www.hktdc.com/event/deluxeprintpackhk/en/product/1Z03K6XB6; https://www.hktdc.com/event/deluxeprintpackhk/en/product/1Z03K6XB6; https://www.hktdc.com/event/deluxeprintpackhk/en/product/1Z03JXGNN; https://www.hktdc.com/event/deluxeprintpackhk/en/product/1Z03JXGNN; https://www.hktdc.com/event/deluxeprintpackhk/en/product/1Z03K6WO4; https://www.hktdc.com/event/deluxeprintpackhk/en/product/1Z03K6WO4; https://www.hktdc.com/event/deluxeprintpackhk/en/product/1X1W0TQV; https://www.hktdc.com/event/deluxeprintpackhk/en/product/1X1W0TQV; https://www.hktdc.com/event/deluxeprintpackhk/en/product/1X1W13ZS; https://www.hktdc.com/event/deluxeprintpackhk/en/product/1X1W13ZS; https://www.hktdc.com/event/deluxeprintpackhk/en/product/1X1W141N; https://www.hktdc.com/event/deluxeprintpackhk/en/product/1X1W141N; https://www.hktdc.com/event/deluxeprintpackhk/en/product/1X1W145J; https://www.hktdc.com/event/deluxeprintpackhk/en/product/1X1W145J; https://www.hktdc.com/event/deluxeprintpackhk/en/product/1X1W147H; https://www.hktdc.com/event/deluxeprintpackhk/en/product/1X1W147H; https://www.hktdc.com/event/deluxeprintpackhk/en/product/1X1W3T0L; https://www.hktdc.com/event/deluxeprintpackhk/en/product/1X1W3T0L; https://www.hktdc.com/event/deluxeprintpackhk/en/product/1X1W49KP; https://www.hktdc.com/event/deluxeprintpackhk/en/product/1X1W49KP; https://www.hktdc.com/event/deluxeprintpackhk/en/product/1X23AY24; https://www.hktdc.com/event/deluxeprintpackhk/en/product/1X23AY24
"Dongguan XinYuanjia Environmental Technology Co., Ltd","Dongguan XinYuanjia Environmental Technology Co., Ltd",Chinese Mainland,"Metal Box & Can,Presentation Box,Bag and Pouch,Bottle and Can,Label and Tag,Packaging Design,Cosmetics Packaging,Luxury Packaging,Jewelry Packaging & Display,Tubes Packaging","Metal Box & Can,Presentation Box,Bag and Pouch,Bottle and Can,Label and Tag,Packaging Design,Cosmetics Packaging,Luxury Packaging,Jewelry Packaging & Display,Tubes Packaging",,Exhibitor,DeLuxe PrintPack Hong Kong,3-A23,DeLuxe PrintPack Hong Kong,Cantonese Business Go Global,1,,,"Metal Box & Can,Presentation Box,Bag and Pouch,Bottle and Can,Label and Tag,Packaging Design,Cosmetics Packaging,Luxury Packaging,Jewelry Packaging & Display,Tubes Packaging; Luxury Packaging; Rigid box; label; Box; OEM","Metal Box & Can,Presentation Box,Bag and Pouch,Bottle and Can,Label and Tag,Packaging Design,Cosmetics Packaging,Luxury Packaging,Jewelry Packaging & Display,Tubes Packaging; Luxury Packaging; Rigid box; label; Box; OEM",https://www.hktdc.com/event/deluxeprintpackhk/en/exhibitor/1S005LR8L,0,
"Fujian Jiamei Group Xiamen Import & Export Co,,Ltd.","Fujian Jiamei Group Xiamen Import & Export Co,,Ltd.",Chinese Mainland,"Bag and Pouch,Packaging Design,Cosmetics Packaging,Wine Packaging,Luxury Packaging,Jewelry Packaging & Display,Watch Packaging","Bag and Pouch,Packaging Design,Cosmetics Packaging,Wine Packaging,Luxury Packaging,Jewelry Packaging & Display,Watch Packaging",,Exhibitor,DeLuxe PrintPack Hong Kong,3-C27,DeLuxe PrintPack Hong Kong,,1,,,"Bag and Pouch,Packaging Design,Cosmetics Packaging,Wine Packaging,Luxury Packaging,Jewelry Packaging & Display,Watch Packaging; Paper Gift Bags & Boxes, 100% Recycle Package; ODM, OBM, OEM","Bag and Pouch,Packaging Design,Cosmetics Packaging,Wine Packaging,Luxury Packaging,Jewelry Packaging & Display,Watch Packaging; Paper Gift Bags & Boxes, 100% Recycle Package; ODM, OBM, OEM",https://www.hktdc.com/event/deluxeprintpackhk/en/exhibitor/1S005M5TG,0,
"Guangdong Huasheng Element Leather Co., Ltd.","Guangdong Huasheng Element Leather Co., Ltd.",Chinese Mainland,"Leather and PU Leather Yarn,Cosmetics Packaging,Wine Packaging,Luxury Packaging,Jewelry Packaging & Display","Leather and PU Leather Yarn,Cosmetics Packaging,Wine Packaging,Luxury Packaging,Jewelry Packaging & Display",,Exhibitor,DeLuxe PrintPack Hong Kong,3-B32,DeLuxe PrintPack Hong Kong,Cantonese Business Go Global,1,,,"Leather and PU Leather Yarn,Cosmetics Packaging,Wine Packaging,Luxury Packaging,Jewelry Packaging & Display; Shengyuan PU Leather has genuine leather feel and touch feel, durable coating layer. No solvent, no heavy metal, Eco Product and has certificated report by SGS. Customer can customized any color reference Pantone Number.; OEM, OBM, ODM","Leather and PU Leather Yarn,Cosmetics Packaging,Wine Packaging,Luxury Packaging,Jewelry Packaging & Display; Shengyuan PU Leather has genuine leather feel and touch feel, durable coating layer. No solvent, no heavy metal, Eco Product and has certificated report by SGS. Customer can customized any color reference Pantone Number.; OEM, OBM, ODM",https://www.hktdc.com/event/deluxeprintpackhk/en/exhibitor/1S005LR9I,0,
"Guangdong Sensheng Carbon Neutralization Technology Co., Ltd.","Guangdong Sensheng Carbon Neutralization Technology Co., Ltd.",Chinese Mainland,"Based on lithographic positioning technology, Sensheng 3.0 is a three-part source manufacturer of photolithographic raw material production, finished product packaging design and finished packaging production. It is specialized in enhancing the visual effect and color sense of the appearance of traditional printing and packaging. The role of packaging is to reflect the value of the product, and the mission of Mori Lithography is to distinguish luxury packaging from ordinary.","Based on lithographic positioning technology, Sensheng 3.0 is a three-part source manufacturer of photolithographic raw material production, finished product packaging design and finished packaging production. It is specialized in enhancing the visual effect and color sense of the appearance of traditional printing and packaging. The role of packaging is to reflect the value of the product, and the mission of Mori Lithography is to distinguish luxury packaging from ordinary.",,Exhibitor,DeLuxe PrintPack Hong Kong,3-C21,DeLuxe PrintPack Hong Kong,Cantonese Business Go Global,1,,,"Special Paper and Materials,Authentication and Traceability,Luxury Packaging,Art Printing; 3D Stereoscopic Display; Liquor Packaging; Luxury Outer Packaging; ODM, OBM, OEM","Special Paper and Materials,Authentication and Traceability,Luxury Packaging,Art Printing; 3D Stereoscopic Display; Liquor Packaging; Luxury Outer Packaging; ODM, OBM, OEM",https://www.hktdc.com/event/deluxeprintpackhk/en/exhibitor/1S005L23P,22,https://www.hktdc.com/event/deluxeprintpackhk/en/product/1Z03NUJBK; https://www.hktdc.com/event/deluxeprintpackhk/en/product/1Z03NUJBK; https://www.hktdc.com/event/deluxeprintpackhk/en/product/1Z03O8K6Y; https://www.hktdc.com/event/deluxeprintpackhk/en/product/1Z03O8K6Y; https://www.hktdc.com/event/deluxeprintpackhk/en/product/1Z03O8K37; https://www.hktdc.com/event/deluxeprintpackhk/en/product/1Z03O8K37; https://www.hktdc.com/event/deluxeprintpackhk/en/product/1Z03NUOJR; https://www.hktdc.com/event/deluxeprintpackhk/en/product/1Z03NUOJR; https://www.hktdc.com/event/deluxeprintpackhk/en/product/1Z03O8K44; https://www.hktdc.com/event/deluxeprintpackhk/en/product/1Z03O8K44; https://www.hktdc.com/event/deluxeprintpackhk/en/product/1Z03NVKBJ; https://www.hktdc.com/event/deluxeprintpackhk/en/product/1Z03NVKBJ; https://www.hktdc.com/event/deluxeprintpackhk/en/product/1Z03O8K8S; https://www.hktdc.com/event/deluxeprintpackhk/en/product/1Z03O8K8S; https://www.hktdc.com/event/deluxeprintpackhk/en/product/1Z03O8K51; https://www.hktdc.com/event/deluxeprintpackhk/en/product/1Z03O8K51; https://www.hktdc.com/event/deluxeprintpackhk/en/product/1Z03NUP6T; https://www.hktdc.com/event/deluxeprintpackhk/en/product/1Z03NUP6T; https://www.hktdc.com/event/deluxeprintpackhk/en/product/1Z03NUP18; https://www.hktdc.com/event/deluxeprintpackhk/en/product/1Z03NUP18; https://www.hktdc.com/event/deluxeprintpackhk/en/product/1Z03NUPF2; https://www.hktdc.com/event/deluxeprintpackhk/en/product/1Z03NUPF2
Guangzhou Emon Trading Company,Guangzhou Emon Trading Company,Chinese Mainland,"Paper Decoration,Presentation Box,Bag and Pouch,Packaging Design,Wine Packaging,Luxury Packaging,Smart Packaging,Glasses Packaging,Watch Packaging,Cigar Packaging","Paper Decoration,Presentation Box,Bag and Pouch,Packaging Design,Wine Packaging,Luxury Packaging,Smart Packaging,Glasses Packaging,Watch Packaging,Cigar Packaging",,Exhibitor,DeLuxe PrintPack Hong Kong,3-C12,DeLuxe PrintPack Hong Kong,Cantonese Business Go Global,1,,,"Paper Decoration,Presentation Box,Bag and Pouch,Packaging Design,Wine Packaging,Luxury Packaging,Smart Packaging,Glasses Packaging,Watch Packaging,Cigar Packaging; Paper box & paper bag; ODM, OEM","Paper Decoration,Presentation Box,Bag and Pouch,Packaging Design,Wine Packaging,Luxury Packaging,Smart Packaging,Glasses Packaging,Watch Packaging,Cigar Packaging; Paper box & paper bag; ODM, OEM",https://www.hktdc.com/event/deluxeprintpackhk/en/exhibitor/1S005LMPB,30,https://www.hktdc.com/event/deluxeprintpackhk/en/product/1Z03NY7SH; https://www.hktdc.com/event/deluxeprintpackhk/en/product/1Z03NY7SH; https://www.hktdc.com/event/deluxeprintpackhk/en/product/1Z03NY7RK; https://www.hktdc.com/event/deluxeprintpackhk/en/product/1Z03NY7RK; https://www.hktdc.com/event/deluxeprintpackhk/en/product/1Z03NY7TE; https://www.hktdc.com/event/deluxeprintpackhk/en/product/1Z03NY7TE; https://www.hktdc.com/event/deluxeprintpackhk/en/product/1Z03NYXRU; https://www.hktdc.com/event/deluxeprintpackhk/en/product/1Z03NYXRU; https://www.hktdc.com/event/deluxeprintpackhk/en/product/1Z03NYYY8; https://www.hktdc.com/event/deluxeprintpackhk/en/product/1Z03NYYY8; https://www.hktdc.com/event/deluxeprintpackhk/en/product/1Z03NZ0JF; https://www.hktdc.com/event/deluxeprintpackhk/en/product/1Z03NZ0JF; https://www.hktdc.com/event/deluxeprintpackhk/en/product/1Z03NZ000; https://www.hktdc.com/event/deluxeprintpackhk/en/product/1Z03NZ000; https://www.hktdc.com/event/deluxeprintpackhk/en/product/1Z03NZ0HL; https://www.hktdc.com/event/deluxeprintpackhk/en/product/1Z03NZ0HL; https://www.hktdc.com/event/deluxeprintpackhk/en/product/1Z03NYZVG; https://www.hktdc.com/event/deluxeprintpackhk/en/product/1Z03NYZVG; https://www.hktdc.com/event/deluxeprintpackhk/en/product/1Z03NYZGP; https://www.hktdc.com/event/deluxeprintpackhk/en/product/1Z03NYZGP; https://www.hktdc.com/event/deluxeprintpackhk/en/product/1Z03NYPSZ; https://www.hktdc.com/event/deluxeprintpackhk/en/product/1Z03NYPSZ; https://www.hktdc.com/event/deluxeprintpackhk/en/product/1Z03NZ0KC; https://www.hktdc.com/event/deluxeprintpackhk/en/product/1Z03NZ0KC; https://www.hktdc.com/event/deluxeprintpackhk/en/product/1Z03NZ0PX; https://www.hktdc.com/event/deluxeprintpackhk/en/product/1Z03NZ0PX; https://www.hktdc.com/event/deluxeprintpackhk/en/product/1Z03NYQND; https://www.hktdc.com/event/deluxeprintpackhk/en/product/1Z03NYQND; https://www.hktdc.com/event/deluxeprintpackhk/en/product/1Z03NYXFU; https://www.hktdc.com/event/deluxeprintpackhk/en/product/1Z03NYXFU
"Guilin Fadeli Packing Co.,Ltd","Guilin Fadeli Packing Co.,Ltd",Chinese Mainland,Jewelry Packaging & Display,Jewelry Packaging & Display,,Exhibitor,DeLuxe PrintPack Hong Kong,3-B10,DeLuxe PrintPack Hong Kong,,1,,,"Jewelry Packaging & Display; packing box; OEM, ODM, OBM","Jewelry Packaging & Display; packing box; OEM, ODM, OBM",https://www.hktdc.com/event/deluxeprintpackhk/en/exhibitor/1S005LMR5,10,https://www.hktdc.com/event/deluxeprintpackhk/en/product/1Z03NVAV5; https://www.hktdc.com/event/deluxeprintpackhk/en/product/1Z03NVAV5; https://www.hktdc.com/event/deluxeprintpackhk/en/product/1Z03NVAGE; https://www.hktdc.com/event/deluxeprintpackhk/en/product/1Z03NVAGE; https://www.hktdc.com/event/deluxeprintpackhk/en/product/1Z03NV9J6; https://www.hktdc.com/event/deluxeprintpackhk/en/product/1Z03NV9J6; https://www.hktdc.com/event/deluxeprintpackhk/en/product/1Z03NV9U9; https://www.hktdc.com/event/deluxeprintpackhk/en/product/1Z03NV9U9; https://www.hktdc.com/event/deluxeprintpackhk/en/product/1Z03NVAEK; https://www.hktdc.com/event/deluxeprintpackhk/en/product/1Z03NVAEK
"Huizhou Cailang Printing Products Co., Ltd.","Huizhou Cailang Printing Products Co., Ltd.",Chinese Mainland,"Factory Establish Year: 1994 Factory Location: Huizhou, Guangdong Factory Audit: ISO9001,FSC, SA8000,Sedex,L'oreal Social Audit Factory product rang: All kinds of paper packaging boxes and paper bags","Factory Establish Year: 1994 Factory Location: Huizhou, Guangdong Factory Audit: ISO9001,FSC, SA8000,Sedex,L'oreal Social Audit Factory product rang: All kinds of paper packaging boxes and paper bags",,Exhibitor,DeLuxe PrintPack Hong Kong,3-B31,DeLuxe PrintPack Hong Kong,Cantonese Business Go Global,1,,,"Paper Decoration,Presentation Box,Bag and Pouch,Velvet Boxes/Bags,Packaging Design,Cosmetics Packaging,Wine Packaging,Luxury Packaging,Jewelry Packaging & Display,Tubes Packaging; Paper box & paper bag; ODM","Paper Decoration,Presentation Box,Bag and Pouch,Velvet Boxes/Bags,Packaging Design,Cosmetics Packaging,Wine Packaging,Luxury Packaging,Jewelry Packaging & Display,Tubes Packaging; Paper box & paper bag; ODM",https://www.hktdc.com/event/deluxeprintpackhk/en/exhibitor/1S005L25J,0,
"Ijen (Dongguan) Paper Products Co., Ltd.","Ijen (Dongguan) Paper Products Co., Ltd.",Chinese Mainland,"Metal Box & Can,Presentation Box,Bag and Pouch,Bottle and Can,Label and Tag,Packaging Design,Cosmetics Packaging,Luxury Packaging,Jewelry Packaging & Display,Tubes Packaging","Metal Box & Can,Presentation Box,Bag and Pouch,Bottle and Can,Label and Tag,Packaging Design,Cosmetics Packaging,Luxury Packaging,Jewelry Packaging & Display,Tubes Packaging",,Exhibitor,DeLuxe PrintPack Hong Kong,3-B33,DeLuxe PrintPack Hong Kong,Cantonese Business Go Global,1,,,"Metal Box & Can,Presentation Box,Bag and Pouch,Bottle and Can,Label and Tag,Packaging Design,Cosmetics Packaging,Luxury Packaging,Jewelry Packaging & Display,Tubes Packaging; Paper box & Paper bag; OEM, ODM, OBM","Metal Box & Can,Presentation Box,Bag and Pouch,Bottle and Can,Label and Tag,Packaging Design,Cosmetics Packaging,Luxury Packaging,Jewelry Packaging & Display,Tubes Packaging; Paper box & Paper bag; OEM, ODM, OBM",https://www.hktdc.com/event/deluxeprintpackhk/en/exhibitor/1S005L2DV,0,
"Qingdao Perfect Luxury Packaging Co., Ltd.","Qingdao Perfect Luxury Packaging Co., Ltd.",Chinese Mainland,"Presentation Box,Bag and Pouch,Label and Tag,Cosmetics Packaging,Luxury Packaging,Jewelry Packaging & Display","Presentation Box,Bag and Pouch,Label and Tag,Cosmetics Packaging,Luxury Packaging,Jewelry Packaging & Display",,Exhibitor,DeLuxe PrintPack Hong Kong,3-B24,DeLuxe PrintPack Hong Kong,,1,,,"Presentation Box,Bag and Pouch,Label and Tag,Cosmetics Packaging,Luxury Packaging,Jewelry Packaging & Display; Paper box & paper bag; OEM","Presentation Box,Bag and Pouch,Label and Tag,Cosmetics Packaging,Luxury Packaging,Jewelry Packaging & Display; Paper box & paper bag; OEM",https://www.hktdc.com/event/deluxeprintpackhk/en/exhibitor/1S005LXKF,0,
"Qingdao Yuanrong Packaging Co., Ltd.","Qingdao Yuanrong Packaging Co., Ltd.",Chinese Mainland,"Yuanrong is a packaging manufacturer, positioned as an international first-line luxury brand and domestic famous brand design, production of gift bags, gift boxes, card carton quality packaging solutions provider, based on the concept of innovation, green future, customized and production of competitive integrated packaging solutions for customers.","Yuanrong is a packaging manufacturer, positioned as an international first-line luxury brand and domestic famous brand design, production of gift bags, gift boxes, card carton quality packaging solutions provider, based on the concept of innovation, green future, customized and production of competitive integrated packaging solutions for customers.",,Exhibitor,DeLuxe PrintPack Hong Kong,3-A19,DeLuxe PrintPack Hong Kong,,1,,,"Paper Decoration,Presentation Box,Bag and Pouch,Label and Tag,Cosmetics Packaging,Wine Packaging,Luxury Packaging,Jewelry Packaging & Display,Watch Packaging,Cigar Packaging; 定位为国际一线奢侈品牌及国内著名品牌设计、生产礼品袋、礼品盒、卡纸盒的品质包装方案商，基于勇于创新、绿动未来的理念，为客户定制和生产具有竞争力的整合包装解决方案。; OBM, ODM, OEM","Paper Decoration,Presentation Box,Bag and Pouch,Label and Tag,Cosmetics Packaging,Wine Packaging,Luxury Packaging,Jewelry Packaging & Display,Watch Packaging,Cigar Packaging; 定位为国际一线奢侈品牌及国内著名品牌设计、生产礼品袋、礼品盒、卡纸盒的品质包装方案商，基于勇于创新、绿动未来的理念，为客户定制和生产具有竞争力的整合包装解决方案。; OBM, ODM, OEM",https://www.hktdc.com/event/deluxeprintpackhk/en/exhibitor/1S005L27D,0,
"Quanzhou Haitong Electronic Equipment Co., Ltd.","Quanzhou Haitong Electronic Equipment Co., Ltd.",Chinese Mainland,"Fushi Kang belongs to Quanzhou Haitong Electronic Equipment Co., Ltd. The company was established in 1999 and is a powerful factory integrating R&D, production and sales. It has passed the KPMG audit and specializes in manufacturing high-end luxury packaging such as aluminum alloy tea packaging boxes, luxury packaging boxes, and tea trays. In 2003, it passed the ISO9001:2000 quality management system and ISO14001:2004 environmental management system certifications. The company's products have successively passed multiple certifications including CCC, CE, UL, CB, and FCC. The products have cooperated with many well-known domestic and international brands and listed companies, and are sold all over the world.","Fushi Kang belongs to Quanzhou Haitong Electronic Equipment Co., Ltd. The company was established in 1999 and is a powerful factory integrating R&D, production and sales. It has passed the KPMG audit and specializes in manufacturing high-end luxury packaging such as aluminum alloy tea packaging boxes, luxury packaging boxes, and tea trays. In 2003, it passed the ISO9001:2000 quality management system and ISO14001:2004 environmental management system certifications. The company's products have successively passed multiple certifications including CCC, CE, UL, CB, and FCC. The products have cooperated with many well-known domestic and international brands and listed companies, and are sold all over the world.",,Exhibitor,DeLuxe PrintPack Hong Kong,3-C09,DeLuxe PrintPack Hong Kong,,1,,,"Metal Box & Can,Presentation Box,Bag and Pouch,Bottle and Can,Phials and Monodoses Bottle,Cosmetics Packaging,Luxury Packaging; Luxury Packaging Box,Leather Packaging,Aluminum Alloy Packaging; Others, ODM, OBM, OEM","Metal Box & Can,Presentation Box,Bag and Pouch,Bottle and Can,Phials and Monodoses Bottle,Cosmetics Packaging,Luxury Packaging; Luxury Packaging Box,Leather Packaging,Aluminum Alloy Packaging; Others, ODM, OBM, OEM",https://www.hktdc.com/event/deluxeprintpackhk/en/exhibitor/1S005L1Z2,0,
SEISMO Packaging,SEISMO Packaging,Chinese Mainland,"Leather and PU Leather Yarn,Cut-Edge Ribbon,Handmade Paper,Metal Box & Can,Label and Tag,Model Making,Luxury Packaging,Jewelry Packaging & Display,Glasses Packaging,Glass Packaging","Leather and PU Leather Yarn,Cut-Edge Ribbon,Handmade Paper,Metal Box & Can,Label and Tag,Model Making,Luxury Packaging,Jewelry Packaging & Display,Glasses Packaging,Glass Packaging",,Exhibitor,DeLuxe PrintPack Hong Kong,3-B23,DeLuxe PrintPack Hong Kong,,1,,,"Leather and PU Leather Yarn,Cut-Edge Ribbon,Handmade Paper,Metal Box & Can,Label and Tag,Model Making,Luxury Packaging,Jewelry Packaging & Display,Glasses Packaging,Glass Packaging; Jewelry boxes, Travel jewelry boxes, Watch boxes, Cosmetic packaging; OBM, OEM, ODM","Leather and PU Leather Yarn,Cut-Edge Ribbon,Handmade Paper,Metal Box & Can,Label and Tag,Model Making,Luxury Packaging,Jewelry Packaging & Display,Glasses Packaging,Glass Packaging; Jewelry boxes, Travel jewelry boxes, Watch boxes, Cosmetic packaging; OBM, OEM, ODM",https://www.hktdc.com/event/deluxeprintpackhk/en/exhibitor/1S005LRP6,0,
"Shenzhen CFY Paper Tube Co., Ltd.","Shenzhen CFY Paper Tube Co., Ltd.",Chinese Mainland,"Shenzhen Chengfangyuan(CFY) Paper Industry Co., Ltd. is located in A&D Block, No. 66, Shisan Village, Niuhu Community, Guanlan Subdistrict, Longhua District Shenzhen. It has developed into one of the leading manufacturers in China with 2500 square meters , specializing in food, gift, cosmetics, electronic, clothes and sports paper container/tubes for more than 8 years. We provide one-stop service from design, print and handicraft process. The monthly production capacity is more than 150000pcs. Professional handicraft technology and strict quality management system makes our products deeply loved by customers all over the world. The main export markets include the United States, Australia, France, Spain, Japan, Italy, the United Kingdom, Turkey, Canada, Australia, New Zealand, etc.Welcome to contact with us and thanks for your kindly support.","Shenzhen Chengfangyuan(CFY) Paper Industry Co., Ltd. is located in A&D Block, No. 66, Shisan Village, Niuhu Community, Guanlan Subdistrict, Longhua District Shenzhen. It has developed into one of the leading manufacturers in China with 2500 square meters , specializing in food, gift, cosmetics, electronic, clothes and sports paper container/tubes for more than 8 years. We provide one-stop service from design, print and handicraft process. The monthly production capacity is more than 150000pcs. Professional handicraft technology and strict quality management system makes our products deeply loved by customers all over the world. The main export markets include the United States, Australia, France, Spain, Japan, Italy, the United Kingdom, Turkey, Canada, Australia, New Zealand, etc.Welcome to contact with us and thanks for your kindly support.",,Exhibitor,DeLuxe PrintPack Hong Kong,3-C11,DeLuxe PrintPack Hong Kong,,1,,,"Presentation Box,Bottle and Can,Cosmetics Packaging,Luxury Packaging,Tubes Packaging,Glass Packaging; Paper tube; ODM, OBM, OEM","Presentation Box,Bottle and Can,Cosmetics Packaging,Luxury Packaging,Tubes Packaging,Glass Packaging; Paper tube; ODM, OBM, OEM",https://www.hktdc.com/event/deluxeprintpackhk/en/exhibitor/1S005L2GM,0,
"Shenzhen Cote Cheng Electronic Co., Ltd.","Shenzhen Cote Cheng Electronic Co., Ltd.",Chinese Mainland,"Presentation Box,Packaging Design,Wine Packaging,Luxury Packaging,Watch Packaging","Presentation Box,Packaging Design,Wine Packaging,Luxury Packaging,Watch Packaging",,Exhibitor,DeLuxe PrintPack Hong Kong,3-B30,DeLuxe PrintPack Hong Kong,,1,,,"Presentation Box,Packaging Design,Wine Packaging,Luxury Packaging,Watch Packaging; Shenzhen Cote Cheng Electronic Co.,Ltd is a high-tech enterprise in Shenzhen, focusing on the production, research and development as well as sales of a series of related products such as video greeting cards and video gift boxes.; ODM, OEM","Presentation Box,Packaging Design,Wine Packaging,Luxury Packaging,Watch Packaging; Shenzhen Cote Cheng Electronic Co.,Ltd is a high-tech enterprise in Shenzhen, focusing on the production, research and development as well as sales of a series of related products such as video greeting cards and video gift boxes.; ODM, OEM",https://www.hktdc.com/event/deluxeprintpackhk/en/exhibitor/1S005LMUW,2,https://www.hktdc.com/event/deluxeprintpackhk/en/product/1X23VEYW; https://www.hktdc.com/event/deluxeprintpackhk/en/product/1X23VEYW
"Shenzhen Yuhua Packing Products Co., Ltd.","Shenzhen Yuhua Packing Products Co., Ltd.",Chinese Mainland,"Bag and Pouch,Wine Packaging,Jewelry Packaging & Display","Bag and Pouch,Wine Packaging,Jewelry Packaging & Display",,Exhibitor,DeLuxe PrintPack Hong Kong,3-A30,DeLuxe PrintPack Hong Kong,,1,,,"Bag and Pouch,Wine Packaging,Jewelry Packaging & Display; Gift box, cosmetic & beauty packing box, watch box, candle box, wine box, POP stand, paper bag, labels, printing & packaging service.; OBM, OEM, ODM","Bag and Pouch,Wine Packaging,Jewelry Packaging & Display; Gift box, cosmetic & beauty packing box, watch box, candle box, wine box, POP stand, paper bag, labels, printing & packaging service.; OBM, OEM, ODM",https://www.hktdc.com/event/deluxeprintpackhk/en/exhibitor/1S005LRMF,0,
"Wenzhou Longyuan International Co., Ltd.","Wenzhou Longyuan International Co., Ltd.",Chinese Mainland,Special Paper and Materials,Special Paper and Materials,,Exhibitor,DeLuxe PrintPack Hong Kong,3-C24,DeLuxe PrintPack Hong Kong,,1,,,"Special Paper and Materials; Notebook leather; ODM, OEM","Special Paper and Materials; Notebook leather; ODM, OEM",https://www.hktdc.com/event/deluxeprintpackhk/en/exhibitor/1S005LRIR,6,https://www.hktdc.com/event/deluxeprintpackhk/en/product/1Z03NUVKH; https://www.hktdc.com/event/deluxeprintpackhk/en/product/1Z03NUVKH; https://www.hktdc.com/event/deluxeprintpackhk/en/product/1Z03NVG48; https://www.hktdc.com/event/deluxeprintpackhk/en/product/1Z03NVG48; https://www.hktdc.com/event/deluxeprintpackhk/en/product/1Z03NVGLT; https://www.hktdc.com/event/deluxeprintpackhk/en/product/1Z03NVGLT
"Wenzhou WINWIN Leather Products. Co., Ltd.","Wenzhou WINWIN Leather Products. Co., Ltd.",Chinese Mainland,"Leather and PU Leather Yarn,Presentation Box,Label and Tag,Cosmetics Packaging,Wine Packaging,Luxury Packaging,Jewelry Packaging & Display,Watch Packaging,Cigar Packaging,Glass Packaging","Leather and PU Leather Yarn,Presentation Box,Label and Tag,Cosmetics Packaging,Wine Packaging,Luxury Packaging,Jewelry Packaging & Display,Watch Packaging,Cigar Packaging,Glass Packaging",,Exhibitor,DeLuxe PrintPack Hong Kong,3-B22,DeLuxe PrintPack Hong Kong,,1,,,"Leather and PU Leather Yarn,Presentation Box,Label and Tag,Cosmetics Packaging,Wine Packaging,Luxury Packaging,Jewelry Packaging & Display,Watch Packaging,Cigar Packaging,Glass Packaging; Thermo PU，Normal PU, Printing PU, Digital Specialized PU, PVC for bookbinding, stationery, packaging; OEM, OBM, ODM","Leather and PU Leather Yarn,Presentation Box,Label and Tag,Cosmetics Packaging,Wine Packaging,Luxury Packaging,Jewelry Packaging & Display,Watch Packaging,Cigar Packaging,Glass Packaging; Thermo PU，Normal PU, Printing PU, Digital Specialized PU, PVC for bookbinding, stationery, packaging; OEM, OBM, ODM",https://www.hktdc.com/event/deluxeprintpackhk/en/exhibitor/1S005LXM9,0,
"Wenzhou Wanfeng Labels Co., Ltd.","Wenzhou Wanfeng Labels Co., Ltd.",Chinese Mainland,"Metal Box & Can,Label and Tag,Wine Packaging","Metal Box & Can,Label and Tag,Wine Packaging",,Exhibitor,DeLuxe PrintPack Hong Kong,3-C26,DeLuxe PrintPack Hong Kong,,1,,,"Metal Box & Can,Label and Tag,Wine Packaging; Metal labels and plate; OEM","Metal Box & Can,Label and Tag,Wine Packaging; Metal labels and plate; OEM",https://www.hktdc.com/event/deluxeprintpackhk/en/exhibitor/1S005LRKL,0,
Xrhea Group Limited,Xrhea Group Limited,Chinese Mainland,"Paper Decoration,Presentation Box,Bag and Pouch,Silk Boxes/Bags,Cosmetics Packaging,Luxury Packaging,Smart Packaging,Jewelry Packaging & Display,Art Printing","Paper Decoration,Presentation Box,Bag and Pouch,Silk Boxes/Bags,Cosmetics Packaging,Luxury Packaging,Smart Packaging,Jewelry Packaging & Display,Art Printing",,Exhibitor,DeLuxe PrintPack Hong Kong,3-B25,DeLuxe PrintPack Hong Kong,Cantonese Business Go Global,1,,,"Paper Decoration,Presentation Box,Bag and Pouch,Silk Boxes/Bags,Cosmetics Packaging,Luxury Packaging,Smart Packaging,Jewelry Packaging & Display,Art Printing; Gift Box; OBM, ODM, OEM","Paper Decoration,Presentation Box,Bag and Pouch,Silk Boxes/Bags,Cosmetics Packaging,Luxury Packaging,Smart Packaging,Jewelry Packaging & Display,Art Printing; Gift Box; OBM, ODM, OEM",https://www.hktdc.com/event/deluxeprintpackhk/en/exhibitor/1S005LRQ3,2,https://www.hktdc.com/event/deluxeprintpackhk/en/product/1Z03NRDZQ; https://www.hktdc.com/event/deluxeprintpackhk/en/product/1Z03NRDZQ
"Zhangzhou Lier Printing Co., Ltd.","Zhangzhou Lier Printing Co., Ltd.",Chinese Mainland,,,,Exhibitor,DeLuxe PrintPack Hong Kong,3-C28,DeLuxe PrintPack Hong Kong,,1,,,Paper box & paper bag & gift box; OEM,Paper box & paper bag & gift box; OEM,https://www.hktdc.com/event/deluxeprintpackhk/en/exhibitor/1S005LRD6,12,https://www.hktdc.com/event/deluxeprintpackhk/en/product/1Z03K8K44; https://www.hktdc.com/event/deluxeprintpackhk/en/product/1Z03K8K44; https://www.hktdc.com/event/deluxeprintpackhk/en/product/1Z03K91ET; https://www.hktdc.com/event/deluxeprintpackhk/en/product/1Z03K91ET; https://www.hktdc.com/event/deluxeprintpackhk/en/product/1Z03K8K51; https://www.hktdc.com/event/deluxeprintpackhk/en/product/1Z03K8K51; https://www.hktdc.com/event/deluxeprintpackhk/en/product/1Z03K91IH; https://www.hktdc.com/event/deluxeprintpackhk/en/product/1Z03K91IH; https://www.hktdc.com/event/deluxeprintpackhk/en/product/1Z03K8K6Y; https://www.hktdc.com/event/deluxeprintpackhk/en/product/1Z03K8K6Y; https://www.hktdc.com/event/deluxeprintpackhk/en/product/1Z03K8K7V; https://www.hktdc.com/event/deluxeprintpackhk/en/product/1Z03K8K7V
"Suzhou YUTO Printing Co., Ltd.","Suzhou YUTO Printing Co., Ltd.",Chinese Mainland,"Founded on 25 March 1996 and listed on the Shenzhen Stock Exchange on 16 December 2016 (stock code: 002831), YUTO is an international industry-leading superior packaging solution provider. Headquartered in Shenzhen, YUTO has over 20,000 employees and 50+ production sites with a global service network.Leveraging on our superior printing and packaging technologies and agile global delivery capabilities, we provide innovative one-stop packaging solutions and sustainable intelligent manufacturing services to Fortune 500 companies, famous brands and other clients. Our packaging business covers six core sectors: consumer electronics, wine and spirits, personal care, food, healthcare, and tobacco. In addition, we also provide customized services to clients in various industries, including eco-friendly plastic replacement, pre-press media, retail store materials, creative products, injection molding, photolithography, and more. Based on the packaging business, YUTO also provides solutions in the field of technology products, covering pet products, consumer electronics components (acoustic devices, consumer electronics soft materials, Flexible Printed Circuit, glare films), and new materials (carbon fiber, glass fiber, eco-friendly glues).","Founded on 25 March 1996 and listed on the Shenzhen Stock Exchange on 16 December 2016 (stock code: 002831), YUTO is an international industry-leading superior packaging solution provider. Headquartered in Shenzhen, YUTO has over 20,000 employees and 50+ production sites with a global service network.Leveraging on our superior printing and packaging technologies and agile global delivery capabilities, we provide innovative one-stop packaging solutions and sustainable intelligent manufacturing services to Fortune 500 companies, famous brands and other clients. Our packaging business covers six core sectors: consumer electronics, wine and spirits, personal care, food, healthcare, and tobacco. In addition, we also provide customized services to clients in various industries, including eco-friendly plastic replacement, pre-press media, retail store materials, creative products, injection molding, photolithography, and more. Based on the packaging business, YUTO also provides solutions in the field of technology products, covering pet products, consumer electronics components (acoustic devices, consumer electronics soft materials, Flexible Printed Circuit, glare films), and new materials (carbon fiber, glass fiber, eco-friendly glues).",,Exhibitor,DeLuxe PrintPack Hong Kong,3-A14,DeLuxe PrintPack Hong Kong,,1,,,"Presentation Box,Bag and Pouch,Bottle and Can,Label and Tag,Packaging Design,Packaging Cap and Closure,Cosmetics Packaging,Wine Packaging,Authentication and Traceability,Luxury Packaging; Consumer electronics, wine and spirits, personal care, food, healthcare, and tobacco. In addition, we also provide customized services to clients in various industries, including eco-friendly plastic replacement,pre-press media,retail store materials; Others, OBM, ODM, OEM","Presentation Box,Bag and Pouch,Bottle and Can,Label and Tag,Packaging Design,Packaging Cap and Closure,Cosmetics Packaging,Wine Packaging,Authentication and Traceability,Luxury Packaging; Consumer electronics, wine and spirits, personal care, food, healthcare, and tobacco. In addition, we also provide customized services to clients in various industries, including eco-friendly plastic replacement,pre-press media,retail store materials; Others, OBM, ODM, OEM",https://www.hktdc.com/event/deluxeprintpackhk/en/exhibitor/1S005L21V,0,
"Ruixiang Packaging Products Co., Ltd.","Ruixiang Packaging Products Co., Ltd.",Chinese Mainland,"Ruxiang packaging is a leader in the industry providing innovative one-stop paper packaging services from R&D, design, sourcing, manufacturing & logistics for global brands","Ruxiang packaging is a leader in the industry providing innovative one-stop paper packaging services from R&D, design, sourcing, manufacturing & logistics for global brands",,Exhibitor,DeLuxe PrintPack Hong Kong,3-B09,DeLuxe PrintPack Hong Kong,Cantonese Business Go Global,1,,,"Presentation Box,Velvet Boxes/Bags,Packaging Design,Cosmetics Packaging,Wine Packaging,Luxury Packaging,Watch Packaging,Art Printing; Gift box, packaging box; OEM, ODM","Presentation Box,Velvet Boxes/Bags,Packaging Design,Cosmetics Packaging,Wine Packaging,Luxury Packaging,Watch Packaging,Art Printing; Gift box, packaging box; OEM, ODM",https://www.hktdc.com/event/deluxeprintpackhk/en/exhibitor/1S005LMS2,0,
"Shanghai KIYI International Trade Co., Ltd.","Shanghai KIYI International Trade Co., Ltd.",Chinese Mainland,"Bag and Pouch,Luxury Packaging","Bag and Pouch,Luxury Packaging",,Exhibitor,DeLuxe PrintPack Hong Kong,3-A26,DeLuxe PrintPack Hong Kong,,1,,,"Bag and Pouch,Luxury Packaging; KIYI has developed various converting capabilities to provide creative offerings made with Tyvek, e.g., slitting, printing, aluminum coating, laminating and PU coating.; Others, ODM, OEM, OBM","Bag and Pouch,Luxury Packaging; KIYI has developed various converting capabilities to provide creative offerings made with Tyvek, e.g., slitting, printing, aluminum coating, laminating and PU coating.; Others, ODM, OEM, OBM",https://www.hktdc.com/event/deluxeprintpackhk/en/exhibitor/1S005L20Y,0,
