NAME_KR,NAME_EN,COUNTRY,INTRO_KR,INTRO_EN,WEBSITE,PARTICIPATION_TYPE,EXHIBITION_NAME_EN,BOOTH_NAME,HALL_NAME,PAVILION_NAME,FLOOR,X_COORD,Y_COORD,INDUSTRY_NAME_KR,INDUSTRY_NAME_EN,DETAIL_URL,PRODUCT_COUNT,PRODUCT_LIST
Naigai Apparel (HK) Ltd,Naigai Apparel (HK) Ltd,Hong Kong,Naigai has over hundred years experience for hosiery making and is one of the first professional Japanese hosiery company. Naigai looks for continuous improvement to well fit each customer's different needs. Accompanied with Japan Tsukuba University developed a series of footwears to improve customers' health and wellness. Naigai also hold a series of famous brand licenses and act as a distributor as well. Naigai also strong in Apparel industry especially knitwear and sportwear. OEM orders are welcomed as we have huge manufacturing background.,Naigai has over hundred years experience for hosiery making and is one of the first professional Japanese hosiery company. Naigai looks for continuous improvement to well fit each customer's different needs. Accompanied with Japan Tsukuba University developed a series of footwears to improve customers' health and wellness. Naigai also hold a series of famous brand licenses and act as a distributor as well. Naigai also strong in Apparel industry especially knitwear and sportwear. OEM orders are welcomed as we have huge manufacturing background.,,Exhibitor,Beauty & Wellness Expo 2025,3E-B22,Wellness Products,,1,,,"Elderly Care Product, Personal Care Product; Performance Socks, Compression socks and tight. Comfort footwear & apparel and accessories. Beauty care products.; OEM, ODM","Elderly Care Product, Personal Care Product; Performance Socks, Compression socks and tight. Comfort footwear & apparel and accessories. Beauty care products.; OEM, ODM",https://www.hktdc.com/event/hkbeautyexpo/en/exhibitor/1S005O2CY,0,
Phoelia (Far East) Company Limited,Phoelia (Far East) Company Limited,Hong Kong,"Online Shopping Platform, Health Food, Health Supplement, Healthcare Product, Skin Care","Online Shopping Platform, Health Food, Health Supplement, Healthcare Product, Skin Care",,Exhibitor,Beauty & Wellness Expo 2025,3E-B16,Wellness Products,,1,,,"Online Shopping Platform, Health Food, Health Supplement, Healthcare Product, Skin Care; Health Food; OEM, Others","Online Shopping Platform, Health Food, Health Supplement, Healthcare Product, Skin Care; Health Food; OEM, Others",https://www.hktdc.com/event/hkbeautyexpo/en/exhibitor/1S005O2QS,8,https://www.hktdc.com/event/hkbeautyexpo/en/product/1Z03O2S4W; https://www.hktdc.com/event/hkbeautyexpo/en/product/1Z03O2S4W; https://www.hktdc.com/event/hkbeautyexpo/en/product/1Z03O2S6Q; https://www.hktdc.com/event/hkbeautyexpo/en/product/1Z03O2S6Q; https://www.hktdc.com/event/hkbeautyexpo/en/product/1Z03O2S7N; https://www.hktdc.com/event/hkbeautyexpo/en/product/1Z03O2S7N; https://www.hktdc.com/event/hkbeautyexpo/en/product/1Z03J266C; https://www.hktdc.com/event/hkbeautyexpo/en/product/1Z03J266C
Autumn Grain Creation Company Limited,Autumn Grain Creation Company Limited,Hong Kong,"About 6dots, the minimalist brand can create countless possibilities and combinations. Different positions and identities may interpret the brand in different ways. In the designer's eyes, simple dots and lines will appear. With a stroke of their artistic mind, they connect those dots into hexagons or a three-dimensional diamond, and let their minds run wild. In the mind of an artist, six dots are merely a pause, a cliffhanger, letting a reader's mind explore. 'Six Dots' is the biggest number on the infamous dice, symbolising success and victory. In our eyes, our brand '6dots' is held by creativity and imagination. With this foundation, we create and manifest creations without boundaries, items without frames. We create one-of-a-kind items using unique materials, adding a splash of possibilities and colour to this ever-evolving world.","About 6dots, the minimalist brand can create countless possibilities and combinations. Different positions and identities may interpret the brand in different ways. In the designer's eyes, simple dots and lines will appear. With a stroke of their artistic mind, they connect those dots into hexagons or a three-dimensional diamond, and let their minds run wild. In the mind of an artist, six dots are merely a pause, a cliffhanger, letting a reader's mind explore. 'Six Dots' is the biggest number on the infamous dice, symbolising success and victory. In our eyes, our brand '6dots' is held by creativity and imagination. With this foundation, we create and manifest creations without boundaries, items without frames. We create one-of-a-kind items using unique materials, adding a splash of possibilities and colour to this ever-evolving world.",,Exhibitor,Beauty & Wellness Expo 2025,3E-A25,"Body, Mind, Spirit Zone",,1,,,"Backpack, Bucket hat, Jacket; Others","Backpack, Bucket hat, Jacket; Others",https://www.hktdc.com/event/hkbeautyexpo/en/exhibitor/1S005PK7V,0,
Effective Hong Kong Ltd.,Effective Hong Kong Ltd.,Hong Kong,Healthcare Product,Healthcare Product,,Exhibitor,Beauty & Wellness Expo 2025,3E-B10,Wellness Products,,1,,,Healthcare Product; Infrared Healthcare product; OBM,Healthcare Product; Infrared Healthcare product; OBM,https://www.hktdc.com/event/hkbeautyexpo/en/exhibitor/1S005O22S,2,https://www.hktdc.com/event/hkbeautyexpo/en/product/1Z03MBQXJ; https://www.hktdc.com/event/hkbeautyexpo/en/product/1Z03MBQXJ
i-Sense (Asia) Limited,i-Sense (Asia) Limited,Hong Kong,"i-Sense is a local Hong Kong company, with Hong Kong as its home, committed to providing local customers with high-quality lifestyle and health products. Serve everyone with the belief of Sense, health and life","i-Sense is a local Hong Kong company, with Hong Kong as its home, committed to providing local customers with high-quality lifestyle and health products. Serve everyone with the belief of Sense, health and life",,Exhibitor,Beauty & Wellness Expo 2025,3E-B06,Wellness Products,,1,,,"Healthcare Product, Sports Accessories, Personal Care Product; i-Sense; OEM","Healthcare Product, Sports Accessories, Personal Care Product; i-Sense; OEM",https://www.hktdc.com/event/hkbeautyexpo/en/exhibitor/1S005O1Y5,4,https://www.hktdc.com/event/hkbeautyexpo/en/product/1Z03IWLDC; https://www.hktdc.com/event/hkbeautyexpo/en/product/1Z03IWLDC; https://www.hktdc.com/event/hkbeautyexpo/en/product/1Z03MD0FR; https://www.hktdc.com/event/hkbeautyexpo/en/product/1Z03MD0FR
IPC Works Limited,IPC Works Limited,Hong Kong,"PicoLabb is a renowned healthcare brand under IPC in Hong Kong, founded by Mr. Vian Li, a well-known expert in health technology and naturopathy, in 2007. IPC has pioneered a series of revolutionary and innovative health technology products with its unique and self-developed ""PVA Pico Technology"". These products are designed to enhance pain relief, improve bodily functions, promote beauty, and combat the signs of aging. The PVA Pico Technology generates a ""proton vibration alignment field"" that aligns the vibration and movement of protons and electrons in all objects within a specified range. This technology rapidly enhances cellular energy within the human body, significantly stimulates the microcirculation and meridians, and enhances the body's self-healing capabilities.","PicoLabb is a renowned healthcare brand under IPC in Hong Kong, founded by Mr. Vian Li, a well-known expert in health technology and naturopathy, in 2007. IPC has pioneered a series of revolutionary and innovative health technology products with its unique and self-developed ""PVA Pico Technology"". These products are designed to enhance pain relief, improve bodily functions, promote beauty, and combat the signs of aging. The PVA Pico Technology generates a ""proton vibration alignment field"" that aligns the vibration and movement of protons and electrons in all objects within a specified range. This technology rapidly enhances cellular energy within the human body, significantly stimulates the microcirculation and meridians, and enhances the body's self-healing capabilities.",,Exhibitor,Beauty & Wellness Expo 2025,3E-D02,Wellness Products,,1,,,"Personal Care Product, Healthcare Product, Health Supplement; Brand:PicoLabb
The proprietary Pico technology from PicoLabb helps to improve health. The rapid development of PicoLabb breakthroughs traditional healthcare & beauty concepts to enter a new stage of healthcare & beauty.; OBM","Personal Care Product, Healthcare Product, Health Supplement; Brand:PicoLabb
The proprietary Pico technology from PicoLabb helps to improve health. The rapid development of PicoLabb breakthroughs traditional healthcare & beauty concepts to enter a new stage of healthcare & beauty.; OBM",https://www.hktdc.com/event/hkbeautyexpo/en/exhibitor/1S005O2ES,8,https://www.hktdc.com/event/hkbeautyexpo/en/product/1X1TE6E4; https://www.hktdc.com/event/hkbeautyexpo/en/product/1X1TE6E4; https://www.hktdc.com/event/hkbeautyexpo/en/product/1X1TE6LX; https://www.hktdc.com/event/hkbeautyexpo/en/product/1X1TE6LX; https://www.hktdc.com/event/hkbeautyexpo/en/product/1X1TDOU6; https://www.hktdc.com/event/hkbeautyexpo/en/product/1X1TDOU6; https://www.hktdc.com/event/hkbeautyexpo/en/product/1X1TDOLF; https://www.hktdc.com/event/hkbeautyexpo/en/product/1X1TDOLF
Heung Yau Hong Kong Limited,Heung Yau Hong Kong Limited,Hong Kong,Mindfulness & Meditation Tools,Mindfulness & Meditation Tools,,Exhibitor,Beauty & Wellness Expo 2025,3E-E13,Scentsation,,1,,,"Mindfulness & Meditation Tools; Hong Kong, once renowned for its agarwood, a place named after ""Incense"".   We aspire to revive the traditional methods of incense-making with innovative ideas, crafting a variety of natural and beneficial incense products.; OBM","Mindfulness & Meditation Tools; Hong Kong, once renowned for its agarwood, a place named after ""Incense"".   We aspire to revive the traditional methods of incense-making with innovative ideas, crafting a variety of natural and beneficial incense products.; OBM",https://www.hktdc.com/event/hkbeautyexpo/en/exhibitor/1S005O778,0,
Life Sources Limited,Life Sources Limited,Hong Kong,"Life Sources is the wholesaler and retailer of healthcare & medical products for worldwide markets. Products include 5D-MRA(magnetic resonance analysis) device, wearable AI quantum cell frequencies watch, quantum chips, electrical acupuncture device, anion device, quantum mask, NMN, enzyme for improving digest system, metabolism, fitness and beauty. In 2023, we are launching an innovative device by using the quantumn and AI technology - Model QQT. It could help the balancing of the spine, enhance good sleep and pain relieve.","Life Sources is the wholesaler and retailer of healthcare & medical products for worldwide markets. Products include 5D-MRA(magnetic resonance analysis) device, wearable AI quantum cell frequencies watch, quantum chips, electrical acupuncture device, anion device, quantum mask, NMN, enzyme for improving digest system, metabolism, fitness and beauty. In 2023, we are launching an innovative device by using the quantumn and AI technology - Model QQT. It could help the balancing of the spine, enhance good sleep and pain relieve.",,Exhibitor,Beauty & Wellness Expo 2025,3E-B23,Wellness Products,,1,,,"Anti-Aging Supplement, Joint & Bone Support, Healing Products & Experience, Healthcare Product, Smart Healthcare Electronics, Health Supplement; 5D-MRA (magnetic resonance analysis) device, wearable AI quantum cell frequencies watch. Model QQT for balancing the spine
Aculife electrical acupuncture device(FDA approval), Anion Device.
Enzyme for digestion ,metabolism,& beauty, NMN; ODM","Anti-Aging Supplement, Joint & Bone Support, Healing Products & Experience, Healthcare Product, Smart Healthcare Electronics, Health Supplement; 5D-MRA (magnetic resonance analysis) device, wearable AI quantum cell frequencies watch. Model QQT for balancing the spine
Aculife electrical acupuncture device(FDA approval), Anion Device.
Enzyme for digestion ,metabolism,& beauty, NMN; ODM",https://www.hktdc.com/event/hkbeautyexpo/en/exhibitor/1S005O2RP,6,https://www.hktdc.com/event/hkbeautyexpo/en/product/1Z03IWZA7; https://www.hktdc.com/event/hkbeautyexpo/en/product/1Z03IWZA7; https://www.hktdc.com/event/hkbeautyexpo/en/product/1Z03IWZB4; https://www.hktdc.com/event/hkbeautyexpo/en/product/1Z03IWZB4; https://www.hktdc.com/event/hkbeautyexpo/en/product/1Z03IWWRV; https://www.hktdc.com/event/hkbeautyexpo/en/product/1Z03IWWRV
Plateau Consultant Services Company,Plateau Consultant Services Company,Hong Kong,BOC LIFE,BOC LIFE,,Exhibitor,Beauty & Wellness Expo 2025,3E-A12,Silver Products,,1,,,Health Insurance; BOC LIFE; Others,Health Insurance; BOC LIFE; Others,https://www.hktdc.com/event/hkbeautyexpo/en/exhibitor/1S005O1Z2,0,
Lower Silesian Agency of Economic Cooperation,Lower Silesian Agency of Economic Cooperation,Poland,"Lower Silesian Agency of Economic Cooperation is a representative of the authorities of the Lower Silesia region (Poland) responsible for supporting SMEs. As part of the economic mission, we organize a stand at the fair for selected representatives of the beauty and wellness industry from our region.","Lower Silesian Agency of Economic Cooperation is a representative of the authorities of the Lower Silesia region (Poland) responsible for supporting SMEs. As part of the economic mission, we organize a stand at the fair for selected representatives of the beauty and wellness industry from our region.",,Exhibitor,Beauty & Wellness Expo 2025,3E-C02,Beauty Products,,1,,,"Skin Care, Healthcare Product, Aroma Oil & Incense Stick, Cosmetics, Perfume, Organic Beauty Product, Health Drink, Sports Nutrition; There will be a selected group of 10-15 companies with various products/service, all from the beauty and wellness industry.; OEM, ODM, Others, OBM","Skin Care, Healthcare Product, Aroma Oil & Incense Stick, Cosmetics, Perfume, Organic Beauty Product, Health Drink, Sports Nutrition; There will be a selected group of 10-15 companies with various products/service, all from the beauty and wellness industry.; OEM, ODM, Others, OBM",https://www.hktdc.com/event/hkbeautyexpo/en/exhibitor/1S005O7SH,0,
The Dairy Farm Company Limited,The Dairy Farm Company Limited,Hong Kong,DFI Retail Group is a leading retailer in Asia,DFI Retail Group is a leading retailer in Asia,,Exhibitor,Beauty & Wellness Expo 2025,3E-A14,Silver Products,,1,,,"Anti-Aging Supplement, Skin Care, Healthcare Product, Oral Care, Anti-Hair Loss Product & Service, Hair Care; health and beauty products; Others","Anti-Aging Supplement, Skin Care, Healthcare Product, Oral Care, Anti-Hair Loss Product & Service, Hair Care; health and beauty products; Others",https://www.hktdc.com/event/hkbeautyexpo/en/exhibitor/1S005O7V8,0,
Media Publishing Limited,Media Publishing Limited,Hong Kong,"As part of the New Media Group network, MORE is one of HK's most popular Beauty / fashion / style digital platform that cultivate experience sharing and share trend led information relating to beauty , wellness and shopping","As part of the New Media Group network, MORE is one of HK's most popular Beauty / fashion / style digital platform that cultivate experience sharing and share trend led information relating to beauty , wellness and shopping",,Exhibitor,Beauty & Wellness Expo 2025,3E-D18,Beauty Products,,1,,,"Healthcare Product, Slimming Product, Health Supplement, Skin Care, Health Drink; Pioneered in innovation, medicube is famed for the no.1 skincare device in Korea.
While Glam.D offers effective slimming solutions for urbanites, APRILSKIN taps into nature's materials and new technology to create high-performing skincare products.; Others","Healthcare Product, Slimming Product, Health Supplement, Skin Care, Health Drink; Pioneered in innovation, medicube is famed for the no.1 skincare device in Korea.
While Glam.D offers effective slimming solutions for urbanites, APRILSKIN taps into nature's materials and new technology to create high-performing skincare products.; Others",https://www.hktdc.com/event/hkbeautyexpo/en/exhibitor/1S005O7TE,0,
Hong Kong Hair & Beauty Merchants Association Limited,Hong Kong Hair & Beauty Merchants Association Limited,Hong Kong,The only association of Hair and Beauty industry in Hong Kong.,The only association of Hair and Beauty industry in Hong Kong.,,Exhibitor,Beauty & Wellness Expo 2025,,Beauty Products,,1,,,The only association of Hair and Beauty industry in Hong Kong.; Others,The only association of Hair and Beauty industry in Hong Kong.; Others,https://www.hktdc.com/event/hkbeautyexpo/en/exhibitor/1S005P5NY,0,
Beyond Cosmetics Group Limited,Beyond Cosmetics Group Limited,Hong Kong,"We provide beauty services and retail products through our beauty spa, flagship retail shop, and website.","We provide beauty services and retail products through our beauty spa, flagship retail shop, and website.",,Exhibitor,Beauty & Wellness Expo 2025,,Beauty Products,,1,,,Manicure Supplies; Bio Sculpure gel; Others,Manicure Supplies; Bio Sculpure gel; Others,https://www.hktdc.com/event/hkbeautyexpo/en/exhibitor/1S005PUN9,0,
Bio Tree Trading Company Limited,Bio Tree Trading Company Limited,Hong Kong,"Health Drink, Health Food, Online Shopping Platform, Healthcare Product, Health Supplement, Personal Care Product","Health Drink, Health Food, Online Shopping Platform, Healthcare Product, Health Supplement, Personal Care Product",,Exhibitor,Beauty & Wellness Expo 2025,,Wellness Products,,1,,,"Health Drink, Health Food, Online Shopping Platform, Healthcare Product, Health Supplement, Personal Care Product; 本公司專營批發男士保健產品。產品於線上線下及各超級市場有售。; OEM, OBM, ODM","Health Drink, Health Food, Online Shopping Platform, Healthcare Product, Health Supplement, Personal Care Product; 本公司專營批發男士保健產品。產品於線上線下及各超級市場有售。; OEM, OBM, ODM",https://www.hktdc.com/event/hkbeautyexpo/en/exhibitor/1S005QIMO,0,
Federation of Beauty Industry,Federation of Beauty Industry,Hong Kong,,,,Exhibitor,Beauty & Wellness Expo 2025,,Beauty Products,,1,,,為了保持美容行業的健康可持續發展，我們需要團結起來，得到行業的廣泛支援。無論公司規模和行業如何，歡迎您作為我們的會員加入，; Others,為了保持美容行業的健康可持續發展，我們需要團結起來，得到行業的廣泛支援。無論公司規模和行業如何，歡迎您作為我們的會員加入，; Others,https://www.hktdc.com/event/hkbeautyexpo/en/exhibitor/1S005P5QP,0,
Hong Kong Association of Flower Arranging Societies,Hong Kong Association of Flower Arranging Societies,Hong Kong,An association of flower arranging societies to promote the art of flower arrangements,An association of flower arranging societies to promote the art of flower arrangements,,Exhibitor,Beauty & Wellness Expo 2025,,"Body, Mind, Spirit Zone",,1,,,Flower arrangements exhibition; Others,Flower arrangements exhibition; Others,https://www.hktdc.com/event/hkbeautyexpo/en/exhibitor/1S005PBPM,0,
Hong Kong International Health Association,Hong Kong International Health Association,Hong Kong,"Hair Care, Elderly Care Product, Skin Care, Healthcare Product, Smart Healthcare Electronics, Cosmetics, Oral Care","Hair Care, Elderly Care Product, Skin Care, Healthcare Product, Smart Healthcare Electronics, Cosmetics, Oral Care",,Exhibitor,Beauty & Wellness Expo 2025,3E-B01,Silver Products,,1,,,"Hair Care, Elderly Care Product, Skin Care, Healthcare Product, Smart Healthcare Electronics, Cosmetics, Oral Care; Health care and wellness services and products; Others","Hair Care, Elderly Care Product, Skin Care, Healthcare Product, Smart Healthcare Electronics, Cosmetics, Oral Care; Health care and wellness services and products; Others",https://www.hktdc.com/event/hkbeautyexpo/en/exhibitor/1S005OBSD,0,
International Beauty & Health General Union Limited,International Beauty & Health General Union Limited,Hong Kong,Skin Care,Skin Care,,Exhibitor,Beauty & Wellness Expo 2025,,Beauty Products,,1,,,Skin Care; 國際美容健康總聯合會(I.B.H.)是一個領導美麗和健康生活的組織，。I.B.H.旗下權威認證機構International Beauty and Health License Association (B.H.L)致力提高全球美容健康行業水平; Others,Skin Care; 國際美容健康總聯合會(I.B.H.)是一個領導美麗和健康生活的組織，。I.B.H.旗下權威認證機構International Beauty and Health License Association (B.H.L)致力提高全球美容健康行業水平; Others,https://www.hktdc.com/event/hkbeautyexpo/en/exhibitor/1S005PGCK,0,
International Federation Of Holistic Aromatherapy Limited,International Federation Of Holistic Aromatherapy Limited,Hong Kong,"The International Federation of Holistic Aromatherapy (IFHA) has a good mission and purpose, aiming to provide the society with ""professional"" aromatherapy teaching, consulting and professional services. IFHA ""sincerely"" contributes to social welfare and strives to become a responsible organization. It is committed to providing ""innovative"" activities for all levels of society in terms of teaching and academic development, and shouldering responsibilities to the public and society. Have a professional aromatherapy ""team"" and give full play to professional advantages! The association will go all out to achieve the following objectives: 1. Professional We are committed to providing internationally recognized professional qualifications in teaching, training and services. 2. Sincerity We strive to provide you with an international professional and aromatherapy team, giving you strong confidence. 3. Innovation We support continuous improvement and innovative thinking, regardless of location or nature of work. 4. Team The team draws on all wisdom, has a wealth of talent, cooperates with each other to give full play to their strengths, and is harmonious.","The International Federation of Holistic Aromatherapy (IFHA) has a good mission and purpose, aiming to provide the society with ""professional"" aromatherapy teaching, consulting and professional services. IFHA ""sincerely"" contributes to social welfare and strives to become a responsible organization. It is committed to providing ""innovative"" activities for all levels of society in terms of teaching and academic development, and shouldering responsibilities to the public and society. Have a professional aromatherapy ""team"" and give full play to professional advantages! The association will go all out to achieve the following objectives: 1. Professional We are committed to providing internationally recognized professional qualifications in teaching, training and services. 2. Sincerity We strive to provide you with an international professional and aromatherapy team, giving you strong confidence. 3. Innovation We support continuous improvement and innovative thinking, regardless of location or nature of work. 4. Team The team draws on all wisdom, has a wealth of talent, cooperates with each other to give full play to their strengths, and is harmonious.",,Exhibitor,Beauty & Wellness Expo 2025,,Beauty Products,,1,,,"Aroma Oil & Incense Stick, Skin Care, Perfume; IFHA will offer a Glass Flower Fragrance Painting Experience. It features dopamine-enhancing colors and delicate floral scents. Each stroke on the face, collarbone, or hands becomes a unique emotional palette.; Others","Aroma Oil & Incense Stick, Skin Care, Perfume; IFHA will offer a Glass Flower Fragrance Painting Experience. It features dopamine-enhancing colors and delicate floral scents. Each stroke on the face, collarbone, or hands becomes a unique emotional palette.; Others",https://www.hktdc.com/event/hkbeautyexpo/en/exhibitor/1S005QINL,0,
Joanna Beauty Limited,Joanna Beauty Limited,Hong Kong,"Joanna Beauty Limited Founded in 2022, it is located next to Tai Wai MTR Station and is managed by a senior instructor with 18 years of experience and international certification. It focuses on eyelash extension, makeup, and semi-permanent tattoo training and services. Every year, it leads students to compete in Hong Kong, Mainland China, and South Korea, and cooperates with more than a dozen high-quality beauty salons to pave the way for students to become elites! ""","Joanna Beauty Limited Founded in 2022, it is located next to Tai Wai MTR Station and is managed by a senior instructor with 18 years of experience and international certification. It focuses on eyelash extension, makeup, and semi-permanent tattoo training and services. Every year, it leads students to compete in Hong Kong, Mainland China, and South Korea, and cooperates with more than a dozen high-quality beauty salons to pave the way for students to become elites! """,,Exhibitor,Beauty & Wellness Expo 2025,,Beauty Products,,1,,,Skin Care; Eyebrow shaping service; Others,Skin Care; Eyebrow shaping service; Others,https://www.hktdc.com/event/hkbeautyexpo/en/exhibitor/1S005PHLS,0,
The Cosmetic & Perfumery Association of Hong Kong Ltd,The Cosmetic & Perfumery Association of Hong Kong Ltd,Hong Kong,Cosmetics,Cosmetics,,Exhibitor,Beauty & Wellness Expo 2025,,Beauty Products,,1,,,Cosmetics; https://www.cosmetic.org.hk/; Others,Cosmetics; https://www.cosmetic.org.hk/; Others,https://www.hktdc.com/event/hkbeautyexpo/en/exhibitor/1S005P5PS,0,
7NUTRITION,7NUTRITION,Poland,"Healthcare Product, Joint & Bone Support, Elderly Care Product, Slimming Product, Sports Nutrition, Health Drink, Anti-Aging Supplement, Health Supplement, Health Food","Healthcare Product, Joint & Bone Support, Elderly Care Product, Slimming Product, Sports Nutrition, Health Drink, Anti-Aging Supplement, Health Supplement, Health Food",,Exhibitor,Beauty & Wellness Expo 2025,3E-C02,Wellness Products,,1,,,"Healthcare Product, Joint & Bone Support, Elderly Care Product, Slimming Product, Sports Nutrition, Health Drink, Anti-Aging Supplement, Health Supplement, Health Food; Premium supplements for beauty, wellness and performance: Marine Collagen, Sleep Complex, Daily Beauty Skin, vitamins, adaptogens and advanced sports formulas. Trusted by athletes and modern consumers in 40+ countries.; OBM, OEM, ODM","Healthcare Product, Joint & Bone Support, Elderly Care Product, Slimming Product, Sports Nutrition, Health Drink, Anti-Aging Supplement, Health Supplement, Health Food; Premium supplements for beauty, wellness and performance: Marine Collagen, Sleep Complex, Daily Beauty Skin, vitamins, adaptogens and advanced sports formulas. Trusted by athletes and modern consumers in 40+ countries.; OBM, OEM, ODM",https://www.hktdc.com/event/hkbeautyexpo/en/exhibitor/1S005OQ31,0,
Avicenna Oil,Avicenna Oil,Poland,"Avicenna Oil is a Polish company with over 30 years of experience in the production and export of natural essential oils, cosmetics, fragrance compositions, and aromatherapy products. We are a trusted supplier for the cosmetics, pharmaceutical, food, and wellness industries across Europe and worldwide.","Avicenna Oil is a Polish company with over 30 years of experience in the production and export of natural essential oils, cosmetics, fragrance compositions, and aromatherapy products. We are a trusted supplier for the cosmetics, pharmaceutical, food, and wellness industries across Europe and worldwide.",,Exhibitor,Beauty & Wellness Expo 2025,3E-C02,Beauty Products,,1,,,"Mindfulness & Meditation Tools, Hair Care, Perfume, Spa & Massage Treatments, Elderly Care Product, Smart Healthcare Electronics, Skin Care, Aroma Oil & Incense Stick, Anti-Hair Loss Product & Service, Organic Beauty Product, Cosmetics; Cosmetics based on natural essential oils
Waterless diffusers 
100% natural essential oils 
Essential oil sets; OBM","Mindfulness & Meditation Tools, Hair Care, Perfume, Spa & Massage Treatments, Elderly Care Product, Smart Healthcare Electronics, Skin Care, Aroma Oil & Incense Stick, Anti-Hair Loss Product & Service, Organic Beauty Product, Cosmetics; Cosmetics based on natural essential oils
Waterless diffusers 
100% natural essential oils 
Essential oil sets; OBM",https://www.hktdc.com/event/hkbeautyexpo/en/exhibitor/1S005OQ24,0,
B&B Partners Krzysztof Bialek,B&B Partners Krzysztof Bialek,Poland,,,,Exhibitor,Beauty & Wellness Expo 2025,3E-C02,Wellness Products,,1,,,,,https://www.hktdc.com/event/hkbeautyexpo/en/exhibitor/1S005QIOI,0,
Bartek Candles,Bartek Candles,Poland,,,,Exhibitor,Beauty & Wellness Expo 2025,3E-C02,Wellness Products,,1,,,,,https://www.hktdc.com/event/hkbeautyexpo/en/exhibitor/1S005QIR9,0,
Green Zebras,Green Zebras,Poland,Health Drink,Health Drink,,Exhibitor,Beauty & Wellness Expo 2025,3E-C02,Wellness Products,,1,,,"Health Drink; Very Calm Zebra is a natural drink made from Polish herbs. Calming blend of chamomile, lemon balm,valerian, angelica,hops, heather and mistletoe, combined with pressed apple and lemon juice.Harmony of body and mind because beauty is more than you see; OBM, ODM, OEM","Health Drink; Very Calm Zebra is a natural drink made from Polish herbs. Calming blend of chamomile, lemon balm,valerian, angelica,hops, heather and mistletoe, combined with pressed apple and lemon juice.Harmony of body and mind because beauty is more than you see; OBM, ODM, OEM",https://www.hktdc.com/event/hkbeautyexpo/en/exhibitor/1S005OQ4Y,0,
MB ELiX sp. z o.o. sp.k.,MB ELiX sp. z o.o. sp.k.,Poland,,,,Exhibitor,Beauty & Wellness Expo 2025,3E-C02,Wellness Products,,1,,,,,https://www.hktdc.com/event/hkbeautyexpo/en/exhibitor/1S005QIQC,0,
Masthef,Masthef,Poland,"Personal Care Product, Healthcare Product","Personal Care Product, Healthcare Product",,Exhibitor,Beauty & Wellness Expo 2025,3E-C02,Wellness Products,,1,,,"Personal Care Product, Healthcare Product; The Masthef Hygiene Kit is a sleek, travel-ready set of menstrual care essentials. Designed for comfort and discretion, it includes eco-conscious products in a compact, resealable pouch perfect for everyday carry or emergencies.; OEM","Personal Care Product, Healthcare Product; The Masthef Hygiene Kit is a sleek, travel-ready set of menstrual care essentials. Designed for comfort and discretion, it includes eco-conscious products in a compact, resealable pouch perfect for everyday carry or emergencies.; OEM",https://www.hktdc.com/event/hkbeautyexpo/en/exhibitor/1S005PQD7,0,
POPLAWSKA GROUP,POPLAWSKA GROUP,Poland,"Poplawska Group is a wellestablished, familyowned company based in Wroclaw, Poland, operating since 1996. Over the years, we have become a leader in the cosmetics industry in Poland and are successfully expanding into markets across Europe, Asia, and Africa.We are a manufacturer of both retail and professional cosmetics under the Clarena brand, as well as cosmetic raw materials, dietary supplements, and single-use devices and accessories under the Rubica brand, dedicated to beauty salons and aesthetic medicine clinics. We operate our own research laboratories R&D, synthesis, microbiology, modern production lines, and professional warehousing and training facilities. Importantly, our production process is certified according to GMP standards, ensuring the highest quality and safety at every stage. Our portfolio includes a wide range of professional products: anti-aging lines, cleansing and moisturizing treatments, solutions for problematic skin, as well as body, hand, and foot care products, masks, serums, and dermocosmetics. Clarena products are based on natural and vegan formulas, designed to be safe, eco-friendly, and suitable for all skin types. We provide strong marketing support for our partners, from sales to training materials.","Poplawska Group is a wellestablished, familyowned company based in Wroclaw, Poland, operating since 1996. Over the years, we have become a leader in the cosmetics industry in Poland and are successfully expanding into markets across Europe, Asia, and Africa.We are a manufacturer of both retail and professional cosmetics under the Clarena brand, as well as cosmetic raw materials, dietary supplements, and single-use devices and accessories under the Rubica brand, dedicated to beauty salons and aesthetic medicine clinics. We operate our own research laboratories R&D, synthesis, microbiology, modern production lines, and professional warehousing and training facilities. Importantly, our production process is certified according to GMP standards, ensuring the highest quality and safety at every stage. Our portfolio includes a wide range of professional products: anti-aging lines, cleansing and moisturizing treatments, solutions for problematic skin, as well as body, hand, and foot care products, masks, serums, and dermocosmetics. Clarena products are based on natural and vegan formulas, designed to be safe, eco-friendly, and suitable for all skin types. We provide strong marketing support for our partners, from sales to training materials.",,Exhibitor,Beauty & Wellness Expo 2025,3E-C02,Beauty Products,,1,,,"Organic Beauty Product, Elderly Care Product, Electric Massagers, Skin Care, Anti-Aging Supplement, Slimming Product, Beauty Salon Equipment, Online Shopping Platform, Spa & Massage Treatments, Beauty Spa Equipment, Cosmetics, Hair Accessories, Hair Care, Personal Care Product; Salon & Home use
Skincare & bodycare
ODM & OEM
Marketing & Training centre; OEM, OBM","Organic Beauty Product, Elderly Care Product, Electric Massagers, Skin Care, Anti-Aging Supplement, Slimming Product, Beauty Salon Equipment, Online Shopping Platform, Spa & Massage Treatments, Beauty Spa Equipment, Cosmetics, Hair Accessories, Hair Care, Personal Care Product; Salon & Home use
Skincare & bodycare
ODM & OEM
Marketing & Training centre; OEM, OBM",https://www.hktdc.com/event/hkbeautyexpo/en/exhibitor/1S005PHMP,0,
PUX sp. z o. o.,PUX sp. z o. o.,Poland,,,,Exhibitor,Beauty & Wellness Expo 2025,3E-C02,Wellness Products,,1,,,,,https://www.hktdc.com/event/hkbeautyexpo/en/exhibitor/1S005QIPF,0,
Yvette Laboratory Sp. z o.o.,Yvette Laboratory Sp. z o.o.,Poland,,,,Exhibitor,Beauty & Wellness Expo 2025,3E-C02,Beauty Products,,1,,,,,https://www.hktdc.com/event/hkbeautyexpo/en/exhibitor/1S005QIS6,0,
Meds Care Company Limited,Meds Care Company Limited,Hong Kong,"Elderly Care Product, Physiotherapy Treatment","Elderly Care Product, Physiotherapy Treatment",,Exhibitor,Beauty & Wellness Expo 2025,3E-A06,Silver Products,,1,,,"Elderly Care Product, Physiotherapy Treatment; Power wheelchair, supporter, walking aids, blood glucose monitor, elderly care products, supplements; Others","Elderly Care Product, Physiotherapy Treatment; Power wheelchair, supporter, walking aids, blood glucose monitor, elderly care products, supplements; Others",https://www.hktdc.com/event/hkbeautyexpo/en/exhibitor/1S005O20Y,0,
Delightful Source Limited,Delightful Source Limited,Hong Kong,"We understand the frustration that comes with searching for the perfect natural health and clean beauty products. The countless options can leave you feeling overwhelmed and uncertain. That's why we created Stay Healthy - to provide you with a seamless journey towards optimal wellness. At Stay Healthy, we believe that true empowerment comes from taking control of your health and well-being. That's why our products are carefully chosen to deliver noticeable results, making you look and feel confident. Each item in our curated selection is backed by traditional evidence, scientific research and customer satisfaction, ensuring that you receive the highest quality and effectiveness. Why settle for mediocre products when you can have extraordinary? Join us on this transformative journey towards better health and wellness. Let Stay Healthy be your trusted companion, guiding you towards the vibrant and radiant life you truly deserve. Together, we'll unlock your superpower of wellness.","We understand the frustration that comes with searching for the perfect natural health and clean beauty products. The countless options can leave you feeling overwhelmed and uncertain. That's why we created Stay Healthy - to provide you with a seamless journey towards optimal wellness. At Stay Healthy, we believe that true empowerment comes from taking control of your health and well-being. That's why our products are carefully chosen to deliver noticeable results, making you look and feel confident. Each item in our curated selection is backed by traditional evidence, scientific research and customer satisfaction, ensuring that you receive the highest quality and effectiveness. Why settle for mediocre products when you can have extraordinary? Join us on this transformative journey towards better health and wellness. Let Stay Healthy be your trusted companion, guiding you towards the vibrant and radiant life you truly deserve. Together, we'll unlock your superpower of wellness.",,Exhibitor,Beauty & Wellness Expo 2025,3E-B14,Wellness Products,,1,,,"Hair Care, Sports Nutrition, Anti-Hair Loss Product & Service, Slimming Product, Joint & Bone Support, Aroma Oil & Incense Stick, Health Supplement, Skin Care, Organic Beauty Product, Health Food, Online Shopping Platform; Each item in our curated
selection is backed by traditional evidence,
scientific research and customer
satisfaction, ensuring that you receive the
highest quality and effectiveness.; Others","Hair Care, Sports Nutrition, Anti-Hair Loss Product & Service, Slimming Product, Joint & Bone Support, Aroma Oil & Incense Stick, Health Supplement, Skin Care, Organic Beauty Product, Health Food, Online Shopping Platform; Each item in our curated
selection is backed by traditional evidence,
scientific research and customer
satisfaction, ensuring that you receive the
highest quality and effectiveness.; Others",https://www.hktdc.com/event/hkbeautyexpo/en/exhibitor/1S005O2FP,0,
Guangdong-Hong Kong-Macao Clinical Medicine Society,Guangdong-Hong Kong-Macao Clinical Medicine Society,Hong Kong,Professional medical practitioners,Professional medical practitioners,,Exhibitor,Beauty & Wellness Expo 2025,3E-B09,Silver Products,,1,,,Healing Products & Experience; Clinical and medical research; Others,Healing Products & Experience; Clinical and medical research; Others,https://www.hktdc.com/event/hkbeautyexpo/en/exhibitor/1S005OBV4,0,
Reallock Management Ltd,Reallock Management Ltd,Hong Kong,"Reallock Management Limited is dedicated to providing exceptional services to our clients across diverse business areas, including online shopping, brand representation, retail, Japanese inns, and real estate consulting services in Japan. We uphold our responsibilities in Environmental, Social, and Governance (ESG) and are committed to delivering the highest quality products and services with professionalism and dedication. we value company unity and encourage teamwork, innovation, and sustainable development. Integrity and professionalism are our core values as we strive to be a model enterprise in the industry while actively contributing to society and the environment. Let us work together to create a better future.","Reallock Management Limited is dedicated to providing exceptional services to our clients across diverse business areas, including online shopping, brand representation, retail, Japanese inns, and real estate consulting services in Japan. We uphold our responsibilities in Environmental, Social, and Governance (ESG) and are committed to delivering the highest quality products and services with professionalism and dedication. we value company unity and encourage teamwork, innovation, and sustainable development. Integrity and professionalism are our core values as we strive to be a model enterprise in the industry while actively contributing to society and the environment. Let us work together to create a better future.",,Exhibitor,Beauty & Wellness Expo 2025,3E-D09,Beauty Products,,1,,,"Personal Care Product, Hair Care, Anti-Hair Loss Product & Service; ""AROMASE"" is a brand from Taiwan that specializes in scalp purification and hair care products, specifically targeting shampoos and treatment products for the scalp. In addition to our products, we also offer scalp assessment services.; OBM","Personal Care Product, Hair Care, Anti-Hair Loss Product & Service; ""AROMASE"" is a brand from Taiwan that specializes in scalp purification and hair care products, specifically targeting shampoos and treatment products for the scalp. In addition to our products, we also offer scalp assessment services.; OBM",https://www.hktdc.com/event/hkbeautyexpo/en/exhibitor/1S005O7RK,0,
"Hair Rejuvenation Co., Limited","Hair Rejuvenation Co., Limited",Hong Kong,"The philosophy and vision of Hair Rejuvenation (Social Enterprise) is let the public recognize the work ability of the hearing impaired, we believe that they can use their strengths, be independent, become professional, and help others. The founder (AMY) of Hair Rejuvenation (Social Enterprise) is born with a hearing impairment. She has been a volunteer for the ""Hong Kong Deaf Welfare Promotion Association"" for many years. She has a deep understanding of the difficulties in obtaining employment for the hearing impaired. Since 2010, Hair Rejuvenation have begun preparations and have continued to practice and accumulate experience. During the period, they rely on the help of many industry seniors, and the results are gradually being seen. With the help of talented and kind people from all walks of life. Hair Rejuvenation,(Social Enterprise) for the hearing impaired, was established to assist the hearing impaired in employment and to promote the message of the deaf and healthy inclusiveness: the hearing impaired and the hearing impaired can communicate effectively, and the hearing impaired is no different from ordinary people, or even become more focused because you can't hear it.","The philosophy and vision of Hair Rejuvenation (Social Enterprise) is let the public recognize the work ability of the hearing impaired, we believe that they can use their strengths, be independent, become professional, and help others. The founder (AMY) of Hair Rejuvenation (Social Enterprise) is born with a hearing impairment. She has been a volunteer for the ""Hong Kong Deaf Welfare Promotion Association"" for many years. She has a deep understanding of the difficulties in obtaining employment for the hearing impaired. Since 2010, Hair Rejuvenation have begun preparations and have continued to practice and accumulate experience. During the period, they rely on the help of many industry seniors, and the results are gradually being seen. With the help of talented and kind people from all walks of life. Hair Rejuvenation,(Social Enterprise) for the hearing impaired, was established to assist the hearing impaired in employment and to promote the message of the deaf and healthy inclusiveness: the hearing impaired and the hearing impaired can communicate effectively, and the hearing impaired is no different from ordinary people, or even become more focused because you can't hear it.",,Exhibitor,Beauty & Wellness Expo 2025,3E-D19,Beauty Products,,1,,,"Hair Care; Product
HAIR REJUVENATING SHAMPOO
HAIR REJUVENATING ESSENCE
PURIFYING SCALP FOLLICLE
HAIR REVITALISING PREMIERE SERUM
HERB NUTRITIONAL HAIR OIL
Service
HAIRSCALP CHECKING
HAIR TREATMENT BOOKING; OBM","Hair Care; Product
HAIR REJUVENATING SHAMPOO
HAIR REJUVENATING ESSENCE
PURIFYING SCALP FOLLICLE
HAIR REVITALISING PREMIERE SERUM
HERB NUTRITIONAL HAIR OIL
Service
HAIRSCALP CHECKING
HAIR TREATMENT BOOKING; OBM",https://www.hktdc.com/event/hkbeautyexpo/en/exhibitor/1S005O2IG,0,
M & J Business Limited,M & J Business Limited,Hong Kong,"Anti-Aging Supplement, Healthcare Product, Personal Care Product, Sports Accessories, Health Food","Anti-Aging Supplement, Healthcare Product, Personal Care Product, Sports Accessories, Health Food",,Exhibitor,Beauty & Wellness Expo 2025,3E-B17,Fitness Products,,1,,,"Anti-Aging Supplement, Healthcare Product, Personal Care Product, Sports Accessories, Health Food; 淨血皇水蛭素,靈芝王生命液,i doc電子針灸儀; ODM, OBM, OEM","Anti-Aging Supplement, Healthcare Product, Personal Care Product, Sports Accessories, Health Food; 淨血皇水蛭素,靈芝王生命液,i doc電子針灸儀; ODM, OBM, OEM",https://www.hktdc.com/event/hkbeautyexpo/en/exhibitor/1S005O2OY,0,
New Cynosure Company Limited,New Cynosure Company Limited,Hong Kong,"Hair Care, Anti-Hair Loss Product & Service","Hair Care, Anti-Hair Loss Product & Service",,Exhibitor,Beauty & Wellness Expo 2025,3E-C07,Beauty Products,,1,,,"Hair Care, Anti-Hair Loss Product & Service; [髮再生]系列產品採用中藥製造 不同產品系列針對不同頭髮問題, 主要為控油止癢, 防脫育髮, 配合現代科技令藥液能全面覆蓋脫髮根源,改善各種頭皮和脫髮問題. 髮再生專業生髮護髮十多年,用心待客,不誇張療效,幫助顧客解決頭髮問題, 是看得見生髮的品牌.; Others","Hair Care, Anti-Hair Loss Product & Service; [髮再生]系列產品採用中藥製造 不同產品系列針對不同頭髮問題, 主要為控油止癢, 防脫育髮, 配合現代科技令藥液能全面覆蓋脫髮根源,改善各種頭皮和脫髮問題. 髮再生專業生髮護髮十多年,用心待客,不誇張療效,幫助顧客解決頭髮問題, 是看得見生髮的品牌.; Others",https://www.hktdc.com/event/hkbeautyexpo/en/exhibitor/1S005O2JD,0,
Mars International (HK) Limited,Mars International (HK) Limited,Hong Kong,"Taiwan's No. 1 Protein Brand As the earliest whey protein brand established in Taiwan, the golden ratio formula and diversified characteristic flavors are specially designed for various needs. And the whey protein extracted from the first milk source is the first choice for nutritional supplements in the fitness industry in Taiwan, and the only indicator of whey protein. To break the public's stereotypes of whey on the market, with ""more protein, more health"" as the core concept of the brand, It is the first to create a portable and Taiwanese milk tea flavor, and then replace the high-sugar hand-shake drinks in the hands of customers.","Taiwan's No. 1 Protein Brand As the earliest whey protein brand established in Taiwan, the golden ratio formula and diversified characteristic flavors are specially designed for various needs. And the whey protein extracted from the first milk source is the first choice for nutritional supplements in the fitness industry in Taiwan, and the only indicator of whey protein. To break the public's stereotypes of whey on the market, with ""more protein, more health"" as the core concept of the brand, It is the first to create a portable and Taiwanese milk tea flavor, and then replace the high-sugar hand-shake drinks in the hands of customers.",,Exhibitor,Beauty & Wellness Expo 2025,3E-A16,Fitness Products,,1,,,"Health Food, Health Drink, Sports Nutrition, Health Supplement, Sports Accessories; In-house brand sports supplements, including whey protein, plant-based protein, and other sports supplements.; Others","Health Food, Health Drink, Sports Nutrition, Health Supplement, Sports Accessories; In-house brand sports supplements, including whey protein, plant-based protein, and other sports supplements.; Others",https://www.hktdc.com/event/hkbeautyexpo/en/exhibitor/1S005O2M4,0,
Nutri Boost Limited,Nutri Boost Limited,Hong Kong,"Nutri Boost is dedicated to providing you with delicious and convenient high-protein, low-calorie foods and beverages for a healthier lifestyle. We are committed to using premium ingredients, such as high-quality imported Japanese chicken, to carefully develop each product. This allows you to enjoy great taste while effortlessly replenishing protein and maintaining your ideal physique.","Nutri Boost is dedicated to providing you with delicious and convenient high-protein, low-calorie foods and beverages for a healthier lifestyle. We are committed to using premium ingredients, such as high-quality imported Japanese chicken, to carefully develop each product. This allows you to enjoy great taste while effortlessly replenishing protein and maintaining your ideal physique.",,Exhibitor,Beauty & Wellness Expo 2025,3E-C16,Fitness Products,,1,,,"Health Drink, Health Food, Sports Nutrition, Slimming Product, Health Supplement; Tofu Noodle
Protein Shake; Others","Health Drink, Health Food, Sports Nutrition, Slimming Product, Health Supplement; Tofu Noodle
Protein Shake; Others",https://www.hktdc.com/event/hkbeautyexpo/en/exhibitor/1S005O2N1,0,
Pure Massage Group Limited,Pure Massage Group Limited,Hong Kong,"Personal Care Product, Skin Care, Healing Products & Experience","Personal Care Product, Skin Care, Healing Products & Experience",,Exhibitor,Beauty & Wellness Expo 2025,3E-B02,Beauty Products,,1,,,"Personal Care Product, Skin Care, Healing Products & Experience; Beauty and health care, pain management, general TCM, acupuncture, acupoint massage; Others","Personal Care Product, Skin Care, Healing Products & Experience; Beauty and health care, pain management, general TCM, acupuncture, acupoint massage; Others",https://www.hktdc.com/event/hkbeautyexpo/en/exhibitor/1S005O2HJ,0,
Berlin Spa Limited,Berlin Spa Limited,Hong Kong,"Anti-Hair Loss Product & Service, Hair Care, Skin Care, Slimming Product","Anti-Hair Loss Product & Service, Hair Care, Skin Care, Slimming Product",,Exhibitor,Beauty & Wellness Expo 2025,3E-A19,Wellness Products,,1,,,"Anti-Hair Loss Product & Service, Hair Care, Skin Care, Slimming Product; One-stop spa, massage and skin care treatments; Others","Anti-Hair Loss Product & Service, Hair Care, Skin Care, Slimming Product; One-stop spa, massage and skin care treatments; Others",https://www.hktdc.com/event/hkbeautyexpo/en/exhibitor/1S005O7PQ,0,
Ocean Spa Limited,Ocean Spa Limited,Hong Kong,"Ocean Spa was established in 2012. Its main business is to provide customers with diversified professional beauty, slimming and health care services.","Ocean Spa was established in 2012. Its main business is to provide customers with diversified professional beauty, slimming and health care services.",,Exhibitor,Beauty & Wellness Expo 2025,3E-D13,Beauty Products,,1,,,"Spa & Massage Treatments, Skin Care; Ocean spa branches are set up in Hong Kong, Kowloon and New Territories. Each branch is close to MTR station. Our beauty consultants will follow up the progress of the treatment for the customer and design a suitable treatment course.; Others","Spa & Massage Treatments, Skin Care; Ocean spa branches are set up in Hong Kong, Kowloon and New Territories. Each branch is close to MTR station. Our beauty consultants will follow up the progress of the treatment for the customer and design a suitable treatment course.; Others",https://www.hktdc.com/event/hkbeautyexpo/en/exhibitor/1S005O2A4,0,
Perle Suisse Limited,Perle Suisse Limited,Hong Kong,"Personal Care Product, Healing Products & Experience, Spa & Massage Treatments, Beauty Spa Equipment","Personal Care Product, Healing Products & Experience, Spa & Massage Treatments, Beauty Spa Equipment",,Exhibitor,Beauty & Wellness Expo 2025,3E-C14,Beauty Products,,1,,,"Personal Care Product, Healing Products & Experience, Spa & Massage Treatments, Beauty Spa Equipment; 面部護理、身體護理、纖體護理、眼部護理、美甲護理; Others","Personal Care Product, Healing Products & Experience, Spa & Massage Treatments, Beauty Spa Equipment; 面部護理、身體護理、纖體護理、眼部護理、美甲護理; Others",https://www.hktdc.com/event/hkbeautyexpo/en/exhibitor/1S005O2KA,0,
Season Wellness Ltd,Season Wellness Ltd,Hong Kong,"Joint & Bone Support, Elderly Care Product, Physiotherapy Treatment, Hair Care, Anti-Hair Loss Product & Service","Joint & Bone Support, Elderly Care Product, Physiotherapy Treatment, Hair Care, Anti-Hair Loss Product & Service",,Exhibitor,Beauty & Wellness Expo 2025,3E-A02,Silver Products,,1,,,"Joint & Bone Support, Elderly Care Product, Physiotherapy Treatment, Hair Care, Anti-Hair Loss Product & Service; 本司為一間新成立的公司，希望借助另一間已成立十年的聯營公司，開拓並轉營擴展其他的業務，業務包括中醫醫療、針灸、活髮、健康管理及零售等服務。","Joint & Bone Support, Elderly Care Product, Physiotherapy Treatment, Hair Care, Anti-Hair Loss Product & Service; 本司為一間新成立的公司，希望借助另一間已成立十年的聯營公司，開拓並轉營擴展其他的業務，業務包括中醫醫療、針灸、活髮、健康管理及零售等服務。",https://www.hktdc.com/event/hkbeautyexpo/en/exhibitor/1S005O2PV,0,
Synergy Care Limited,Synergy Care Limited,Hong Kong,Health Food,Health Food,,Exhibitor,Beauty & Wellness Expo 2025,3E-B05,Silver Products,,1,,,Health Food; Bifizen; Others,Health Food; Bifizen; Others,https://www.hktdc.com/event/hkbeautyexpo/en/exhibitor/1S005OBXY,0,
Taiwan Chun Bun Rivon (HK) Limited,Taiwan Chun Bun Rivon (HK) Limited,Hong Kong,,,,Exhibitor,Beauty & Wellness Expo 2025,3E-A22,Wellness Products,,1,,,Herbal Grapefruit Healthy food; ODM,Herbal Grapefruit Healthy food; ODM,https://www.hktdc.com/event/hkbeautyexpo/en/exhibitor/1S005O27D,0,
Zenyum (HK) Limited,Zenyum (HK) Limited,Hong Kong,"Oral Care, Personal Care Product","Oral Care, Personal Care Product",,Exhibitor,Beauty & Wellness Expo 2025,3E-D23,Beauty Products,,1,,,"Oral Care, Personal Care Product; Zenyum is a leading dental care product provider in HK. We  work along with registered dentists in HK to offer invisible braces treatment; We also provide oral care products, including electric toothbrush, toothpaste, and teeth whitening products.; ODM","Oral Care, Personal Care Product; Zenyum is a leading dental care product provider in HK. We  work along with registered dentists in HK to offer invisible braces treatment; We also provide oral care products, including electric toothbrush, toothpaste, and teeth whitening products.; ODM",https://www.hktdc.com/event/hkbeautyexpo/en/exhibitor/1S005O7QN,0,
28 Crystal & Jewellery Company Limited,28 Crystal & Jewellery Company Limited,Hong Kong,"Spiritual & Metaphysical Product, Healing Products & Experience","Spiritual & Metaphysical Product, Healing Products & Experience",,Exhibitor,Beauty & Wellness Expo 2025,3E-B27,"Body, Mind, Spirit Zone",,1,,,"Spiritual & Metaphysical Product, Healing Products & Experience; 天然水晶及翡翠玉石擺件及飾品，提升健康幸運及正能量，療癒身心靈。; OBM, OEM, ODM","Spiritual & Metaphysical Product, Healing Products & Experience; 天然水晶及翡翠玉石擺件及飾品，提升健康幸運及正能量，療癒身心靈。; OBM, OEM, ODM",https://www.hktdc.com/event/hkbeautyexpo/en/exhibitor/1S005PKBJ,0,
A Big Big Limited,A Big Big Limited,Hong Kong,"Big Big Air specializes in the production of videos related to wellness, feng shui, and the supernatural. We are dedicated to the management of our online platforms and the development of our payment systems, hoping to provide users with a better experience. Through the close collaboration of our IT team and marketing department, we strive to convey our philosophy and products to every customer. We also regularly hold wellness markets and participate in various community events to carefully promote our products, aiming to help more people recognize and understand our concepts.","Big Big Air specializes in the production of videos related to wellness, feng shui, and the supernatural. We are dedicated to the management of our online platforms and the development of our payment systems, hoping to provide users with a better experience. Through the close collaboration of our IT team and marketing department, we strive to convey our philosophy and products to every customer. We also regularly hold wellness markets and participate in various community events to carefully promote our products, aiming to help more people recognize and understand our concepts.",,Exhibitor,Beauty & Wellness Expo 2025,3E-C31,"Body, Mind, Spirit Zone",,1,,,"Aroma Oil & Incense Stick, Online Shopping Platform, Spiritual & Metaphysical Product, Skin Care; Our products include natural handmade soap and four-leaf water, designed to allow every customer to feel the beauty of nature. We hope to use the power of nature to help people find a piece of tranquility and comfort in their busy lives.; OBM","Aroma Oil & Incense Stick, Online Shopping Platform, Spiritual & Metaphysical Product, Skin Care; Our products include natural handmade soap and four-leaf water, designed to allow every customer to feel the beauty of nature. We hope to use the power of nature to help people find a piece of tranquility and comfort in their busy lives.; OBM",https://www.hktdc.com/event/hkbeautyexpo/en/exhibitor/1S005PKF7,0,
Anitch Limited,Anitch Limited,Hong Kong,Professional biotechnology specialists,Professional biotechnology specialists,,Exhibitor,Beauty & Wellness Expo 2025,3E-B01,Silver Products,,1,,,"Skin Care, Healing Products & Experience; Skin protection product; Others","Skin Care, Healing Products & Experience; Skin protection product; Others",https://www.hktdc.com/event/hkbeautyexpo/en/exhibitor/1S005OBTA,0,
Antenovus Biotechnology Limited,Antenovus Biotechnology Limited,Hong Kong,Professional biotechnology specialists,Professional biotechnology specialists,,Exhibitor,Beauty & Wellness Expo 2025,3E-B03,Silver Products,,1,,,Healing Products & Experience; Biotechnology research; Others,Healing Products & Experience; Biotechnology research; Others,https://www.hktdc.com/event/hkbeautyexpo/en/exhibitor/1S005OBU7,0,
Auscode Worldwide Limited,Auscode Worldwide Limited,Hong Kong,"Since its establishment in 2015, AUSCODE WORLDWIDE LIMITED has been committed to providing professional aromatherapy teaching, course design, aromatherapy research consulting and consulting, professional consulting services, product sales, etc. for universities and institutions in Hong Kong and Macau. Provide ""diversified"" professional aromatherapy related products and services. It has won the support and trust of professional aromatherapy experts and therapists, and its professional quality and service level are highly recognized. Promote the sharing of professional aromatherapy knowledge, set up an internationally recognized professional qualification teaching and training institute, and cooperate with tertiary institutions to identify aromatherapy academic courses. Students can obtain internationally recognized and local professional qualifications, assist students in their careers, and often lead them to participate in international academics Interactive exchange activities. Realize the development of empirical research on aromatherapy and expand the sharing of professional aromatherapy information. Committed to providing professional aromatherapy application, training, employment and entrepreneurship platforms in Hong Kong, Macau, China and other places","Since its establishment in 2015, AUSCODE WORLDWIDE LIMITED has been committed to providing professional aromatherapy teaching, course design, aromatherapy research consulting and consulting, professional consulting services, product sales, etc. for universities and institutions in Hong Kong and Macau. Provide ""diversified"" professional aromatherapy related products and services. It has won the support and trust of professional aromatherapy experts and therapists, and its professional quality and service level are highly recognized. Promote the sharing of professional aromatherapy knowledge, set up an internationally recognized professional qualification teaching and training institute, and cooperate with tertiary institutions to identify aromatherapy academic courses. Students can obtain internationally recognized and local professional qualifications, assist students in their careers, and often lead them to participate in international academics Interactive exchange activities. Realize the development of empirical research on aromatherapy and expand the sharing of professional aromatherapy information. Committed to providing professional aromatherapy application, training, employment and entrepreneurship platforms in Hong Kong, Macau, China and other places",,Exhibitor,Beauty & Wellness Expo 2025,3E-E11,Scentsation,,1,,,"Aroma Oil & Incense Stick, Perfume, Organic Beauty Product, Skin Care; SecretCode ACO Formula Essential Oil & Blending Oil certified by Australian Certified Organic, No. 12277, meet strict standards for purity and non-toxicity.The DIY Cream Experience incorporates charitable giving.; OBM","Aroma Oil & Incense Stick, Perfume, Organic Beauty Product, Skin Care; SecretCode ACO Formula Essential Oil & Blending Oil certified by Australian Certified Organic, No. 12277, meet strict standards for purity and non-toxicity.The DIY Cream Experience incorporates charitable giving.; OBM",https://www.hktdc.com/event/hkbeautyexpo/en/exhibitor/1S005OBW1,0,
BE AN ORGONITE LIMITED,BE AN ORGONITE LIMITED,Hong Kong,"Healing Products & Experience, Mindfulness & Meditation Tools, Spa & Massage Treatments","Healing Products & Experience, Mindfulness & Meditation Tools, Spa & Massage Treatments",,Exhibitor,Beauty & Wellness Expo 2025,3E-B31,"Body, Mind, Spirit Zone",,1,,,"Healing Products & Experience, Mindfulness & Meditation Tools, Spa & Massage Treatments; I am making crystal resin orgonite art; OBM","Healing Products & Experience, Mindfulness & Meditation Tools, Spa & Massage Treatments; I am making crystal resin orgonite art; OBM",https://www.hktdc.com/event/hkbeautyexpo/en/exhibitor/1S005PKCG,0,
BOC Group Life Assurance Company Limited,BOC Group Life Assurance Company Limited,Hong Kong,Health Insurance,Health Insurance,,Exhibitor,Beauty & Wellness Expo 2025,3E-A18,Wellness Products,,1,,,Health Insurance; Provide bank service; Others,Health Insurance; Provide bank service; Others,https://www.hktdc.com/event/hkbeautyexpo/en/exhibitor/1S005O71Q,0,
Broadlink International Trading Company Limited,Broadlink International Trading Company Limited,Hong Kong,"Establish on Taiwan, Produce Yitiaogen Cream,patch. For soothing joint.","Establish on Taiwan, Produce Yitiaogen Cream,patch. For soothing joint.",,Exhibitor,Beauty & Wellness Expo 2025,3E-B21,Wellness Products,,1,,,"Healthcare Product; Yitiaohen Cream, patch for soothing joint.; OBM","Healthcare Product; Yitiaohen Cream, patch for soothing joint.; OBM",https://www.hktdc.com/event/hkbeautyexpo/en/exhibitor/1S005O26G,0,
Cheung Hing International Electrical Products Limited,Cheung Hing International Electrical Products Limited,Hong Kong,Healthcare Product,Healthcare Product,,Exhibitor,Beauty & Wellness Expo 2025,3E-A08,Silver Products,,1,,,"Healthcare Product; CH-3805 Far Infrared Panel
CH-2030 Knee restorer
CH-2036 Uterine warmer
CH-2028B Far Infrared Energy Foot Sauna
CH-2101 Far Infrared Panel; OBM","Healthcare Product; CH-3805 Far Infrared Panel
CH-2030 Knee restorer
CH-2036 Uterine warmer
CH-2028B Far Infrared Energy Foot Sauna
CH-2101 Far Infrared Panel; OBM",https://www.hktdc.com/event/hkbeautyexpo/en/exhibitor/1S005O8DP,0,
Chiefway International Enterprise Limited,Chiefway International Enterprise Limited,Hong Kong,"Joint & Bone Support, Sports Accessories, Outdoor Sports Equipment, Healthcare Product","Joint & Bone Support, Sports Accessories, Outdoor Sports Equipment, Healthcare Product",,Exhibitor,Beauty & Wellness Expo 2025,3E-B20,Wellness Products,,1,,,"Joint & Bone Support, Sports Accessories, Outdoor Sports Equipment, Healthcare Product; 運動及復康護具; Others","Joint & Bone Support, Sports Accessories, Outdoor Sports Equipment, Healthcare Product; 運動及復康護具; Others",https://www.hktdc.com/event/hkbeautyexpo/en/exhibitor/1S005O2SM,0,
Citiscent Limited,Citiscent Limited,Hong Kong,"Fragrance products inspired by Hong Kong four seasons, day and night, hope that in addition to using fragrance to evoke Hong Kong people fond memories of the city, people from different places can feel the rhythm and charm of Hong Kong. All products are in compliance with IFRA safety guidelines and EU standards.","Fragrance products inspired by Hong Kong four seasons, day and night, hope that in addition to using fragrance to evoke Hong Kong people fond memories of the city, people from different places can feel the rhythm and charm of Hong Kong. All products are in compliance with IFRA safety guidelines and EU standards.",,Exhibitor,Beauty & Wellness Expo 2025,3E-D12,Scentsation,,1,,,"Perfume; Fragrance products inspired by Hong Kong four seasons, day and night, hope that in addition to using fragrance to evoke Hong Kong people fond memories of the city, people from different places can feel the rhythm and charm of Hong Kong.; OBM","Perfume; Fragrance products inspired by Hong Kong four seasons, day and night, hope that in addition to using fragrance to evoke Hong Kong people fond memories of the city, people from different places can feel the rhythm and charm of Hong Kong.; OBM",https://www.hktdc.com/event/hkbeautyexpo/en/exhibitor/1S005O785,0,
Crystal Wonderland,Crystal Wonderland,Hong Kong,"Collect different rare crystals and handicrafts from all over the world. Add your own and local concepts, Design different types of handmade crystal bracelets.","Collect different rare crystals and handicrafts from all over the world. Add your own and local concepts, Design different types of handmade crystal bracelets.",,Exhibitor,Beauty & Wellness Expo 2025,3E-C30,"Body, Mind, Spirit Zone",,1,,,Natural rough crystal and handmade crystal bracelets; Others,Natural rough crystal and handmade crystal bracelets; Others,https://www.hktdc.com/event/hkbeautyexpo/en/exhibitor/1S005PKG4,0,
DiffuserArt,DiffuserArt,Hong Kong,"Aroma Oil & Incense Stick, Perfume","Aroma Oil & Incense Stick, Perfume",,Exhibitor,Beauty & Wellness Expo 2025,3E-B32,"Body, Mind, Spirit Zone",,1,,,"Aroma Oil & Incense Stick, Perfume; In our fast-paced work environments, we often forget to appreciate the beauty of nature. To help urban dwellers reconnect with nature, our team has designed ""Diffuser Art"", bringing the natural world into our homes.; ODM, OBM, OEM","Aroma Oil & Incense Stick, Perfume; In our fast-paced work environments, we often forget to appreciate the beauty of nature. To help urban dwellers reconnect with nature, our team has designed ""Diffuser Art"", bringing the natural world into our homes.; ODM, OBM, OEM",https://www.hktdc.com/event/hkbeautyexpo/en/exhibitor/1S005PK8S,0,
Dr. Hair & Beauty Limited,Dr. Hair & Beauty Limited,Hong Kong,The company was founded in 2022.Acting as an agent of German Credo nail tools and Cehko hair products.,The company was founded in 2022.Acting as an agent of German Credo nail tools and Cehko hair products.,,Exhibitor,Beauty & Wellness Expo 2025,3E-C26,Beauty Products,,1,,,"Anti-Hair Loss Product & Service, Personal Care Product, Manicure Supplies, Hair Care; Specialty Nail Products Personal Care Hair Care; Others","Anti-Hair Loss Product & Service, Personal Care Product, Manicure Supplies, Hair Care; Specialty Nail Products Personal Care Hair Care; Others",https://www.hktdc.com/event/hkbeautyexpo/en/exhibitor/1S005O23P,0,
EXD Event Limited,EXD Event Limited,Hong Kong,,,,Exhibitor,Beauty & Wellness Expo 2025,3E-C34,"Body, Mind, Spirit Zone",,1,,,展銷/市集 活動策劃; Others,展銷/市集 活動策劃; Others,https://www.hktdc.com/event/hkbeautyexpo/en/exhibitor/1S005PKQA,0,
Eternal Optical & Perfumery (Far East) Limited,Eternal Optical & Perfumery (Far East) Limited,Hong Kong,"Aroma Oil & Incense Stick, Perfume","Aroma Oil & Incense Stick, Perfume",,Exhibitor,Beauty & Wellness Expo 2025,3E-D16,Scentsation,,1,,,"Aroma Oil & Incense Stick, Perfume; International Perfume and Home Fragrance Products; Others","Aroma Oil & Incense Stick, Perfume; International Perfume and Home Fragrance Products; Others",https://www.hktdc.com/event/hkbeautyexpo/en/exhibitor/1S005O75E,0,
Floriography Limited,Floriography Limited,Hong Kong,Perfume,Perfume,,Exhibitor,Beauty & Wellness Expo 2025,3E-D14,Scentsation,,1,,,"Perfume; Brand: Floriography 

Hong Kong Manufacturer of perfume and scented products.; OBM","Perfume; Brand: Floriography 

Hong Kong Manufacturer of perfume and scented products.; OBM",https://www.hktdc.com/event/hkbeautyexpo/en/exhibitor/1S005O73K,0,
Gold Trillions Limited,Gold Trillions Limited,Hong Kong,"Our mission is to search for a health solution and nature products for people to have a better quality living. We are committed to delivering exceptional service, using high-quality products, and creating personalized experiences.","Our mission is to search for a health solution and nature products for people to have a better quality living. We are committed to delivering exceptional service, using high-quality products, and creating personalized experiences.",,Exhibitor,Beauty & Wellness Expo 2025,3E-A20,Wellness Products,,1,,,Health Supplement; The only noncrystalline calcium supplement in world of DENSITY with nanoparticles of amorphous calcium carbonate (ACC). Double absoption balancing body acidity level (pH) which has participated in NASA spacelab study proving efficacy for astronauts.; Others,Health Supplement; The only noncrystalline calcium supplement in world of DENSITY with nanoparticles of amorphous calcium carbonate (ACC). Double absoption balancing body acidity level (pH) which has participated in NASA spacelab study proving efficacy for astronauts.; Others,https://www.hktdc.com/event/hkbeautyexpo/en/exhibitor/1S005OAPN,0,
Green Forest Image Design Limited,Green Forest Image Design Limited,Hong Kong,"Hair Styling Tools, Anti-Hair Loss Product & Service, Hair Care","Hair Styling Tools, Anti-Hair Loss Product & Service, Hair Care",,Exhibitor,Beauty & Wellness Expo 2025,3E-D21,Beauty Products,,1,,,"Hair Styling Tools, Anti-Hair Loss Product & Service, Hair Care; Beauty & Hair Product; Others","Hair Styling Tools, Anti-Hair Loss Product & Service, Hair Care; Beauty & Hair Product; Others",https://www.hktdc.com/event/hkbeautyexpo/en/exhibitor/1S005O2GM,0,
Green Miles Limited,Green Miles Limited,Hong Kong,"Outdoor Sports Equipment, Yoga Accessories","Outdoor Sports Equipment, Yoga Accessories",,Exhibitor,Beauty & Wellness Expo 2025,3E-C33,"Body, Mind, Spirit Zone",,1,,,"Outdoor Sports Equipment, Yoga Accessories; schwa, nasara, mediflex; Others","Outdoor Sports Equipment, Yoga Accessories; schwa, nasara, mediflex; Others",https://www.hktdc.com/event/hkbeautyexpo/en/exhibitor/1S005PKJV,0,
H Cube Limited,H Cube Limited,Hong Kong,"H Cube was established in 2009. The shareholder is a Hong Kong person. We specialize in wholesale and distribute natural organic skincare and personal cleaning items, such as shampoo, liquid soaps, bar soaps, canals etc.","H Cube was established in 2009. The shareholder is a Hong Kong person. We specialize in wholesale and distribute natural organic skincare and personal cleaning items, such as shampoo, liquid soaps, bar soaps, canals etc.",,Exhibitor,Beauty & Wellness Expo 2025,3E-A29,"Body, Mind, Spirit Zone",,1,,,"Perfume, Mindfulness & Meditation Tools, Personal Care Product, Aroma Oil & Incense Stick, Spa & Massage Treatments, Anti-Hair Loss Product & Service, Hair Care, Organic Beauty Product, Skin Care; H Cube specializes in importing and distributing good quality and price-effective natural organic skincare items from suppliers in Europe.; Others, OEM","Perfume, Mindfulness & Meditation Tools, Personal Care Product, Aroma Oil & Incense Stick, Spa & Massage Treatments, Anti-Hair Loss Product & Service, Hair Care, Organic Beauty Product, Skin Care; H Cube specializes in importing and distributing good quality and price-effective natural organic skincare items from suppliers in Europe.; Others, OEM",https://www.hktdc.com/event/hkbeautyexpo/en/exhibitor/1S005PK6Y,0,
"HK Rincica Medical Treatment Co., Limited","HK Rincica Medical Treatment Co., Limited",Hong Kong,New Angance is a French skincare brand that distributes internationally. HK Rincica is responsible for the brand's business operation in Asia Pacific and North America.,New Angance is a French skincare brand that distributes internationally. HK Rincica is responsible for the brand's business operation in Asia Pacific and North America.,,Exhibitor,Beauty & Wellness Expo 2025,3E-C10,Beauty Products,,1,,,"Skin Care; New Angance is a French skincare brand that distributes internationally including Watsons, Amazon, HKTVmall etc. Our hydrating face mask is our global bestseller.; OEM","Skin Care; New Angance is a French skincare brand that distributes internationally including Watsons, Amazon, HKTVmall etc. Our hydrating face mask is our global bestseller.; OEM",https://www.hktdc.com/event/hkbeautyexpo/en/exhibitor/1S005O21V,0,
Heng Lee Jade,Heng Lee Jade,Hong Kong,Online Shopping Platform,Online Shopping Platform,,Exhibitor,Beauty & Wellness Expo 2025,3E-A27,"Body, Mind, Spirit Zone",,1,,,Online Shopping Platform; Natural Type A Jadeite; Others,Online Shopping Platform; Natural Type A Jadeite; Others,https://www.hktdc.com/event/hkbeautyexpo/en/exhibitor/1S005PK9P,0,
Holistic Beaute Limited,Holistic Beaute Limited,Hong Kong,"Healthcare Product, Personal Care Product, Healing Products & Experience","Healthcare Product, Personal Care Product, Healing Products & Experience",,Exhibitor,Beauty & Wellness Expo 2025,3E-B08,Wellness Products,,1,,,"Healthcare Product, Personal Care Product, Healing Products & Experience; 【痛症體態檢測，矯正復位，拉筋伸展｜健康全方位方案】 

專為繁忙都市人設計的「痛症管理系統」，透過專業體態檢測找出痛症根源，結合體態矯正、肌肉復位及個人化拉伸方案，有效改善肩頸腰背勞損、姿勢不良等問題。我們採用非侵入式手法，幫助提升關節活動度、緩解慢性疼痛，讓活動表現更流暢。即場體驗三分鐘快速檢測，獲取定制化改善建議！; Others","Healthcare Product, Personal Care Product, Healing Products & Experience; 【痛症體態檢測，矯正復位，拉筋伸展｜健康全方位方案】 

專為繁忙都市人設計的「痛症管理系統」，透過專業體態檢測找出痛症根源，結合體態矯正、肌肉復位及個人化拉伸方案，有效改善肩頸腰背勞損、姿勢不良等問題。我們採用非侵入式手法，幫助提升關節活動度、緩解慢性疼痛，讓活動表現更流暢。即場體驗三分鐘快速檢測，獲取定制化改善建議！; Others",https://www.hktdc.com/event/hkbeautyexpo/en/exhibitor/1S005O2L7,0,
Hong Kong China Federation of Bodybuilding & Fitness Limited,Hong Kong China Federation of Bodybuilding & Fitness Limited,Hong Kong,"Health Drink, Health Food, Yoga Accessories, Outdoor Sports Equipment, Health Insurance, Healing Products & Experience, Sports Nutrition, Sports Accessories, Health Supplement, Personal Care Product, Fitness Equipment, Smart Healthcare Electronics, Healthcare Product","Health Drink, Health Food, Yoga Accessories, Outdoor Sports Equipment, Health Insurance, Healing Products & Experience, Sports Nutrition, Sports Accessories, Health Supplement, Personal Care Product, Fitness Equipment, Smart Healthcare Electronics, Healthcare Product",,Exhibitor,Beauty & Wellness Expo 2025,3E-C12,Fitness Products,,1,,,"Health Drink, Health Food, Yoga Accessories, Outdoor Sports Equipment, Health Insurance, Healing Products & Experience, Sports Nutrition, Sports Accessories, Health Supplement, Personal Care Product, Fitness Equipment, Smart Healthcare Electronics, Healthcare Product; Hong Kong China Federation of Bodybuilding & Fitness (HKFBF) is the only recognized legal organization in Hong Kong China regional of International Federation of Bodybuilding & Fitness (IFBB), which is the member of International Olympic Committee.; Others","Health Drink, Health Food, Yoga Accessories, Outdoor Sports Equipment, Health Insurance, Healing Products & Experience, Sports Nutrition, Sports Accessories, Health Supplement, Personal Care Product, Fitness Equipment, Smart Healthcare Electronics, Healthcare Product; Hong Kong China Federation of Bodybuilding & Fitness (HKFBF) is the only recognized legal organization in Hong Kong China regional of International Federation of Bodybuilding & Fitness (IFBB), which is the member of International Olympic Committee.; Others",https://www.hktdc.com/event/hkbeautyexpo/en/exhibitor/1S005P5OV,0,
Hong Kong Hong Pak Tong Limited,Hong Kong Hong Pak Tong Limited,Hong Kong,"We are manufacturer of health supplements in HK. We are a growing company. Not only selling current items, our team keeps spending time on R&D trying to produce more health supplements under our own brand. All our products are made in HK. Our target market is 20+ladies & 30+gentlemen, as well as elderly mainly in HK. Our golden item is Beijing Wo Fook Tong NMN 33000. We hope we can cooperate with all pharmacies /pharmacy chain stores/Beauty Shops in HK via TDC fair","We are manufacturer of health supplements in HK. We are a growing company. Not only selling current items, our team keeps spending time on R&D trying to produce more health supplements under our own brand. All our products are made in HK. Our target market is 20+ladies & 30+gentlemen, as well as elderly mainly in HK. Our golden item is Beijing Wo Fook Tong NMN 33000. We hope we can cooperate with all pharmacies /pharmacy chain stores/Beauty Shops in HK via TDC fair",,Exhibitor,Beauty & Wellness Expo 2025,3E-B18,Wellness Products,,1,,,"Anti-Aging Supplement, Health Supplement; Our golden anti-aging item is NMN 33000. We also have NMN23500/28000/32000/380000/420000. In addition, we have manufactured men's supplements.; OBM","Anti-Aging Supplement, Health Supplement; Our golden anti-aging item is NMN 33000. We also have NMN23500/28000/32000/380000/420000. In addition, we have manufactured men's supplements.; OBM",https://www.hktdc.com/event/hkbeautyexpo/en/exhibitor/1S005O2B1,0,
"HongKong Yidian Co., Limited","HongKong Yidian Co., Limited",Hong Kong,"Elderly Care Product, Healing Products & Experience","Elderly Care Product, Healing Products & Experience",,Exhibitor,Beauty & Wellness Expo 2025,3E-B11,Silver Products,,1,,,"Elderly Care Product, Healing Products & Experience; Medical sundries and elderly care products; Others","Elderly Care Product, Healing Products & Experience; Medical sundries and elderly care products; Others",https://www.hktdc.com/event/hkbeautyexpo/en/exhibitor/1S005OCEI,0,
Idea Trading (HK) Limited,Idea Trading (HK) Limited,Hong Kong,"Facial Care Instrument, Skin Care","Facial Care Instrument, Skin Care",,Exhibitor,Beauty & Wellness Expo 2025,3E-C21,Beauty Products,,1,,,"Facial Care Instrument, Skin Care; Zeni; OBM","Facial Care Instrument, Skin Care; Zeni; OBM",https://www.hktdc.com/event/hkbeautyexpo/en/exhibitor/1S005O25J,0,
Ingrid Millet Limited,Ingrid Millet Limited,Hong Kong,"In 1959, French cosmetologist Madame Ingrid Millet formed INGRID MILLET Paris. The first branch marched in Hong Kong in 1989. Today, INGRID MILLET Paris provides a high-performance skincare and body care ranges to the needs of each woman. True to INGRID MILLET Paris mission, constantly strive to remain at the forefront of the new technological advances, and focus our efforts in the area of medical beauty.","In 1959, French cosmetologist Madame Ingrid Millet formed INGRID MILLET Paris. The first branch marched in Hong Kong in 1989. Today, INGRID MILLET Paris provides a high-performance skincare and body care ranges to the needs of each woman. True to INGRID MILLET Paris mission, constantly strive to remain at the forefront of the new technological advances, and focus our efforts in the area of medical beauty.",,Exhibitor,Beauty & Wellness Expo 2025,3E-C05,Beauty Products,,1,,,"Beauty Salon Equipment, Skin Care; We provide the best and safest medical aesthetic service to our customers according to their different needs.; Others","Beauty Salon Equipment, Skin Care; We provide the best and safest medical aesthetic service to our customers according to their different needs.; Others",https://www.hktdc.com/event/hkbeautyexpo/en/exhibitor/1S005O297,0,
International Spirituality Association,International Spirituality Association,Hong Kong,"Healing Products & Experience, Aroma Oil & Incense Stick, Perfume, Spiritual & Metaphysical Product, Yoga Accessories, Online Shopping Platform, Mindfulness & Meditation Tools, Healthcare Product","Healing Products & Experience, Aroma Oil & Incense Stick, Perfume, Spiritual & Metaphysical Product, Yoga Accessories, Online Shopping Platform, Mindfulness & Meditation Tools, Healthcare Product",,Exhibitor,Beauty & Wellness Expo 2025,3E-C28,"Body, Mind, Spirit Zone",,1,,,"Healing Products & Experience, Aroma Oil & Incense Stick, Perfume, Spiritual & Metaphysical Product, Yoga Accessories, Online Shopping Platform, Mindfulness & Meditation Tools, Healthcare Product; Spiritual products, service and course; OEM, ODM","Healing Products & Experience, Aroma Oil & Incense Stick, Perfume, Spiritual & Metaphysical Product, Yoga Accessories, Online Shopping Platform, Mindfulness & Meditation Tools, Healthcare Product; Spiritual products, service and course; OEM, ODM",https://www.hktdc.com/event/hkbeautyexpo/en/exhibitor/1S005PKOG,0,
Keep Moving Trading Company Limited,Keep Moving Trading Company Limited,Hong Kong,Keep Moving Trading Company is the sole distributor of BHAWA SPA & Products,Keep Moving Trading Company is the sole distributor of BHAWA SPA & Products,,Exhibitor,Beauty & Wellness Expo 2025,3E-E09,Scentsation,,1,,,"Aroma Oil & Incense Stick, Skin Care, Spa & Massage Treatments, Organic Beauty Product, Online Shopping Platform, Beauty Spa Equipment; BHAWA Spa Products; OEM","Aroma Oil & Incense Stick, Skin Care, Spa & Massage Treatments, Organic Beauty Product, Online Shopping Platform, Beauty Spa Equipment; BHAWA Spa Products; OEM",https://www.hktdc.com/event/hkbeautyexpo/en/exhibitor/1S005O72N,0,
La Vie En Rose Workshop Co.,La Vie En Rose Workshop Co.,Hong Kong,,,,Exhibitor,Beauty & Wellness Expo 2025,3E-A30,"Body, Mind, Spirit Zone",,1,,,"Inspired by Baroque decorations, we are making accessories using coins.; OBM","Inspired by Baroque decorations, we are making accessories using coins.; OBM",https://www.hktdc.com/event/hkbeautyexpo/en/exhibitor/1S005PKDD,0,
Live Love Company,Live Love Company,Hong Kong,"Healing Products & Experience, Mindfulness & Meditation Tools, Elderly Care Product","Healing Products & Experience, Mindfulness & Meditation Tools, Elderly Care Product",,Exhibitor,Beauty & Wellness Expo 2025,3E-C27,"Body, Mind, Spirit Zone",,1,,,"Healing Products & Experience, Mindfulness & Meditation Tools, Elderly Care Product; Good Sleep
Disinfectant Room Spray ,Natural Room Spray, Pure Room Spray, Sandalwood Incense, Agarwood Incense, Joy Incense Powder, Sedative Incense powder, Sage smudge sticks, Incense holder, ceramic burners, Sleep sound machine; OBM","Healing Products & Experience, Mindfulness & Meditation Tools, Elderly Care Product; Good Sleep
Disinfectant Room Spray ,Natural Room Spray, Pure Room Spray, Sandalwood Incense, Agarwood Incense, Joy Incense Powder, Sedative Incense powder, Sage smudge sticks, Incense holder, ceramic burners, Sleep sound machine; OBM",https://www.hktdc.com/event/hkbeautyexpo/en/exhibitor/1S005PK51,0,
Lush Asia Limited,Lush Asia Limited,Hong Kong,"Perfume, Anti-Hair Loss Product & Service, Organic Beauty Product","Perfume, Anti-Hair Loss Product & Service, Organic Beauty Product",,Exhibitor,Beauty & Wellness Expo 2025,3E-D08,Scentsation,,1,,,"Perfume, Anti-Hair Loss Product & Service, Organic Beauty Product; 新鮮美妝品; Others","Perfume, Anti-Hair Loss Product & Service, Organic Beauty Product; 新鮮美妝品; Others",https://www.hktdc.com/event/hkbeautyexpo/en/exhibitor/1S005O4JB,0,
MINDFIE,MINDFIE,Hong Kong,"mindfie goods is a Hong Kong-based local brand that focuses on holistic well-being. We are dedicated to providing mindfulness-based handmade fragrance products and related support, integrating the elements of mindfulness into people's lives. Our goal is to assist individuals in finding inner calm, emotional balance, and cultivating self-care skills, thereby enabling each user to sustain their overall health and well-being of the body, mind, and spirit.","mindfie goods is a Hong Kong-based local brand that focuses on holistic well-being. We are dedicated to providing mindfulness-based handmade fragrance products and related support, integrating the elements of mindfulness into people's lives. Our goal is to assist individuals in finding inner calm, emotional balance, and cultivating self-care skills, thereby enabling each user to sustain their overall health and well-being of the body, mind, and spirit.",,Exhibitor,Beauty & Wellness Expo 2025,3E-C29,"Body, Mind, Spirit Zone",,1,,,"Mindfulness & Meditation Tools, Spiritual & Metaphysical Product; Incense products that promote relaxation and mindfulness; OBM","Mindfulness & Meditation Tools, Spiritual & Metaphysical Product; Incense products that promote relaxation and mindfulness; OBM",https://www.hktdc.com/event/hkbeautyexpo/en/exhibitor/1S005PKEA,0,
MedGo Group Limited,MedGo Group Limited,Hong Kong,"Unlock Your Happiness Code with MedGo. MedGo is your trusted partner in holistic healthcare across Hong Kong, Macau, Japan, Taiwan, Thailand, South Korea, Malaysia, and beyond. Powered by a team of over 50 dedicated experts in preventive medicine, treatment management, nutrition, fitness, and mental wellness, we offer cross-border medical and emotional consultation services tailored to your lifestyle. At MedGo, we believe that health is more than just physical , it's about discovering your unique path to happiness. That's why our mission is to help you ""Create Happiness Code""- a personalized formula for joyful living. Whether you are seeking customized wellness solutions, expert advice, or cross-regional support, MedGo is here to guide you every step of the way.","Unlock Your Happiness Code with MedGo. MedGo is your trusted partner in holistic healthcare across Hong Kong, Macau, Japan, Taiwan, Thailand, South Korea, Malaysia, and beyond. Powered by a team of over 50 dedicated experts in preventive medicine, treatment management, nutrition, fitness, and mental wellness, we offer cross-border medical and emotional consultation services tailored to your lifestyle. At MedGo, we believe that health is more than just physical , it's about discovering your unique path to happiness. That's why our mission is to help you ""Create Happiness Code""- a personalized formula for joyful living. Whether you are seeking customized wellness solutions, expert advice, or cross-regional support, MedGo is here to guide you every step of the way.",,Exhibitor,Beauty & Wellness Expo 2025,3E-A26,"Body, Mind, Spirit Zone",,1,,,"Sports Nutrition, Epidemic Prevention Supply, Oral Care, Electric Massagers, Joint & Bone Support, Spa & Massage Treatments, Health Supplement, Anti-Aging Supplement, Health Food, Elderly Care Product, Beauty Spa Equipment, Mindfulness & Meditation Tools, Physiotherapy Treatment, Spiritual & Metaphysical Product, Smart Healthcare Electronics, Personal Care Product, Healthcare Product, Healing Products & Experience, Health Drink; MedGo Unlock Better Sleep Programme R1 included the Sleep Test, Sleep Mangement and Coaching; Others","Sports Nutrition, Epidemic Prevention Supply, Oral Care, Electric Massagers, Joint & Bone Support, Spa & Massage Treatments, Health Supplement, Anti-Aging Supplement, Health Food, Elderly Care Product, Beauty Spa Equipment, Mindfulness & Meditation Tools, Physiotherapy Treatment, Spiritual & Metaphysical Product, Smart Healthcare Electronics, Personal Care Product, Healthcare Product, Healing Products & Experience, Health Drink; MedGo Unlock Better Sleep Programme R1 included the Sleep Test, Sleep Mangement and Coaching; Others",https://www.hktdc.com/event/hkbeautyexpo/en/exhibitor/1S005PKKS,0,
Nari Art Shop,Nari Art Shop,Hong Kong,"Nari Artshop is a small shop established in 2018 for people who love handmade and customized works. Whether it is holiday gifts, farewell gift , birthday gifts, wedding gifts, corporate gifts or celebrity support, we always hope to provide you with high quality services, bringing unique and personalized products, hoping that both the gift-giver and the recipient will be happy.","Nari Artshop is a small shop established in 2018 for people who love handmade and customized works. Whether it is holiday gifts, farewell gift , birthday gifts, wedding gifts, corporate gifts or celebrity support, we always hope to provide you with high quality services, bringing unique and personalized products, hoping that both the gift-giver and the recipient will be happy.",,Exhibitor,Beauty & Wellness Expo 2025,3E-C32,"Body, Mind, Spirit Zone",,1,,,"Healing Products & Experience, Mindfulness & Meditation Tools, Healthcare Product, Online Shopping Platform, Spiritual & Metaphysical Product; NariArtShop is dedicated to integrating art into daily life, providing unique and high-quality handicrafts, original design products, and customer service, allowing every customer to have an exclusive artistic experience.; OBM","Healing Products & Experience, Mindfulness & Meditation Tools, Healthcare Product, Online Shopping Platform, Spiritual & Metaphysical Product; NariArtShop is dedicated to integrating art into daily life, providing unique and high-quality handicrafts, original design products, and customer service, allowing every customer to have an exclusive artistic experience.; OBM",https://www.hktdc.com/event/hkbeautyexpo/en/exhibitor/1S005PQE4,0,
Nitrend International Company Limited,Nitrend International Company Limited,Hong Kong,"Our company is estabished in 2009. All products are made in JAPAN which are Horse Oil products, Charcoal(Binchotan) products, beauty and wellness products and Supplements. We have own shop in Hong Kong and regularly do roadshow at Hong Kong's hosiptal and main shopping mall.","Our company is estabished in 2009. All products are made in JAPAN which are Horse Oil products, Charcoal(Binchotan) products, beauty and wellness products and Supplements. We have own shop in Hong Kong and regularly do roadshow at Hong Kong's hosiptal and main shopping mall.",,Exhibitor,Beauty & Wellness Expo 2025,3E-C20,Beauty Products,,1,,,"Health Food, Health Supplement, Anti-Hair Loss Product & Service, Hair Care, Oral Care, Skin Care, Personal Care Product; 日本製造的馬油、備長炭産品、美容護膚産品、保健食品及用品
品牌有炭美泉、日本野口醫學研究所、炭黒泉、増田屋備長炭及田口式保健産品; OEM","Health Food, Health Supplement, Anti-Hair Loss Product & Service, Hair Care, Oral Care, Skin Care, Personal Care Product; 日本製造的馬油、備長炭産品、美容護膚産品、保健食品及用品
品牌有炭美泉、日本野口醫學研究所、炭黒泉、増田屋備長炭及田口式保健産品; OEM",https://www.hktdc.com/event/hkbeautyexpo/en/exhibitor/1S005O24M,0,
Pra Energy Center Limited,Pra Energy Center Limited,Hong Kong,"A local company in Hong Kong, dedicated to providing singing bowl sound therapy and selling singing bowls. We also make local handmade crystal energy Orgonite Art","A local company in Hong Kong, dedicated to providing singing bowl sound therapy and selling singing bowls. We also make local handmade crystal energy Orgonite Art",,Exhibitor,Beauty & Wellness Expo 2025,3E-A32,"Body, Mind, Spirit Zone",,1,,,"Spa & Massage Treatments, Healing Products & Experience, Mindfulness & Meditation Tools; We are providing Singing Bowl Healing Service, course and selling Nepal Made Singing Bowl. Meanwhile we are making crystal orgonite art by ourself; OBM","Spa & Massage Treatments, Healing Products & Experience, Mindfulness & Meditation Tools; We are providing Singing Bowl Healing Service, course and selling Nepal Made Singing Bowl. Meanwhile we are making crystal orgonite art by ourself; OBM",https://www.hktdc.com/event/hkbeautyexpo/en/exhibitor/1S005PKAM,0,
Prescent Hong Kong,Prescent Hong Kong,Hong Kong,"We believe that every breath is a present, Guiding us to explore our inner selves, And connect with the beauty of the present moment. PRESCENT offers a journey through nature's finest essential oils, With Scentsory experiences, bespoke blending services, and natural aromatherapy products, Empowering you to embrace this precious gift in every aspect of your life. Close your eyes, inhale deeply, Let the aromas transport you to the present, Feel the rhythm of each breath, And experience the profound relaxation of mind, body, and soul.","We believe that every breath is a present, Guiding us to explore our inner selves, And connect with the beauty of the present moment. PRESCENT offers a journey through nature's finest essential oils, With Scentsory experiences, bespoke blending services, and natural aromatherapy products, Empowering you to embrace this precious gift in every aspect of your life. Close your eyes, inhale deeply, Let the aromas transport you to the present, Feel the rhythm of each breath, And experience the profound relaxation of mind, body, and soul.",,Exhibitor,Beauty & Wellness Expo 2025,3E-A33,"Body, Mind, Spirit Zone",,1,,,"Aroma Oil & Incense Stick; 100% Pure Natural Essential Oil, Selected Worldwide Essential Oil, Aromatherapy Products, Herbal Tea; OEM","Aroma Oil & Incense Stick; 100% Pure Natural Essential Oil, Selected Worldwide Essential Oil, Aromatherapy Products, Herbal Tea; OEM",https://www.hktdc.com/event/hkbeautyexpo/en/exhibitor/1S005PKMM,0,
PressLogic Limited,PressLogic Limited,Hong Kong,"Beauty Spa Equipment, Beauty Salon Equipment, Cosmetics","Beauty Spa Equipment, Beauty Salon Equipment, Cosmetics",,Exhibitor,Beauty & Wellness Expo 2025,3E-C22,Beauty Products,,1,,,"Beauty Spa Equipment, Beauty Salon Equipment, Cosmetics; TopBeauty is bringing all beauty, health & skin care, fashion & shopping, lifestyle art, love and career-related information to all girls who love themselves, sharing the quality of life and lifestyle content to those who value both physical and ment; Others","Beauty Spa Equipment, Beauty Salon Equipment, Cosmetics; TopBeauty is bringing all beauty, health & skin care, fashion & shopping, lifestyle art, love and career-related information to all girls who love themselves, sharing the quality of life and lifestyle content to those who value both physical and ment; Others",https://www.hktdc.com/event/hkbeautyexpo/en/exhibitor/1S005O4K8,0,
RonStars Institute of Self-Actualization Company Limited,RonStars Institute of Self-Actualization Company Limited,Hong Kong,"Soul Mind Body Holistic Source (SMB Holistic Source) is a platform established by RonStars Institute of Self-Actualization Co. Ltd. The purpose of its establishment is to inspire and enhance the public's understanding and awareness of life through providing different education, services and activities. The idea of its establishment was guided by the Divine. Dr. Elizabeth Tang led a group of personally trained, enthusiastic and experienced therapists from different professions who are passionate to deliver services through this platform. The purpose of its establishment is to provide a platform for education, services and activities that take into account the elements of soul, mind and body to help human beings awaken; to enable the public to understand the ultimate meaning of life, and to realize and recognize the value, goal and direction of one's true self. We understand that as long as we find the purpose and meaning of our existence and continue in the right direction, we can live a happy, healthy and fulfilling life, and can also create a more harmonious society together.","Soul Mind Body Holistic Source (SMB Holistic Source) is a platform established by RonStars Institute of Self-Actualization Co. Ltd. The purpose of its establishment is to inspire and enhance the public's understanding and awareness of life through providing different education, services and activities. The idea of its establishment was guided by the Divine. Dr. Elizabeth Tang led a group of personally trained, enthusiastic and experienced therapists from different professions who are passionate to deliver services through this platform. The purpose of its establishment is to provide a platform for education, services and activities that take into account the elements of soul, mind and body to help human beings awaken; to enable the public to understand the ultimate meaning of life, and to realize and recognize the value, goal and direction of one's true self. We understand that as long as we find the purpose and meaning of our existence and continue in the right direction, we can live a happy, healthy and fulfilling life, and can also create a more harmonious society together.",,Exhibitor,Beauty & Wellness Expo 2025,3E-B25,"Body, Mind, Spirit Zone",,1,,,"Aroma Oil & Incense Stick, Mindfulness & Meditation Tools, Healing Products & Experience, Skin Care, Spiritual & Metaphysical Product; Soul Mind Body Holistic Source carries a wide range of different life awakening programs, spiritual courses and therapy sessions, including: Numerology, Hypnotherapy, Energy Healing, Sound Healing, Reiki, Meditation, etc.; Others","Aroma Oil & Incense Stick, Mindfulness & Meditation Tools, Healing Products & Experience, Skin Care, Spiritual & Metaphysical Product; Soul Mind Body Holistic Source carries a wide range of different life awakening programs, spiritual courses and therapy sessions, including: Numerology, Hypnotherapy, Energy Healing, Sound Healing, Reiki, Meditation, etc.; Others",https://www.hktdc.com/event/hkbeautyexpo/en/exhibitor/1S005PKH1,0,
Ruter Jay Company Limited,Ruter Jay Company Limited,Hong Kong,"We have lab in the U.S., a specialist doctor with a team of scientists research and invent personal cares products, hair care and skin cares, our clinically proven report showing 100% guarantee results : hair growth, anti grey hair, scalp health, skin care repairs","We have lab in the U.S., a specialist doctor with a team of scientists research and invent personal cares products, hair care and skin cares, our clinically proven report showing 100% guarantee results : hair growth, anti grey hair, scalp health, skin care repairs",,Exhibitor,Beauty & Wellness Expo 2025,3E-B19,Beauty Products,,1,,,"Skin Care, Anti-Hair Loss Product & Service, Personal Care Product, Hair Care; for products and others informations please visit our website as mentioned; Others","Skin Care, Anti-Hair Loss Product & Service, Personal Care Product, Hair Care; for products and others informations please visit our website as mentioned; Others",https://www.hktdc.com/event/hkbeautyexpo/en/exhibitor/1S005O4IE,0,
Smooth Inc. Limited,Smooth Inc. Limited,Hong Kong,"Hair Care, Perfume, Skin Care, Online Shopping Platform","Hair Care, Perfume, Skin Care, Online Shopping Platform",,Exhibitor,Beauty & Wellness Expo 2025,3E-E07,Scentsation,,1,,,"Hair Care, Perfume, Skin Care, Online Shopping Platform; TOUN28; Others","Hair Care, Perfume, Skin Care, Online Shopping Platform; TOUN28; Others",https://www.hktdc.com/event/hkbeautyexpo/en/exhibitor/1S005O76B,0,
Soul Parade,Soul Parade,Hong Kong,"A platform promotes mind, body & spirtiual, including the products and courses.","A platform promotes mind, body & spirtiual, including the products and courses.",,Exhibitor,Beauty & Wellness Expo 2025,3E-B26,"Body, Mind, Spirit Zone",,1,,,"Mindfulness & Meditation Tools, Organic Beauty Product, Spiritual & Metaphysical Product, Anti-Aging Supplement, Facial Care Instrument, Online Shopping Platform, Health Food, Health Drink, Anti-Hair Loss Product & Service, Hair Care; We provide products and services in spiritual, body, mindful aspects, among the children the adults.; Others","Mindfulness & Meditation Tools, Organic Beauty Product, Spiritual & Metaphysical Product, Anti-Aging Supplement, Facial Care Instrument, Online Shopping Platform, Health Food, Health Drink, Anti-Hair Loss Product & Service, Hair Care; We provide products and services in spiritual, body, mindful aspects, among the children the adults.; Others",https://www.hktdc.com/event/hkbeautyexpo/en/exhibitor/1S005PKIY,0,
Spiritual Call HK,Spiritual Call HK,Hong Kong,"Mindfulness & Meditation Tools, Aroma Oil & Incense Stick, Smart Healthcare Electronics, Healthcare Product, Spiritual & Metaphysical Product","Mindfulness & Meditation Tools, Aroma Oil & Incense Stick, Smart Healthcare Electronics, Healthcare Product, Spiritual & Metaphysical Product",,Exhibitor,Beauty & Wellness Expo 2025,3E-A31,"Body, Mind, Spirit Zone",,1,,,"Mindfulness & Meditation Tools, Aroma Oil & Incense Stick, Smart Healthcare Electronics, Healthcare Product, Spiritual & Metaphysical Product; 本公司致力服務30至60歲受情緒困擾、傷殘或長期病患影響之人士。透過整合身心靈課程、音頻治療、專業心理諮詢、催眠治療及原生家庭治療等多元方案，協助受眾擺脫負面狀態，重建心理韌性與生理健康。我們堅信，心靈療癒需結合專業引導與內在力量，故設計階段性課程引導受眾逐步掌握自我療癒能力。; Others","Mindfulness & Meditation Tools, Aroma Oil & Incense Stick, Smart Healthcare Electronics, Healthcare Product, Spiritual & Metaphysical Product; 本公司致力服務30至60歲受情緒困擾、傷殘或長期病患影響之人士。透過整合身心靈課程、音頻治療、專業心理諮詢、催眠治療及原生家庭治療等多元方案，協助受眾擺脫負面狀態，重建心理韌性與生理健康。我們堅信，心靈療癒需結合專業引導與內在力量，故設計階段性課程引導受眾逐步掌握自我療癒能力。; Others",https://www.hktdc.com/event/hkbeautyexpo/en/exhibitor/1S005PKPD,0,
St.James' Settlement,St.James' Settlement,Hong Kong,Elderly Care Product,Elderly Care Product,,Exhibitor,Beauty & Wellness Expo 2025,3E-A10,Silver Products,,1,,,Elderly Care Product; HUBBA Lab是備有嶄新、富挑戰、具啟發性的體驗平台，讓50–68歲人士擴闊視野，增強自信，鼓勵他們開拓多姿多彩的第二人生。中心備有不同種類例的體驗式活動提升身心靈健康，亦提供為50+人士設計的義工訓練及服務配對。; Others,Elderly Care Product; HUBBA Lab是備有嶄新、富挑戰、具啟發性的體驗平台，讓50–68歲人士擴闊視野，增強自信，鼓勵他們開拓多姿多彩的第二人生。中心備有不同種類例的體驗式活動提升身心靈健康，亦提供為50+人士設計的義工訓練及服務配對。; Others,https://www.hktdc.com/event/hkbeautyexpo/en/exhibitor/1S005O2DV,0,
Sunlight Beauty Group (Kindness) Limited,Sunlight Beauty Group (Kindness) Limited,Hong Kong,"Anti-Hair Loss Product & Service, Hair Styling Tools, Hair Care","Anti-Hair Loss Product & Service, Hair Styling Tools, Hair Care",,Exhibitor,Beauty & Wellness Expo 2025,3E-C09,Beauty Products,,1,,,"Anti-Hair Loss Product & Service, Hair Styling Tools, Hair Care; Anti hair loss product and services; Others","Anti-Hair Loss Product & Service, Hair Styling Tools, Hair Care; Anti hair loss product and services; Others",https://www.hktdc.com/event/hkbeautyexpo/en/exhibitor/1S005O28A,0,
Team Work Advertising Company Limited,Team Work Advertising Company Limited,Hong Kong,Health Marketing and Media,Health Marketing and Media,,Exhibitor,Beauty & Wellness Expo 2025,3E-C24,Wellness Products,,1,,,Healthcare Product; Hong Kong Health Awards / Marketing outsourcing; Others,Healthcare Product; Hong Kong Health Awards / Marketing outsourcing; Others,https://www.hktdc.com/event/hkbeautyexpo/en/exhibitor/1S005O4L5,0,
The Scentist Hong Kong Limited,The Scentist Hong Kong Limited,Hong Kong,Perfume,Perfume,,Exhibitor,Beauty & Wellness Expo 2025,3E-D10,Scentsation,,1,,,Perfume; Fragrance product: Perfume/Scened Candle/Diffuser; Others,Perfume; Fragrance product: Perfume/Scened Candle/Diffuser; Others,https://www.hktdc.com/event/hkbeautyexpo/en/exhibitor/1S005O7UB,0,
Yogaholic Studio Limited,Yogaholic Studio Limited,Hong Kong,"Yogaholic Studio is a social enterprise dedicated to supporting children with Special Educational Needs and their parents. For children, our program, Embrace Angel Yogis, integrates storybooks and yoga practices with mindfulness techniques. This approach aims to improve sensory integration and enhance focus, emotional regulation, and social skills, helping children better engage with the world around them. For parents, our Mindful Parenting Learning Group uses mindfulness as a foundation, allowing parents to learn and experience a different approach to parenting, ultimately improving their relationships with their children. At Yogaholic Studio, we believe in the potential of every child. By combining yoga, storytelling, and mindfulness, we aim to create an inclusive space where children with SEN can thrive, and where parents feel supported and empowered. Our ultimate goal is to promote understanding, acceptance, and joy within families, enabling them to navigate the unique challenges they face together. Through our dedicated programs, Yogaholic Studio is committed to transforming the lives of children and their families, fostering a brighter future for all.","Yogaholic Studio is a social enterprise dedicated to supporting children with Special Educational Needs and their parents. For children, our program, Embrace Angel Yogis, integrates storybooks and yoga practices with mindfulness techniques. This approach aims to improve sensory integration and enhance focus, emotional regulation, and social skills, helping children better engage with the world around them. For parents, our Mindful Parenting Learning Group uses mindfulness as a foundation, allowing parents to learn and experience a different approach to parenting, ultimately improving their relationships with their children. At Yogaholic Studio, we believe in the potential of every child. By combining yoga, storytelling, and mindfulness, we aim to create an inclusive space where children with SEN can thrive, and where parents feel supported and empowered. Our ultimate goal is to promote understanding, acceptance, and joy within families, enabling them to navigate the unique challenges they face together. Through our dedicated programs, Yogaholic Studio is committed to transforming the lives of children and their families, fostering a brighter future for all.",,Exhibitor,Beauty & Wellness Expo 2025,3E-A28,"Body, Mind, Spirit Zone",,1,,,"Healing Products & Experience, Mindfulness & Meditation Tools, Yoga Accessories; 【課程主題】
兒童小組 或 親子體驗：
繪本瑜伽專注力提升學習班
繪本瑜伽情緒調節學習班

家長小組：
靜心爸媽學習班
靜觀頌缽聲頻浴
靜觀禪繞
靜觀線香

個人課堂：
地面瑜伽
頌缽聲頻浴

【靜觀產品】
聖木
鼠尾草
香薰浴鹽; Others","Healing Products & Experience, Mindfulness & Meditation Tools, Yoga Accessories; 【課程主題】
兒童小組 或 親子體驗：
繪本瑜伽專注力提升學習班
繪本瑜伽情緒調節學習班

家長小組：
靜心爸媽學習班
靜觀頌缽聲頻浴
靜觀禪繞
靜觀線香

個人課堂：
地面瑜伽
頌缽聲頻浴

【靜觀產品】
聖木
鼠尾草
香薰浴鹽; Others",https://www.hktdc.com/event/hkbeautyexpo/en/exhibitor/1S005PKNJ,0,
Yours,Yours,Hong Kong,,,,Exhibitor,Beauty & Wellness Expo 2025,3E-B30,"Body, Mind, Spirit Zone",,1,,,A type of jewlery that makes you happy; Others,A type of jewlery that makes you happy; Others,https://www.hktdc.com/event/hkbeautyexpo/en/exhibitor/1S005PK44,0,
myViolet.online,myViolet.online,Hong Kong,"We are the largest African Violet plantation in Hong Kong. We also run a planting interest class & Planting interest group. We also sell flowers, seedlings and planting supplies. But we don't want to be a flower shop. So we call it -My Violet","We are the largest African Violet plantation in Hong Kong. We also run a planting interest class & Planting interest group. We also sell flowers, seedlings and planting supplies. But we don't want to be a flower shop. So we call it -My Violet",,Exhibitor,Beauty & Wellness Expo 2025,3E-B29,"Body, Mind, Spirit Zone",,1,,,"Exhibits: African violets, African violet interest classes, planting paradise
Products: small potted plants, fun learning classes, leisure and learning for retired people
Service introduction: all about African violet planting; OBM","Exhibits: African violets, African violet interest classes, planting paradise
Products: small potted plants, fun learning classes, leisure and learning for retired people
Service introduction: all about African violet planting; OBM",https://www.hktdc.com/event/hkbeautyexpo/en/exhibitor/1S005PKLP,0,
Gangwon State Economic Promotion Agency,Gangwon State Economic Promotion Agency,"Korea, Republic Of","Skin Care, Cosmetics","Skin Care, Cosmetics",,Exhibitor,Beauty & Wellness Expo 2025,3E-C17,Beauty Products,,1,,,"Skin Care, Cosmetics; A nutritious Serum filled with rice nutrients for 
moisturized and bright skin.
A moist mask pack that allows the direct absorption of rice 
nutrients. Moisturizing Cream that protects the skin with the power 
of rice bran for a glowing face.; OEM, Others","Skin Care, Cosmetics; A nutritious Serum filled with rice nutrients for 
moisturized and bright skin.
A moist mask pack that allows the direct absorption of rice 
nutrients. Moisturizing Cream that protects the skin with the power 
of rice bran for a glowing face.; OEM, Others",https://www.hktdc.com/event/hkbeautyexpo/en/exhibitor/1S005O74H,0,
