NAME_KR,NAME_EN,DESCRIPTION_KR,DESCRIPTION_EN,KEYWORDS_KR,KEYWORDS_EN,IMAGE_URL,COMPANY_NAME_EN,INDUSTRY_NAME_KR,INDUSTRY_NAME_EN
COBEN Paperclip Bracelet - Gold,COBEN Paperclip Bracelet - Gold,"OBEN Paperclip Bracelet - Gold plating, Lobster Clasp, length: 20cm+3cm","OBEN Paperclip Bracelet - Gold plating, Lobster Clasp, length: 20cm+3cm",,,,"Coben (Shen Zhen) Co., Ltd.","Sterling Silver Jewellery; Brass&925 Silver Earring,Ring,Necklace,Bangel; OEM, OBM, ODM","Sterling Silver Jewellery; Brass&925 Silver Earring,Ring,Necklace,Bangel; OEM, OBM, ODM"
COBEN Golden Wave Earrings - Gold,COBEN Golden Wave Earrings - Gold,"COBEN Golden Wave Earrings - Gold plating, pierced pin, high polished","COBEN Golden Wave Earrings - Gold plating, pierced pin, high polished",,,,"Coben (Shen Zhen) Co., Ltd.","Sterling Silver Jewellery; Brass&925 Silver Earring,Ring,Necklace,Bangel; OEM, OBM, ODM","Sterling Silver Jewellery; Brass&925 Silver Earring,Ring,Necklace,Bangel; OEM, OBM, ODM"
COBEN CZ Doorknocker Drop Earrings - Silver,COBEN CZ Doorknocker Drop Earrings - Silver,COBEN CZ Doorknocker Drop Earrings - Silver/rhodium plating,COBEN CZ Doorknocker Drop Earrings - Silver/rhodium plating,,,,"Coben (Shen Zhen) Co., Ltd.","Sterling Silver Jewellery; Brass&925 Silver Earring,Ring,Necklace,Bangel; OEM, OBM, ODM","Sterling Silver Jewellery; Brass&925 Silver Earring,Ring,Necklace,Bangel; OEM, OBM, ODM"
COBEN CZ Sunburst Circle Earrings - Silver,COBEN CZ Sunburst Circle Earrings - Silver,COBEN CZ Sunburst Circle Earrings - Silver/ rhodium plating,COBEN CZ Sunburst Circle Earrings - Silver/ rhodium plating,,,,"Coben (Shen Zhen) Co., Ltd.","Sterling Silver Jewellery; Brass&925 Silver Earring,Ring,Necklace,Bangel; OEM, OBM, ODM","Sterling Silver Jewellery; Brass&925 Silver Earring,Ring,Necklace,Bangel; OEM, OBM, ODM"
COBEN Drop Station Necklace - Silver,COBEN Drop Station Necklace - Silver,"COBEN Drop Station Necklace - Silver/rhodium plating, length 40+5cm, lobster clasp","COBEN Drop Station Necklace - Silver/rhodium plating, length 40+5cm, lobster clasp",,,,"Coben (Shen Zhen) Co., Ltd.","Sterling Silver Jewellery; Brass&925 Silver Earring,Ring,Necklace,Bangel; OEM, OBM, ODM","Sterling Silver Jewellery; Brass&925 Silver Earring,Ring,Necklace,Bangel; OEM, OBM, ODM"
925 silver necklace,925 silver necklace,fashion sterling 925 silver necklace with Opal for women,fashion sterling 925 silver necklace with Opal for women,,,,Yifan Silver,"Stainless Steel Jewellery, Sterling Silver Jewellery, Titanium Jewellery; jewelry; OBM, ODM","Stainless Steel Jewellery, Sterling Silver Jewellery, Titanium Jewellery; jewelry; OBM, ODM"
925 silver ring,925 silver ring,fashion sterling 925 silver ring with Opal for women,fashion sterling 925 silver ring with Opal for women,,,,Yifan Silver,"Stainless Steel Jewellery, Sterling Silver Jewellery, Titanium Jewellery; jewelry; OBM, ODM","Stainless Steel Jewellery, Sterling Silver Jewellery, Titanium Jewellery; jewelry; OBM, ODM"
brooche with zicorn,brooche with zicorn,fashion sterling 925 silver brooche with zicorn for women,fashion sterling 925 silver brooche with zicorn for women,,,,Yifan Silver,"Stainless Steel Jewellery, Sterling Silver Jewellery, Titanium Jewellery; jewelry; OBM, ODM","Stainless Steel Jewellery, Sterling Silver Jewellery, Titanium Jewellery; jewelry; OBM, ODM"
18K YELLOW GOLD RING (PG240542R-1),18K YELLOW GOLD RING (PG240542R-1),18K YELLOW GOLD RING WITH 6-6.5MM BUTTON SHAPE FRESHWATER PEARL,18K YELLOW GOLD RING WITH 6-6.5MM BUTTON SHAPE FRESHWATER PEARL,,,,Wing Wo Hing Jewelry Group Limited,"Men's Jewellery,Diamond Jewellery,Gold Jewellery Set,South Sea Pearl Jewellery,Tahiti Pearl Jewellery,Fresh Water Pearl Jewellery,Akoya Pearl Jewellery,Semi-Precious Stone Jewellery,Sterling Silver Jewellery,White Gold Jewellery; Pearl Jewelry with Freshwater pearl, South Sea Pearl, Tahitian Pearl, Akoya Pearl in Gold (18K, 14K, 9K) and 925 Sterling silver, with modern and trendy designs; ODM, OBM, Others, OEM","Men's Jewellery,Diamond Jewellery,Gold Jewellery Set,South Sea Pearl Jewellery,Tahiti Pearl Jewellery,Fresh Water Pearl Jewellery,Akoya Pearl Jewellery,Semi-Precious Stone Jewellery,Sterling Silver Jewellery,White Gold Jewellery; Pearl Jewelry with Freshwater pearl, South Sea Pearl, Tahitian Pearl, Akoya Pearl in Gold (18K, 14K, 9K) and 925 Sterling silver, with modern and trendy designs; ODM, OBM, Others, OEM"
Freshwater Pearl Gemstone Eyeglass jewelry,Freshwater Pearl Gemstone Eyeglass jewelry,"STERLING SILVER EYEGLASS / MASK CHAIN WITH COLOR BEADS AND 3-3.5MM OVAL FRESHWATER PEARL, RHODIUM PLATED (CAN WEAR AS NECKLACE)","STERLING SILVER EYEGLASS / MASK CHAIN WITH COLOR BEADS AND 3-3.5MM OVAL FRESHWATER PEARL, RHODIUM PLATED (CAN WEAR AS NECKLACE)",,,,Wing Wo Hing Jewelry Group Limited,"Men's Jewellery,Diamond Jewellery,Gold Jewellery Set,South Sea Pearl Jewellery,Tahiti Pearl Jewellery,Fresh Water Pearl Jewellery,Akoya Pearl Jewellery,Semi-Precious Stone Jewellery,Sterling Silver Jewellery,White Gold Jewellery; Pearl Jewelry with Freshwater pearl, South Sea Pearl, Tahitian Pearl, Akoya Pearl in Gold (18K, 14K, 9K) and 925 Sterling silver, with modern and trendy designs; ODM, OBM, Others, OEM","Men's Jewellery,Diamond Jewellery,Gold Jewellery Set,South Sea Pearl Jewellery,Tahiti Pearl Jewellery,Fresh Water Pearl Jewellery,Akoya Pearl Jewellery,Semi-Precious Stone Jewellery,Sterling Silver Jewellery,White Gold Jewellery; Pearl Jewelry with Freshwater pearl, South Sea Pearl, Tahitian Pearl, Akoya Pearl in Gold (18K, 14K, 9K) and 925 Sterling silver, with modern and trendy designs; ODM, OBM, Others, OEM"
"Two row elegant freshwater pearl necklace, 925 silver with CZ, yellow gold plated","Two row elegant freshwater pearl necklace, 925 silver with CZ, yellow gold plated","STERLING SILVER NECKLACE WITH 7-7.5MM CENTER-DRILLED FRESHWATER PEARL AND CZ, YELLOW GOLD PLATED, 18""","STERLING SILVER NECKLACE WITH 7-7.5MM CENTER-DRILLED FRESHWATER PEARL AND CZ, YELLOW GOLD PLATED, 18""",,,,Wing Wo Hing Jewelry Group Limited,"Men's Jewellery,Diamond Jewellery,Gold Jewellery Set,South Sea Pearl Jewellery,Tahiti Pearl Jewellery,Fresh Water Pearl Jewellery,Akoya Pearl Jewellery,Semi-Precious Stone Jewellery,Sterling Silver Jewellery,White Gold Jewellery; Pearl Jewelry with Freshwater pearl, South Sea Pearl, Tahitian Pearl, Akoya Pearl in Gold (18K, 14K, 9K) and 925 Sterling silver, with modern and trendy designs; ODM, OBM, Others, OEM","Men's Jewellery,Diamond Jewellery,Gold Jewellery Set,South Sea Pearl Jewellery,Tahiti Pearl Jewellery,Fresh Water Pearl Jewellery,Akoya Pearl Jewellery,Semi-Precious Stone Jewellery,Sterling Silver Jewellery,White Gold Jewellery; Pearl Jewelry with Freshwater pearl, South Sea Pearl, Tahitian Pearl, Akoya Pearl in Gold (18K, 14K, 9K) and 925 Sterling silver, with modern and trendy designs; ODM, OBM, Others, OEM"
14K YELLOW GOLD EARRINGS,14K YELLOW GOLD EARRINGS,"14K YELLOW GOLD EARRINGS WITH BLACK COLOR MOTHER OF PEARL AND 3.5-4MM BUTTON SHAPE FRESHWATER PEARL, WITH SILICON EARRINGS BACK","14K YELLOW GOLD EARRINGS WITH BLACK COLOR MOTHER OF PEARL AND 3.5-4MM BUTTON SHAPE FRESHWATER PEARL, WITH SILICON EARRINGS BACK",,,,Wing Wo Hing Jewelry Group Limited,"Men's Jewellery,Diamond Jewellery,Gold Jewellery Set,South Sea Pearl Jewellery,Tahiti Pearl Jewellery,Fresh Water Pearl Jewellery,Akoya Pearl Jewellery,Semi-Precious Stone Jewellery,Sterling Silver Jewellery,White Gold Jewellery; Pearl Jewelry with Freshwater pearl, South Sea Pearl, Tahitian Pearl, Akoya Pearl in Gold (18K, 14K, 9K) and 925 Sterling silver, with modern and trendy designs; ODM, OBM, Others, OEM","Men's Jewellery,Diamond Jewellery,Gold Jewellery Set,South Sea Pearl Jewellery,Tahiti Pearl Jewellery,Fresh Water Pearl Jewellery,Akoya Pearl Jewellery,Semi-Precious Stone Jewellery,Sterling Silver Jewellery,White Gold Jewellery; Pearl Jewelry with Freshwater pearl, South Sea Pearl, Tahitian Pearl, Akoya Pearl in Gold (18K, 14K, 9K) and 925 Sterling silver, with modern and trendy designs; ODM, OBM, Others, OEM"
925 SILVER FRESHWATER PEARL EARRING,925 SILVER FRESHWATER PEARL EARRING,"STERLING SILVER EARRINGS WITH 10.5-11MM WHITE BUTTON FRESHWATER PEARL AND WHITE CZ, FLASH YELLOW GOLD COLOR PLATED.","STERLING SILVER EARRINGS WITH 10.5-11MM WHITE BUTTON FRESHWATER PEARL AND WHITE CZ, FLASH YELLOW GOLD COLOR PLATED.",,,,Wing Wo Hing Jewelry Group Limited,"Men's Jewellery,Diamond Jewellery,Gold Jewellery Set,South Sea Pearl Jewellery,Tahiti Pearl Jewellery,Fresh Water Pearl Jewellery,Akoya Pearl Jewellery,Semi-Precious Stone Jewellery,Sterling Silver Jewellery,White Gold Jewellery; Pearl Jewelry with Freshwater pearl, South Sea Pearl, Tahitian Pearl, Akoya Pearl in Gold (18K, 14K, 9K) and 925 Sterling silver, with modern and trendy designs; ODM, OBM, Others, OEM","Men's Jewellery,Diamond Jewellery,Gold Jewellery Set,South Sea Pearl Jewellery,Tahiti Pearl Jewellery,Fresh Water Pearl Jewellery,Akoya Pearl Jewellery,Semi-Precious Stone Jewellery,Sterling Silver Jewellery,White Gold Jewellery; Pearl Jewelry with Freshwater pearl, South Sea Pearl, Tahitian Pearl, Akoya Pearl in Gold (18K, 14K, 9K) and 925 Sterling silver, with modern and trendy designs; ODM, OBM, Others, OEM"
925 Silver CZ Bangle,925 Silver CZ Bangle,"Sterling Silver Bangle with CZ, Rhodium Plated","Sterling Silver Bangle with CZ, Rhodium Plated",,,,Wing Wo Hing Jewelry Group Limited,"Men's Jewellery,Diamond Jewellery,Gold Jewellery Set,South Sea Pearl Jewellery,Tahiti Pearl Jewellery,Fresh Water Pearl Jewellery,Akoya Pearl Jewellery,Semi-Precious Stone Jewellery,Sterling Silver Jewellery,White Gold Jewellery; Pearl Jewelry with Freshwater pearl, South Sea Pearl, Tahitian Pearl, Akoya Pearl in Gold (18K, 14K, 9K) and 925 Sterling silver, with modern and trendy designs; ODM, OBM, Others, OEM","Men's Jewellery,Diamond Jewellery,Gold Jewellery Set,South Sea Pearl Jewellery,Tahiti Pearl Jewellery,Fresh Water Pearl Jewellery,Akoya Pearl Jewellery,Semi-Precious Stone Jewellery,Sterling Silver Jewellery,White Gold Jewellery; Pearl Jewelry with Freshwater pearl, South Sea Pearl, Tahitian Pearl, Akoya Pearl in Gold (18K, 14K, 9K) and 925 Sterling silver, with modern and trendy designs; ODM, OBM, Others, OEM"
14K YELLOW GOLD  EARRINGS,14K YELLOW GOLD  EARRINGS,14K YELLOW GOLD EARRINGS 7-7.5MM BOTTON FRESHWATER PEARL,14K YELLOW GOLD EARRINGS 7-7.5MM BOTTON FRESHWATER PEARL,,,,Wing Wo Hing Jewelry Group Limited,"Men's Jewellery,Diamond Jewellery,Gold Jewellery Set,South Sea Pearl Jewellery,Tahiti Pearl Jewellery,Fresh Water Pearl Jewellery,Akoya Pearl Jewellery,Semi-Precious Stone Jewellery,Sterling Silver Jewellery,White Gold Jewellery; Pearl Jewelry with Freshwater pearl, South Sea Pearl, Tahitian Pearl, Akoya Pearl in Gold (18K, 14K, 9K) and 925 Sterling silver, with modern and trendy designs; ODM, OBM, Others, OEM","Men's Jewellery,Diamond Jewellery,Gold Jewellery Set,South Sea Pearl Jewellery,Tahiti Pearl Jewellery,Fresh Water Pearl Jewellery,Akoya Pearl Jewellery,Semi-Precious Stone Jewellery,Sterling Silver Jewellery,White Gold Jewellery; Pearl Jewelry with Freshwater pearl, South Sea Pearl, Tahitian Pearl, Akoya Pearl in Gold (18K, 14K, 9K) and 925 Sterling silver, with modern and trendy designs; ODM, OBM, Others, OEM"
925 SILVER FRESHWATER PEARL ENAMEL EARRING,925 SILVER FRESHWATER PEARL ENAMEL EARRING,"STERLING SILVER HOOPS EARRINGS WITH ENAMEL AND CZ AND 9-10MM IRREGULAR FRESHWATER PEARL, RHODIUM PLATED","STERLING SILVER HOOPS EARRINGS WITH ENAMEL AND CZ AND 9-10MM IRREGULAR FRESHWATER PEARL, RHODIUM PLATED",,,,Wing Wo Hing Jewelry Group Limited,"Men's Jewellery,Diamond Jewellery,Gold Jewellery Set,South Sea Pearl Jewellery,Tahiti Pearl Jewellery,Fresh Water Pearl Jewellery,Akoya Pearl Jewellery,Semi-Precious Stone Jewellery,Sterling Silver Jewellery,White Gold Jewellery; Pearl Jewelry with Freshwater pearl, South Sea Pearl, Tahitian Pearl, Akoya Pearl in Gold (18K, 14K, 9K) and 925 Sterling silver, with modern and trendy designs; ODM, OBM, Others, OEM","Men's Jewellery,Diamond Jewellery,Gold Jewellery Set,South Sea Pearl Jewellery,Tahiti Pearl Jewellery,Fresh Water Pearl Jewellery,Akoya Pearl Jewellery,Semi-Precious Stone Jewellery,Sterling Silver Jewellery,White Gold Jewellery; Pearl Jewelry with Freshwater pearl, South Sea Pearl, Tahitian Pearl, Akoya Pearl in Gold (18K, 14K, 9K) and 925 Sterling silver, with modern and trendy designs; ODM, OBM, Others, OEM"
18K YELLOW GOLD EARRINGS (PG240520E-D),18K YELLOW GOLD EARRINGS (PG240520E-D),18K YELLOW GOLD EARRINGS WITH LAPIS AND DIAMOND AND 7-7.5MM ROUND FRESHWATER PEARL,18K YELLOW GOLD EARRINGS WITH LAPIS AND DIAMOND AND 7-7.5MM ROUND FRESHWATER PEARL,,,,Wing Wo Hing Jewelry Group Limited,"Men's Jewellery,Diamond Jewellery,Gold Jewellery Set,South Sea Pearl Jewellery,Tahiti Pearl Jewellery,Fresh Water Pearl Jewellery,Akoya Pearl Jewellery,Semi-Precious Stone Jewellery,Sterling Silver Jewellery,White Gold Jewellery; Pearl Jewelry with Freshwater pearl, South Sea Pearl, Tahitian Pearl, Akoya Pearl in Gold (18K, 14K, 9K) and 925 Sterling silver, with modern and trendy designs; ODM, OBM, Others, OEM","Men's Jewellery,Diamond Jewellery,Gold Jewellery Set,South Sea Pearl Jewellery,Tahiti Pearl Jewellery,Fresh Water Pearl Jewellery,Akoya Pearl Jewellery,Semi-Precious Stone Jewellery,Sterling Silver Jewellery,White Gold Jewellery; Pearl Jewelry with Freshwater pearl, South Sea Pearl, Tahitian Pearl, Akoya Pearl in Gold (18K, 14K, 9K) and 925 Sterling silver, with modern and trendy designs; ODM, OBM, Others, OEM"
PG160621E-1,PG160621E-1,14K YELLOW GOLD EARRING CLIMBER WITH 5.5-7.5MM WHITE BUTTON FRESHWATER PEARL,14K YELLOW GOLD EARRING CLIMBER WITH 5.5-7.5MM WHITE BUTTON FRESHWATER PEARL,,,,Wing Wo Hing Jewelry Group Limited,"Men's Jewellery,Diamond Jewellery,Gold Jewellery Set,South Sea Pearl Jewellery,Tahiti Pearl Jewellery,Fresh Water Pearl Jewellery,Akoya Pearl Jewellery,Semi-Precious Stone Jewellery,Sterling Silver Jewellery,White Gold Jewellery; Pearl Jewelry with Freshwater pearl, South Sea Pearl, Tahitian Pearl, Akoya Pearl in Gold (18K, 14K, 9K) and 925 Sterling silver, with modern and trendy designs; ODM, OBM, Others, OEM","Men's Jewellery,Diamond Jewellery,Gold Jewellery Set,South Sea Pearl Jewellery,Tahiti Pearl Jewellery,Fresh Water Pearl Jewellery,Akoya Pearl Jewellery,Semi-Precious Stone Jewellery,Sterling Silver Jewellery,White Gold Jewellery; Pearl Jewelry with Freshwater pearl, South Sea Pearl, Tahitian Pearl, Akoya Pearl in Gold (18K, 14K, 9K) and 925 Sterling silver, with modern and trendy designs; ODM, OBM, Others, OEM"
14K GOLD FRESHWATER PEARL BLUE TOPAZ NECKLACE,14K GOLD FRESHWATER PEARL BLUE TOPAZ NECKLACE,"14K YELLOW GOLD PENDANT NECKLACE WITH SWISS BLUE TOPAZ, 18"" (16"" 17"" HAS LOOP)","14K YELLOW GOLD PENDANT NECKLACE WITH SWISS BLUE TOPAZ, 18"" (16"" 17"" HAS LOOP)",,,,Wing Wo Hing Jewelry Group Limited,"Men's Jewellery,Diamond Jewellery,Gold Jewellery Set,South Sea Pearl Jewellery,Tahiti Pearl Jewellery,Fresh Water Pearl Jewellery,Akoya Pearl Jewellery,Semi-Precious Stone Jewellery,Sterling Silver Jewellery,White Gold Jewellery; Pearl Jewelry with Freshwater pearl, South Sea Pearl, Tahitian Pearl, Akoya Pearl in Gold (18K, 14K, 9K) and 925 Sterling silver, with modern and trendy designs; ODM, OBM, Others, OEM","Men's Jewellery,Diamond Jewellery,Gold Jewellery Set,South Sea Pearl Jewellery,Tahiti Pearl Jewellery,Fresh Water Pearl Jewellery,Akoya Pearl Jewellery,Semi-Precious Stone Jewellery,Sterling Silver Jewellery,White Gold Jewellery; Pearl Jewelry with Freshwater pearl, South Sea Pearl, Tahitian Pearl, Akoya Pearl in Gold (18K, 14K, 9K) and 925 Sterling silver, with modern and trendy designs; ODM, OBM, Others, OEM"
"Freshwater Pearl, Loose Pearl","Freshwater Pearl, Loose Pearl","Freshwater Pearl, Loose Pearl","Freshwater Pearl, Loose Pearl",,,,Wing Wo Hing Jewelry Group Limited,"Men's Jewellery,Diamond Jewellery,Gold Jewellery Set,South Sea Pearl Jewellery,Tahiti Pearl Jewellery,Fresh Water Pearl Jewellery,Akoya Pearl Jewellery,Semi-Precious Stone Jewellery,Sterling Silver Jewellery,White Gold Jewellery; Pearl Jewelry with Freshwater pearl, South Sea Pearl, Tahitian Pearl, Akoya Pearl in Gold (18K, 14K, 9K) and 925 Sterling silver, with modern and trendy designs; ODM, OBM, Others, OEM","Men's Jewellery,Diamond Jewellery,Gold Jewellery Set,South Sea Pearl Jewellery,Tahiti Pearl Jewellery,Fresh Water Pearl Jewellery,Akoya Pearl Jewellery,Semi-Precious Stone Jewellery,Sterling Silver Jewellery,White Gold Jewellery; Pearl Jewelry with Freshwater pearl, South Sea Pearl, Tahitian Pearl, Akoya Pearl in Gold (18K, 14K, 9K) and 925 Sterling silver, with modern and trendy designs; ODM, OBM, Others, OEM"
Billie Eilish Seed Pearl Choker Necklace,Billie Eilish Seed Pearl Choker Necklace,Billie Eilish Seed Pearl Choker Necklace,Billie Eilish Seed Pearl Choker Necklace,,,,Wing Wo Hing Jewelry Group Limited,"Men's Jewellery,Diamond Jewellery,Gold Jewellery Set,South Sea Pearl Jewellery,Tahiti Pearl Jewellery,Fresh Water Pearl Jewellery,Akoya Pearl Jewellery,Semi-Precious Stone Jewellery,Sterling Silver Jewellery,White Gold Jewellery; Pearl Jewelry with Freshwater pearl, South Sea Pearl, Tahitian Pearl, Akoya Pearl in Gold (18K, 14K, 9K) and 925 Sterling silver, with modern and trendy designs; ODM, OBM, Others, OEM","Men's Jewellery,Diamond Jewellery,Gold Jewellery Set,South Sea Pearl Jewellery,Tahiti Pearl Jewellery,Fresh Water Pearl Jewellery,Akoya Pearl Jewellery,Semi-Precious Stone Jewellery,Sterling Silver Jewellery,White Gold Jewellery; Pearl Jewelry with Freshwater pearl, South Sea Pearl, Tahitian Pearl, Akoya Pearl in Gold (18K, 14K, 9K) and 925 Sterling silver, with modern and trendy designs; ODM, OBM, Others, OEM"
Freshwater Pearl Eye Glass Chain with beads,Freshwater Pearl Eye Glass Chain with beads,Freshwater Pearl Eye Glass Chain with beads,Freshwater Pearl Eye Glass Chain with beads,,,,Wing Wo Hing Jewelry Group Limited,"Men's Jewellery,Diamond Jewellery,Gold Jewellery Set,South Sea Pearl Jewellery,Tahiti Pearl Jewellery,Fresh Water Pearl Jewellery,Akoya Pearl Jewellery,Semi-Precious Stone Jewellery,Sterling Silver Jewellery,White Gold Jewellery; Pearl Jewelry with Freshwater pearl, South Sea Pearl, Tahitian Pearl, Akoya Pearl in Gold (18K, 14K, 9K) and 925 Sterling silver, with modern and trendy designs; ODM, OBM, Others, OEM","Men's Jewellery,Diamond Jewellery,Gold Jewellery Set,South Sea Pearl Jewellery,Tahiti Pearl Jewellery,Fresh Water Pearl Jewellery,Akoya Pearl Jewellery,Semi-Precious Stone Jewellery,Sterling Silver Jewellery,White Gold Jewellery; Pearl Jewelry with Freshwater pearl, South Sea Pearl, Tahitian Pearl, Akoya Pearl in Gold (18K, 14K, 9K) and 925 Sterling silver, with modern and trendy designs; ODM, OBM, Others, OEM"
PS241208N-3,PS241208N-3,"STERLING SILVER NECKLACE WITH CZ, YELLOW GOLD PLATED, 16""+2""","STERLING SILVER NECKLACE WITH CZ, YELLOW GOLD PLATED, 16""+2""",,,,Wing Wo Hing Jewelry Group Limited,"Men's Jewellery,Diamond Jewellery,Gold Jewellery Set,South Sea Pearl Jewellery,Tahiti Pearl Jewellery,Fresh Water Pearl Jewellery,Akoya Pearl Jewellery,Semi-Precious Stone Jewellery,Sterling Silver Jewellery,White Gold Jewellery; Pearl Jewelry with Freshwater pearl, South Sea Pearl, Tahitian Pearl, Akoya Pearl in Gold (18K, 14K, 9K) and 925 Sterling silver, with modern and trendy designs; ODM, OBM, Others, OEM","Men's Jewellery,Diamond Jewellery,Gold Jewellery Set,South Sea Pearl Jewellery,Tahiti Pearl Jewellery,Fresh Water Pearl Jewellery,Akoya Pearl Jewellery,Semi-Precious Stone Jewellery,Sterling Silver Jewellery,White Gold Jewellery; Pearl Jewelry with Freshwater pearl, South Sea Pearl, Tahitian Pearl, Akoya Pearl in Gold (18K, 14K, 9K) and 925 Sterling silver, with modern and trendy designs; ODM, OBM, Others, OEM"
5.5-6mm Round Freshwater Pearl Loose Strand AAA,5.5-6mm Round Freshwater Pearl Loose Strand AAA,5.5-6mm Round Freshwater Pearl Loose Pearl Strand,5.5-6mm Round Freshwater Pearl Loose Pearl Strand,,,,Wing Wo Hing Jewelry Group Limited,"Men's Jewellery,Diamond Jewellery,Gold Jewellery Set,South Sea Pearl Jewellery,Tahiti Pearl Jewellery,Fresh Water Pearl Jewellery,Akoya Pearl Jewellery,Semi-Precious Stone Jewellery,Sterling Silver Jewellery,White Gold Jewellery; Pearl Jewelry with Freshwater pearl, South Sea Pearl, Tahitian Pearl, Akoya Pearl in Gold (18K, 14K, 9K) and 925 Sterling silver, with modern and trendy designs; ODM, OBM, Others, OEM","Men's Jewellery,Diamond Jewellery,Gold Jewellery Set,South Sea Pearl Jewellery,Tahiti Pearl Jewellery,Fresh Water Pearl Jewellery,Akoya Pearl Jewellery,Semi-Precious Stone Jewellery,Sterling Silver Jewellery,White Gold Jewellery; Pearl Jewelry with Freshwater pearl, South Sea Pearl, Tahitian Pearl, Akoya Pearl in Gold (18K, 14K, 9K) and 925 Sterling silver, with modern and trendy designs; ODM, OBM, Others, OEM"
Sterling silver necklace with pearl,Sterling silver necklace with pearl,"STERLING SILVER NECKLACE WITH 7-11MM FRESHWATER BUTTON PEARL AND CZ,RHODIUM PLATED, 17"" + 2"" EXTENSION CHAIN","STERLING SILVER NECKLACE WITH 7-11MM FRESHWATER BUTTON PEARL AND CZ,RHODIUM PLATED, 17"" + 2"" EXTENSION CHAIN",,,,Wing Wo Hing Jewelry Group Limited,"Men's Jewellery,Diamond Jewellery,Gold Jewellery Set,South Sea Pearl Jewellery,Tahiti Pearl Jewellery,Fresh Water Pearl Jewellery,Akoya Pearl Jewellery,Semi-Precious Stone Jewellery,Sterling Silver Jewellery,White Gold Jewellery; Pearl Jewelry with Freshwater pearl, South Sea Pearl, Tahitian Pearl, Akoya Pearl in Gold (18K, 14K, 9K) and 925 Sterling silver, with modern and trendy designs; ODM, OBM, Others, OEM","Men's Jewellery,Diamond Jewellery,Gold Jewellery Set,South Sea Pearl Jewellery,Tahiti Pearl Jewellery,Fresh Water Pearl Jewellery,Akoya Pearl Jewellery,Semi-Precious Stone Jewellery,Sterling Silver Jewellery,White Gold Jewellery; Pearl Jewelry with Freshwater pearl, South Sea Pearl, Tahitian Pearl, Akoya Pearl in Gold (18K, 14K, 9K) and 925 Sterling silver, with modern and trendy designs; ODM, OBM, Others, OEM"
STERLING SILVER EARRINGS,STERLING SILVER EARRINGS,"STERLING SILVER EARRINGS WITH 13-15MM KESHI BAROQUE FRESHWATER PEARL, YELLOW GOLD PLATED","STERLING SILVER EARRINGS WITH 13-15MM KESHI BAROQUE FRESHWATER PEARL, YELLOW GOLD PLATED",,,,Wing Wo Hing Jewelry Group Limited,"Men's Jewellery,Diamond Jewellery,Gold Jewellery Set,South Sea Pearl Jewellery,Tahiti Pearl Jewellery,Fresh Water Pearl Jewellery,Akoya Pearl Jewellery,Semi-Precious Stone Jewellery,Sterling Silver Jewellery,White Gold Jewellery; Pearl Jewelry with Freshwater pearl, South Sea Pearl, Tahitian Pearl, Akoya Pearl in Gold (18K, 14K, 9K) and 925 Sterling silver, with modern and trendy designs; ODM, OBM, Others, OEM","Men's Jewellery,Diamond Jewellery,Gold Jewellery Set,South Sea Pearl Jewellery,Tahiti Pearl Jewellery,Fresh Water Pearl Jewellery,Akoya Pearl Jewellery,Semi-Precious Stone Jewellery,Sterling Silver Jewellery,White Gold Jewellery; Pearl Jewelry with Freshwater pearl, South Sea Pearl, Tahitian Pearl, Akoya Pearl in Gold (18K, 14K, 9K) and 925 Sterling silver, with modern and trendy designs; ODM, OBM, Others, OEM"
Pearl Stud Earrings,Pearl Stud Earrings,Pearl Stud Earrings,Pearl Stud Earrings,,,,Wing Wo Hing Jewelry Group Limited,"Men's Jewellery,Diamond Jewellery,Gold Jewellery Set,South Sea Pearl Jewellery,Tahiti Pearl Jewellery,Fresh Water Pearl Jewellery,Akoya Pearl Jewellery,Semi-Precious Stone Jewellery,Sterling Silver Jewellery,White Gold Jewellery; Pearl Jewelry with Freshwater pearl, South Sea Pearl, Tahitian Pearl, Akoya Pearl in Gold (18K, 14K, 9K) and 925 Sterling silver, with modern and trendy designs; ODM, OBM, Others, OEM","Men's Jewellery,Diamond Jewellery,Gold Jewellery Set,South Sea Pearl Jewellery,Tahiti Pearl Jewellery,Fresh Water Pearl Jewellery,Akoya Pearl Jewellery,Semi-Precious Stone Jewellery,Sterling Silver Jewellery,White Gold Jewellery; Pearl Jewelry with Freshwater pearl, South Sea Pearl, Tahitian Pearl, Akoya Pearl in Gold (18K, 14K, 9K) and 925 Sterling silver, with modern and trendy designs; ODM, OBM, Others, OEM"
18K GOLD  FRESHWATER PEARL EARRING,18K GOLD  FRESHWATER PEARL EARRING,"18K WHITE GOLD EARRINGS WITH 8-8.5MM BUTTON FRESHWATER PEARL, WITH SILICON BACK","18K WHITE GOLD EARRINGS WITH 8-8.5MM BUTTON FRESHWATER PEARL, WITH SILICON BACK",,,,Wing Wo Hing Jewelry Group Limited,"Men's Jewellery,Diamond Jewellery,Gold Jewellery Set,South Sea Pearl Jewellery,Tahiti Pearl Jewellery,Fresh Water Pearl Jewellery,Akoya Pearl Jewellery,Semi-Precious Stone Jewellery,Sterling Silver Jewellery,White Gold Jewellery; Pearl Jewelry with Freshwater pearl, South Sea Pearl, Tahitian Pearl, Akoya Pearl in Gold (18K, 14K, 9K) and 925 Sterling silver, with modern and trendy designs; ODM, OBM, Others, OEM","Men's Jewellery,Diamond Jewellery,Gold Jewellery Set,South Sea Pearl Jewellery,Tahiti Pearl Jewellery,Fresh Water Pearl Jewellery,Akoya Pearl Jewellery,Semi-Precious Stone Jewellery,Sterling Silver Jewellery,White Gold Jewellery; Pearl Jewelry with Freshwater pearl, South Sea Pearl, Tahitian Pearl, Akoya Pearl in Gold (18K, 14K, 9K) and 925 Sterling silver, with modern and trendy designs; ODM, OBM, Others, OEM"
Heart Creole,Heart Creole,Heart Creole,Heart Creole,,,https://sourcing-media.hktdc.com/product-original/Heart-20Creole/2f67313c3e514192a32279af455c49a7; https://sourcing-media.hktdc.com/product-original/Heart-20Creole/35717b169e924aa6b07d79f18a40c23d; https://sourcing-media.hktdc.com/product-original/Heart-20Creole/75b4e16955124c41ab39f76be7ce0cad; https://sourcing-media.hktdc.com/product-original/Heart-20Creole/486acb04f8184af9b0cb9cc0b86001d4,Nefertiti Group Limited,"Sterling Silver Jewellery; We upgrade our jewelry production line with produce 925 Sterling Silver and 14K & 18K Gold Fine jewelry.; ODM, OEM","Sterling Silver Jewellery; We upgrade our jewelry production line with produce 925 Sterling Silver and 14K & 18K Gold Fine jewelry.; ODM, OEM"
Big Heart Creole,Big Heart Creole,"If you would like to know more about our Big Heart Creole , don't hesitate to reach out to us!","If you would like to know more about our Big Heart Creole , don't hesitate to reach out to us!",,,https://sourcing-media.hktdc.com/product-original/Big-20Heart-20Creole/2f67313c3e514192a32279af455c49a7; https://sourcing-media.hktdc.com/product-original/Big-20Heart-20Creole/8d3aeba96aa14d37a26e91333eb3e363; https://sourcing-media.hktdc.com/product-original/Big-20Heart-20Creole/94891aa726934ff485306efdf3d2d1e3; https://sourcing-media.hktdc.com/product-original/Big-20Heart-20Creole/125f2445fbef40f59e7ce31d6d56e04a; https://sourcing-media.hktdc.com/product-original/Big-20Heart-20Creole/ee583daa4dd74eb38a0d2690144cbb01,Nefertiti Group Limited,"Sterling Silver Jewellery; We upgrade our jewelry production line with produce 925 Sterling Silver and 14K & 18K Gold Fine jewelry.; ODM, OEM","Sterling Silver Jewellery; We upgrade our jewelry production line with produce 925 Sterling Silver and 14K & 18K Gold Fine jewelry.; ODM, OEM"
Green Glass Stone Ring,Green Glass Stone Ring,"If you would like to know more about our Green Glass Stone Ring , don't hesitate to reach out to us!","If you would like to know more about our Green Glass Stone Ring , don't hesitate to reach out to us!",,,https://sourcing-media.hktdc.com/product-original/Green%C2%A0Glass%C2%A0Stone%C2%A0Ring/8c8159e013c74eadb941833123afe431; https://sourcing-media.hktdc.com/product-original/Green%C2%A0Glass%C2%A0Stone%C2%A0Ring/20a88dca145a4cb9a5f65454398d9306; https://sourcing-media.hktdc.com/product-original/Green%C2%A0Glass%C2%A0Stone%C2%A0Ring/f6c8e7f0857e4b70aa17a7ef62abd603; https://sourcing-media.hktdc.com/product-original/Green%C2%A0Glass%C2%A0Stone%C2%A0Ring/7044729472e7494e859e4d3354e50207; https://sourcing-media.hktdc.com/product-original/Green%C2%A0Glass%C2%A0Stone%C2%A0Ring/e1b22f69b80f42239cc837ced4cbd268,Nefertiti Group Limited,"Sterling Silver Jewellery; We upgrade our jewelry production line with produce 925 Sterling Silver and 14K & 18K Gold Fine jewelry.; ODM, OEM","Sterling Silver Jewellery; We upgrade our jewelry production line with produce 925 Sterling Silver and 14K & 18K Gold Fine jewelry.; ODM, OEM"
Drop Creole,Drop Creole,"Drop Creole; If you would like to know more about our Drop Creole , don't hesitate to reach out to us!","Drop Creole; If you would like to know more about our Drop Creole , don't hesitate to reach out to us!",,,https://sourcing-media.hktdc.com/product-original/Drop-20Creole/8ab9b688393a43619ab8998d039c5ec7; https://sourcing-media.hktdc.com/product-original/Drop-20Creole/ea69476d5d44424d8069d10c452bdc50; https://sourcing-media.hktdc.com/product-original/Drop-20Creole/668ac2626c4d49f9963e7c1a6254ce66; https://sourcing-media.hktdc.com/product-original/Drop-20Creole/9d69b253a18748fab50cceae3328027b,Nefertiti Group Limited,"Sterling Silver Jewellery; We upgrade our jewelry production line with produce 925 Sterling Silver and 14K & 18K Gold Fine jewelry.; ODM, OEM","Sterling Silver Jewellery; We upgrade our jewelry production line with produce 925 Sterling Silver and 14K & 18K Gold Fine jewelry.; ODM, OEM"
Oval Link Bracelet,Oval Link Bracelet,"Oval Link Bracelet; If you would like to know more about our Oval Link Bracelet , don't hesitate to reach out to us!","Oval Link Bracelet; If you would like to know more about our Oval Link Bracelet , don't hesitate to reach out to us!",,,https://sourcing-media.hktdc.com/product-original/Oval-20Link-20Bracelet/8ab9b688393a43619ab8998d039c5ec7; https://sourcing-media.hktdc.com/product-original/Oval-20Link-20Bracelet/973984f2054d42ad9030f137cc0b5a20; https://sourcing-media.hktdc.com/product-original/Oval-20Link-20Bracelet/753f06c15bb54284b8d46c3a7c4c5176; https://sourcing-media.hktdc.com/product-original/Oval-20Link-20Bracelet/8ab5f0a689c34de2b4fae36a27f8f30e; https://sourcing-media.hktdc.com/product-original/Oval-20Link-20Bracelet/88c4e91a0764445c958dfb6c426bc9fa,Nefertiti Group Limited,"Sterling Silver Jewellery; We upgrade our jewelry production line with produce 925 Sterling Silver and 14K & 18K Gold Fine jewelry.; ODM, OEM","Sterling Silver Jewellery; We upgrade our jewelry production line with produce 925 Sterling Silver and 14K & 18K Gold Fine jewelry.; ODM, OEM"
Oval Creole,Oval Creole,"Oval Creole; If you would like to know more about our Oval Creole , don't hesitate to reach out to us!","Oval Creole; If you would like to know more about our Oval Creole , don't hesitate to reach out to us!",,,https://sourcing-media.hktdc.com/product-original/Oval-20Creole/8ab9b688393a43619ab8998d039c5ec7; https://sourcing-media.hktdc.com/product-original/Oval-20Creole/5200e03a15c343e1a1e26da52498c06a; https://sourcing-media.hktdc.com/product-original/Oval-20Creole/ff55335ee53747aca1eafe74eb76a34f; https://sourcing-media.hktdc.com/product-original/Oval-20Creole/385bf19560b7474aa6286cc9eb2067ed; https://sourcing-media.hktdc.com/product-original/Oval-20Creole/8ea5d1100c644fc491c8f27f935e8bc9,Nefertiti Group Limited,"Sterling Silver Jewellery; We upgrade our jewelry production line with produce 925 Sterling Silver and 14K & 18K Gold Fine jewelry.; ODM, OEM","Sterling Silver Jewellery; We upgrade our jewelry production line with produce 925 Sterling Silver and 14K & 18K Gold Fine jewelry.; ODM, OEM"
Heart Necklace,Heart Necklace,"If you would like to know more about our Heart Necklace , don't hesitate to reach out to us!","If you would like to know more about our Heart Necklace , don't hesitate to reach out to us!",,,https://sourcing-media.hktdc.com/product-original/Heart-20Necklace/2f67313c3e514192a32279af455c49a7; https://sourcing-media.hktdc.com/product-original/Heart-20Necklace/f611e9ccaebd4c54a70c016c11497805; https://sourcing-media.hktdc.com/product-original/Heart-20Necklace/2da30a8bb7c3484f93a2df16c9cb712a; https://sourcing-media.hktdc.com/product-original/Heart-20Necklace/8224af0a83c74b659b08fc0d3d128adb; https://sourcing-media.hktdc.com/product-original/Heart-20Necklace/19f754a59da541b0ba5d8e963854262c,Nefertiti Group Limited,"Sterling Silver Jewellery; We upgrade our jewelry production line with produce 925 Sterling Silver and 14K & 18K Gold Fine jewelry.; ODM, OEM","Sterling Silver Jewellery; We upgrade our jewelry production line with produce 925 Sterling Silver and 14K & 18K Gold Fine jewelry.; ODM, OEM"
Brass Glass Stone Ring,Brass Glass Stone Ring,"If you would like to know more about our Brass Glass Stone Ring , don't hesitate to reach out to us!","If you would like to know more about our Brass Glass Stone Ring , don't hesitate to reach out to us!",,,https://sourcing-media.hktdc.com/product-original/Brass%C2%A0Glass%C2%A0Stone%C2%A0Ring/2f67313c3e514192a32279af455c49a7; https://sourcing-media.hktdc.com/product-original/Brass%C2%A0Glass%C2%A0Stone%C2%A0Ring/d66b9d88193946bbb880743b082aadfc; https://sourcing-media.hktdc.com/product-original/Brass%C2%A0Glass%C2%A0Stone%C2%A0Ring/21555f436ce04107b11bf6f469a2a375; https://sourcing-media.hktdc.com/product-original/Brass%C2%A0Glass%C2%A0Stone%C2%A0Ring/a1f9490f804e40cc987eda7f2d8bd408; https://sourcing-media.hktdc.com/product-original/Brass%C2%A0Glass%C2%A0Stone%C2%A0Ring/0b6093d327354d1fbdfc12c1f2a7de6e,Nefertiti Group Limited,"Sterling Silver Jewellery; We upgrade our jewelry production line with produce 925 Sterling Silver and 14K & 18K Gold Fine jewelry.; ODM, OEM","Sterling Silver Jewellery; We upgrade our jewelry production line with produce 925 Sterling Silver and 14K & 18K Gold Fine jewelry.; ODM, OEM"
Textile Heart Choker,Textile Heart Choker,"If you would like to know more about ourTextile Heart Choker , don't hesitate to reach out to us!","If you would like to know more about ourTextile Heart Choker , don't hesitate to reach out to us!",,,https://sourcing-media.hktdc.com/product-original/Textile-20Heart-20Choker/2f67313c3e514192a32279af455c49a7; https://sourcing-media.hktdc.com/product-original/Textile-20Heart-20Choker/2988536a4df8493180ed5a9c5daf447e; https://sourcing-media.hktdc.com/product-original/Textile-20Heart-20Choker/6c46ea6c44bd454cab01293f11cff43c; https://sourcing-media.hktdc.com/product-original/Textile-20Heart-20Choker/30354d2e31154af99cd5983ea5b30776; https://sourcing-media.hktdc.com/product-original/Textile-20Heart-20Choker/893c5bb9298e4260b39888b98ff82b92,Nefertiti Group Limited,"Sterling Silver Jewellery; We upgrade our jewelry production line with produce 925 Sterling Silver and 14K & 18K Gold Fine jewelry.; ODM, OEM","Sterling Silver Jewellery; We upgrade our jewelry production line with produce 925 Sterling Silver and 14K & 18K Gold Fine jewelry.; ODM, OEM"
Bi-Color Creole with Heart Pendant,Bi-Color Creole with Heart Pendant,"If you would like to know more about ourBi-Color Creole with Heart Pendant , don't hesitate to reach out to us!","If you would like to know more about ourBi-Color Creole with Heart Pendant , don't hesitate to reach out to us!",,,https://sourcing-media.hktdc.com/product-original/Bi-Color-20Creole-20with-20Heart-20Pendant/2f67313c3e514192a32279af455c49a7; https://sourcing-media.hktdc.com/product-original/Bi-Color-20Creole-20with-20Heart-20Pendant/6796df7aa40c4603b9bfd0bd9ebfefae; https://sourcing-media.hktdc.com/product-original/Bi-Color-20Creole-20with-20Heart-20Pendant/68a471f225f54cd49fe7b5670dc160e2; https://sourcing-media.hktdc.com/product-original/Bi-Color-20Creole-20with-20Heart-20Pendant/d1c39df7e54d4f24b4d2b7ad2c7f6139; https://sourcing-media.hktdc.com/product-original/Bi-Color-20Creole-20with-20Heart-20Pendant/42eb6b6698d04a428e41a4cb4489f4a4,Nefertiti Group Limited,"Sterling Silver Jewellery; We upgrade our jewelry production line with produce 925 Sterling Silver and 14K & 18K Gold Fine jewelry.; ODM, OEM","Sterling Silver Jewellery; We upgrade our jewelry production line with produce 925 Sterling Silver and 14K & 18K Gold Fine jewelry.; ODM, OEM"
Heart studs,Heart studs,"If you would like to know more about our Heart studs , don't hesitate to reach out to us!","If you would like to know more about our Heart studs , don't hesitate to reach out to us!",,,https://sourcing-media.hktdc.com/product-original/Heart-20studs/2f67313c3e514192a32279af455c49a7; https://sourcing-media.hktdc.com/product-original/Heart-20studs/098a2a91782e4f9b81506afbde3cced0; https://sourcing-media.hktdc.com/product-original/Heart-20studs/0f0233e9dce146f3acb79c56149fbafe; https://sourcing-media.hktdc.com/product-original/Heart-20studs/3d9dce8fc6fd468db3510bb55d067a1b; https://sourcing-media.hktdc.com/product-original/Heart-20studs/419de19b0331453196f3d188666849be,Nefertiti Group Limited,"Sterling Silver Jewellery; We upgrade our jewelry production line with produce 925 Sterling Silver and 14K & 18K Gold Fine jewelry.; ODM, OEM","Sterling Silver Jewellery; We upgrade our jewelry production line with produce 925 Sterling Silver and 14K & 18K Gold Fine jewelry.; ODM, OEM"
Long Cord Necklace Heart,Long Cord Necklace Heart,"If you would like to know more about our Long Cord Necklace Heart , don't hesitate to reach out to us!","If you would like to know more about our Long Cord Necklace Heart , don't hesitate to reach out to us!",,,https://sourcing-media.hktdc.com/product-original/Long-20Cord-20Necklace-20Heart/2f67313c3e514192a32279af455c49a7; https://sourcing-media.hktdc.com/product-original/Long-20Cord-20Necklace-20Heart/e0bc1d3a7df648ab8093cc270ebf30a9; https://sourcing-media.hktdc.com/product-original/Long-20Cord-20Necklace-20Heart/1b66f6461fd84d0e9e602335f230b6c9; https://sourcing-media.hktdc.com/product-original/Long-20Cord-20Necklace-20Heart/5bb0197546fb4f9d814ea563a6b341d5; https://sourcing-media.hktdc.com/product-original/Long-20Cord-20Necklace-20Heart/8aad3b97824a4cd6b5cd249a2be794ff,Nefertiti Group Limited,"Sterling Silver Jewellery; We upgrade our jewelry production line with produce 925 Sterling Silver and 14K & 18K Gold Fine jewelry.; ODM, OEM","Sterling Silver Jewellery; We upgrade our jewelry production line with produce 925 Sterling Silver and 14K & 18K Gold Fine jewelry.; ODM, OEM"
Necklace with Rectangle Pendant,Necklace with Rectangle Pendant,"If you would like to know more about our Cushion Elegante Stone Necklace , don't hesitate to reach out to us!","If you would like to know more about our Cushion Elegante Stone Necklace , don't hesitate to reach out to us!",,,https://sourcing-media.hktdc.com/product-original/-20Necklace%C2%A0with%C2%A0Rectangle%C2%A0Pendant/8c8159e013c74eadb941833123afe431; https://sourcing-media.hktdc.com/product-original/-20Necklace%C2%A0with%C2%A0Rectangle%C2%A0Pendant/571cd24a77754dfe97e3a16a4f68d2f7; https://sourcing-media.hktdc.com/product-original/-20Necklace%C2%A0with%C2%A0Rectangle%C2%A0Pendant/616e0f431a474205bb6ed13b5852b06d; https://sourcing-media.hktdc.com/product-original/-20Necklace%C2%A0with%C2%A0Rectangle%C2%A0Pendant/52b0849f93e84e59b1f20ed21247a97f; https://sourcing-media.hktdc.com/product-original/-20Necklace%C2%A0with%C2%A0Rectangle%C2%A0Pendant/de5c026efaa349a397a8262236bce2c2,Nefertiti Group Limited,"Sterling Silver Jewellery; We upgrade our jewelry production line with produce 925 Sterling Silver and 14K & 18K Gold Fine jewelry.; ODM, OEM","Sterling Silver Jewellery; We upgrade our jewelry production line with produce 925 Sterling Silver and 14K & 18K Gold Fine jewelry.; ODM, OEM"
NF1064E-4A-C-P10,NF1064E-4A-C-P10,"Oval Ripple Brass Earrings; If you would like to know more about our Oval Creole , don't hesitate to reach out to us!","Oval Ripple Brass Earrings; If you would like to know more about our Oval Creole , don't hesitate to reach out to us!",,,https://sourcing-media.hktdc.com/product-original/NF1064E-4A-C-P10/9552efdcfab448348ef4951cd1121bc6; https://sourcing-media.hktdc.com/product-original/NF1064E-4A-C-P10/120ec5e8932a4185b52400e9ed195448; https://sourcing-media.hktdc.com/product-original/NF1064E-4A-C-P10/cbe4abb807d540cf99cad50f2afc4ecf,Nefertiti Group Limited,"Sterling Silver Jewellery; We upgrade our jewelry production line with produce 925 Sterling Silver and 14K & 18K Gold Fine jewelry.; ODM, OEM","Sterling Silver Jewellery; We upgrade our jewelry production line with produce 925 Sterling Silver and 14K & 18K Gold Fine jewelry.; ODM, OEM"
Cubic Zirconia 316L Stainless Steel Ring,Cubic Zirconia 316L Stainless Steel Ring,Material: 316L Stainless Steel; Plating: PVD / Ion Plating - 2 Quality ( Standard / Supreme); Plating Thickness:; Standard level : 0.5um TICN+0.05-0.06umAU; Duration: last more than half a year; Supreme level: 1.02um TICN+0.1umAU; Duration: last more than 1 year; Component: Cubic Zirconia; Feature: RoHs compliance • Anti-tarnish • Hypoallergenic • Waterproof; Lead Time: 35 days; Option: Stone Color Chart for Selection,Material: 316L Stainless Steel; Plating: PVD / Ion Plating - 2 Quality ( Standard / Supreme); Plating Thickness:; Standard level : 0.5um TICN+0.05-0.06umAU; Duration: last more than half a year; Supreme level: 1.02um TICN+0.1umAU; Duration: last more than 1 year; Component: Cubic Zirconia; Feature: RoHs compliance • Anti-tarnish • Hypoallergenic • Waterproof; Lead Time: 35 days; Option: Stone Color Chart for Selection,,,,Sunking (Global) Company Limited,"Men's Jewellery,Fresh Water Pearl Jewellery,Semi-Precious Stone Jewellery,Stainless Steel Jewellery; stainless steel necklace, stainless steel earrings, stainless steel ring, stainless steel bracelet&bangle, stainless steel hair clip, stainless steel brooch pin / OEM&ODM; ODM, OEM","Men's Jewellery,Fresh Water Pearl Jewellery,Semi-Precious Stone Jewellery,Stainless Steel Jewellery; stainless steel necklace, stainless steel earrings, stainless steel ring, stainless steel bracelet&bangle, stainless steel hair clip, stainless steel brooch pin / OEM&ODM; ODM, OEM"
Preciosa Crystal C-shape Stainless Steel Earring Hoops,Preciosa Crystal C-shape Stainless Steel Earring Hoops,Material: 316L Stainless Steel; Plating: PVD / Ion Plating - 2 Quality ( Standard / Supreme); Plating Thickness:; Standard level : 0.5um TICN+0.05-0.06umAU; Duration: last more than half a year; Supreme level: 1.02um TICN+0.1umAU; Duration: last more than 1 year; Component: Preciosa Crystal; Feature: RoHs compliance • Anti-tarnish • Hypoallergenic • Waterproof; Lead Time: 35 days; Option: Stone Color Chart for Selection,Material: 316L Stainless Steel; Plating: PVD / Ion Plating - 2 Quality ( Standard / Supreme); Plating Thickness:; Standard level : 0.5um TICN+0.05-0.06umAU; Duration: last more than half a year; Supreme level: 1.02um TICN+0.1umAU; Duration: last more than 1 year; Component: Preciosa Crystal; Feature: RoHs compliance • Anti-tarnish • Hypoallergenic • Waterproof; Lead Time: 35 days; Option: Stone Color Chart for Selection,,,,Sunking (Global) Company Limited,"Men's Jewellery,Fresh Water Pearl Jewellery,Semi-Precious Stone Jewellery,Stainless Steel Jewellery; stainless steel necklace, stainless steel earrings, stainless steel ring, stainless steel bracelet&bangle, stainless steel hair clip, stainless steel brooch pin / OEM&ODM; ODM, OEM","Men's Jewellery,Fresh Water Pearl Jewellery,Semi-Precious Stone Jewellery,Stainless Steel Jewellery; stainless steel necklace, stainless steel earrings, stainless steel ring, stainless steel bracelet&bangle, stainless steel hair clip, stainless steel brooch pin / OEM&ODM; ODM, OEM"
High Polished Chunky Organic Shape Stainless Steel Bangle,High Polished Chunky Organic Shape Stainless Steel Bangle,Material: 316L Stainless Steel; Plating: PVD / Ion Plating - 2 Quality ( Standard / Supreme); Plating Thickness:; Standard level : 0.5um TICN+0.05-0.06umAU; Duration: last more than half a year; Supreme level: 1.02um TICN+0.1umAU; Duration: last more than 1 year; Feature: RoHs compliance • Anti-tarnish • Hypoallergenic • Waterproof; Lead Time: 35 days; Option: Stone Color Chart for Selection,Material: 316L Stainless Steel; Plating: PVD / Ion Plating - 2 Quality ( Standard / Supreme); Plating Thickness:; Standard level : 0.5um TICN+0.05-0.06umAU; Duration: last more than half a year; Supreme level: 1.02um TICN+0.1umAU; Duration: last more than 1 year; Feature: RoHs compliance • Anti-tarnish • Hypoallergenic • Waterproof; Lead Time: 35 days; Option: Stone Color Chart for Selection,,,,Sunking (Global) Company Limited,"Men's Jewellery,Fresh Water Pearl Jewellery,Semi-Precious Stone Jewellery,Stainless Steel Jewellery; stainless steel necklace, stainless steel earrings, stainless steel ring, stainless steel bracelet&bangle, stainless steel hair clip, stainless steel brooch pin / OEM&ODM; ODM, OEM","Men's Jewellery,Fresh Water Pearl Jewellery,Semi-Precious Stone Jewellery,Stainless Steel Jewellery; stainless steel necklace, stainless steel earrings, stainless steel ring, stainless steel bracelet&bangle, stainless steel hair clip, stainless steel brooch pin / OEM&ODM; ODM, OEM"
Faceted Glass stone &  Cateye Stone & Preciosa Crystal Stainless Steel Jewelry Set,Faceted Glass stone &  Cateye Stone & Preciosa Crystal Stainless Steel Jewelry Set,Material: 316L Stainless Steel; Plating: PVD / Ion Plating - 2 Quality ( Standard / Supreme); Plating Thickness:; Standard level : 0.5um TICN+0.05-0.06umAU; Duration: last more than half a year; Supreme level: 1.02um TICN+0.1umAU; Duration: last more than 1 year; Component: Faceted Glass stone &  Cateye Stone & Preciosa Crystal; Feature: RoHs compliance • Anti-tarnish • Hypoallergenic • Waterproof; Lead Time: 35 days; Option: Stone Color Chart for Selection,Material: 316L Stainless Steel; Plating: PVD / Ion Plating - 2 Quality ( Standard / Supreme); Plating Thickness:; Standard level : 0.5um TICN+0.05-0.06umAU; Duration: last more than half a year; Supreme level: 1.02um TICN+0.1umAU; Duration: last more than 1 year; Component: Faceted Glass stone &  Cateye Stone & Preciosa Crystal; Feature: RoHs compliance • Anti-tarnish • Hypoallergenic • Waterproof; Lead Time: 35 days; Option: Stone Color Chart for Selection,,,,Sunking (Global) Company Limited,"Men's Jewellery,Fresh Water Pearl Jewellery,Semi-Precious Stone Jewellery,Stainless Steel Jewellery; stainless steel necklace, stainless steel earrings, stainless steel ring, stainless steel bracelet&bangle, stainless steel hair clip, stainless steel brooch pin / OEM&ODM; ODM, OEM","Men's Jewellery,Fresh Water Pearl Jewellery,Semi-Precious Stone Jewellery,Stainless Steel Jewellery; stainless steel necklace, stainless steel earrings, stainless steel ring, stainless steel bracelet&bangle, stainless steel hair clip, stainless steel brooch pin / OEM&ODM; ODM, OEM"
Preciosa Crystal Drop Shape 316L Stainless Steel Ring,Preciosa Crystal Drop Shape 316L Stainless Steel Ring,Material: 316L Stainless Steel; Plating: PVD / Ion Plating - 2 Quality ( Standard / Supreme); Plating Thickness:; Standard level : 0.5um TICN+0.05-0.06umAU; Duration: last more than half a year; Supreme level: 1.02um TICN+0.1umAU; Duration: last more than 1 year; Component: Preciosa Crystal; Feature: RoHs compliance • Anti-tarnish • Hypoallergenic • Waterproof; Lead Time: 35 days; Option: Stone Color Chart for Selection,Material: 316L Stainless Steel; Plating: PVD / Ion Plating - 2 Quality ( Standard / Supreme); Plating Thickness:; Standard level : 0.5um TICN+0.05-0.06umAU; Duration: last more than half a year; Supreme level: 1.02um TICN+0.1umAU; Duration: last more than 1 year; Component: Preciosa Crystal; Feature: RoHs compliance • Anti-tarnish • Hypoallergenic • Waterproof; Lead Time: 35 days; Option: Stone Color Chart for Selection,,,,Sunking (Global) Company Limited,"Men's Jewellery,Fresh Water Pearl Jewellery,Semi-Precious Stone Jewellery,Stainless Steel Jewellery; stainless steel necklace, stainless steel earrings, stainless steel ring, stainless steel bracelet&bangle, stainless steel hair clip, stainless steel brooch pin / OEM&ODM; ODM, OEM","Men's Jewellery,Fresh Water Pearl Jewellery,Semi-Precious Stone Jewellery,Stainless Steel Jewellery; stainless steel necklace, stainless steel earrings, stainless steel ring, stainless steel bracelet&bangle, stainless steel hair clip, stainless steel brooch pin / OEM&ODM; ODM, OEM"
Preciosa Crystal White Clay Stone Setting Stainless Steel Jewelry Set,Preciosa Crystal White Clay Stone Setting Stainless Steel Jewelry Set,Material: 316L Stainless Steel; Plating: PVD / Ion Plating - 2 Quality ( Standard / Supreme); Plating Thickness:; Standard level : 0.5um TICN+0.05-0.06umAU; Duration: last more than half a year; Supreme level: 1.02um TICN+0.1umAU; Duration: last more than 1 year; Component: Preciosa Crystal & White clay; Feature: RoHs compliance • Anti-tarnish • Hypoallergenic • Waterproof; Lead Time: 35 days; Option: Epoxy Coating for extra protection for glued stones,Material: 316L Stainless Steel; Plating: PVD / Ion Plating - 2 Quality ( Standard / Supreme); Plating Thickness:; Standard level : 0.5um TICN+0.05-0.06umAU; Duration: last more than half a year; Supreme level: 1.02um TICN+0.1umAU; Duration: last more than 1 year; Component: Preciosa Crystal & White clay; Feature: RoHs compliance • Anti-tarnish • Hypoallergenic • Waterproof; Lead Time: 35 days; Option: Epoxy Coating for extra protection for glued stones,,,,Sunking (Global) Company Limited,"Men's Jewellery,Fresh Water Pearl Jewellery,Semi-Precious Stone Jewellery,Stainless Steel Jewellery; stainless steel necklace, stainless steel earrings, stainless steel ring, stainless steel bracelet&bangle, stainless steel hair clip, stainless steel brooch pin / OEM&ODM; ODM, OEM","Men's Jewellery,Fresh Water Pearl Jewellery,Semi-Precious Stone Jewellery,Stainless Steel Jewellery; stainless steel necklace, stainless steel earrings, stainless steel ring, stainless steel bracelet&bangle, stainless steel hair clip, stainless steel brooch pin / OEM&ODM; ODM, OEM"
Drop Shape Hollow Stainless Steel Earrings,Drop Shape Hollow Stainless Steel Earrings,Material: 316L Stainless Steel; Plating: PVD / Ion Plating - 2 Quality ( Standard / Supreme); Plating Thickness:; Standard level : 0.5um TICN+0.05-0.06umAU; Duration: last more than half a year; Supreme level: 1.02um TICN+0.1umAU; Duration: last more than 1 year; Feature: RoHs compliance • Anti-tarnish • Hypoallergenic • Waterproof; Lead Time: 35 days; Option: Stone Color Chart for Selection,Material: 316L Stainless Steel; Plating: PVD / Ion Plating - 2 Quality ( Standard / Supreme); Plating Thickness:; Standard level : 0.5um TICN+0.05-0.06umAU; Duration: last more than half a year; Supreme level: 1.02um TICN+0.1umAU; Duration: last more than 1 year; Feature: RoHs compliance • Anti-tarnish • Hypoallergenic • Waterproof; Lead Time: 35 days; Option: Stone Color Chart for Selection,,,,Sunking (Global) Company Limited,"Men's Jewellery,Fresh Water Pearl Jewellery,Semi-Precious Stone Jewellery,Stainless Steel Jewellery; stainless steel necklace, stainless steel earrings, stainless steel ring, stainless steel bracelet&bangle, stainless steel hair clip, stainless steel brooch pin / OEM&ODM; ODM, OEM","Men's Jewellery,Fresh Water Pearl Jewellery,Semi-Precious Stone Jewellery,Stainless Steel Jewellery; stainless steel necklace, stainless steel earrings, stainless steel ring, stainless steel bracelet&bangle, stainless steel hair clip, stainless steel brooch pin / OEM&ODM; ODM, OEM"
Preciosa Crystal Stainless Steel Earrings Hoops,Preciosa Crystal Stainless Steel Earrings Hoops,Material: 316L Stainless Steel; Plating: PVD / Ion Plating - 2 Quality ( Standard / Supreme); Plating Thickness:; Standard level : 0.5um TICN+0.05-0.06umAU; Duration: last more than half a year; Supreme level: 1.02um TICN+0.1umAU; Duration: last more than 1 year; Component: Preciosa Crystal; Feature: RoHs compliance • Anti-tarnish • Hypoallergenic • Waterproof; Lead Time: 35 days; Option: Stone Color Chart for Selection,Material: 316L Stainless Steel; Plating: PVD / Ion Plating - 2 Quality ( Standard / Supreme); Plating Thickness:; Standard level : 0.5um TICN+0.05-0.06umAU; Duration: last more than half a year; Supreme level: 1.02um TICN+0.1umAU; Duration: last more than 1 year; Component: Preciosa Crystal; Feature: RoHs compliance • Anti-tarnish • Hypoallergenic • Waterproof; Lead Time: 35 days; Option: Stone Color Chart for Selection,,,,Sunking (Global) Company Limited,"Men's Jewellery,Fresh Water Pearl Jewellery,Semi-Precious Stone Jewellery,Stainless Steel Jewellery; stainless steel necklace, stainless steel earrings, stainless steel ring, stainless steel bracelet&bangle, stainless steel hair clip, stainless steel brooch pin / OEM&ODM; ODM, OEM","Men's Jewellery,Fresh Water Pearl Jewellery,Semi-Precious Stone Jewellery,Stainless Steel Jewellery; stainless steel necklace, stainless steel earrings, stainless steel ring, stainless steel bracelet&bangle, stainless steel hair clip, stainless steel brooch pin / OEM&ODM; ODM, OEM"
Preciosa Crystal Hollow Drop Shape Stainless Steel Earrings,Preciosa Crystal Hollow Drop Shape Stainless Steel Earrings,Material: 316L Stainless Steel; Plating: PVD / Ion Plating - 2 Quality ( Standard / Supreme); Plating Thickness:; Standard level : 0.5um TICN+0.05-0.06umAU; Duration: last more than half a year; Supreme level: 1.02um TICN+0.1umAU; Duration: last more than 1 year; Component: Preciosa Crystal; Feature: RoHs compliance • Anti-tarnish • Hypoallergenic • Waterproof; Lead Time: 35 days; Option: Stone Color Chart for Selection,Material: 316L Stainless Steel; Plating: PVD / Ion Plating - 2 Quality ( Standard / Supreme); Plating Thickness:; Standard level : 0.5um TICN+0.05-0.06umAU; Duration: last more than half a year; Supreme level: 1.02um TICN+0.1umAU; Duration: last more than 1 year; Component: Preciosa Crystal; Feature: RoHs compliance • Anti-tarnish • Hypoallergenic • Waterproof; Lead Time: 35 days; Option: Stone Color Chart for Selection,,,,Sunking (Global) Company Limited,"Men's Jewellery,Fresh Water Pearl Jewellery,Semi-Precious Stone Jewellery,Stainless Steel Jewellery; stainless steel necklace, stainless steel earrings, stainless steel ring, stainless steel bracelet&bangle, stainless steel hair clip, stainless steel brooch pin / OEM&ODM; ODM, OEM","Men's Jewellery,Fresh Water Pearl Jewellery,Semi-Precious Stone Jewellery,Stainless Steel Jewellery; stainless steel necklace, stainless steel earrings, stainless steel ring, stainless steel bracelet&bangle, stainless steel hair clip, stainless steel brooch pin / OEM&ODM; ODM, OEM"
Cubic Zirconia Stainless Steel Earrings,Cubic Zirconia Stainless Steel Earrings,Material: 316L Stainless Steel Plating: PVD / Ion Plating - 2 Quality (Standard / Supreme) Plating Thickness: Standard level: 0.5um TICN+0.05-0.06umAU Duration: last more than half a year Supreme level: 1.02um TICN+0.1umAU Duration: last more than 1 year Component: Zirconia Feature: RoHs compliance • Anti-tarnish • Hypoallergenic • Waterproof Lead Time: 35 days Option: Cubic Zirconia color chart for selection,Material: 316L Stainless Steel Plating: PVD / Ion Plating - 2 Quality (Standard / Supreme) Plating Thickness: Standard level: 0.5um TICN+0.05-0.06umAU Duration: last more than half a year Supreme level: 1.02um TICN+0.1umAU Duration: last more than 1 year Component: Zirconia Feature: RoHs compliance • Anti-tarnish • Hypoallergenic • Waterproof Lead Time: 35 days Option: Cubic Zirconia color chart for selection,,,,Sunking (Global) Company Limited,"Men's Jewellery,Fresh Water Pearl Jewellery,Semi-Precious Stone Jewellery,Stainless Steel Jewellery; stainless steel necklace, stainless steel earrings, stainless steel ring, stainless steel bracelet&bangle, stainless steel hair clip, stainless steel brooch pin / OEM&ODM; ODM, OEM","Men's Jewellery,Fresh Water Pearl Jewellery,Semi-Precious Stone Jewellery,Stainless Steel Jewellery; stainless steel necklace, stainless steel earrings, stainless steel ring, stainless steel bracelet&bangle, stainless steel hair clip, stainless steel brooch pin / OEM&ODM; ODM, OEM"
Pearl & Preciosa Crystal & Cubic Zirconia Stainless Steel Jewelry Set,Pearl & Preciosa Crystal & Cubic Zirconia Stainless Steel Jewelry Set,Material: 316L Stainless Steel; Plating: PVD / Ion Plating - 2 Quality ( Standard / Supreme); Plating Thickness:; Standard level : 0.5um TICN+0.05-0.06umAU; Duration: last more than half a year; Supreme level: 1.02um TICN+0.1umAU; Duration: last more than 1 year; Component: Pearl & Preciosa Crystal & Cubic Zirconia; Feature: RoHs compliance • Anti-tarnish • Hypoallergenic • Waterproof; Lead Time: 35 days; Option: Stone Color Chart for Selection,Material: 316L Stainless Steel; Plating: PVD / Ion Plating - 2 Quality ( Standard / Supreme); Plating Thickness:; Standard level : 0.5um TICN+0.05-0.06umAU; Duration: last more than half a year; Supreme level: 1.02um TICN+0.1umAU; Duration: last more than 1 year; Component: Pearl & Preciosa Crystal & Cubic Zirconia; Feature: RoHs compliance • Anti-tarnish • Hypoallergenic • Waterproof; Lead Time: 35 days; Option: Stone Color Chart for Selection,,,,Sunking (Global) Company Limited,"Men's Jewellery,Fresh Water Pearl Jewellery,Semi-Precious Stone Jewellery,Stainless Steel Jewellery; stainless steel necklace, stainless steel earrings, stainless steel ring, stainless steel bracelet&bangle, stainless steel hair clip, stainless steel brooch pin / OEM&ODM; ODM, OEM","Men's Jewellery,Fresh Water Pearl Jewellery,Semi-Precious Stone Jewellery,Stainless Steel Jewellery; stainless steel necklace, stainless steel earrings, stainless steel ring, stainless steel bracelet&bangle, stainless steel hair clip, stainless steel brooch pin / OEM&ODM; ODM, OEM"
Cubic Zirconia Wire Chain Stainless Steel Earrings,Cubic Zirconia Wire Chain Stainless Steel Earrings,Material: 316L Stainless Steel; Plating: PVD / Ion Plating - 2 Quality ( Standard / Supreme); Plating Thickness:; Standard level : 0.5um TICN+0.05-0.06umAU; Duration: last more than half a year; Supreme level: 1.02um TICN+0.1umAU; Duration: last more than 1 year; Component: Cubic Zirconia; Feature: RoHs compliance • Anti-tarnish • Hypoallergenic • Waterproof; Lead Time: 35 days; Option: Stone Color Chart for Selection,Material: 316L Stainless Steel; Plating: PVD / Ion Plating - 2 Quality ( Standard / Supreme); Plating Thickness:; Standard level : 0.5um TICN+0.05-0.06umAU; Duration: last more than half a year; Supreme level: 1.02um TICN+0.1umAU; Duration: last more than 1 year; Component: Cubic Zirconia; Feature: RoHs compliance • Anti-tarnish • Hypoallergenic • Waterproof; Lead Time: 35 days; Option: Stone Color Chart for Selection,,,,Sunking (Global) Company Limited,"Men's Jewellery,Fresh Water Pearl Jewellery,Semi-Precious Stone Jewellery,Stainless Steel Jewellery; stainless steel necklace, stainless steel earrings, stainless steel ring, stainless steel bracelet&bangle, stainless steel hair clip, stainless steel brooch pin / OEM&ODM; ODM, OEM","Men's Jewellery,Fresh Water Pearl Jewellery,Semi-Precious Stone Jewellery,Stainless Steel Jewellery; stainless steel necklace, stainless steel earrings, stainless steel ring, stainless steel bracelet&bangle, stainless steel hair clip, stainless steel brooch pin / OEM&ODM; ODM, OEM"
High Polished Drop Shape Chunky 316L Stainless Steel Open Bangle,High Polished Drop Shape Chunky 316L Stainless Steel Open Bangle,Material: 316L Stainless Steel; Plating: PVD / Ion Plating - 2 Quality ( Standard / Supreme); Plating Thickness:; Standard level : 0.5um TICN+0.05-0.06umAU; Duration: last more than half a year; Supreme level: 1.02um TICN+0.1umAU; Duration: last more than 1 year; Feature: RoHs compliance • Anti-tarnish • Hypoallergenic • Waterproof; Lead Time: 35 days; Option: Stone Color Chart for Selection,Material: 316L Stainless Steel; Plating: PVD / Ion Plating - 2 Quality ( Standard / Supreme); Plating Thickness:; Standard level : 0.5um TICN+0.05-0.06umAU; Duration: last more than half a year; Supreme level: 1.02um TICN+0.1umAU; Duration: last more than 1 year; Feature: RoHs compliance • Anti-tarnish • Hypoallergenic • Waterproof; Lead Time: 35 days; Option: Stone Color Chart for Selection,,,,Sunking (Global) Company Limited,"Men's Jewellery,Fresh Water Pearl Jewellery,Semi-Precious Stone Jewellery,Stainless Steel Jewellery; stainless steel necklace, stainless steel earrings, stainless steel ring, stainless steel bracelet&bangle, stainless steel hair clip, stainless steel brooch pin / OEM&ODM; ODM, OEM","Men's Jewellery,Fresh Water Pearl Jewellery,Semi-Precious Stone Jewellery,Stainless Steel Jewellery; stainless steel necklace, stainless steel earrings, stainless steel ring, stainless steel bracelet&bangle, stainless steel hair clip, stainless steel brooch pin / OEM&ODM; ODM, OEM"
Faceted Glass Stone Hollow Stainless Steel Ring,Faceted Glass Stone Hollow Stainless Steel Ring,Material: 316L Stainless Steel; Plating: PVD / Ion Plating - 2 Quality ( Standard / Supreme); Plating Thickness:; Standard level : 0.5um TICN+0.05-0.06umAU; Duration: last more than half a year; Supreme level: 1.02um TICN+0.1umAU; Duration: last more than 1 year; Component: Glass stone; Feature: RoHs compliance • Anti-tarnish • Hypoallergenic • Waterproof; Lead Time: 35 days,Material: 316L Stainless Steel; Plating: PVD / Ion Plating - 2 Quality ( Standard / Supreme); Plating Thickness:; Standard level : 0.5um TICN+0.05-0.06umAU; Duration: last more than half a year; Supreme level: 1.02um TICN+0.1umAU; Duration: last more than 1 year; Component: Glass stone; Feature: RoHs compliance • Anti-tarnish • Hypoallergenic • Waterproof; Lead Time: 35 days,,,,Sunking (Global) Company Limited,"Men's Jewellery,Fresh Water Pearl Jewellery,Semi-Precious Stone Jewellery,Stainless Steel Jewellery; stainless steel necklace, stainless steel earrings, stainless steel ring, stainless steel bracelet&bangle, stainless steel hair clip, stainless steel brooch pin / OEM&ODM; ODM, OEM","Men's Jewellery,Fresh Water Pearl Jewellery,Semi-Precious Stone Jewellery,Stainless Steel Jewellery; stainless steel necklace, stainless steel earrings, stainless steel ring, stainless steel bracelet&bangle, stainless steel hair clip, stainless steel brooch pin / OEM&ODM; ODM, OEM"
High Polished Stainless Steel Jewelry Jewellery Set,High Polished Stainless Steel Jewelry Jewellery Set,Material: 316L Stainless Steel; Plating: PVD / Ion Plating - 2 Quality ( Standard / Supreme); Plating Thickness:; Standard level : 0.5um TICN+0.05-0.06umAU; Duration: last more than half a year; Supreme level: 1.02um TICN+0.1umAU; Duration: last more than 1 year; Component: Faceted Stone; Feature: RoHs compliance • Anti-tarnish • Hypoallergenic • Waterproof; Lead Time: 35 days; Option: Stone Color Chart for Selection,Material: 316L Stainless Steel; Plating: PVD / Ion Plating - 2 Quality ( Standard / Supreme); Plating Thickness:; Standard level : 0.5um TICN+0.05-0.06umAU; Duration: last more than half a year; Supreme level: 1.02um TICN+0.1umAU; Duration: last more than 1 year; Component: Faceted Stone; Feature: RoHs compliance • Anti-tarnish • Hypoallergenic • Waterproof; Lead Time: 35 days; Option: Stone Color Chart for Selection,,,,Sunking (Global) Company Limited,"Men's Jewellery,Fresh Water Pearl Jewellery,Semi-Precious Stone Jewellery,Stainless Steel Jewellery; stainless steel necklace, stainless steel earrings, stainless steel ring, stainless steel bracelet&bangle, stainless steel hair clip, stainless steel brooch pin / OEM&ODM; ODM, OEM","Men's Jewellery,Fresh Water Pearl Jewellery,Semi-Precious Stone Jewellery,Stainless Steel Jewellery; stainless steel necklace, stainless steel earrings, stainless steel ring, stainless steel bracelet&bangle, stainless steel hair clip, stainless steel brooch pin / OEM&ODM; ODM, OEM"
Preciosa Crystal Drop Shape Stainless Steel Pendant Necklace,Preciosa Crystal Drop Shape Stainless Steel Pendant Necklace,Material: 316L Stainless Steel; Plating: PVD / Ion Plating - 2 Quality ( Standard / Supreme); Plating Thickness:; Standard level : 0.5um TICN+0.05-0.06umAU; Duration: last more than half a year; Supreme level: 1.02um TICN+0.1umAU; Duration: last more than 1 year; Component: Preciosa Crystal; Feature: RoHs compliance • Anti-tarnish • Hypoallergenic • Waterproof; Lead Time: 35 days; Option: Stone Color Chart for Selection,Material: 316L Stainless Steel; Plating: PVD / Ion Plating - 2 Quality ( Standard / Supreme); Plating Thickness:; Standard level : 0.5um TICN+0.05-0.06umAU; Duration: last more than half a year; Supreme level: 1.02um TICN+0.1umAU; Duration: last more than 1 year; Component: Preciosa Crystal; Feature: RoHs compliance • Anti-tarnish • Hypoallergenic • Waterproof; Lead Time: 35 days; Option: Stone Color Chart for Selection,,,,Sunking (Global) Company Limited,"Men's Jewellery,Fresh Water Pearl Jewellery,Semi-Precious Stone Jewellery,Stainless Steel Jewellery; stainless steel necklace, stainless steel earrings, stainless steel ring, stainless steel bracelet&bangle, stainless steel hair clip, stainless steel brooch pin / OEM&ODM; ODM, OEM","Men's Jewellery,Fresh Water Pearl Jewellery,Semi-Precious Stone Jewellery,Stainless Steel Jewellery; stainless steel necklace, stainless steel earrings, stainless steel ring, stainless steel bracelet&bangle, stainless steel hair clip, stainless steel brooch pin / OEM&ODM; ODM, OEM"
Enamel C-shape Stainless Steel Earring Hoops,Enamel C-shape Stainless Steel Earring Hoops,Material: 316L Stainless Steel; Plating: PVD / Ion Plating - 2 Quality ( Standard / Supreme); Plating Thickness:; Standard level : 0.5um TICN+0.05-0.06umAU; Duration: last more than half a year; Supreme level: 1.02um TICN+0.1umAU; Duration: last more than 1 year; Component: Enamel; Feature: RoHs compliance • Anti-tarnish • Hypoallergenic • Waterproof; Lead Time: 35 days; Option: Pantone Color Chart for Selection,Material: 316L Stainless Steel; Plating: PVD / Ion Plating - 2 Quality ( Standard / Supreme); Plating Thickness:; Standard level : 0.5um TICN+0.05-0.06umAU; Duration: last more than half a year; Supreme level: 1.02um TICN+0.1umAU; Duration: last more than 1 year; Component: Enamel; Feature: RoHs compliance • Anti-tarnish • Hypoallergenic • Waterproof; Lead Time: 35 days; Option: Pantone Color Chart for Selection,,,,Sunking (Global) Company Limited,"Men's Jewellery,Fresh Water Pearl Jewellery,Semi-Precious Stone Jewellery,Stainless Steel Jewellery; stainless steel necklace, stainless steel earrings, stainless steel ring, stainless steel bracelet&bangle, stainless steel hair clip, stainless steel brooch pin / OEM&ODM; ODM, OEM","Men's Jewellery,Fresh Water Pearl Jewellery,Semi-Precious Stone Jewellery,Stainless Steel Jewellery; stainless steel necklace, stainless steel earrings, stainless steel ring, stainless steel bracelet&bangle, stainless steel hair clip, stainless steel brooch pin / OEM&ODM; ODM, OEM"
Preciosa Crystal PVD Plating 316L Stainless Steel Ring,Preciosa Crystal PVD Plating 316L Stainless Steel Ring,Material: 316L Stainless Steel; Plating: PVD / Ion Plating - 2 Quality ( Standard / Supreme); Plating Thickness:; Standard level : 0.5um TICN+0.05-0.06umAU; Duration: last more than half a year; Supreme level: 1.02um TICN+0.1umAU; Duration: last more than 1 year; Component: Preciosa Crystal; Feature: RoHs compliance • Anti-tarnish • Hypoallergenic • Waterproof; Lead Time: 35 days; Option: Stone Color Chart for Selection,Material: 316L Stainless Steel; Plating: PVD / Ion Plating - 2 Quality ( Standard / Supreme); Plating Thickness:; Standard level : 0.5um TICN+0.05-0.06umAU; Duration: last more than half a year; Supreme level: 1.02um TICN+0.1umAU; Duration: last more than 1 year; Component: Preciosa Crystal; Feature: RoHs compliance • Anti-tarnish • Hypoallergenic • Waterproof; Lead Time: 35 days; Option: Stone Color Chart for Selection,,,,Sunking (Global) Company Limited,"Men's Jewellery,Fresh Water Pearl Jewellery,Semi-Precious Stone Jewellery,Stainless Steel Jewellery; stainless steel necklace, stainless steel earrings, stainless steel ring, stainless steel bracelet&bangle, stainless steel hair clip, stainless steel brooch pin / OEM&ODM; ODM, OEM","Men's Jewellery,Fresh Water Pearl Jewellery,Semi-Precious Stone Jewellery,Stainless Steel Jewellery; stainless steel necklace, stainless steel earrings, stainless steel ring, stainless steel bracelet&bangle, stainless steel hair clip, stainless steel brooch pin / OEM&ODM; ODM, OEM"
Preciosa Crystal Open-heart Stainless Steel Necklace,Preciosa Crystal Open-heart Stainless Steel Necklace,Material: 316L Stainless Steel; Plating: PVD / Ion Plating - 2 Quality ( Standard / Supreme); Plating Thickness:; Standard level : 0.5um TICN+0.05-0.06umAU; Duration: last more than half a year; Supreme level: 1.02um TICN+0.1umAU; Duration: last more than 1 year; Feature: RoHS compliance • Anti-tarnish • Hypoallergenic • Waterproof; Lead Time: 35 days,Material: 316L Stainless Steel; Plating: PVD / Ion Plating - 2 Quality ( Standard / Supreme); Plating Thickness:; Standard level : 0.5um TICN+0.05-0.06umAU; Duration: last more than half a year; Supreme level: 1.02um TICN+0.1umAU; Duration: last more than 1 year; Feature: RoHS compliance • Anti-tarnish • Hypoallergenic • Waterproof; Lead Time: 35 days,,,,Sunking (Global) Company Limited,"Men's Jewellery,Fresh Water Pearl Jewellery,Semi-Precious Stone Jewellery,Stainless Steel Jewellery; stainless steel necklace, stainless steel earrings, stainless steel ring, stainless steel bracelet&bangle, stainless steel hair clip, stainless steel brooch pin / OEM&ODM; ODM, OEM","Men's Jewellery,Fresh Water Pearl Jewellery,Semi-Precious Stone Jewellery,Stainless Steel Jewellery; stainless steel necklace, stainless steel earrings, stainless steel ring, stainless steel bracelet&bangle, stainless steel hair clip, stainless steel brooch pin / OEM&ODM; ODM, OEM"
Hollow Pattern Drop Shape Stainless Steel Earring,Hollow Pattern Drop Shape Stainless Steel Earring,Material: 316L Stainless Steel; Plating: PVD / Ion Plating - 2 Quality ( Standard / Supreme); Plating Thickness:; Standard level : 0.5um TICN+0.05-0.06umAU; Duration: last more than half a year; Supreme level: 1.02um TICN+0.1umAU; Duration: last more than 1 year; Feature: RoHs compliance • Anti-tarnish • Hypoallergenic • Waterproof; Lead Time: 35 days; Option: Stone Color Chart for Selection,Material: 316L Stainless Steel; Plating: PVD / Ion Plating - 2 Quality ( Standard / Supreme); Plating Thickness:; Standard level : 0.5um TICN+0.05-0.06umAU; Duration: last more than half a year; Supreme level: 1.02um TICN+0.1umAU; Duration: last more than 1 year; Feature: RoHs compliance • Anti-tarnish • Hypoallergenic • Waterproof; Lead Time: 35 days; Option: Stone Color Chart for Selection,,,,Sunking (Global) Company Limited,"Men's Jewellery,Fresh Water Pearl Jewellery,Semi-Precious Stone Jewellery,Stainless Steel Jewellery; stainless steel necklace, stainless steel earrings, stainless steel ring, stainless steel bracelet&bangle, stainless steel hair clip, stainless steel brooch pin / OEM&ODM; ODM, OEM","Men's Jewellery,Fresh Water Pearl Jewellery,Semi-Precious Stone Jewellery,Stainless Steel Jewellery; stainless steel necklace, stainless steel earrings, stainless steel ring, stainless steel bracelet&bangle, stainless steel hair clip, stainless steel brooch pin / OEM&ODM; ODM, OEM"
bracelet,bracelet,Alloy:silver&brass; plating:gold plating&rhodium plating,Alloy:silver&brass; plating:gold plating&rhodium plating,,,,Artful Corporation Limited,"Sterling Silver Jewellery; Tennis bracelets, Rainbow collection; OEM","Sterling Silver Jewellery; Tennis bracelets, Rainbow collection; OEM"
1003-10230-302,1003-10230-302,"steel + gold color plating + white cz, 40+6cm","steel + gold color plating + white cz, 40+6cm",,,,Maduro Limited,"Men's Jewellery,Diamond Jewellery,Gold Jewellery Set,South Sea Pearl Jewellery,Fresh Water Pearl Jewellery,Semi-Precious Stone Jewellery,Sterling Silver Jewellery,White Gold Jewellery,Titanium Jewellery,Stainless Steel Jewellery; stainless steel; OEM, ODM","Men's Jewellery,Diamond Jewellery,Gold Jewellery Set,South Sea Pearl Jewellery,Fresh Water Pearl Jewellery,Semi-Precious Stone Jewellery,Sterling Silver Jewellery,White Gold Jewellery,Titanium Jewellery,Stainless Steel Jewellery; stainless steel; OEM, ODM"
1003-10225-302,1003-10225-302,"steel + gold color plating +  colorful cz, 40+5cm","steel + gold color plating +  colorful cz, 40+5cm",,,,Maduro Limited,"Men's Jewellery,Diamond Jewellery,Gold Jewellery Set,South Sea Pearl Jewellery,Fresh Water Pearl Jewellery,Semi-Precious Stone Jewellery,Sterling Silver Jewellery,White Gold Jewellery,Titanium Jewellery,Stainless Steel Jewellery; stainless steel; OEM, ODM","Men's Jewellery,Diamond Jewellery,Gold Jewellery Set,South Sea Pearl Jewellery,Fresh Water Pearl Jewellery,Semi-Precious Stone Jewellery,Sterling Silver Jewellery,White Gold Jewellery,Titanium Jewellery,Stainless Steel Jewellery; stainless steel; OEM, ODM"
1002-10224-302,1002-10224-302,"brass + gold color plating + white cz , 39+5cm","brass + gold color plating + white cz , 39+5cm",,,,Maduro Limited,"Men's Jewellery,Diamond Jewellery,Gold Jewellery Set,South Sea Pearl Jewellery,Fresh Water Pearl Jewellery,Semi-Precious Stone Jewellery,Sterling Silver Jewellery,White Gold Jewellery,Titanium Jewellery,Stainless Steel Jewellery; stainless steel; OEM, ODM","Men's Jewellery,Diamond Jewellery,Gold Jewellery Set,South Sea Pearl Jewellery,Fresh Water Pearl Jewellery,Semi-Precious Stone Jewellery,Sterling Silver Jewellery,White Gold Jewellery,Titanium Jewellery,Stainless Steel Jewellery; stainless steel; OEM, ODM"
1002-10247-102,1002-10247-102,brass + gold color plating + colorful cz,brass + gold color plating + colorful cz,,,,Maduro Limited,"Men's Jewellery,Diamond Jewellery,Gold Jewellery Set,South Sea Pearl Jewellery,Fresh Water Pearl Jewellery,Semi-Precious Stone Jewellery,Sterling Silver Jewellery,White Gold Jewellery,Titanium Jewellery,Stainless Steel Jewellery; stainless steel; OEM, ODM","Men's Jewellery,Diamond Jewellery,Gold Jewellery Set,South Sea Pearl Jewellery,Fresh Water Pearl Jewellery,Semi-Precious Stone Jewellery,Sterling Silver Jewellery,White Gold Jewellery,Titanium Jewellery,Stainless Steel Jewellery; stainless steel; OEM, ODM"
1003-104225-701,1003-104225-701,"brass + gold color plating + enamal + shell letter beads, 17cm","brass + gold color plating + enamal + shell letter beads, 17cm",,,,Maduro Limited,"Men's Jewellery,Diamond Jewellery,Gold Jewellery Set,South Sea Pearl Jewellery,Fresh Water Pearl Jewellery,Semi-Precious Stone Jewellery,Sterling Silver Jewellery,White Gold Jewellery,Titanium Jewellery,Stainless Steel Jewellery; stainless steel; OEM, ODM","Men's Jewellery,Diamond Jewellery,Gold Jewellery Set,South Sea Pearl Jewellery,Fresh Water Pearl Jewellery,Semi-Precious Stone Jewellery,Sterling Silver Jewellery,White Gold Jewellery,Titanium Jewellery,Stainless Steel Jewellery; stainless steel; OEM, ODM"
1003-10224-202,1003-10224-202,steel + gold color plating + colorful cz,steel + gold color plating + colorful cz,,,,Maduro Limited,"Men's Jewellery,Diamond Jewellery,Gold Jewellery Set,South Sea Pearl Jewellery,Fresh Water Pearl Jewellery,Semi-Precious Stone Jewellery,Sterling Silver Jewellery,White Gold Jewellery,Titanium Jewellery,Stainless Steel Jewellery; stainless steel; OEM, ODM","Men's Jewellery,Diamond Jewellery,Gold Jewellery Set,South Sea Pearl Jewellery,Fresh Water Pearl Jewellery,Semi-Precious Stone Jewellery,Sterling Silver Jewellery,White Gold Jewellery,Titanium Jewellery,Stainless Steel Jewellery; stainless steel; OEM, ODM"
1003-10221-302,1003-10221-302,"steel + gold color plating + colorful glass stone , 45+5cm","steel + gold color plating + colorful glass stone , 45+5cm",,,,Maduro Limited,"Men's Jewellery,Diamond Jewellery,Gold Jewellery Set,South Sea Pearl Jewellery,Fresh Water Pearl Jewellery,Semi-Precious Stone Jewellery,Sterling Silver Jewellery,White Gold Jewellery,Titanium Jewellery,Stainless Steel Jewellery; stainless steel; OEM, ODM","Men's Jewellery,Diamond Jewellery,Gold Jewellery Set,South Sea Pearl Jewellery,Fresh Water Pearl Jewellery,Semi-Precious Stone Jewellery,Sterling Silver Jewellery,White Gold Jewellery,Titanium Jewellery,Stainless Steel Jewellery; stainless steel; OEM, ODM"
1003-10215-102,1003-10215-102,steel + gold color plating + green cz,steel + gold color plating + green cz,,,,Maduro Limited,"Men's Jewellery,Diamond Jewellery,Gold Jewellery Set,South Sea Pearl Jewellery,Fresh Water Pearl Jewellery,Semi-Precious Stone Jewellery,Sterling Silver Jewellery,White Gold Jewellery,Titanium Jewellery,Stainless Steel Jewellery; stainless steel; OEM, ODM","Men's Jewellery,Diamond Jewellery,Gold Jewellery Set,South Sea Pearl Jewellery,Fresh Water Pearl Jewellery,Semi-Precious Stone Jewellery,Sterling Silver Jewellery,White Gold Jewellery,Titanium Jewellery,Stainless Steel Jewellery; stainless steel; OEM, ODM"
1003-10301-702,1003-10301-702,"steel + gold color plating + colorful string and glass beads , 16.5+2.5cm","steel + gold color plating + colorful string and glass beads , 16.5+2.5cm",,,,Maduro Limited,"Men's Jewellery,Diamond Jewellery,Gold Jewellery Set,South Sea Pearl Jewellery,Fresh Water Pearl Jewellery,Semi-Precious Stone Jewellery,Sterling Silver Jewellery,White Gold Jewellery,Titanium Jewellery,Stainless Steel Jewellery; stainless steel; OEM, ODM","Men's Jewellery,Diamond Jewellery,Gold Jewellery Set,South Sea Pearl Jewellery,Fresh Water Pearl Jewellery,Semi-Precious Stone Jewellery,Sterling Silver Jewellery,White Gold Jewellery,Titanium Jewellery,Stainless Steel Jewellery; stainless steel; OEM, ODM"
1003-104222-701,1003-104222-701,"steel + steel color + enamal, 18+3cm","steel + steel color + enamal, 18+3cm",,,,Maduro Limited,"Men's Jewellery,Diamond Jewellery,Gold Jewellery Set,South Sea Pearl Jewellery,Fresh Water Pearl Jewellery,Semi-Precious Stone Jewellery,Sterling Silver Jewellery,White Gold Jewellery,Titanium Jewellery,Stainless Steel Jewellery; stainless steel; OEM, ODM","Men's Jewellery,Diamond Jewellery,Gold Jewellery Set,South Sea Pearl Jewellery,Fresh Water Pearl Jewellery,Semi-Precious Stone Jewellery,Sterling Silver Jewellery,White Gold Jewellery,Titanium Jewellery,Stainless Steel Jewellery; stainless steel; OEM, ODM"
Sports Watch - Stainless steel - Men / Women,Sports Watch - Stainless steel - Men / Women,Ref: 1003-1036-054; Material: Stainless Steel Case; Top Ring: Smooth / Fluted(Silver / IP Rose gold / IP Gold plating); Mineral Lens: Magnifier Lens for Date window; Size: 36mm; Water resistant: 5 ATM; Movement: 3 hands with Date movement; Dial: UP Index / UP with white luminous Index; Band: Stainless steel Cap-folded bracelet / solid Metal bracelet /; five-pieces links bracelet; Color: Silver / IP rose gold / IP gold / Two Tone plating ;; case :; • Stainless Steel Case; • IP gold Plating; for top ring; • (Interchangeable; for top ring concept); • 3 Hands Date Movement; • Sunray dial with UP index; • Stainless steel Cap-folded; Stainless steel bracelet; ( Two Tone - S/S / IPG ); • 5 ATM; • Case Size: 36mm; • Size: 38mm  /  41mm also Available; • 2 different kinds of; Metal band Available; • Silver / IP Gold / IP Rose; gold version Available,Ref: 1003-1036-054; Material: Stainless Steel Case; Top Ring: Smooth / Fluted(Silver / IP Rose gold / IP Gold plating); Mineral Lens: Magnifier Lens for Date window; Size: 36mm; Water resistant: 5 ATM; Movement: 3 hands with Date movement; Dial: UP Index / UP with white luminous Index; Band: Stainless steel Cap-folded bracelet / solid Metal bracelet /; five-pieces links bracelet; Color: Silver / IP rose gold / IP gold / Two Tone plating ;; case :; • Stainless Steel Case; • IP gold Plating; for top ring; • (Interchangeable; for top ring concept); • 3 Hands Date Movement; • Sunray dial with UP index; • Stainless steel Cap-folded; Stainless steel bracelet; ( Two Tone - S/S / IPG ); • 5 ATM; • Case Size: 36mm; • Size: 38mm  /  41mm also Available; • 2 different kinds of; Metal band Available; • Silver / IP Gold / IP Rose; gold version Available,,,,Maduro Limited,"Men's Jewellery,Diamond Jewellery,Gold Jewellery Set,South Sea Pearl Jewellery,Fresh Water Pearl Jewellery,Semi-Precious Stone Jewellery,Sterling Silver Jewellery,White Gold Jewellery,Titanium Jewellery,Stainless Steel Jewellery; stainless steel; OEM, ODM","Men's Jewellery,Diamond Jewellery,Gold Jewellery Set,South Sea Pearl Jewellery,Fresh Water Pearl Jewellery,Semi-Precious Stone Jewellery,Sterling Silver Jewellery,White Gold Jewellery,Titanium Jewellery,Stainless Steel Jewellery; stainless steel; OEM, ODM"
Jewelry Box,Jewelry Box,Jewelry Box,Jewelry Box,,,,"Dongguan Elegant Packaging Manufacturing Co., Ltd.","Jewellery Packaging Material, Jewellery and Watch Box, Jewellery Display Material, Jewellery Packaging & Display; Our company has its own professional production line and provides customized services for our clients. We can help customers add the brand logo and assist in product design. The company's products all use plastic core materials.; OEM, ODM","Jewellery Packaging Material, Jewellery and Watch Box, Jewellery Display Material, Jewellery Packaging & Display; Our company has its own professional production line and provides customized services for our clients. We can help customers add the brand logo and assist in product design. The company's products all use plastic core materials.; OEM, ODM"
Small Jewellery Box,Small Jewellery Box,Small Jewellery Box,Small Jewellery Box,,,,"Dongguan Elegant Packaging Manufacturing Co., Ltd.","Jewellery Packaging Material, Jewellery and Watch Box, Jewellery Display Material, Jewellery Packaging & Display; Our company has its own professional production line and provides customized services for our clients. We can help customers add the brand logo and assist in product design. The company's products all use plastic core materials.; OEM, ODM","Jewellery Packaging Material, Jewellery and Watch Box, Jewellery Display Material, Jewellery Packaging & Display; Our company has its own professional production line and provides customized services for our clients. We can help customers add the brand logo and assist in product design. The company's products all use plastic core materials.; OEM, ODM"
High quality velvet jewelry pouch,High quality velvet jewelry pouch,Material: Velvet; Logo: Silk print; Ribbon: Choose simiar color to match velvet,Material: Velvet; Logo: Silk print; Ribbon: Choose simiar color to match velvet,,,,"Dongguan Elegant Packaging Manufacturing Co., Ltd.","Jewellery Packaging Material, Jewellery and Watch Box, Jewellery Display Material, Jewellery Packaging & Display; Our company has its own professional production line and provides customized services for our clients. We can help customers add the brand logo and assist in product design. The company's products all use plastic core materials.; OEM, ODM","Jewellery Packaging Material, Jewellery and Watch Box, Jewellery Display Material, Jewellery Packaging & Display; Our company has its own professional production line and provides customized services for our clients. We can help customers add the brand logo and assist in product design. The company's products all use plastic core materials.; OEM, ODM"
High Quality PU leather jewelry box,High Quality PU leather jewelry box,Mould: Plastic; Outside Material: Velvet/Pu/Tweed/Linen; Inside Material: Suede/Velvet; Insert: Same as pic/Customized; Logo: Hot stamping/Embossed; Zip&Puller: Metal,Mould: Plastic; Outside Material: Velvet/Pu/Tweed/Linen; Inside Material: Suede/Velvet; Insert: Same as pic/Customized; Logo: Hot stamping/Embossed; Zip&Puller: Metal,,,,"Dongguan Elegant Packaging Manufacturing Co., Ltd.","Jewellery Packaging Material, Jewellery and Watch Box, Jewellery Display Material, Jewellery Packaging & Display; Our company has its own professional production line and provides customized services for our clients. We can help customers add the brand logo and assist in product design. The company's products all use plastic core materials.; OEM, ODM","Jewellery Packaging Material, Jewellery and Watch Box, Jewellery Display Material, Jewellery Packaging & Display; Our company has its own professional production line and provides customized services for our clients. We can help customers add the brand logo and assist in product design. The company's products all use plastic core materials.; OEM, ODM"
jewelry box,jewelry box,Mould: Plastic; Outside Material: Velvet; Inside Material: Suede; Insert: Same as pic or customized; Zip&Puller: Metal; Logo: Hot stamping/Embossed,Mould: Plastic; Outside Material: Velvet; Inside Material: Suede; Insert: Same as pic or customized; Zip&Puller: Metal; Logo: Hot stamping/Embossed,,,,"Dongguan Elegant Packaging Manufacturing Co., Ltd.","Jewellery Packaging Material, Jewellery and Watch Box, Jewellery Display Material, Jewellery Packaging & Display; Our company has its own professional production line and provides customized services for our clients. We can help customers add the brand logo and assist in product design. The company's products all use plastic core materials.; OEM, ODM","Jewellery Packaging Material, Jewellery and Watch Box, Jewellery Display Material, Jewellery Packaging & Display; Our company has its own professional production line and provides customized services for our clients. We can help customers add the brand logo and assist in product design. The company's products all use plastic core materials.; OEM, ODM"
Pu leather watch box storage watch roll luxury Men watch case,Pu leather watch box storage watch roll luxury Men watch case,Mould: Plastic; Outside Material: PU/Real leather/Saffino; Inside Material: Suede/velvet; Logo: Embossed; Button: Metal; Insert: One slot,Mould: Plastic; Outside Material: PU/Real leather/Saffino; Inside Material: Suede/velvet; Logo: Embossed; Button: Metal; Insert: One slot,,,,"Dongguan Elegant Packaging Manufacturing Co., Ltd.","Jewellery Packaging Material, Jewellery and Watch Box, Jewellery Display Material, Jewellery Packaging & Display; Our company has its own professional production line and provides customized services for our clients. We can help customers add the brand logo and assist in product design. The company's products all use plastic core materials.; OEM, ODM","Jewellery Packaging Material, Jewellery and Watch Box, Jewellery Display Material, Jewellery Packaging & Display; Our company has its own professional production line and provides customized services for our clients. We can help customers add the brand logo and assist in product design. The company's products all use plastic core materials.; OEM, ODM"
Customized wholesale Pu leather travel portable jewelry storage multi-functional large luxury jewelry storage box,Customized wholesale Pu leather travel portable jewelry storage multi-functional large luxury jewelry storage box,Mould: Plastic; Material: PU/real leather; Size: 265*110*205mm; Insert: 6 trays/8 trays; Logo: hot stamping/embossed; Zipper&puller: Metal,Mould: Plastic; Material: PU/real leather; Size: 265*110*205mm; Insert: 6 trays/8 trays; Logo: hot stamping/embossed; Zipper&puller: Metal,,,,"Dongguan Elegant Packaging Manufacturing Co., Ltd.","Jewellery Packaging Material, Jewellery and Watch Box, Jewellery Display Material, Jewellery Packaging & Display; Our company has its own professional production line and provides customized services for our clients. We can help customers add the brand logo and assist in product design. The company's products all use plastic core materials.; OEM, ODM","Jewellery Packaging Material, Jewellery and Watch Box, Jewellery Display Material, Jewellery Packaging & Display; Our company has its own professional production line and provides customized services for our clients. We can help customers add the brand logo and assist in product design. The company's products all use plastic core materials.; OEM, ODM"
High Quality round velvet jewelry box gift box jewellery box storage customized,High Quality round velvet jewelry box gift box jewellery box storage customized,Mould: Plastic; Outside Material: Velvet/PU/Tweed/Linen; Inside Material: Suede/Velvet; Insert: Same as pic or customized; Logo: Hot stamping/Silk print; Zip&Puller: Metal,Mould: Plastic; Outside Material: Velvet/PU/Tweed/Linen; Inside Material: Suede/Velvet; Insert: Same as pic or customized; Logo: Hot stamping/Silk print; Zip&Puller: Metal,,,,"Dongguan Elegant Packaging Manufacturing Co., Ltd.","Jewellery Packaging Material, Jewellery and Watch Box, Jewellery Display Material, Jewellery Packaging & Display; Our company has its own professional production line and provides customized services for our clients. We can help customers add the brand logo and assist in product design. The company's products all use plastic core materials.; OEM, ODM","Jewellery Packaging Material, Jewellery and Watch Box, Jewellery Display Material, Jewellery Packaging & Display; Our company has its own professional production line and provides customized services for our clients. We can help customers add the brand logo and assist in product design. The company's products all use plastic core materials.; OEM, ODM"
PU leather Jewelry luxury box Men travel box Jewellery storage,PU leather Jewelry luxury box Men travel box Jewellery storage,Mould: Plastic; Outisde Material: PU / Real leather; Inside Material: suede; Logo: Hot stamping / Metal logo; Insert: 6 trays / 8 trays; Zip&Puller: Metal / customized,Mould: Plastic; Outisde Material: PU / Real leather; Inside Material: suede; Logo: Hot stamping / Metal logo; Insert: 6 trays / 8 trays; Zip&Puller: Metal / customized,,,,"Dongguan Elegant Packaging Manufacturing Co., Ltd.","Jewellery Packaging Material, Jewellery and Watch Box, Jewellery Display Material, Jewellery Packaging & Display; Our company has its own professional production line and provides customized services for our clients. We can help customers add the brand logo and assist in product design. The company's products all use plastic core materials.; OEM, ODM","Jewellery Packaging Material, Jewellery and Watch Box, Jewellery Display Material, Jewellery Packaging & Display; Our company has its own professional production line and provides customized services for our clients. We can help customers add the brand logo and assist in product design. The company's products all use plastic core materials.; OEM, ODM"
High quality velvet mirror jewelry box,High quality velvet mirror jewelry box,Mould: Plastic; Outside Material: Velvet/PU/Tweed/Linen; Inside Material: Suede/Velvet; Insert: Same as pic/Customized; Logo: Embossed/Hot Stamping; Zip&Puller: Metal,Mould: Plastic; Outside Material: Velvet/PU/Tweed/Linen; Inside Material: Suede/Velvet; Insert: Same as pic/Customized; Logo: Embossed/Hot Stamping; Zip&Puller: Metal,,,,"Dongguan Elegant Packaging Manufacturing Co., Ltd.","Jewellery Packaging Material, Jewellery and Watch Box, Jewellery Display Material, Jewellery Packaging & Display; Our company has its own professional production line and provides customized services for our clients. We can help customers add the brand logo and assist in product design. The company's products all use plastic core materials.; OEM, ODM","Jewellery Packaging Material, Jewellery and Watch Box, Jewellery Display Material, Jewellery Packaging & Display; Our company has its own professional production line and provides customized services for our clients. We can help customers add the brand logo and assist in product design. The company's products all use plastic core materials.; OEM, ODM"
High quality velvet jewelry box,High quality velvet jewelry box,Mould: Plastic; Outside Material: Velvet/PU/Linen/Tweed; Inside Material: Suede/Velvet; Insert: Same as pic/Customized; Logo: Embossed/Hot Stamping; Zip&Puller: Metal,Mould: Plastic; Outside Material: Velvet/PU/Linen/Tweed; Inside Material: Suede/Velvet; Insert: Same as pic/Customized; Logo: Embossed/Hot Stamping; Zip&Puller: Metal,,,,"Dongguan Elegant Packaging Manufacturing Co., Ltd.","Jewellery Packaging Material, Jewellery and Watch Box, Jewellery Display Material, Jewellery Packaging & Display; Our company has its own professional production line and provides customized services for our clients. We can help customers add the brand logo and assist in product design. The company's products all use plastic core materials.; OEM, ODM","Jewellery Packaging Material, Jewellery and Watch Box, Jewellery Display Material, Jewellery Packaging & Display; Our company has its own professional production line and provides customized services for our clients. We can help customers add the brand logo and assist in product design. The company's products all use plastic core materials.; OEM, ODM"
Make up bag jewelry bag wash bag,Make up bag jewelry bag wash bag,Material: Velvet/Tweed; Size: 180*110*80mm / 240*160*120mm; Insert: Empty; Logo: Silk print; Zip&Puller: Metal,Material: Velvet/Tweed; Size: 180*110*80mm / 240*160*120mm; Insert: Empty; Logo: Silk print; Zip&Puller: Metal,,,,"Dongguan Elegant Packaging Manufacturing Co., Ltd.","Jewellery Packaging Material, Jewellery and Watch Box, Jewellery Display Material, Jewellery Packaging & Display; Our company has its own professional production line and provides customized services for our clients. We can help customers add the brand logo and assist in product design. The company's products all use plastic core materials.; OEM, ODM","Jewellery Packaging Material, Jewellery and Watch Box, Jewellery Display Material, Jewellery Packaging & Display; Our company has its own professional production line and provides customized services for our clients. We can help customers add the brand logo and assist in product design. The company's products all use plastic core materials.; OEM, ODM"
Travel Jewellery Roll Jewelry bag,Travel Jewellery Roll Jewelry bag,Outside Material: Velvet/PU/Tweed/Linen; Interior: Suede; Style: High-Quality; Size: 175*100mm (open size) also can customized; Zip&Puller: Metal; Logo: Hot stamping or embossed or Silk print,Outside Material: Velvet/PU/Tweed/Linen; Interior: Suede; Style: High-Quality; Size: 175*100mm (open size) also can customized; Zip&Puller: Metal; Logo: Hot stamping or embossed or Silk print,,,,"Dongguan Elegant Packaging Manufacturing Co., Ltd.","Jewellery Packaging Material, Jewellery and Watch Box, Jewellery Display Material, Jewellery Packaging & Display; Our company has its own professional production line and provides customized services for our clients. We can help customers add the brand logo and assist in product design. The company's products all use plastic core materials.; OEM, ODM","Jewellery Packaging Material, Jewellery and Watch Box, Jewellery Display Material, Jewellery Packaging & Display; Our company has its own professional production line and provides customized services for our clients. We can help customers add the brand logo and assist in product design. The company's products all use plastic core materials.; OEM, ODM"
Hot Sell Jewellery Leather Tray,Hot Sell Jewellery Leather Tray,Hot Sell Jewellery Leather Tray,Hot Sell Jewellery Leather Tray,,,,"Dongguan Elegant Packaging Manufacturing Co., Ltd.","Jewellery Packaging Material, Jewellery and Watch Box, Jewellery Display Material, Jewellery Packaging & Display; Our company has its own professional production line and provides customized services for our clients. We can help customers add the brand logo and assist in product design. The company's products all use plastic core materials.; OEM, ODM","Jewellery Packaging Material, Jewellery and Watch Box, Jewellery Display Material, Jewellery Packaging & Display; Our company has its own professional production line and provides customized services for our clients. We can help customers add the brand logo and assist in product design. The company's products all use plastic core materials.; OEM, ODM"
Portable travel jewelry box,Portable travel jewelry box,Portable travel jewelry box,Portable travel jewelry box,,,,"Dongguan Elegant Packaging Manufacturing Co., Ltd.","Jewellery Packaging Material, Jewellery and Watch Box, Jewellery Display Material, Jewellery Packaging & Display; Our company has its own professional production line and provides customized services for our clients. We can help customers add the brand logo and assist in product design. The company's products all use plastic core materials.; OEM, ODM","Jewellery Packaging Material, Jewellery and Watch Box, Jewellery Display Material, Jewellery Packaging & Display; Our company has its own professional production line and provides customized services for our clients. We can help customers add the brand logo and assist in product design. The company's products all use plastic core materials.; OEM, ODM"
Velvet embroidered storage box,Velvet embroidered storage box,Mould: Plastic; Outside Material: Velvet/PU/Linen/Tweed; Inside Material: Suede; Insert: Same as pic/Customized; Zip&Puller: Metal; Logo: Hot stamping/Embossed/Embroidered,Mould: Plastic; Outside Material: Velvet/PU/Linen/Tweed; Inside Material: Suede; Insert: Same as pic/Customized; Zip&Puller: Metal; Logo: Hot stamping/Embossed/Embroidered,,,,"Dongguan Elegant Packaging Manufacturing Co., Ltd.","Jewellery Packaging Material, Jewellery and Watch Box, Jewellery Display Material, Jewellery Packaging & Display; Our company has its own professional production line and provides customized services for our clients. We can help customers add the brand logo and assist in product design. The company's products all use plastic core materials.; OEM, ODM","Jewellery Packaging Material, Jewellery and Watch Box, Jewellery Display Material, Jewellery Packaging & Display; Our company has its own professional production line and provides customized services for our clients. We can help customers add the brand logo and assist in product design. The company's products all use plastic core materials.; OEM, ODM"
Irregular Shape Baroque Pearl Dangle Silver Earring,Irregular Shape Baroque Pearl Dangle Silver Earring,Irregular Shape Baroque Pearl Dangle Silver Earring,Irregular Shape Baroque Pearl Dangle Silver Earring,,,,Guangzhou Arts Jewellery Co Ltd,"Sterling Silver Jewellery, Men’s Jewellery, Gold Jewellery Set; We are professional with Karat gold jewellery, 925 sterling silver jewellery. Our main gold jewellery market is MID-East and North American. We are doing well with great quality and fashion designs with silver.; OEM, ODM, OBM","Sterling Silver Jewellery, Men’s Jewellery, Gold Jewellery Set; We are professional with Karat gold jewellery, 925 sterling silver jewellery. Our main gold jewellery market is MID-East and North American. We are doing well with great quality and fashion designs with silver.; OEM, ODM, OBM"
Universe Theme Sterling Silver Fashion Earring,Universe Theme Sterling Silver Fashion Earring,Universe Theme Sterling Silver Fashion Earring,Universe Theme Sterling Silver Fashion Earring,,,,Guangzhou Arts Jewellery Co Ltd,"Sterling Silver Jewellery, Men’s Jewellery, Gold Jewellery Set; We are professional with Karat gold jewellery, 925 sterling silver jewellery. Our main gold jewellery market is MID-East and North American. We are doing well with great quality and fashion designs with silver.; OEM, ODM, OBM","Sterling Silver Jewellery, Men’s Jewellery, Gold Jewellery Set; We are professional with Karat gold jewellery, 925 sterling silver jewellery. Our main gold jewellery market is MID-East and North American. We are doing well with great quality and fashion designs with silver.; OEM, ODM, OBM"
Triangle White CZs and Heart-Shape Earcuff Elegant Silver Jewelry,Triangle White CZs and Heart-Shape Earcuff Elegant Silver Jewelry,Triangle White CZs and Heart-Shape Earcuff Elegant Silver Jewelry,Triangle White CZs and Heart-Shape Earcuff Elegant Silver Jewelry,,,,Guangzhou Arts Jewellery Co Ltd,"Sterling Silver Jewellery, Men’s Jewellery, Gold Jewellery Set; We are professional with Karat gold jewellery, 925 sterling silver jewellery. Our main gold jewellery market is MID-East and North American. We are doing well with great quality and fashion designs with silver.; OEM, ODM, OBM","Sterling Silver Jewellery, Men’s Jewellery, Gold Jewellery Set; We are professional with Karat gold jewellery, 925 sterling silver jewellery. Our main gold jewellery market is MID-East and North American. We are doing well with great quality and fashion designs with silver.; OEM, ODM, OBM"
Brilliant Cubic Zirconia & White Enamel Silver Jewelry Set,Brilliant Cubic Zirconia & White Enamel Silver Jewelry Set,Brilliant Cubic Zirconia & White Enamel Silver Jewelry Set,Brilliant Cubic Zirconia & White Enamel Silver Jewelry Set,,,,Guangzhou Arts Jewellery Co Ltd,"Sterling Silver Jewellery, Men’s Jewellery, Gold Jewellery Set; We are professional with Karat gold jewellery, 925 sterling silver jewellery. Our main gold jewellery market is MID-East and North American. We are doing well with great quality and fashion designs with silver.; OEM, ODM, OBM","Sterling Silver Jewellery, Men’s Jewellery, Gold Jewellery Set; We are professional with Karat gold jewellery, 925 sterling silver jewellery. Our main gold jewellery market is MID-East and North American. We are doing well with great quality and fashion designs with silver.; OEM, ODM, OBM"
Pearl Dangle Sterling Silver Long Earring,Pearl Dangle Sterling Silver Long Earring,Pearl Dangle Sterling Silver Long Earring,Pearl Dangle Sterling Silver Long Earring,,,,Guangzhou Arts Jewellery Co Ltd,"Sterling Silver Jewellery, Men’s Jewellery, Gold Jewellery Set; We are professional with Karat gold jewellery, 925 sterling silver jewellery. Our main gold jewellery market is MID-East and North American. We are doing well with great quality and fashion designs with silver.; OEM, ODM, OBM","Sterling Silver Jewellery, Men’s Jewellery, Gold Jewellery Set; We are professional with Karat gold jewellery, 925 sterling silver jewellery. Our main gold jewellery market is MID-East and North American. We are doing well with great quality and fashion designs with silver.; OEM, ODM, OBM"
Irregular Pearl Earring Dangle & Stud Silver Earring,Irregular Pearl Earring Dangle & Stud Silver Earring,Irregular Pearl Earring Dangle & Stud Silver Earring,Irregular Pearl Earring Dangle & Stud Silver Earring,,,,Guangzhou Arts Jewellery Co Ltd,"Sterling Silver Jewellery, Men’s Jewellery, Gold Jewellery Set; We are professional with Karat gold jewellery, 925 sterling silver jewellery. Our main gold jewellery market is MID-East and North American. We are doing well with great quality and fashion designs with silver.; OEM, ODM, OBM","Sterling Silver Jewellery, Men’s Jewellery, Gold Jewellery Set; We are professional with Karat gold jewellery, 925 sterling silver jewellery. Our main gold jewellery market is MID-East and North American. We are doing well with great quality and fashion designs with silver.; OEM, ODM, OBM"
925 Beautiful sterling jewelry pendant,925 Beautiful sterling jewelry pendant,我们是一家在中国拥有多年经验的专业珠宝产品制造商。 我厂主要生产925银首饰，采用CZ和微密镶或蜡镶； 以及 18K、14K、10K 金镶钻。 我们的最小订购量通常为 30 件/款式（对于我们的设计）。 交货时间在一个月内，当然时间根据订单数量而定，我们的价格在中国更具竞争力。 我们的价格是基于当前的白银价格。 付款方式通常是 T/T 或 Paypal。我们接受总价的 30% 作为定金，发货前支付 70% 作为余额。我们通常使用 OPP 袋存放珠宝首饰。,我们是一家在中国拥有多年经验的专业珠宝产品制造商。 我厂主要生产925银首饰，采用CZ和微密镶或蜡镶； 以及 18K、14K、10K 金镶钻。 我们的最小订购量通常为 30 件/款式（对于我们的设计）。 交货时间在一个月内，当然时间根据订单数量而定，我们的价格在中国更具竞争力。 我们的价格是基于当前的白银价格。 付款方式通常是 T/T 或 Paypal。我们接受总价的 30% 作为定金，发货前支付 70% 作为余额。我们通常使用 OPP 袋存放珠宝首饰。,,,,Guangzhou Arts Jewellery Co Ltd,"Sterling Silver Jewellery, Men’s Jewellery, Gold Jewellery Set; We are professional with Karat gold jewellery, 925 sterling silver jewellery. Our main gold jewellery market is MID-East and North American. We are doing well with great quality and fashion designs with silver.; OEM, ODM, OBM","Sterling Silver Jewellery, Men’s Jewellery, Gold Jewellery Set; We are professional with Karat gold jewellery, 925 sterling silver jewellery. Our main gold jewellery market is MID-East and North American. We are doing well with great quality and fashion designs with silver.; OEM, ODM, OBM"
Meteor Sterling Silver Ring Star Adjustable Ring,Meteor Sterling Silver Ring Star Adjustable Ring,Meteor Sterling Silver Ring Star Adjustable Ring,Meteor Sterling Silver Ring Star Adjustable Ring,,,,Guangzhou Arts Jewellery Co Ltd,"Sterling Silver Jewellery, Men’s Jewellery, Gold Jewellery Set; We are professional with Karat gold jewellery, 925 sterling silver jewellery. Our main gold jewellery market is MID-East and North American. We are doing well with great quality and fashion designs with silver.; OEM, ODM, OBM","Sterling Silver Jewellery, Men’s Jewellery, Gold Jewellery Set; We are professional with Karat gold jewellery, 925 sterling silver jewellery. Our main gold jewellery market is MID-East and North American. We are doing well with great quality and fashion designs with silver.; OEM, ODM, OBM"
Crescent Moon Pendant Necklace,Crescent Moon Pendant Necklace,Crescent Moon Pendant Necklace,Crescent Moon Pendant Necklace,,,,Guangzhou Arts Jewellery Co Ltd,"Sterling Silver Jewellery, Men’s Jewellery, Gold Jewellery Set; We are professional with Karat gold jewellery, 925 sterling silver jewellery. Our main gold jewellery market is MID-East and North American. We are doing well with great quality and fashion designs with silver.; OEM, ODM, OBM","Sterling Silver Jewellery, Men’s Jewellery, Gold Jewellery Set; We are professional with Karat gold jewellery, 925 sterling silver jewellery. Our main gold jewellery market is MID-East and North American. We are doing well with great quality and fashion designs with silver.; OEM, ODM, OBM"
Lab Created Pearl and Cubic Zircons Adjustable Silver Ring,Lab Created Pearl and Cubic Zircons Adjustable Silver Ring,Lab Created Pearl and Cubic Zircons Adjustable Silver Ring,Lab Created Pearl and Cubic Zircons Adjustable Silver Ring,,,,Guangzhou Arts Jewellery Co Ltd,"Sterling Silver Jewellery, Men’s Jewellery, Gold Jewellery Set; We are professional with Karat gold jewellery, 925 sterling silver jewellery. Our main gold jewellery market is MID-East and North American. We are doing well with great quality and fashion designs with silver.; OEM, ODM, OBM","Sterling Silver Jewellery, Men’s Jewellery, Gold Jewellery Set; We are professional with Karat gold jewellery, 925 sterling silver jewellery. Our main gold jewellery market is MID-East and North American. We are doing well with great quality and fashion designs with silver.; OEM, ODM, OBM"
Leaf Enamel Silver Necklace,Leaf Enamel Silver Necklace,Leaf Enamel Silver Necklace,Leaf Enamel Silver Necklace,,,,Guangzhou Arts Jewellery Co Ltd,"Sterling Silver Jewellery, Men’s Jewellery, Gold Jewellery Set; We are professional with Karat gold jewellery, 925 sterling silver jewellery. Our main gold jewellery market is MID-East and North American. We are doing well with great quality and fashion designs with silver.; OEM, ODM, OBM","Sterling Silver Jewellery, Men’s Jewellery, Gold Jewellery Set; We are professional with Karat gold jewellery, 925 sterling silver jewellery. Our main gold jewellery market is MID-East and North American. We are doing well with great quality and fashion designs with silver.; OEM, ODM, OBM"
Mesh Silver Bracelet DIY with Charm Beads,Mesh Silver Bracelet DIY with Charm Beads,Mesh Silver Bracelet DIY with Charm Beads,Mesh Silver Bracelet DIY with Charm Beads,,,,Guangzhou Arts Jewellery Co Ltd,"Sterling Silver Jewellery, Men’s Jewellery, Gold Jewellery Set; We are professional with Karat gold jewellery, 925 sterling silver jewellery. Our main gold jewellery market is MID-East and North American. We are doing well with great quality and fashion designs with silver.; OEM, ODM, OBM","Sterling Silver Jewellery, Men’s Jewellery, Gold Jewellery Set; We are professional with Karat gold jewellery, 925 sterling silver jewellery. Our main gold jewellery market is MID-East and North American. We are doing well with great quality and fashion designs with silver.; OEM, ODM, OBM"
Drop & Dangle Sterling Silver Earring,Drop & Dangle Sterling Silver Earring,Drop & Dangle Sterling Silver Earring,Drop & Dangle Sterling Silver Earring,,,,Guangzhou Arts Jewellery Co Ltd,"Sterling Silver Jewellery, Men’s Jewellery, Gold Jewellery Set; We are professional with Karat gold jewellery, 925 sterling silver jewellery. Our main gold jewellery market is MID-East and North American. We are doing well with great quality and fashion designs with silver.; OEM, ODM, OBM","Sterling Silver Jewellery, Men’s Jewellery, Gold Jewellery Set; We are professional with Karat gold jewellery, 925 sterling silver jewellery. Our main gold jewellery market is MID-East and North American. We are doing well with great quality and fashion designs with silver.; OEM, ODM, OBM"
Ballet Dancer Enamel Sterling Silver Pendant,Ballet Dancer Enamel Sterling Silver Pendant,Ballet Dancer Enamel Sterling Silver Pendant,Ballet Dancer Enamel Sterling Silver Pendant,,,,Guangzhou Arts Jewellery Co Ltd,"Sterling Silver Jewellery, Men’s Jewellery, Gold Jewellery Set; We are professional with Karat gold jewellery, 925 sterling silver jewellery. Our main gold jewellery market is MID-East and North American. We are doing well with great quality and fashion designs with silver.; OEM, ODM, OBM","Sterling Silver Jewellery, Men’s Jewellery, Gold Jewellery Set; We are professional with Karat gold jewellery, 925 sterling silver jewellery. Our main gold jewellery market is MID-East and North American. We are doing well with great quality and fashion designs with silver.; OEM, ODM, OBM"
14K Gold Plating Sterling Silver Leaf Enamel Jewelry Set,14K Gold Plating Sterling Silver Leaf Enamel Jewelry Set,14K Gold Plating Sterling Silver Leaf Enamel Jewelry Set,14K Gold Plating Sterling Silver Leaf Enamel Jewelry Set,,,,Guangzhou Arts Jewellery Co Ltd,"Sterling Silver Jewellery, Men’s Jewellery, Gold Jewellery Set; We are professional with Karat gold jewellery, 925 sterling silver jewellery. Our main gold jewellery market is MID-East and North American. We are doing well with great quality and fashion designs with silver.; OEM, ODM, OBM","Sterling Silver Jewellery, Men’s Jewellery, Gold Jewellery Set; We are professional with Karat gold jewellery, 925 sterling silver jewellery. Our main gold jewellery market is MID-East and North American. We are doing well with great quality and fashion designs with silver.; OEM, ODM, OBM"
Red Corundum 925 Sterling Silver Earring,Red Corundum 925 Sterling Silver Earring,Red Corundum 925 Sterling Silver Earring,Red Corundum 925 Sterling Silver Earring,,,,Guangzhou Arts Jewellery Co Ltd,"Sterling Silver Jewellery, Men’s Jewellery, Gold Jewellery Set; We are professional with Karat gold jewellery, 925 sterling silver jewellery. Our main gold jewellery market is MID-East and North American. We are doing well with great quality and fashion designs with silver.; OEM, ODM, OBM","Sterling Silver Jewellery, Men’s Jewellery, Gold Jewellery Set; We are professional with Karat gold jewellery, 925 sterling silver jewellery. Our main gold jewellery market is MID-East and North American. We are doing well with great quality and fashion designs with silver.; OEM, ODM, OBM"
Rose Gold Plating Sterling Silver Hoop Earring,Rose Gold Plating Sterling Silver Hoop Earring,Rose Gold Plating Sterling Silver Hoop Earring,Rose Gold Plating Sterling Silver Hoop Earring,,,,Guangzhou Arts Jewellery Co Ltd,"Sterling Silver Jewellery, Men’s Jewellery, Gold Jewellery Set; We are professional with Karat gold jewellery, 925 sterling silver jewellery. Our main gold jewellery market is MID-East and North American. We are doing well with great quality and fashion designs with silver.; OEM, ODM, OBM","Sterling Silver Jewellery, Men’s Jewellery, Gold Jewellery Set; We are professional with Karat gold jewellery, 925 sterling silver jewellery. Our main gold jewellery market is MID-East and North American. We are doing well with great quality and fashion designs with silver.; OEM, ODM, OBM"
Long Line Stud Earring Elegant Silver Jewelery for Lady,Long Line Stud Earring Elegant Silver Jewelery for Lady,Long Line Stud Earring Elegant Silver Jewelery for Lady,Long Line Stud Earring Elegant Silver Jewelery for Lady,,,,Guangzhou Arts Jewellery Co Ltd,"Sterling Silver Jewellery, Men’s Jewellery, Gold Jewellery Set; We are professional with Karat gold jewellery, 925 sterling silver jewellery. Our main gold jewellery market is MID-East and North American. We are doing well with great quality and fashion designs with silver.; OEM, ODM, OBM","Sterling Silver Jewellery, Men’s Jewellery, Gold Jewellery Set; We are professional with Karat gold jewellery, 925 sterling silver jewellery. Our main gold jewellery market is MID-East and North American. We are doing well with great quality and fashion designs with silver.; OEM, ODM, OBM"
Silver Vintage Fan Shape Jewelry Set,Silver Vintage Fan Shape Jewelry Set,Silver Vintage Fan Shape Jewelry Set,Silver Vintage Fan Shape Jewelry Set,,,,Guangzhou Arts Jewellery Co Ltd,"Sterling Silver Jewellery, Men’s Jewellery, Gold Jewellery Set; We are professional with Karat gold jewellery, 925 sterling silver jewellery. Our main gold jewellery market is MID-East and North American. We are doing well with great quality and fashion designs with silver.; OEM, ODM, OBM","Sterling Silver Jewellery, Men’s Jewellery, Gold Jewellery Set; We are professional with Karat gold jewellery, 925 sterling silver jewellery. Our main gold jewellery market is MID-East and North American. We are doing well with great quality and fashion designs with silver.; OEM, ODM, OBM"
Simple Style Stud Earring Delicate Sterling Silver Jewelry,Simple Style Stud Earring Delicate Sterling Silver Jewelry,Simple Style Stud Earring Delicate Sterling Silver Jewelry,Simple Style Stud Earring Delicate Sterling Silver Jewelry,,,,Guangzhou Arts Jewellery Co Ltd,"Sterling Silver Jewellery, Men’s Jewellery, Gold Jewellery Set; We are professional with Karat gold jewellery, 925 sterling silver jewellery. Our main gold jewellery market is MID-East and North American. We are doing well with great quality and fashion designs with silver.; OEM, ODM, OBM","Sterling Silver Jewellery, Men’s Jewellery, Gold Jewellery Set; We are professional with Karat gold jewellery, 925 sterling silver jewellery. Our main gold jewellery market is MID-East and North American. We are doing well with great quality and fashion designs with silver.; OEM, ODM, OBM"
Cross Pendant Necklace,Cross Pendant Necklace,Stainless steel cross pendant necklace with CNC zircon in 18K PVD gold plated.,Stainless steel cross pendant necklace with CNC zircon in 18K PVD gold plated.,,,,Dong Guan HaoSen Metal Jewelry Ltd,"Sterling Silver Jewellery; Our product range includes various types of jewelry such as necklaces, bracelets, rings, earrings, as well as hardware gifts like keychains, brooches. Additionally, we also provide a variety of fashion accessories including cufflinks, shirt studs, et; ODM, OEM, OBM","Sterling Silver Jewellery; Our product range includes various types of jewelry such as necklaces, bracelets, rings, earrings, as well as hardware gifts like keychains, brooches. Additionally, we also provide a variety of fashion accessories including cufflinks, shirt studs, et; ODM, OEM, OBM"
Chain Bracelet with customized Charm,Chain Bracelet with customized Charm,"Customized Charm Bracelet, the color, material and charms can be customized.","Customized Charm Bracelet, the color, material and charms can be customized.",,,,Dong Guan HaoSen Metal Jewelry Ltd,"Sterling Silver Jewellery; Our product range includes various types of jewelry such as necklaces, bracelets, rings, earrings, as well as hardware gifts like keychains, brooches. Additionally, we also provide a variety of fashion accessories including cufflinks, shirt studs, et; ODM, OEM, OBM","Sterling Silver Jewellery; Our product range includes various types of jewelry such as necklaces, bracelets, rings, earrings, as well as hardware gifts like keychains, brooches. Additionally, we also provide a variety of fashion accessories including cufflinks, shirt studs, et; ODM, OEM, OBM"
Stainless Steel Pendant Necklace,Stainless Steel Pendant Necklace,"Stainless Steel Pendant Necklace in Double-sided; Stainless steel Pendant Necklace in double-sided. The style can be changed to one side with CNC setting zircon or carbon fiber, gem-stones and another side with customized LOGO in laser, engraved work art.","Stainless Steel Pendant Necklace in Double-sided; Stainless steel Pendant Necklace in double-sided. The style can be changed to one side with CNC setting zircon or carbon fiber, gem-stones and another side with customized LOGO in laser, engraved work art.",,,,Dong Guan HaoSen Metal Jewelry Ltd,"Sterling Silver Jewellery; Our product range includes various types of jewelry such as necklaces, bracelets, rings, earrings, as well as hardware gifts like keychains, brooches. Additionally, we also provide a variety of fashion accessories including cufflinks, shirt studs, et; ODM, OEM, OBM","Sterling Silver Jewellery; Our product range includes various types of jewelry such as necklaces, bracelets, rings, earrings, as well as hardware gifts like keychains, brooches. Additionally, we also provide a variety of fashion accessories including cufflinks, shirt studs, et; ODM, OEM, OBM"
stainless steel jewelry,stainless steel jewelry,"Cuff bangles for men, ID bracelet for women; The materials are stainless steel can it can be customized the words as customer need.; #stainless steel jewelry; #gold plated jewelry; #Fashion jewelry; #Imitation jewelry","Cuff bangles for men, ID bracelet for women; The materials are stainless steel can it can be customized the words as customer need.; #stainless steel jewelry; #gold plated jewelry; #Fashion jewelry; #Imitation jewelry",,,,Dong Guan HaoSen Metal Jewelry Ltd,"Sterling Silver Jewellery; Our product range includes various types of jewelry such as necklaces, bracelets, rings, earrings, as well as hardware gifts like keychains, brooches. Additionally, we also provide a variety of fashion accessories including cufflinks, shirt studs, et; ODM, OEM, OBM","Sterling Silver Jewellery; Our product range includes various types of jewelry such as necklaces, bracelets, rings, earrings, as well as hardware gifts like keychains, brooches. Additionally, we also provide a variety of fashion accessories including cufflinks, shirt studs, et; ODM, OEM, OBM"
Cuff Bangle ID Bracelet,Cuff Bangle ID Bracelet,"Cuff bangles for men, ID bracelet for women; The materials are stainless steel can it can be customized the words as customer need.","Cuff bangles for men, ID bracelet for women; The materials are stainless steel can it can be customized the words as customer need.",,,,Dong Guan HaoSen Metal Jewelry Ltd,"Sterling Silver Jewellery; Our product range includes various types of jewelry such as necklaces, bracelets, rings, earrings, as well as hardware gifts like keychains, brooches. Additionally, we also provide a variety of fashion accessories including cufflinks, shirt studs, et; ODM, OEM, OBM","Sterling Silver Jewellery; Our product range includes various types of jewelry such as necklaces, bracelets, rings, earrings, as well as hardware gifts like keychains, brooches. Additionally, we also provide a variety of fashion accessories including cufflinks, shirt studs, et; ODM, OEM, OBM"
LOGO customized Rings and Bracelet,LOGO customized Rings and Bracelet,"Customized work art of stainless steel casting in 2D and 3D samples, engraved LOGO finished showing in rings, rbacelet.","Customized work art of stainless steel casting in 2D and 3D samples, engraved LOGO finished showing in rings, rbacelet.",,,,Dong Guan HaoSen Metal Jewelry Ltd,"Sterling Silver Jewellery; Our product range includes various types of jewelry such as necklaces, bracelets, rings, earrings, as well as hardware gifts like keychains, brooches. Additionally, we also provide a variety of fashion accessories including cufflinks, shirt studs, et; ODM, OEM, OBM","Sterling Silver Jewellery; Our product range includes various types of jewelry such as necklaces, bracelets, rings, earrings, as well as hardware gifts like keychains, brooches. Additionally, we also provide a variety of fashion accessories including cufflinks, shirt studs, et; ODM, OEM, OBM"
Drawer Jewelry Packaging Box,Drawer Jewelry Packaging Box,"DRAWER CARDBOARD PACKAGING BOX, BOX OUTSIDE IS COVERED BY BROWN AND CREAM PAPER, INSIDE IS COVERED BY CREAM SUEDE, INSIDE HAS A PAD COVERED CREAM SUEDE AND DIE CUT FOR JEWELRY, LIKE RING, EARRING, BANGLE, EARRING, BANGLE OR NECKLACE, A RIBBON FOR DRAWER, WHITE SLEEVE PACKAGING, FOIL LOGO","DRAWER CARDBOARD PACKAGING BOX, BOX OUTSIDE IS COVERED BY BROWN AND CREAM PAPER, INSIDE IS COVERED BY CREAM SUEDE, INSIDE HAS A PAD COVERED CREAM SUEDE AND DIE CUT FOR JEWELRY, LIKE RING, EARRING, BANGLE, EARRING, BANGLE OR NECKLACE, A RIBBON FOR DRAWER, WHITE SLEEVE PACKAGING, FOIL LOGO",,,,"Naturalpak Industrial Co., Ltd.","Gold Jewellery Set, Men’s Jewellery, Gemset Jewellery, Platinum Jewellery, Akoya Pearl Jewellery, South Sea Pearl Jewellery, Jade Jewellery Set, Diamond Jewellery, White Gold Jewellery, Tahiti Pearl Jewellery; We've manufacturing jewelry packaging box for 15 years since 2007, we customize jewelry box for our customers.; ODM, OEM","Gold Jewellery Set, Men’s Jewellery, Gemset Jewellery, Platinum Jewellery, Akoya Pearl Jewellery, South Sea Pearl Jewellery, Jade Jewellery Set, Diamond Jewellery, White Gold Jewellery, Tahiti Pearl Jewellery; We've manufacturing jewelry packaging box for 15 years since 2007, we customize jewelry box for our customers.; ODM, OEM"
Watch Box,Watch Box,Watch Box,Watch Box,,,,"Naturalpak Industrial Co., Ltd.","Gold Jewellery Set, Men’s Jewellery, Gemset Jewellery, Platinum Jewellery, Akoya Pearl Jewellery, South Sea Pearl Jewellery, Jade Jewellery Set, Diamond Jewellery, White Gold Jewellery, Tahiti Pearl Jewellery; We've manufacturing jewelry packaging box for 15 years since 2007, we customize jewelry box for our customers.; ODM, OEM","Gold Jewellery Set, Men’s Jewellery, Gemset Jewellery, Platinum Jewellery, Akoya Pearl Jewellery, South Sea Pearl Jewellery, Jade Jewellery Set, Diamond Jewellery, White Gold Jewellery, Tahiti Pearl Jewellery; We've manufacturing jewelry packaging box for 15 years since 2007, we customize jewelry box for our customers.; ODM, OEM"
Luxury Jewelry Packaging Box,Luxury Jewelry Packaging Box,"Luxury ring packaging box, plastic box with ink painted , inside has a ring foam covered by cream pu for ring, 2-pc packer packing. outer box covered by pearl paper, box has a gold button for open, gold foil logo","Luxury ring packaging box, plastic box with ink painted , inside has a ring foam covered by cream pu for ring, 2-pc packer packing. outer box covered by pearl paper, box has a gold button for open, gold foil logo",,,,"Naturalpak Industrial Co., Ltd.","Gold Jewellery Set, Men’s Jewellery, Gemset Jewellery, Platinum Jewellery, Akoya Pearl Jewellery, South Sea Pearl Jewellery, Jade Jewellery Set, Diamond Jewellery, White Gold Jewellery, Tahiti Pearl Jewellery; We've manufacturing jewelry packaging box for 15 years since 2007, we customize jewelry box for our customers.; ODM, OEM","Gold Jewellery Set, Men’s Jewellery, Gemset Jewellery, Platinum Jewellery, Akoya Pearl Jewellery, South Sea Pearl Jewellery, Jade Jewellery Set, Diamond Jewellery, White Gold Jewellery, Tahiti Pearl Jewellery; We've manufacturing jewelry packaging box for 15 years since 2007, we customize jewelry box for our customers.; ODM, OEM"
PU Jewelry Watch Box,PU Jewelry Watch Box,"Plastic jewelry packaging box, Box outside is covered by green PU. inside is covered by brown microfiber, inside has pads covered by brown microfiber for jewelry, like ring, earring, pendant, bangle and necklace. white sleeve packing, goil foil","Plastic jewelry packaging box, Box outside is covered by green PU. inside is covered by brown microfiber, inside has pads covered by brown microfiber for jewelry, like ring, earring, pendant, bangle and necklace. white sleeve packing, goil foil",,,,"Naturalpak Industrial Co., Ltd.","Gold Jewellery Set, Men’s Jewellery, Gemset Jewellery, Platinum Jewellery, Akoya Pearl Jewellery, South Sea Pearl Jewellery, Jade Jewellery Set, Diamond Jewellery, White Gold Jewellery, Tahiti Pearl Jewellery; We've manufacturing jewelry packaging box for 15 years since 2007, we customize jewelry box for our customers.; ODM, OEM","Gold Jewellery Set, Men’s Jewellery, Gemset Jewellery, Platinum Jewellery, Akoya Pearl Jewellery, South Sea Pearl Jewellery, Jade Jewellery Set, Diamond Jewellery, White Gold Jewellery, Tahiti Pearl Jewellery; We've manufacturing jewelry packaging box for 15 years since 2007, we customize jewelry box for our customers.; ODM, OEM"
Jewellery Packaging Box,Jewellery Packaging Box,"Plastic Box with octangle shape, box outside covered by green paper with gold line, inside is covered by cream suede, inside has a pad covered by cream suede for jewelry, lijke ring, earring, pendant, bangle or necklace. white sleeve packing, embossed logo","Plastic Box with octangle shape, box outside covered by green paper with gold line, inside is covered by cream suede, inside has a pad covered by cream suede for jewelry, lijke ring, earring, pendant, bangle or necklace. white sleeve packing, embossed logo",,,,"Naturalpak Industrial Co., Ltd.","Gold Jewellery Set, Men’s Jewellery, Gemset Jewellery, Platinum Jewellery, Akoya Pearl Jewellery, South Sea Pearl Jewellery, Jade Jewellery Set, Diamond Jewellery, White Gold Jewellery, Tahiti Pearl Jewellery; We've manufacturing jewelry packaging box for 15 years since 2007, we customize jewelry box for our customers.; ODM, OEM","Gold Jewellery Set, Men’s Jewellery, Gemset Jewellery, Platinum Jewellery, Akoya Pearl Jewellery, South Sea Pearl Jewellery, Jade Jewellery Set, Diamond Jewellery, White Gold Jewellery, Tahiti Pearl Jewellery; We've manufacturing jewelry packaging box for 15 years since 2007, we customize jewelry box for our customers.; ODM, OEM"
Jewellery Box,Jewellery Box,Jewellery Box,Jewellery Box,,,,"Naturalpak Industrial Co., Ltd.","Gold Jewellery Set, Men’s Jewellery, Gemset Jewellery, Platinum Jewellery, Akoya Pearl Jewellery, South Sea Pearl Jewellery, Jade Jewellery Set, Diamond Jewellery, White Gold Jewellery, Tahiti Pearl Jewellery; We've manufacturing jewelry packaging box for 15 years since 2007, we customize jewelry box for our customers.; ODM, OEM","Gold Jewellery Set, Men’s Jewellery, Gemset Jewellery, Platinum Jewellery, Akoya Pearl Jewellery, South Sea Pearl Jewellery, Jade Jewellery Set, Diamond Jewellery, White Gold Jewellery, Tahiti Pearl Jewellery; We've manufacturing jewelry packaging box for 15 years since 2007, we customize jewelry box for our customers.; ODM, OEM"
Nagosa Fine Jewelry Classic 14K&18K Gold Vermeil Huggies 925 Sterling Silver Plated Bold Hoop Earrings,Nagosa Fine Jewelry Classic 14K&18K Gold Vermeil Huggies 925 Sterling Silver Plated Bold Hoop Earrings,"Why Choose Us; Product D escription; Advantages; Company Profile; FAQ; 1. What is your minimum order quantity? - All of 925 sterling silver (30 Pieces/Pairs) 2. Can I get one sample? - Yes, we can offer one sample for checking quality. Sample charged US $20-100/design depends on the design, sample charge will refund upon bulk order. 3.Could you supply OEM/ODM service? - Yes.We are manufacturer specializes in jewelry many years. Please feel free to contact us for more info. 4.Could you offer private logo service? - Yes, customers’ logo service accepted. 5: How about your after-sales service? Updated the shipping information as soon as possible. Ensure the Adaptor delivery on time. Documents will be send correctly and promptly. One By One After Service when there are any problem. 6. Why your production time so long, I have to wait about one month? We're manufacturer, factories always don't keep goods in stock. Only wholesalers or trading companies sell stocks, send to you in shorter time, but price quite higher than ours. We believe our quality goods is worth waiting. 7. CAN I VISIT YOUR OFFICE TO TALK ABOUT POSSIBLE BUSINESS OPPORTUNITIES AND/OR VIEW AND BUY STOCK? Yes, we would be more than happy to welcome you to our office to talk and show you our collection.","Why Choose Us; Product D escription; Advantages; Company Profile; FAQ; 1. What is your minimum order quantity? - All of 925 sterling silver (30 Pieces/Pairs) 2. Can I get one sample? - Yes, we can offer one sample for checking quality. Sample charged US $20-100/design depends on the design, sample charge will refund upon bulk order. 3.Could you supply OEM/ODM service? - Yes.We are manufacturer specializes in jewelry many years. Please feel free to contact us for more info. 4.Could you offer private logo service? - Yes, customers’ logo service accepted. 5: How about your after-sales service? Updated the shipping information as soon as possible. Ensure the Adaptor delivery on time. Documents will be send correctly and promptly. One By One After Service when there are any problem. 6. Why your production time so long, I have to wait about one month? We're manufacturer, factories always don't keep goods in stock. Only wholesalers or trading companies sell stocks, send to you in shorter time, but price quite higher than ours. We believe our quality goods is worth waiting. 7. CAN I VISIT YOUR OFFICE TO TALK ABOUT POSSIBLE BUSINESS OPPORTUNITIES AND/OR VIEW AND BUY STOCK? Yes, we would be more than happy to welcome you to our office to talk and show you our collection.",,,https://sourcing-media.hktdc.com/product-original/Nagosa-20Fine-20Jewelry-20Classic-2014K-18K-20Gold-20Vermeil-20Huggies-20925-20Sterling-20Silver-20Plated-20Bold-20Hoop-20Earrings/29f6f1dbe0fb448d8196666cd83608e2; https://sourcing-media.hktdc.com/product-original/Nagosa-20Fine-20Jewelry-20Classic-2014K-18K-20Gold-20Vermeil-20Huggies-20925-20Sterling-20Silver-20Plated-20Bold-20Hoop-20Earrings/cd1fa0b0f0f1439697a2a8cbbe4b3cdd; https://sourcing-media.hktdc.com/product-original/Nagosa-20Fine-20Jewelry-20Classic-2014K-18K-20Gold-20Vermeil-20Huggies-20925-20Sterling-20Silver-20Plated-20Bold-20Hoop-20Earrings/f152e87a07af4bf1a9175c3deeab7ec3; https://sourcing-media.hktdc.com/product-original/Nagosa-20Fine-20Jewelry-20Classic-2014K-18K-20Gold-20Vermeil-20Huggies-20925-20Sterling-20Silver-20Plated-20Bold-20Hoop-20Earrings/02955cff48ef446a86b6140bda348f6f; https://sourcing-media.hktdc.com/product-original/Nagosa-20Fine-20Jewelry-20Classic-2014K-18K-20Gold-20Vermeil-20Huggies-20925-20Sterling-20Silver-20Plated-20Bold-20Hoop-20Earrings/3f57e3df91f947099e9f73cef7fc20b8; https://sourcing-media.hktdc.com/product-original/Nagosa-20Fine-20Jewelry-20Classic-2014K-18K-20Gold-20Vermeil-20Huggies-20925-20Sterling-20Silver-20Plated-20Bold-20Hoop-20Earrings/ca62ab1149354f9d91a21a6c89bc0148; https://sourcing-media.hktdc.com/product-original/Nagosa-20Fine-20Jewelry-20Classic-2014K-18K-20Gold-20Vermeil-20Huggies-20925-20Sterling-20Silver-20Plated-20Bold-20Hoop-20Earrings/d2eb2be224e6468c9b2bd5261b899880; https://sourcing-media.hktdc.com/product-original/Nagosa-20Fine-20Jewelry-20Classic-2014K-18K-20Gold-20Vermeil-20Huggies-20925-20Sterling-20Silver-20Plated-20Bold-20Hoop-20Earrings/ea2b233003b14b419b4b325aad854b5f; https://sourcing-media.hktdc.com/product-original/Nagosa-20Fine-20Jewelry-20Classic-2014K-18K-20Gold-20Vermeil-20Huggies-20925-20Sterling-20Silver-20Plated-20Bold-20Hoop-20Earrings/669021607339433c814a2ec80ce48686,NAGOSA,"Sterling Silver Jewellery; 925 sterling silver necklace, bracelet, ring, and earrings; OEM, OBM, ODM","Sterling Silver Jewellery; 925 sterling silver necklace, bracelet, ring, and earrings; OEM, OBM, ODM"
18K White Gold Pink Diamond Ring,18K White Gold Pink Diamond Ring,"Dong Long Ju (D.L.J) Co., Ltd; News & Events:; January IJT - Tokyo Japan; March HKTDC - Hong Kong; September Informa - Hong Kong; Our Service:; OEM/ODM; Customized fine jewelry manufacturer; Bespoke Jewelry design; Our Website:; https://dljjewelry.com/","Dong Long Ju (D.L.J) Co., Ltd; News & Events:; January IJT - Tokyo Japan; March HKTDC - Hong Kong; September Informa - Hong Kong; Our Service:; OEM/ODM; Customized fine jewelry manufacturer; Bespoke Jewelry design; Our Website:; https://dljjewelry.com/",,,,"Dong Long Ju (D.L.J) Co., Ltd.","Diamond Jewellery,Gemset Jewellery; Nature Spirit Art Jewelry seamlessly integrates natural elements, blending the vibrant growth of life.; ODM, OEM","Diamond Jewellery,Gemset Jewellery; Nature Spirit Art Jewelry seamlessly integrates natural elements, blending the vibrant growth of life.; ODM, OEM"
[The Spirit Of Nature] Blue Sapphire Diamond Brooch,[The Spirit Of Nature] Blue Sapphire Diamond Brooch,"Dong Long Ju (D.L.J) Co., Ltd News & Events: January IJT - Tokyo Japan March HKTDC - Hong Kong September Informa - Hong Kong Our Service: OEM/ODM Customized fine jewelry manufacturer Bespoke Jewelry design.; [The Spirit Of Nature] Blue Sapphire Diamond Brooch is not for sale.; Our Website: https://dljjewelry.com/","Dong Long Ju (D.L.J) Co., Ltd News & Events: January IJT - Tokyo Japan March HKTDC - Hong Kong September Informa - Hong Kong Our Service: OEM/ODM Customized fine jewelry manufacturer Bespoke Jewelry design.; [The Spirit Of Nature] Blue Sapphire Diamond Brooch is not for sale.; Our Website: https://dljjewelry.com/",,,,"Dong Long Ju (D.L.J) Co., Ltd.","Diamond Jewellery,Gemset Jewellery; Nature Spirit Art Jewelry seamlessly integrates natural elements, blending the vibrant growth of life.; ODM, OEM","Diamond Jewellery,Gemset Jewellery; Nature Spirit Art Jewelry seamlessly integrates natural elements, blending the vibrant growth of life.; ODM, OEM"
Yellow Diamond Ring,Yellow Diamond Ring,"Dong Long Ju (D.L.J) Co., Ltd; Product Description:; 1YellowDiamond-2.34CT、; 28YellowDiamond-0.26CT、; 376Diamond2.39CT、; 484Diamond-4.31CT; News & Events:; January IJT - Tokyo Japan; March HKTDC - Hong Kong; September Informa - Hong Kong; Our Service:; OEM/ODM; Customized fine jewelry manufacturer; Bespoke Jewelry design; Our Website:; https://dljjewelry.com/","Dong Long Ju (D.L.J) Co., Ltd; Product Description:; 1YellowDiamond-2.34CT、; 28YellowDiamond-0.26CT、; 376Diamond2.39CT、; 484Diamond-4.31CT; News & Events:; January IJT - Tokyo Japan; March HKTDC - Hong Kong; September Informa - Hong Kong; Our Service:; OEM/ODM; Customized fine jewelry manufacturer; Bespoke Jewelry design; Our Website:; https://dljjewelry.com/",,,,"Dong Long Ju (D.L.J) Co., Ltd.","Diamond Jewellery,Gemset Jewellery; Nature Spirit Art Jewelry seamlessly integrates natural elements, blending the vibrant growth of life.; ODM, OEM","Diamond Jewellery,Gemset Jewellery; Nature Spirit Art Jewelry seamlessly integrates natural elements, blending the vibrant growth of life.; ODM, OEM"
10K Yellow Gold Yellow Sapphire Necklace,10K Yellow Gold Yellow Sapphire Necklace,Green Garnet x 3(0.13carat)、Diamond x 1(0.005carat)、Ruby x 3(0.04carat)、Yellow Sapphire x 1(0.19carat),Green Garnet x 3(0.13carat)、Diamond x 1(0.005carat)、Ruby x 3(0.04carat)、Yellow Sapphire x 1(0.19carat),,,,"Dong Long Ju (D.L.J) Co., Ltd.","Diamond Jewellery,Gemset Jewellery; Nature Spirit Art Jewelry seamlessly integrates natural elements, blending the vibrant growth of life.; ODM, OEM","Diamond Jewellery,Gemset Jewellery; Nature Spirit Art Jewelry seamlessly integrates natural elements, blending the vibrant growth of life.; ODM, OEM"
18K White Gold Sapphire Ring,18K White Gold Sapphire Ring,"Dong Long Ju (D.L.J) Co., Ltd News & Events: January IJT - Tokyo Japan March HKTDC - Hong Kong September Informa - Hong Kong Our Service: OEM/ODM Customized fine jewelry manufacturer Bespoke Jewelry design.; Our Website: https://dljjewelry.com/","Dong Long Ju (D.L.J) Co., Ltd News & Events: January IJT - Tokyo Japan March HKTDC - Hong Kong September Informa - Hong Kong Our Service: OEM/ODM Customized fine jewelry manufacturer Bespoke Jewelry design.; Our Website: https://dljjewelry.com/",,,,"Dong Long Ju (D.L.J) Co., Ltd.","Diamond Jewellery,Gemset Jewellery; Nature Spirit Art Jewelry seamlessly integrates natural elements, blending the vibrant growth of life.; ODM, OEM","Diamond Jewellery,Gemset Jewellery; Nature Spirit Art Jewelry seamlessly integrates natural elements, blending the vibrant growth of life.; ODM, OEM"
18K White Gold Yellow Diamond Ring,18K White Gold Yellow Diamond Ring,"Dong Long Ju (D.L.J) Co., Ltd; Product Description:; 1YellowDiamond-3CT、; 38PinkDiamond-0.31CT、; 80Diamond-1.38CT; News & Events:; January IJT - Tokyo Japan; March HKTDC - Hong Kong; September Informa - Hong Kong; Our Service:; OEM/ODM; Customized fine jewelry manufacturer; Bespoke Jewelry design; Our Website:; https://dljjewelry.com/","Dong Long Ju (D.L.J) Co., Ltd; Product Description:; 1YellowDiamond-3CT、; 38PinkDiamond-0.31CT、; 80Diamond-1.38CT; News & Events:; January IJT - Tokyo Japan; March HKTDC - Hong Kong; September Informa - Hong Kong; Our Service:; OEM/ODM; Customized fine jewelry manufacturer; Bespoke Jewelry design; Our Website:; https://dljjewelry.com/",,,,"Dong Long Ju (D.L.J) Co., Ltd.","Diamond Jewellery,Gemset Jewellery; Nature Spirit Art Jewelry seamlessly integrates natural elements, blending the vibrant growth of life.; ODM, OEM","Diamond Jewellery,Gemset Jewellery; Nature Spirit Art Jewelry seamlessly integrates natural elements, blending the vibrant growth of life.; ODM, OEM"
Elegant Necklace Series,Elegant Necklace Series,Elegant Necklace Series,Elegant Necklace Series,,,,"Dong Long Ju (D.L.J) Co., Ltd.","Diamond Jewellery,Gemset Jewellery; Nature Spirit Art Jewelry seamlessly integrates natural elements, blending the vibrant growth of life.; ODM, OEM","Diamond Jewellery,Gemset Jewellery; Nature Spirit Art Jewelry seamlessly integrates natural elements, blending the vibrant growth of life.; ODM, OEM"
18K White Gold Ruby Ring,18K White Gold Ruby Ring,18K White Gold Ruby Ring,18K White Gold Ruby Ring,,,,"Dong Long Ju (D.L.J) Co., Ltd.","Diamond Jewellery,Gemset Jewellery; Nature Spirit Art Jewelry seamlessly integrates natural elements, blending the vibrant growth of life.; ODM, OEM","Diamond Jewellery,Gemset Jewellery; Nature Spirit Art Jewelry seamlessly integrates natural elements, blending the vibrant growth of life.; ODM, OEM"
18K White Gold Diamond Brooches,18K White Gold Diamond Brooches,"Dong Long Ju (D.L.J) Co., Ltd; Product Description:; News & Events:; Our Service:","Dong Long Ju (D.L.J) Co., Ltd; Product Description:; News & Events:; Our Service:",,,,"Dong Long Ju (D.L.J) Co., Ltd.","Diamond Jewellery,Gemset Jewellery; Nature Spirit Art Jewelry seamlessly integrates natural elements, blending the vibrant growth of life.; ODM, OEM","Diamond Jewellery,Gemset Jewellery; Nature Spirit Art Jewelry seamlessly integrates natural elements, blending the vibrant growth of life.; ODM, OEM"
High Jewelry Series,High Jewelry Series,High Jewelry Series,High Jewelry Series,,,,"Dong Long Ju (D.L.J) Co., Ltd.","Diamond Jewellery,Gemset Jewellery; Nature Spirit Art Jewelry seamlessly integrates natural elements, blending the vibrant growth of life.; ODM, OEM","Diamond Jewellery,Gemset Jewellery; Nature Spirit Art Jewelry seamlessly integrates natural elements, blending the vibrant growth of life.; ODM, OEM"
18K Rose Gold Blue Diamond Ring,18K Rose Gold Blue Diamond Ring,"Dong Long Ju (D.L.J) Co., Ltd News & Events: January IJT - Tokyo Japan March HKTDC - Hong Kong September Informa - Hong Kong Our Service: OEM/ODM Customized fine jewelry manufacturer Bespoke Jewelry design.; Our Website: https://dljjewelry.com/","Dong Long Ju (D.L.J) Co., Ltd News & Events: January IJT - Tokyo Japan March HKTDC - Hong Kong September Informa - Hong Kong Our Service: OEM/ODM Customized fine jewelry manufacturer Bespoke Jewelry design.; Our Website: https://dljjewelry.com/",,,,"Dong Long Ju (D.L.J) Co., Ltd.","Diamond Jewellery,Gemset Jewellery; Nature Spirit Art Jewelry seamlessly integrates natural elements, blending the vibrant growth of life.; ODM, OEM","Diamond Jewellery,Gemset Jewellery; Nature Spirit Art Jewelry seamlessly integrates natural elements, blending the vibrant growth of life.; ODM, OEM"
Pink Peach Diamond Bliss Cup,Pink Peach Diamond Bliss Cup,"""Pink Peach Diamond Bliss Cup""; An innovative blend of silver jewelry and teacups, this masterpiece perfectly showcases the harmony between Chinese tea culture and jewelry craftsmanship. Inspired by the peach, a cherished symbol in Chinese culture, it represents blessings of longevity, joy, and prosperity, infusing life with happiness and delight.; Product Features：; Combining the art of Chinese tea culture with Western jewelry craftsmanship, the teacup lid features a detachable design that incorporates jewelry-making techniques. It serves both as a collectible ornament and a daily-wear necklace, adding elegance and practicality.","""Pink Peach Diamond Bliss Cup""; An innovative blend of silver jewelry and teacups, this masterpiece perfectly showcases the harmony between Chinese tea culture and jewelry craftsmanship. Inspired by the peach, a cherished symbol in Chinese culture, it represents blessings of longevity, joy, and prosperity, infusing life with happiness and delight.; Product Features：; Combining the art of Chinese tea culture with Western jewelry craftsmanship, the teacup lid features a detachable design that incorporates jewelry-making techniques. It serves both as a collectible ornament and a daily-wear necklace, adding elegance and practicality.",,,,"Dong Long Ju (D.L.J) Co., Ltd.","Diamond Jewellery,Gemset Jewellery; Nature Spirit Art Jewelry seamlessly integrates natural elements, blending the vibrant growth of life.; ODM, OEM","Diamond Jewellery,Gemset Jewellery; Nature Spirit Art Jewelry seamlessly integrates natural elements, blending the vibrant growth of life.; ODM, OEM"
Pineapple Diamond Fortune Cup,Pineapple Diamond Fortune Cup,"""Pineapple Diamond Fortune Cup""; In Eastern culture, the pineapple symbolizes prosperity, with its Taiwanese homonym ""Wang Lai"" conveying wishes for wealth and continuous good fortune. This product blends Chinese tea culture with exquisite jewelry craftsmanship, delivering the innovative charm of traditional culture paired with modern design.; Product Features：; Combining the art of Chinese tea culture with Western jewelry craftsmanship, the teacup lid features a detachable design that incorporates jewelry-making techniques. It serves both as a collectible ornament and a daily-wear necklace, adding elegance and practicality.","""Pineapple Diamond Fortune Cup""; In Eastern culture, the pineapple symbolizes prosperity, with its Taiwanese homonym ""Wang Lai"" conveying wishes for wealth and continuous good fortune. This product blends Chinese tea culture with exquisite jewelry craftsmanship, delivering the innovative charm of traditional culture paired with modern design.; Product Features：; Combining the art of Chinese tea culture with Western jewelry craftsmanship, the teacup lid features a detachable design that incorporates jewelry-making techniques. It serves both as a collectible ornament and a daily-wear necklace, adding elegance and practicality.",,,,"Dong Long Ju (D.L.J) Co., Ltd.","Diamond Jewellery,Gemset Jewellery; Nature Spirit Art Jewelry seamlessly integrates natural elements, blending the vibrant growth of life.; ODM, OEM","Diamond Jewellery,Gemset Jewellery; Nature Spirit Art Jewelry seamlessly integrates natural elements, blending the vibrant growth of life.; ODM, OEM"
18K White Gold Blue Diamond Brooches,18K White Gold Blue Diamond Brooches,"Dong Long Ju (D.L.J) Co., Ltd; Product Description:; 1Blue Diamond-3.038CTVLB/VS2; 337Sapphire-6.083CT/28Pink Diamond-0.17CT; 845Diamond-13.245CT; News & Events:; January IJT - Tokyo Japan; March HKTDC - Hong Kong; September Informa - Hong Kong; Our Service:; OEM/ODM; Customized fine jewelry manufacturer; Bespoke Jewelry design; Our Website:; https://dljjewelry.com/","Dong Long Ju (D.L.J) Co., Ltd; Product Description:; 1Blue Diamond-3.038CTVLB/VS2; 337Sapphire-6.083CT/28Pink Diamond-0.17CT; 845Diamond-13.245CT; News & Events:; January IJT - Tokyo Japan; March HKTDC - Hong Kong; September Informa - Hong Kong; Our Service:; OEM/ODM; Customized fine jewelry manufacturer; Bespoke Jewelry design; Our Website:; https://dljjewelry.com/",,,,"Dong Long Ju (D.L.J) Co., Ltd.","Diamond Jewellery,Gemset Jewellery; Nature Spirit Art Jewelry seamlessly integrates natural elements, blending the vibrant growth of life.; ODM, OEM","Diamond Jewellery,Gemset Jewellery; Nature Spirit Art Jewelry seamlessly integrates natural elements, blending the vibrant growth of life.; ODM, OEM"
18K Yellow Gold Yellow Diamond Ring,18K Yellow Gold Yellow Diamond Ring,"Dong Long Ju (D.L.J) Co., Ltd; News & Events:; January IJT - Tokyo Japan; March HKTDC - Hong Kong; September Informa - Hong Kong; Our Service:; OEM/ODM; Customized fine jewelry manufacturer; Bespoke Jewelry design; Our Website:; https://dljjewelry.com/","Dong Long Ju (D.L.J) Co., Ltd; News & Events:; January IJT - Tokyo Japan; March HKTDC - Hong Kong; September Informa - Hong Kong; Our Service:; OEM/ODM; Customized fine jewelry manufacturer; Bespoke Jewelry design; Our Website:; https://dljjewelry.com/",,,,"Dong Long Ju (D.L.J) Co., Ltd.","Diamond Jewellery,Gemset Jewellery; Nature Spirit Art Jewelry seamlessly integrates natural elements, blending the vibrant growth of life.; ODM, OEM","Diamond Jewellery,Gemset Jewellery; Nature Spirit Art Jewelry seamlessly integrates natural elements, blending the vibrant growth of life.; ODM, OEM"
5.02CT RUBY BROOCH -AJ0041,5.02CT RUBY BROOCH -AJ0041,"5.02CT Mozambique RUBY, No heat treatment, GRS Certificate","5.02CT Mozambique RUBY, No heat treatment, GRS Certificate",,,,"Dong Long Ju (D.L.J) Co., Ltd.","Diamond Jewellery,Gemset Jewellery; Nature Spirit Art Jewelry seamlessly integrates natural elements, blending the vibrant growth of life.; ODM, OEM","Diamond Jewellery,Gemset Jewellery; Nature Spirit Art Jewelry seamlessly integrates natural elements, blending the vibrant growth of life.; ODM, OEM"
Goldfish Fortune Cup Series,Goldfish Fortune Cup Series,"Goldfish Fortune Cup Series — A Symbol of Auspiciousness and Fortune; Since ancient times, the golden fish has symbolized wealth, auspiciousness and prosperity, meaning the smoothness and happiness of ""like a fish in water"", an extraordinary choice for giving love and passing blessings.; Product Features：; Combining the art of Chinese tea culture with Western jewelry craftsmanship, the teacup lid features a detachable design that incorporates jewelry-making techniques. It serves both as a collectible ornament and a daily-wear necklace, adding elegance and practicality.","Goldfish Fortune Cup Series — A Symbol of Auspiciousness and Fortune; Since ancient times, the golden fish has symbolized wealth, auspiciousness and prosperity, meaning the smoothness and happiness of ""like a fish in water"", an extraordinary choice for giving love and passing blessings.; Product Features：; Combining the art of Chinese tea culture with Western jewelry craftsmanship, the teacup lid features a detachable design that incorporates jewelry-making techniques. It serves both as a collectible ornament and a daily-wear necklace, adding elegance and practicality.",,,,"Dong Long Ju (D.L.J) Co., Ltd.","Diamond Jewellery,Gemset Jewellery; Nature Spirit Art Jewelry seamlessly integrates natural elements, blending the vibrant growth of life.; ODM, OEM","Diamond Jewellery,Gemset Jewellery; Nature Spirit Art Jewelry seamlessly integrates natural elements, blending the vibrant growth of life.; ODM, OEM"
WD Display - Customized Luxury Jewelry Display Counter High-End Cabinet Manufacturer,WD Display - Customized Luxury Jewelry Display Counter High-End Cabinet Manufacturer,"This high-quality jewelry showcase, introduced by WD Display, is the latest in luxury jewelry display solutions. Ideal for jewelry stores, upscale malls, various exhibition halls, and high-end clubs, the showcase is primarily crafted from stainless steel combined with imported leather, meticulously designed to exude elegance and sophistication. The meticulous craftsmanship ensures the showcase's stunning appearance. Featuring an electronic smart lock system, it highlights the safety of the showcase. The high-transparency glass provides a clear and stunning view of the exhibits, creating an impressive visual display. An intelligent lighting system further enhances the visibility of your products, presenting them perfectly to customers and enticing them to make a purchase. Additionally, this showcase can be customized and combined according to your needs, offering both luxury and convenience. If this jewelry showcase suits your requirements, please contact WD Display.","This high-quality jewelry showcase, introduced by WD Display, is the latest in luxury jewelry display solutions. Ideal for jewelry stores, upscale malls, various exhibition halls, and high-end clubs, the showcase is primarily crafted from stainless steel combined with imported leather, meticulously designed to exude elegance and sophistication. The meticulous craftsmanship ensures the showcase's stunning appearance. Featuring an electronic smart lock system, it highlights the safety of the showcase. The high-transparency glass provides a clear and stunning view of the exhibits, creating an impressive visual display. An intelligent lighting system further enhances the visibility of your products, presenting them perfectly to customers and enticing them to make a purchase. Additionally, this showcase can be customized and combined according to your needs, offering both luxury and convenience. If this jewelry showcase suits your requirements, please contact WD Display.",,,,"Guangdong Wangdian Display Co., Ltd.","Jewellery Display Material; Jewelry showcase display cabinet; OEM, ODM","Jewellery Display Material; Jewelry showcase display cabinet; OEM, ODM"
WD Display-Innovative design high-end display table jewelry store negotiation table,WD Display-Innovative design high-end display table jewelry store negotiation table,"You are enjoying the latest high-end negotiation table displayed by WD. It is suitable for jewelry stores, high-end shopping malls, various exhibition halls, high-end clubs and other places. It adopts the latest design concepts and manufacturing processes, and incorporates the trendy metal relief art to enhance the high-end texture. The stainless steel electroplating process combined with high-end leather greatly enhances the design and beauty of this negotiation table. The floor cabinet is added on the right side as a storage area, which increases the storage function while enhancing the elegant characteristics of the appearance. If you are interested in this jewelry negotiation table, please contact WD for display.","You are enjoying the latest high-end negotiation table displayed by WD. It is suitable for jewelry stores, high-end shopping malls, various exhibition halls, high-end clubs and other places. It adopts the latest design concepts and manufacturing processes, and incorporates the trendy metal relief art to enhance the high-end texture. The stainless steel electroplating process combined with high-end leather greatly enhances the design and beauty of this negotiation table. The floor cabinet is added on the right side as a storage area, which increases the storage function while enhancing the elegant characteristics of the appearance. If you are interested in this jewelry negotiation table, please contact WD for display.",,,,"Guangdong Wangdian Display Co., Ltd.","Jewellery Display Material; Jewelry showcase display cabinet; OEM, ODM","Jewellery Display Material; Jewelry showcase display cabinet; OEM, ODM"
WD Display - Hot Sale Free Standing Jewelry Display Tower Luxury Store Cabinets,WD Display - Hot Sale Free Standing Jewelry Display Tower Luxury Store Cabinets,"You are now viewing a luxurious custom jewelry display from WD Display. This boutique showcase is well-loved by consumers and is the most representative piece of our store. It is made of high-quality stainless steel and has been meticulously electroplated to exude a high-end look and has an anti-fingerprint surface. The intelligent lighting system can adapt to a variety of products to meet your diverse needs. The hidden smart electronic lock not only improves the aesthetics of the display case, but also ensures the safety of the display case. The high-transparency glass provides a clear and stunning view of the exhibits, creating an impressive visual display. If you want your jewelry to look luxurious, this boutique display case is a great choice! To order, please contact WD Display.","You are now viewing a luxurious custom jewelry display from WD Display. This boutique showcase is well-loved by consumers and is the most representative piece of our store. It is made of high-quality stainless steel and has been meticulously electroplated to exude a high-end look and has an anti-fingerprint surface. The intelligent lighting system can adapt to a variety of products to meet your diverse needs. The hidden smart electronic lock not only improves the aesthetics of the display case, but also ensures the safety of the display case. The high-transparency glass provides a clear and stunning view of the exhibits, creating an impressive visual display. If you want your jewelry to look luxurious, this boutique display case is a great choice! To order, please contact WD Display.",,,,"Guangdong Wangdian Display Co., Ltd.","Jewellery Display Material; Jewelry showcase display cabinet; OEM, ODM","Jewellery Display Material; Jewelry showcase display cabinet; OEM, ODM"
WD Display Customized Modern Design Jewelry Display Showcase with 2 Countertop Cabinet,WD Display Customized Modern Design Jewelry Display Showcase with 2 Countertop Cabinet,"You are viewing WD Display's stylish jewelry showcase, ideal for jewelry stores, high-end malls, various exhibition halls, and luxury clubs.  It is also suitable for in-store low jewelry cabinets, jewelry islands, or jewelry wall displays.  The showcase combines stainless steel metal plating with premium leather, significantly enhancing its design and aesthetics.  The intelligent electronic lock provides convenient and secure access.  The lower section of the showcase serves as storage, adding a touch of elegance while increasing storage capacity.  The ultra-clear crystal glass paired with an intelligent lighting system ensures that your products are perfectly displayed.  If you are interested in this jewelry showcase, please feel free to contact WD Display.","You are viewing WD Display's stylish jewelry showcase, ideal for jewelry stores, high-end malls, various exhibition halls, and luxury clubs.  It is also suitable for in-store low jewelry cabinets, jewelry islands, or jewelry wall displays.  The showcase combines stainless steel metal plating with premium leather, significantly enhancing its design and aesthetics.  The intelligent electronic lock provides convenient and secure access.  The lower section of the showcase serves as storage, adding a touch of elegance while increasing storage capacity.  The ultra-clear crystal glass paired with an intelligent lighting system ensures that your products are perfectly displayed.  If you are interested in this jewelry showcase, please feel free to contact WD Display.",,,,"Guangdong Wangdian Display Co., Ltd.","Jewellery Display Material; Jewelry showcase display cabinet; OEM, ODM","Jewellery Display Material; Jewelry showcase display cabinet; OEM, ODM"
WD Display - Customized Luxury Jewelry Store Display Cabinet with Modern Decorative Design,WD Display - Customized Luxury Jewelry Store Display Cabinet with Modern Decorative Design,"What you are looking at now is a luxurious window display showcase. This vertical display cabinet is the latest model launched by WD Display, with a brand-new design concept and the latest production technology. It is suitable for jewelry stores, high-end shopping malls, various exhibition halls, high-end clubs and other places. If you want to make your jewelry store look more upscale and attract a large number of customers through the window display and stand out from the competition, this display is highly recommended! The ultra-clear tempered glass provides very high clarity and scratch resistance. The intelligent adjustable lighting system ensures uniform light distribution and provides a realistic display of your products. The spacious display area can accommodate a variety of products and display props to enhance your display effect. Let your jewelry be perfectly displayed and win the favor of consumers. If you are interested in this high-end luxury window jewelry display cabinet, please contact WD Display.","What you are looking at now is a luxurious window display showcase. This vertical display cabinet is the latest model launched by WD Display, with a brand-new design concept and the latest production technology. It is suitable for jewelry stores, high-end shopping malls, various exhibition halls, high-end clubs and other places. If you want to make your jewelry store look more upscale and attract a large number of customers through the window display and stand out from the competition, this display is highly recommended! The ultra-clear tempered glass provides very high clarity and scratch resistance. The intelligent adjustable lighting system ensures uniform light distribution and provides a realistic display of your products. The spacious display area can accommodate a variety of products and display props to enhance your display effect. Let your jewelry be perfectly displayed and win the favor of consumers. If you are interested in this high-end luxury window jewelry display cabinet, please contact WD Display.",,,,"Guangdong Wangdian Display Co., Ltd.","Jewellery Display Material; Jewelry showcase display cabinet; OEM, ODM","Jewellery Display Material; Jewelry showcase display cabinet; OEM, ODM"
WD Display - High-End Luxury Jewelry Boutique Cabinet  Display Showcase Design Manufacturer,WD Display - High-End Luxury Jewelry Boutique Cabinet  Display Showcase Design Manufacturer,"The display cabinet in front of you is a high-end jewelry showcase from WD Display. It is one of WD Display's best-selling luxury jewelry cabinets, known for its innovative design and distinctive theme that perfectly meet consumer needs. Crafted with high-quality materials and meticulous workmanship, this display cabinet offers strong market competitiveness. It is ideal for use in jewelry stores, watch shops, and various high-end clubs. The simple yet elegant design aligns with the aesthetic preferences of most consumers. Moreover, this display cabinet features advanced stainless steel processing technology that provides a fingerprint-resistant finish, eliminating the need for frequent cleaning and offering both economy and convenience. The built-in electronic lock with an intelligent opening system ensures easy and secure access. The top-mounted intelligent adjustable lighting system enhances the brilliance of unique jewelry pieces. If you are interested in this jewelry showcase, please feel free to contact WD Display.","The display cabinet in front of you is a high-end jewelry showcase from WD Display. It is one of WD Display's best-selling luxury jewelry cabinets, known for its innovative design and distinctive theme that perfectly meet consumer needs. Crafted with high-quality materials and meticulous workmanship, this display cabinet offers strong market competitiveness. It is ideal for use in jewelry stores, watch shops, and various high-end clubs. The simple yet elegant design aligns with the aesthetic preferences of most consumers. Moreover, this display cabinet features advanced stainless steel processing technology that provides a fingerprint-resistant finish, eliminating the need for frequent cleaning and offering both economy and convenience. The built-in electronic lock with an intelligent opening system ensures easy and secure access. The top-mounted intelligent adjustable lighting system enhances the brilliance of unique jewelry pieces. If you are interested in this jewelry showcase, please feel free to contact WD Display.",,,,"Guangdong Wangdian Display Co., Ltd.","Jewellery Display Material; Jewelry showcase display cabinet; OEM, ODM","Jewellery Display Material; Jewelry showcase display cabinet; OEM, ODM"
WD Display Custom Luxury Jewelry Display Cabinets with Fashionable Design,WD Display Custom Luxury Jewelry Display Cabinets with Fashionable Design,"What you are looking at now is the latest design and manufacturing jewelry display cabinet by WD Display. It is an ideal choice for jewelry stores, high-end shopping malls, various exhibition halls, and high-end clubs. The cabinet combines stainless steel plating and high-end leather to enhance its design and aesthetic appeal. The electronic lock provides a smart way to open, providing convenience and security. The top display box not only exudes elegance, but also provides ample display space. The high light transmittance glass provides a clear view, allowing the exhibits to be best displayed. If you are interested in this jewelry display cabinet, please contact WD Display.","What you are looking at now is the latest design and manufacturing jewelry display cabinet by WD Display. It is an ideal choice for jewelry stores, high-end shopping malls, various exhibition halls, and high-end clubs. The cabinet combines stainless steel plating and high-end leather to enhance its design and aesthetic appeal. The electronic lock provides a smart way to open, providing convenience and security. The top display box not only exudes elegance, but also provides ample display space. The high light transmittance glass provides a clear view, allowing the exhibits to be best displayed. If you are interested in this jewelry display cabinet, please contact WD Display.",,,,"Guangdong Wangdian Display Co., Ltd.","Jewellery Display Material; Jewelry showcase display cabinet; OEM, ODM","Jewellery Display Material; Jewelry showcase display cabinet; OEM, ODM"
Horoscope Collection,Horoscope Collection,"Embrace your star sign’s energy with this horoscope necklace, representing the guiding forces of the stars. Each zodiac sign holds its own unique meaning—this necklace serves as a reminder of your connection to the universe and the traits that define you.","Embrace your star sign’s energy with this horoscope necklace, representing the guiding forces of the stars. Each zodiac sign holds its own unique meaning—this necklace serves as a reminder of your connection to the universe and the traits that define you.",,,,Young Zone Jewelry Co Ltd,"Sterling Silver Jewellery,Stainless Steel Jewellery; Silver, stainless and pewter jewelry accessory and gift item.; OEM, ODM, OBM","Sterling Silver Jewellery,Stainless Steel Jewellery; Silver, stainless and pewter jewelry accessory and gift item.; OEM, ODM, OBM"
Ocean Lover Collection,Ocean Lover Collection,"For those whose hearts belong to the sea, this ocean lover necklace embodies the timeless beauty of the waves. 'The ocean is a mighty harmonist.' Wear it as a reminder that the ocean’s rhythm is a song for the soul.","For those whose hearts belong to the sea, this ocean lover necklace embodies the timeless beauty of the waves. 'The ocean is a mighty harmonist.' Wear it as a reminder that the ocean’s rhythm is a song for the soul.",,,,Young Zone Jewelry Co Ltd,"Sterling Silver Jewellery,Stainless Steel Jewellery; Silver, stainless and pewter jewelry accessory and gift item.; OEM, ODM, OBM","Sterling Silver Jewellery,Stainless Steel Jewellery; Silver, stainless and pewter jewelry accessory and gift item.; OEM, ODM, OBM"
Be My Angel,Be My Angel,Be My Angel,Be My Angel,,,,Young Zone Jewelry Co Ltd,"Sterling Silver Jewellery,Stainless Steel Jewellery; Silver, stainless and pewter jewelry accessory and gift item.; OEM, ODM, OBM","Sterling Silver Jewellery,Stainless Steel Jewellery; Silver, stainless and pewter jewelry accessory and gift item.; OEM, ODM, OBM"
Guardian Angel Necklace,Guardian Angel Necklace,"Wherever you go, whatever you do. May your guardian angel watch over you. A thoughtful gift to remind someone special that they are always protected. May your guardian angel watch over you and light your path with love.","Wherever you go, whatever you do. May your guardian angel watch over you. A thoughtful gift to remind someone special that they are always protected. May your guardian angel watch over you and light your path with love.",,,,Young Zone Jewelry Co Ltd,"Sterling Silver Jewellery,Stainless Steel Jewellery; Silver, stainless and pewter jewelry accessory and gift item.; OEM, ODM, OBM","Sterling Silver Jewellery,Stainless Steel Jewellery; Silver, stainless and pewter jewelry accessory and gift item.; OEM, ODM, OBM"
Happy Birthday Collection,Happy Birthday Collection,"Make a wish and celebrate your special day with this birthday collection necklace. A timeless reminder that birthdays are meant to be cherished, filled with love, joy, and a little sparkle!","Make a wish and celebrate your special day with this birthday collection necklace. A timeless reminder that birthdays are meant to be cherished, filled with love, joy, and a little sparkle!",,,,Young Zone Jewelry Co Ltd,"Sterling Silver Jewellery,Stainless Steel Jewellery; Silver, stainless and pewter jewelry accessory and gift item.; OEM, ODM, OBM","Sterling Silver Jewellery,Stainless Steel Jewellery; Silver, stainless and pewter jewelry accessory and gift item.; OEM, ODM, OBM"
You Touched My Heart,You Touched My Heart,You Touched My Heart,You Touched My Heart,,,,Young Zone Jewelry Co Ltd,"Sterling Silver Jewellery,Stainless Steel Jewellery; Silver, stainless and pewter jewelry accessory and gift item.; OEM, ODM, OBM","Sterling Silver Jewellery,Stainless Steel Jewellery; Silver, stainless and pewter jewelry accessory and gift item.; OEM, ODM, OBM"
Blooming Faith Cross Necklace,Blooming Faith Cross Necklace,"Bloom where God plants you - Let the colorful crystals of this flower cross necklace remind you that wherever life plants you, you are meant to bloom and shine with God's love and guidance.","Bloom where God plants you - Let the colorful crystals of this flower cross necklace remind you that wherever life plants you, you are meant to bloom and shine with God's love and guidance.",,,,Young Zone Jewelry Co Ltd,"Sterling Silver Jewellery,Stainless Steel Jewellery; Silver, stainless and pewter jewelry accessory and gift item.; OEM, ODM, OBM","Sterling Silver Jewellery,Stainless Steel Jewellery; Silver, stainless and pewter jewelry accessory and gift item.; OEM, ODM, OBM"
Forever in My Heart: Daughter-In-Law,Forever in My Heart: Daughter-In-Law,"Family isn’t just about blood, it’s about love. This infinity necklace symbolizes the forever bond we share—because you are more than a daughter-in-law, you are family","Family isn’t just about blood, it’s about love. This infinity necklace symbolizes the forever bond we share—because you are more than a daughter-in-law, you are family",,,,Young Zone Jewelry Co Ltd,"Sterling Silver Jewellery,Stainless Steel Jewellery; Silver, stainless and pewter jewelry accessory and gift item.; OEM, ODM, OBM","Sterling Silver Jewellery,Stainless Steel Jewellery; Silver, stainless and pewter jewelry accessory and gift item.; OEM, ODM, OBM"
Chai & Star of David: Symbol of Life & Faith,Chai & Star of David: Symbol of Life & Faith,"This chai and Star of David necklace beautifully combines two powerful symbols of faith. The Chai represents life, while the Star of David symbolizes divine protection and guidance. A beautiful reminder of faith and life’s blessings.","This chai and Star of David necklace beautifully combines two powerful symbols of faith. The Chai represents life, while the Star of David symbolizes divine protection and guidance. A beautiful reminder of faith and life’s blessings.",,,,Young Zone Jewelry Co Ltd,"Sterling Silver Jewellery,Stainless Steel Jewellery; Silver, stainless and pewter jewelry accessory and gift item.; OEM, ODM, OBM","Sterling Silver Jewellery,Stainless Steel Jewellery; Silver, stainless and pewter jewelry accessory and gift item.; OEM, ODM, OBM"
Luck Collection,Luck Collection,"Keep your luck close to your heart with this beautiful luck collection necklace. Whether it's a four-leaf clover, lucky elephant, or other symbol of fortune, this necklace is a reminder to embrace positivity and let luck guide you on your journey.","Keep your luck close to your heart with this beautiful luck collection necklace. Whether it's a four-leaf clover, lucky elephant, or other symbol of fortune, this necklace is a reminder to embrace positivity and let luck guide you on your journey.",,,,Young Zone Jewelry Co Ltd,"Sterling Silver Jewellery,Stainless Steel Jewellery; Silver, stainless and pewter jewelry accessory and gift item.; OEM, ODM, OBM","Sterling Silver Jewellery,Stainless Steel Jewellery; Silver, stainless and pewter jewelry accessory and gift item.; OEM, ODM, OBM"
Life Is A Journey,Life Is A Journey,Life Is A Journey,Life Is A Journey,,,,Young Zone Jewelry Co Ltd,"Sterling Silver Jewellery,Stainless Steel Jewellery; Silver, stainless and pewter jewelry accessory and gift item.; OEM, ODM, OBM","Sterling Silver Jewellery,Stainless Steel Jewellery; Silver, stainless and pewter jewelry accessory and gift item.; OEM, ODM, OBM"
Infinity Love Necklace,Infinity Love Necklace,Infinity Love Necklace,Infinity Love Necklace,,,,Young Zone Jewelry Co Ltd,"Sterling Silver Jewellery,Stainless Steel Jewellery; Silver, stainless and pewter jewelry accessory and gift item.; OEM, ODM, OBM","Sterling Silver Jewellery,Stainless Steel Jewellery; Silver, stainless and pewter jewelry accessory and gift item.; OEM, ODM, OBM"
Swallow Necklace,Swallow Necklace,Swallow Necklace,Swallow Necklace,,,,Young Zone Jewelry Co Ltd,"Sterling Silver Jewellery,Stainless Steel Jewellery; Silver, stainless and pewter jewelry accessory and gift item.; OEM, ODM, OBM","Sterling Silver Jewellery,Stainless Steel Jewellery; Silver, stainless and pewter jewelry accessory and gift item.; OEM, ODM, OBM"
Mother and Daughter in a bottle,Mother and Daughter in a bottle,"A symbol of love and togetherness, this elephant necklace honors the special relationship between mother and daughter. Happiness truly is mother and daughter time.","A symbol of love and togetherness, this elephant necklace honors the special relationship between mother and daughter. Happiness truly is mother and daughter time.",,,,Young Zone Jewelry Co Ltd,"Sterling Silver Jewellery,Stainless Steel Jewellery; Silver, stainless and pewter jewelry accessory and gift item.; OEM, ODM, OBM","Sterling Silver Jewellery,Stainless Steel Jewellery; Silver, stainless and pewter jewelry accessory and gift item.; OEM, ODM, OBM"
Faith collection,Faith collection,"Let this faith collection necklace be a symbol of strength and trust. ‘Walk by faith, not by sight’—with faith in your heart, anything is possible.","Let this faith collection necklace be a symbol of strength and trust. ‘Walk by faith, not by sight’—with faith in your heart, anything is possible.",,,,Young Zone Jewelry Co Ltd,"Sterling Silver Jewellery,Stainless Steel Jewellery; Silver, stainless and pewter jewelry accessory and gift item.; OEM, ODM, OBM","Sterling Silver Jewellery,Stainless Steel Jewellery; Silver, stainless and pewter jewelry accessory and gift item.; OEM, ODM, OBM"
Pet Lovers Collection,Pet Lovers Collection,Celebrate the unconditional love of your furry friend with this pet lover collections. 'Happiness has paws'—a reminder that the joy and companionship of your pet bring endless happiness and warmth to your heart.,Celebrate the unconditional love of your furry friend with this pet lover collections. 'Happiness has paws'—a reminder that the joy and companionship of your pet bring endless happiness and warmth to your heart.,,,,Young Zone Jewelry Co Ltd,"Sterling Silver Jewellery,Stainless Steel Jewellery; Silver, stainless and pewter jewelry accessory and gift item.; OEM, ODM, OBM","Sterling Silver Jewellery,Stainless Steel Jewellery; Silver, stainless and pewter jewelry accessory and gift item.; OEM, ODM, OBM"
Tree Necklace,Tree Necklace,Tree Necklace,Tree Necklace,,,,Young Zone Jewelry Co Ltd,"Sterling Silver Jewellery,Stainless Steel Jewellery; Silver, stainless and pewter jewelry accessory and gift item.; OEM, ODM, OBM","Sterling Silver Jewellery,Stainless Steel Jewellery; Silver, stainless and pewter jewelry accessory and gift item.; OEM, ODM, OBM"
Birth Flowers Collection,Birth Flowers Collection,"Celebrate your special day with this birthday flower necklace, bracelet, earrings, and rings—a unique reminder that each month carries its own floral meaning. Wear your birth flower with pride! When is your birthday?","Celebrate your special day with this birthday flower necklace, bracelet, earrings, and rings—a unique reminder that each month carries its own floral meaning. Wear your birth flower with pride! When is your birthday?",,,,Young Zone Jewelry Co Ltd,"Sterling Silver Jewellery,Stainless Steel Jewellery; Silver, stainless and pewter jewelry accessory and gift item.; OEM, ODM, OBM","Sterling Silver Jewellery,Stainless Steel Jewellery; Silver, stainless and pewter jewelry accessory and gift item.; OEM, ODM, OBM"
All You Need Is Luck,All You Need Is Luck,All You Need Is Luck,All You Need Is Luck,,,,Young Zone Jewelry Co Ltd,"Sterling Silver Jewellery,Stainless Steel Jewellery; Silver, stainless and pewter jewelry accessory and gift item.; OEM, ODM, OBM","Sterling Silver Jewellery,Stainless Steel Jewellery; Silver, stainless and pewter jewelry accessory and gift item.; OEM, ODM, OBM"
Silver Necklace,Silver Necklace,Silver Necklace,Silver Necklace,,,,Young Zone Jewelry Co Ltd,"Sterling Silver Jewellery,Stainless Steel Jewellery; Silver, stainless and pewter jewelry accessory and gift item.; OEM, ODM, OBM","Sterling Silver Jewellery,Stainless Steel Jewellery; Silver, stainless and pewter jewelry accessory and gift item.; OEM, ODM, OBM"
Wedding Rings,Wedding Rings,Wedding Rings,Wedding Rings,,,,"Guangzhou Baiyinju Jewellery Co., Ltd","Diamond Jewellery,Gemset Jewellery,Gold Jewellery Set,Jade Jewellery Set,Semi-Precious Stone Jewellery,Sterling Silver Jewellery,White Gold Jewellery; 925 Silver Jewellery, Gemset Jewellery, Gold Jewellery Set, Jade Jewellery Set, White Gold Jewellery, Semi-Precious Stone Jewellery, Wedding Jewellery, Wedding Rings, Couple Jewellery, Couple Rings, Diamond Jewelry, White Gold Jewelry, Gold Jewelry; OEM, ODM","Diamond Jewellery,Gemset Jewellery,Gold Jewellery Set,Jade Jewellery Set,Semi-Precious Stone Jewellery,Sterling Silver Jewellery,White Gold Jewellery; 925 Silver Jewellery, Gemset Jewellery, Gold Jewellery Set, Jade Jewellery Set, White Gold Jewellery, Semi-Precious Stone Jewellery, Wedding Jewellery, Wedding Rings, Couple Jewellery, Couple Rings, Diamond Jewelry, White Gold Jewelry, Gold Jewelry; OEM, ODM"
Wholesale 925 Silver Rhodium With 7-8MM Freshwater Pearl Stud Earrings For Women,Wholesale 925 Silver Rhodium With 7-8MM Freshwater Pearl Stud Earrings For Women,925 Silver with 7-8MM Freshwater Pearl Earrings,925 Silver with 7-8MM Freshwater Pearl Earrings,,,,V&V Jewellery Co Limited,"Sterling Silver Jewellery,Stainless Steel Jewellery; 925 silver with freshwater pearl jewelry; OEM, ODM, OBM","Sterling Silver Jewellery,Stainless Steel Jewellery; 925 silver with freshwater pearl jewelry; OEM, ODM, OBM"
925 Silver Rhodium With 7-8MM Rice Shape Freshwater Pearl Earrings Lady Jewelry,925 Silver Rhodium With 7-8MM Rice Shape Freshwater Pearl Earrings Lady Jewelry,925 Silver with 7-8MM Freshwater Pearl Earrings,925 Silver with 7-8MM Freshwater Pearl Earrings,,,,V&V Jewellery Co Limited,"Sterling Silver Jewellery,Stainless Steel Jewellery; 925 silver with freshwater pearl jewelry; OEM, ODM, OBM","Sterling Silver Jewellery,Stainless Steel Jewellery; 925 silver with freshwater pearl jewelry; OEM, ODM, OBM"
Factory Direct Wholesale 925 Silver Freshwater Baroque Pearl Rings - Gold Plated & Tarnish Resistant,Factory Direct Wholesale 925 Silver Freshwater Baroque Pearl Rings - Gold Plated & Tarnish Resistant,Factory Direct Wholesale 925 Silver Freshwater Baroque Pearl Rings - Gold Plated & Tarnish Resistant,Factory Direct Wholesale 925 Silver Freshwater Baroque Pearl Rings - Gold Plated & Tarnish Resistant,,,,V&V Jewellery Co Limited,"Sterling Silver Jewellery,Stainless Steel Jewellery; 925 silver with freshwater pearl jewelry; OEM, ODM, OBM","Sterling Silver Jewellery,Stainless Steel Jewellery; 925 silver with freshwater pearl jewelry; OEM, ODM, OBM"
New Design Freshwater Pearl Sterling Silver Starfish Brooch,New Design Freshwater Pearl Sterling Silver Starfish Brooch,New Design Freshwater Pearl Sterling Silver Starfish Brooch,New Design Freshwater Pearl Sterling Silver Starfish Brooch,,,,V&V Jewellery Co Limited,"Sterling Silver Jewellery,Stainless Steel Jewellery; 925 silver with freshwater pearl jewelry; OEM, ODM, OBM","Sterling Silver Jewellery,Stainless Steel Jewellery; 925 silver with freshwater pearl jewelry; OEM, ODM, OBM"
Trendy 925 Silver Freshwater Pearl Bracelet - Custom Logo Available for Bulk Orders,Trendy 925 Silver Freshwater Pearl Bracelet - Custom Logo Available for Bulk Orders,Trendy 925 Silver Freshwater Pearl Bracelet - Custom Logo Available for Bulk Orders,Trendy 925 Silver Freshwater Pearl Bracelet - Custom Logo Available for Bulk Orders,,,,V&V Jewellery Co Limited,"Sterling Silver Jewellery,Stainless Steel Jewellery; 925 silver with freshwater pearl jewelry; OEM, ODM, OBM","Sterling Silver Jewellery,Stainless Steel Jewellery; 925 silver with freshwater pearl jewelry; OEM, ODM, OBM"
925 Silver Freshwater Pearl CZ Drop Earrings  - Durable & Shiny - Ideal for Wedding Jewelry Wholesale,925 Silver Freshwater Pearl CZ Drop Earrings  - Durable & Shiny - Ideal for Wedding Jewelry Wholesale,925 Silver Freshwater Pearl CZ Drop Earrings  - Durable & Shiny - Ideal for Wedding Jewelry Wholesale,925 Silver Freshwater Pearl CZ Drop Earrings  - Durable & Shiny - Ideal for Wedding Jewelry Wholesale,,,,V&V Jewellery Co Limited,"Sterling Silver Jewellery,Stainless Steel Jewellery; 925 silver with freshwater pearl jewelry; OEM, ODM, OBM","Sterling Silver Jewellery,Stainless Steel Jewellery; 925 silver with freshwater pearl jewelry; OEM, ODM, OBM"
Custom Logo 925 Silver Freshwater Pearl Jewelry Set - Wholesale Price - Perfect for Resellers & Boutiques,Custom Logo 925 Silver Freshwater Pearl Jewelry Set - Wholesale Price - Perfect for Resellers & Boutiques,Custom Logo 925 Silver Freshwater Pearl Jewelry Set - Wholesale Price - Perfect for Resellers & Boutiques,Custom Logo 925 Silver Freshwater Pearl Jewelry Set - Wholesale Price - Perfect for Resellers & Boutiques,,,,V&V Jewellery Co Limited,"Sterling Silver Jewellery,Stainless Steel Jewellery; 925 silver with freshwater pearl jewelry; OEM, ODM, OBM","Sterling Silver Jewellery,Stainless Steel Jewellery; 925 silver with freshwater pearl jewelry; OEM, ODM, OBM"
Wholesale 925 Sterling Silver Freshwater Pearl Necklace for Women - Hypoallergenic & Elegant Design,Wholesale 925 Sterling Silver Freshwater Pearl Necklace for Women - Hypoallergenic & Elegant Design,Wholesale 925 Sterling Silver Freshwater Pearl Necklace for Women - Hypoallergenic & Elegant Design,Wholesale 925 Sterling Silver Freshwater Pearl Necklace for Women - Hypoallergenic & Elegant Design,,,,V&V Jewellery Co Limited,"Sterling Silver Jewellery,Stainless Steel Jewellery; 925 silver with freshwater pearl jewelry; OEM, ODM, OBM","Sterling Silver Jewellery,Stainless Steel Jewellery; 925 silver with freshwater pearl jewelry; OEM, ODM, OBM"
High-Quality Freshwater Pearl Huggie Earrings with 925 Silver  - Hypoallergenic - Bulk Order Discounts Available,High-Quality Freshwater Pearl Huggie Earrings with 925 Silver  - Hypoallergenic - Bulk Order Discounts Available,High-Quality Freshwater Pearl Huggie Earrings with 925 Silver  - Hypoallergenic - Bulk Order Discounts Available,High-Quality Freshwater Pearl Huggie Earrings with 925 Silver  - Hypoallergenic - Bulk Order Discounts Available,,,,V&V Jewellery Co Limited,"Sterling Silver Jewellery,Stainless Steel Jewellery; 925 silver with freshwater pearl jewelry; OEM, ODM, OBM","Sterling Silver Jewellery,Stainless Steel Jewellery; 925 silver with freshwater pearl jewelry; OEM, ODM, OBM"
Mylove Jewelry Exquisite Butterfly Pendant,Mylove Jewelry Exquisite Butterfly Pendant,Mylove Jewelry Exquisite Butterfly Pendant,Mylove Jewelry Exquisite Butterfly Pendant,,,https://sourcing-media.hktdc.com/product-original/Mylove-20Jewelry-20Exquisite-20Butterfly-20Pendant/72c0a6ee17464ae3b2a7636f826a4e16; https://sourcing-media.hktdc.com/product-original/Mylove-20Jewelry-20Exquisite-20Butterfly-20Pendant/20ad45a267ab47329390fee631df25d9; https://sourcing-media.hktdc.com/product-original/Mylove-20Jewelry-20Exquisite-20Butterfly-20Pendant/b33ed37788714fd992c2bdcfdce80e64; https://sourcing-media.hktdc.com/product-original/Mylove-20Jewelry-20Exquisite-20Butterfly-20Pendant/af00438cff4846d68255a8077484f957; https://sourcing-media.hktdc.com/product-original/Mylove-20Jewelry-20Exquisite-20Butterfly-20Pendant/229da9603b3c4d0a9eeca83b019e5c04; https://sourcing-media.hktdc.com/product-original/Mylove-20Jewelry-20Exquisite-20Butterfly-20Pendant/2e54a532f4614f818746586c2ebc045f,"Zhejiang Mylove Jewelry Co., Ltd.","Sterling Silver Jewellery; Gifts and Premiums Items, 925 Silver Jewellery, Silver Jewellery and Accessories, Fashion Accessories, Festive Jewellery, Wedding Jewellery, Hair Accessories,
Freshwater Pearl Jewellery, Stainless Steel Jewellery, Men's Jewellery; ODM, OEM, OBM","Sterling Silver Jewellery; Gifts and Premiums Items, 925 Silver Jewellery, Silver Jewellery and Accessories, Fashion Accessories, Festive Jewellery, Wedding Jewellery, Hair Accessories,
Freshwater Pearl Jewellery, Stainless Steel Jewellery, Men's Jewellery; ODM, OEM, OBM"
Mylove Jewelry Zircon Lock Pendant,Mylove Jewelry Zircon Lock Pendant,Mylove Jewelry Zircon Lock Pendant,Mylove Jewelry Zircon Lock Pendant,,,https://sourcing-media.hktdc.com/product-original/Mylove-20Jewelry-20Zircon-20Lock-20Pendant/6f6cd616bc3a44819693ce18954e3c53; https://sourcing-media.hktdc.com/product-original/Mylove-20Jewelry-20Zircon-20Lock-20Pendant/b0465035c75448ad885ddbec02165a3a; https://sourcing-media.hktdc.com/product-original/Mylove-20Jewelry-20Zircon-20Lock-20Pendant/0f8051bc876241719a45e2e1ce1784bf; https://sourcing-media.hktdc.com/product-original/Mylove-20Jewelry-20Zircon-20Lock-20Pendant/959baf7f1f5a45c0b563f7d9d0c0bc1a; https://sourcing-media.hktdc.com/product-original/Mylove-20Jewelry-20Zircon-20Lock-20Pendant/7907bfce21934f589daea907e1cb3308; https://sourcing-media.hktdc.com/product-original/Mylove-20Jewelry-20Zircon-20Lock-20Pendant/2e54a532f4614f818746586c2ebc045f,"Zhejiang Mylove Jewelry Co., Ltd.","Sterling Silver Jewellery; Gifts and Premiums Items, 925 Silver Jewellery, Silver Jewellery and Accessories, Fashion Accessories, Festive Jewellery, Wedding Jewellery, Hair Accessories,
Freshwater Pearl Jewellery, Stainless Steel Jewellery, Men's Jewellery; ODM, OEM, OBM","Sterling Silver Jewellery; Gifts and Premiums Items, 925 Silver Jewellery, Silver Jewellery and Accessories, Fashion Accessories, Festive Jewellery, Wedding Jewellery, Hair Accessories,
Freshwater Pearl Jewellery, Stainless Steel Jewellery, Men's Jewellery; ODM, OEM, OBM"
Mylove Moon Star Book Pendant Fashion Jewerly,Mylove Moon Star Book Pendant Fashion Jewerly,Mylove Moon Star Book Pendant Fashion Jewerly,Mylove Moon Star Book Pendant Fashion Jewerly,,,https://sourcing-media.hktdc.com/product-original/Mylove-20Moon-20Star-20Book-20Pendant-20Fashion-20Jewerly/c34ff4198c36455e85b210d3c57dd371; https://sourcing-media.hktdc.com/product-original/Mylove-20Moon-20Star-20Book-20Pendant-20Fashion-20Jewerly/5570affa12b04cccbe9c404214df061d; https://sourcing-media.hktdc.com/product-original/Mylove-20Moon-20Star-20Book-20Pendant-20Fashion-20Jewerly/94d01f720ff14c1a8bee7592bd7d4c6a; https://sourcing-media.hktdc.com/product-original/Mylove-20Moon-20Star-20Book-20Pendant-20Fashion-20Jewerly/53d6c485b28144ddb08ab1bce7477922; https://sourcing-media.hktdc.com/product-original/Mylove-20Moon-20Star-20Book-20Pendant-20Fashion-20Jewerly/b8f78d23178d4064ae4321388bd4ab27; https://sourcing-media.hktdc.com/product-original/Mylove-20Moon-20Star-20Book-20Pendant-20Fashion-20Jewerly/2e54a532f4614f818746586c2ebc045f,"Zhejiang Mylove Jewelry Co., Ltd.","Sterling Silver Jewellery; Gifts and Premiums Items, 925 Silver Jewellery, Silver Jewellery and Accessories, Fashion Accessories, Festive Jewellery, Wedding Jewellery, Hair Accessories,
Freshwater Pearl Jewellery, Stainless Steel Jewellery, Men's Jewellery; ODM, OEM, OBM","Sterling Silver Jewellery; Gifts and Premiums Items, 925 Silver Jewellery, Silver Jewellery and Accessories, Fashion Accessories, Festive Jewellery, Wedding Jewellery, Hair Accessories,
Freshwater Pearl Jewellery, Stainless Steel Jewellery, Men's Jewellery; ODM, OEM, OBM"
Mylove Jewelry Fruit Strawber Earrings Women Fashion,Mylove Jewelry Fruit Strawber Earrings Women Fashion,Mylove Jewelry Fruit Strawber Earrings Women Fashion,Mylove Jewelry Fruit Strawber Earrings Women Fashion,,,https://sourcing-media.hktdc.com/product-original/Mylove-20Jewelry-20Fruit-20Strawber-20Earrings-20Women-20Fashion/a7672fb2944f44fba2122b96e4ec0027; https://sourcing-media.hktdc.com/product-original/Mylove-20Jewelry-20Fruit-20Strawber-20Earrings-20Women-20Fashion/af4f07c3af784022a54de38df611bf68; https://sourcing-media.hktdc.com/product-original/Mylove-20Jewelry-20Fruit-20Strawber-20Earrings-20Women-20Fashion/1f8e9be1507c4988be3d8dc05c79e872; https://sourcing-media.hktdc.com/product-original/Mylove-20Jewelry-20Fruit-20Strawber-20Earrings-20Women-20Fashion/0c0096399cdb4478b884024b83c4ac3a; https://sourcing-media.hktdc.com/product-original/Mylove-20Jewelry-20Fruit-20Strawber-20Earrings-20Women-20Fashion/097facba65244f529e5e0f9a823d5c3c; https://sourcing-media.hktdc.com/product-original/Mylove-20Jewelry-20Fruit-20Strawber-20Earrings-20Women-20Fashion/af255252a0734004ad50f7c8dd82a569; https://sourcing-media.hktdc.com/product-original/Mylove-20Jewelry-20Fruit-20Strawber-20Earrings-20Women-20Fashion/2e54a532f4614f818746586c2ebc045f,"Zhejiang Mylove Jewelry Co., Ltd.","Sterling Silver Jewellery; Gifts and Premiums Items, 925 Silver Jewellery, Silver Jewellery and Accessories, Fashion Accessories, Festive Jewellery, Wedding Jewellery, Hair Accessories,
Freshwater Pearl Jewellery, Stainless Steel Jewellery, Men's Jewellery; ODM, OEM, OBM","Sterling Silver Jewellery; Gifts and Premiums Items, 925 Silver Jewellery, Silver Jewellery and Accessories, Fashion Accessories, Festive Jewellery, Wedding Jewellery, Hair Accessories,
Freshwater Pearl Jewellery, Stainless Steel Jewellery, Men's Jewellery; ODM, OEM, OBM"
Mylove Jewelry Butterfly Pendant Women Fine Necklace,Mylove Jewelry Butterfly Pendant Women Fine Necklace,Mylove Jewelry Butterfly Pendant Women Fine Necklace,Mylove Jewelry Butterfly Pendant Women Fine Necklace,,,https://sourcing-media.hktdc.com/product-original/Mylove-20Jewelry-20Butterfly-20Pendant-20Women-20Fine-20Necklace/abac76764144461aa1d95ee3b3d966dd; https://sourcing-media.hktdc.com/product-original/Mylove-20Jewelry-20Butterfly-20Pendant-20Women-20Fine-20Necklace/18aee3f9571b48a6b9034263ca75a60d; https://sourcing-media.hktdc.com/product-original/Mylove-20Jewelry-20Butterfly-20Pendant-20Women-20Fine-20Necklace/f186ff4e932748398d2572318977507b; https://sourcing-media.hktdc.com/product-original/Mylove-20Jewelry-20Butterfly-20Pendant-20Women-20Fine-20Necklace/abac76764144461aa1d95ee3b3d966dd; https://sourcing-media.hktdc.com/product-original/Mylove-20Jewelry-20Butterfly-20Pendant-20Women-20Fine-20Necklace/ede67f9c9f9e43e8ab01520cc16c3199; https://sourcing-media.hktdc.com/product-original/Mylove-20Jewelry-20Butterfly-20Pendant-20Women-20Fine-20Necklace/e97c6ab7519d461e978f3f92740fa3c4; https://sourcing-media.hktdc.com/product-original/Mylove-20Jewelry-20Butterfly-20Pendant-20Women-20Fine-20Necklace/2e54a532f4614f818746586c2ebc045f,"Zhejiang Mylove Jewelry Co., Ltd.","Sterling Silver Jewellery; Gifts and Premiums Items, 925 Silver Jewellery, Silver Jewellery and Accessories, Fashion Accessories, Festive Jewellery, Wedding Jewellery, Hair Accessories,
Freshwater Pearl Jewellery, Stainless Steel Jewellery, Men's Jewellery; ODM, OEM, OBM","Sterling Silver Jewellery; Gifts and Premiums Items, 925 Silver Jewellery, Silver Jewellery and Accessories, Fashion Accessories, Festive Jewellery, Wedding Jewellery, Hair Accessories,
Freshwater Pearl Jewellery, Stainless Steel Jewellery, Men's Jewellery; ODM, OEM, OBM"
Mylove Jewelry Zodiac Bat Pendant Women Fashion,Mylove Jewelry Zodiac Bat Pendant Women Fashion,Mylove Jewelry Zodiac Bat Pendant Women Fashion,Mylove Jewelry Zodiac Bat Pendant Women Fashion,,,https://sourcing-media.hktdc.com/product-original/Mylove-20Jewelry-20Zodiac-20Bat-20Pendant-20Women-20Fashion/6eb455452b2f4e7f8926cb8ba370b2c5; https://sourcing-media.hktdc.com/product-original/Mylove-20Jewelry-20Zodiac-20Bat-20Pendant-20Women-20Fashion/8f095b7c8cd6479a84af624ce785231e; https://sourcing-media.hktdc.com/product-original/Mylove-20Jewelry-20Zodiac-20Bat-20Pendant-20Women-20Fashion/0b72710b50ff46eba0158bb240e46152; https://sourcing-media.hktdc.com/product-original/Mylove-20Jewelry-20Zodiac-20Bat-20Pendant-20Women-20Fashion/5fa13da603ea4cfdb3ef5c6e8b7755cc; https://sourcing-media.hktdc.com/product-original/Mylove-20Jewelry-20Zodiac-20Bat-20Pendant-20Women-20Fashion/0b72710b50ff46eba0158bb240e46152; https://sourcing-media.hktdc.com/product-original/Mylove-20Jewelry-20Zodiac-20Bat-20Pendant-20Women-20Fashion/ffe31cd64e1b4897b413c927bae77328; https://sourcing-media.hktdc.com/product-original/Mylove-20Jewelry-20Zodiac-20Bat-20Pendant-20Women-20Fashion/2e54a532f4614f818746586c2ebc045f,"Zhejiang Mylove Jewelry Co., Ltd.","Sterling Silver Jewellery; Gifts and Premiums Items, 925 Silver Jewellery, Silver Jewellery and Accessories, Fashion Accessories, Festive Jewellery, Wedding Jewellery, Hair Accessories,
Freshwater Pearl Jewellery, Stainless Steel Jewellery, Men's Jewellery; ODM, OEM, OBM","Sterling Silver Jewellery; Gifts and Premiums Items, 925 Silver Jewellery, Silver Jewellery and Accessories, Fashion Accessories, Festive Jewellery, Wedding Jewellery, Hair Accessories,
Freshwater Pearl Jewellery, Stainless Steel Jewellery, Men's Jewellery; ODM, OEM, OBM"
Mylove Jewelry Butterfly Pendant New Design,Mylove Jewelry Butterfly Pendant New Design,Mylove Jewelry Butterfly Pendant New Design,Mylove Jewelry Butterfly Pendant New Design,,,https://sourcing-media.hktdc.com/product-original/Mylove-20Jewelry-20Butterfly-20Pendant-20New-20Design-20/424da72647ca464bb264b5259ef8486e; https://sourcing-media.hktdc.com/product-original/Mylove-20Jewelry-20Butterfly-20Pendant-20New-20Design-20/9cb5b972896d4788b44ba4ebd0d79e81; https://sourcing-media.hktdc.com/product-original/Mylove-20Jewelry-20Butterfly-20Pendant-20New-20Design-20/02f54c9b401247a6a901c13ffb477f95; https://sourcing-media.hktdc.com/product-original/Mylove-20Jewelry-20Butterfly-20Pendant-20New-20Design-20/9cb5b972896d4788b44ba4ebd0d79e81; https://sourcing-media.hktdc.com/product-original/Mylove-20Jewelry-20Butterfly-20Pendant-20New-20Design-20/0d185816484049a98c2ccbb3c29e1671; https://sourcing-media.hktdc.com/product-original/Mylove-20Jewelry-20Butterfly-20Pendant-20New-20Design-20/2e54a532f4614f818746586c2ebc045f,"Zhejiang Mylove Jewelry Co., Ltd.","Sterling Silver Jewellery; Gifts and Premiums Items, 925 Silver Jewellery, Silver Jewellery and Accessories, Fashion Accessories, Festive Jewellery, Wedding Jewellery, Hair Accessories,
Freshwater Pearl Jewellery, Stainless Steel Jewellery, Men's Jewellery; ODM, OEM, OBM","Sterling Silver Jewellery; Gifts and Premiums Items, 925 Silver Jewellery, Silver Jewellery and Accessories, Fashion Accessories, Festive Jewellery, Wedding Jewellery, Hair Accessories,
Freshwater Pearl Jewellery, Stainless Steel Jewellery, Men's Jewellery; ODM, OEM, OBM"
Mylove Jewelry Brass Snake Earrings,Mylove Jewelry Brass Snake Earrings,Mylove Jewelry Brass Snake Earrings,Mylove Jewelry Brass Snake Earrings,,,https://sourcing-media.hktdc.com/product-original/Mylove-20Jewelry-20Brass-20Snake-20Earrings-20/f50de64a43a64c699bc211ea6a2bd074; https://sourcing-media.hktdc.com/product-original/Mylove-20Jewelry-20Brass-20Snake-20Earrings-20/2d5283da5cd84f039f5aed85a9c6a7fc; https://sourcing-media.hktdc.com/product-original/Mylove-20Jewelry-20Brass-20Snake-20Earrings-20/0ce6581cf5a24b0caa2fa6c3cb45d9a0; https://sourcing-media.hktdc.com/product-original/Mylove-20Jewelry-20Brass-20Snake-20Earrings-20/fe9d0c1af07d4a7c9d579061c7e47eb9; https://sourcing-media.hktdc.com/product-original/Mylove-20Jewelry-20Brass-20Snake-20Earrings-20/46e9d7e9191f4f8ab49a810c8642fff7; https://sourcing-media.hktdc.com/product-original/Mylove-20Jewelry-20Brass-20Snake-20Earrings-20/2e54a532f4614f818746586c2ebc045f,"Zhejiang Mylove Jewelry Co., Ltd.","Sterling Silver Jewellery; Gifts and Premiums Items, 925 Silver Jewellery, Silver Jewellery and Accessories, Fashion Accessories, Festive Jewellery, Wedding Jewellery, Hair Accessories,
Freshwater Pearl Jewellery, Stainless Steel Jewellery, Men's Jewellery; ODM, OEM, OBM","Sterling Silver Jewellery; Gifts and Premiums Items, 925 Silver Jewellery, Silver Jewellery and Accessories, Fashion Accessories, Festive Jewellery, Wedding Jewellery, Hair Accessories,
Freshwater Pearl Jewellery, Stainless Steel Jewellery, Men's Jewellery; ODM, OEM, OBM"
Mylove Jewelry Eight Pointed Star Pendant Women Fine Necklace,Mylove Jewelry Eight Pointed Star Pendant Women Fine Necklace,Mylove Jewelry Eight Pointed Star Pendant Women Fine Necklace,Mylove Jewelry Eight Pointed Star Pendant Women Fine Necklace,,,https://sourcing-media.hktdc.com/product-original/Mylove-20Jewelry-20Eight-20Pointed-20Star-20Pendant-20Women-20Fine-20Necklace/6aef15a3c1e345ad8357951b643df17c; https://sourcing-media.hktdc.com/product-original/Mylove-20Jewelry-20Eight-20Pointed-20Star-20Pendant-20Women-20Fine-20Necklace/9560f8284ce44754900c625648f94605; https://sourcing-media.hktdc.com/product-original/Mylove-20Jewelry-20Eight-20Pointed-20Star-20Pendant-20Women-20Fine-20Necklace/7381d0154c7445bd904ffe8e24592bf1; https://sourcing-media.hktdc.com/product-original/Mylove-20Jewelry-20Eight-20Pointed-20Star-20Pendant-20Women-20Fine-20Necklace/0a5cbc44ad564684810e0816f661388d; https://sourcing-media.hktdc.com/product-original/Mylove-20Jewelry-20Eight-20Pointed-20Star-20Pendant-20Women-20Fine-20Necklace/bf2198caaa3344198d3ef3410d514a6e; https://sourcing-media.hktdc.com/product-original/Mylove-20Jewelry-20Eight-20Pointed-20Star-20Pendant-20Women-20Fine-20Necklace/2e54a532f4614f818746586c2ebc045f,"Zhejiang Mylove Jewelry Co., Ltd.","Sterling Silver Jewellery; Gifts and Premiums Items, 925 Silver Jewellery, Silver Jewellery and Accessories, Fashion Accessories, Festive Jewellery, Wedding Jewellery, Hair Accessories,
Freshwater Pearl Jewellery, Stainless Steel Jewellery, Men's Jewellery; ODM, OEM, OBM","Sterling Silver Jewellery; Gifts and Premiums Items, 925 Silver Jewellery, Silver Jewellery and Accessories, Fashion Accessories, Festive Jewellery, Wedding Jewellery, Hair Accessories,
Freshwater Pearl Jewellery, Stainless Steel Jewellery, Men's Jewellery; ODM, OEM, OBM"
Mylove Jewelry Sea Turtle Pendant,Mylove Jewelry Sea Turtle Pendant,Mylove Jewelry Sea Turtle Pendant,Mylove Jewelry Sea Turtle Pendant,,,https://sourcing-media.hktdc.com/product-original/Mylove-20Jewelry-20Sea-20Turtle-20Pendant-20/79d9935b46c84b13908149bf24bd1a49; https://sourcing-media.hktdc.com/product-original/Mylove-20Jewelry-20Sea-20Turtle-20Pendant-20/54cbbd03c3764fe4877748d000ea6940; https://sourcing-media.hktdc.com/product-original/Mylove-20Jewelry-20Sea-20Turtle-20Pendant-20/6ef8d430cca14193bbdab88047fa52ba; https://sourcing-media.hktdc.com/product-original/Mylove-20Jewelry-20Sea-20Turtle-20Pendant-20/5c77ce9a27a54fafb195ac289a33a2e7; https://sourcing-media.hktdc.com/product-original/Mylove-20Jewelry-20Sea-20Turtle-20Pendant-20/2e54a532f4614f818746586c2ebc045f,"Zhejiang Mylove Jewelry Co., Ltd.","Sterling Silver Jewellery; Gifts and Premiums Items, 925 Silver Jewellery, Silver Jewellery and Accessories, Fashion Accessories, Festive Jewellery, Wedding Jewellery, Hair Accessories,
Freshwater Pearl Jewellery, Stainless Steel Jewellery, Men's Jewellery; ODM, OEM, OBM","Sterling Silver Jewellery; Gifts and Premiums Items, 925 Silver Jewellery, Silver Jewellery and Accessories, Fashion Accessories, Festive Jewellery, Wedding Jewellery, Hair Accessories,
Freshwater Pearl Jewellery, Stainless Steel Jewellery, Men's Jewellery; ODM, OEM, OBM"
Mylove Jewelry Brass Zircon Swallow Shaped Women's Earrings,Mylove Jewelry Brass Zircon Swallow Shaped Women's Earrings,Mylove Jewelry Brass Zircon Swallow Shaped Women's Earrings,Mylove Jewelry Brass Zircon Swallow Shaped Women's Earrings,,,https://sourcing-media.hktdc.com/product-original/Mylove-20Jewelry-20Brass-20Zircon-20Swallow-20Shaped-20Women-s-20Earrings/db33fc8333694fa4b08cfaba8970986e; https://sourcing-media.hktdc.com/product-original/Mylove-20Jewelry-20Brass-20Zircon-20Swallow-20Shaped-20Women-s-20Earrings/2046647edd0e4df78db3858e62f72cd6; https://sourcing-media.hktdc.com/product-original/Mylove-20Jewelry-20Brass-20Zircon-20Swallow-20Shaped-20Women-s-20Earrings/9591fc952f3e4b38b84b3b2e17689c1b; https://sourcing-media.hktdc.com/product-original/Mylove-20Jewelry-20Brass-20Zircon-20Swallow-20Shaped-20Women-s-20Earrings/72c8ccb4d5344defb105e1c457b8c27a; https://sourcing-media.hktdc.com/product-original/Mylove-20Jewelry-20Brass-20Zircon-20Swallow-20Shaped-20Women-s-20Earrings/2e54a532f4614f818746586c2ebc045f,"Zhejiang Mylove Jewelry Co., Ltd.","Sterling Silver Jewellery; Gifts and Premiums Items, 925 Silver Jewellery, Silver Jewellery and Accessories, Fashion Accessories, Festive Jewellery, Wedding Jewellery, Hair Accessories,
Freshwater Pearl Jewellery, Stainless Steel Jewellery, Men's Jewellery; ODM, OEM, OBM","Sterling Silver Jewellery; Gifts and Premiums Items, 925 Silver Jewellery, Silver Jewellery and Accessories, Fashion Accessories, Festive Jewellery, Wedding Jewellery, Hair Accessories,
Freshwater Pearl Jewellery, Stainless Steel Jewellery, Men's Jewellery; ODM, OEM, OBM"
Mylove Jewelry Starfish Pendant New Design,Mylove Jewelry Starfish Pendant New Design,Mylove Jewelry Starfish Pendant New Design,Mylove Jewelry Starfish Pendant New Design,,,https://sourcing-media.hktdc.com/product-original/Mylove-20Jewelry-20Starfish-20Pendant-20New-20Design-20/e169334e8c5a47e292fbb3a5f2165b54; https://sourcing-media.hktdc.com/product-original/Mylove-20Jewelry-20Starfish-20Pendant-20New-20Design-20/41085c1da4bd43dabeaf87fc9d62a1ad; https://sourcing-media.hktdc.com/product-original/Mylove-20Jewelry-20Starfish-20Pendant-20New-20Design-20/3ce21dc67ead4614a5ac1fc6e5b72b18; https://sourcing-media.hktdc.com/product-original/Mylove-20Jewelry-20Starfish-20Pendant-20New-20Design-20/9e2948f20ce84d64a93ac2dc481ad351; https://sourcing-media.hktdc.com/product-original/Mylove-20Jewelry-20Starfish-20Pendant-20New-20Design-20/ae5fb30a6d31411ea9cf4d38fd30888a; https://sourcing-media.hktdc.com/product-original/Mylove-20Jewelry-20Starfish-20Pendant-20New-20Design-20/2e54a532f4614f818746586c2ebc045f,"Zhejiang Mylove Jewelry Co., Ltd.","Sterling Silver Jewellery; Gifts and Premiums Items, 925 Silver Jewellery, Silver Jewellery and Accessories, Fashion Accessories, Festive Jewellery, Wedding Jewellery, Hair Accessories,
Freshwater Pearl Jewellery, Stainless Steel Jewellery, Men's Jewellery; ODM, OEM, OBM","Sterling Silver Jewellery; Gifts and Premiums Items, 925 Silver Jewellery, Silver Jewellery and Accessories, Fashion Accessories, Festive Jewellery, Wedding Jewellery, Hair Accessories,
Freshwater Pearl Jewellery, Stainless Steel Jewellery, Men's Jewellery; ODM, OEM, OBM"
Men Watch,Men Watch,Men Watch,Men Watch,,,https://sourcing-media.hktdc.com/product-original/Men-20Watch/cb8d6bd4d9164159badc7a6d6abb6271,EXHIBITION+,,
925 sterling silver necklace,925 sterling silver necklace,925 sterling silver necklace with cz,925 sterling silver necklace with cz,,,,"Ebst Gallop Co.,Limited","Sterling Silver Jewellery; Professional Sterling Silver Jewelry Manufacturer Locade in GuangZhou Panyu, Factory founded since 2009; ODM, OEM, OBM","Sterling Silver Jewellery; Professional Sterling Silver Jewelry Manufacturer Locade in GuangZhou Panyu, Factory founded since 2009; ODM, OEM, OBM"
925 silver necklace,925 silver necklace,925 silver necklace with heart&cross,925 silver necklace with heart&cross,,,,"Ebst Gallop Co.,Limited","Sterling Silver Jewellery; Professional Sterling Silver Jewelry Manufacturer Locade in GuangZhou Panyu, Factory founded since 2009; ODM, OEM, OBM","Sterling Silver Jewellery; Professional Sterling Silver Jewelry Manufacturer Locade in GuangZhou Panyu, Factory founded since 2009; ODM, OEM, OBM"
925 sterling silver cross ring,925 sterling silver cross ring,925 sterling silver cross ring with white cz,925 sterling silver cross ring with white cz,,,,"Ebst Gallop Co.,Limited","Sterling Silver Jewellery; Professional Sterling Silver Jewelry Manufacturer Locade in GuangZhou Panyu, Factory founded since 2009; ODM, OEM, OBM","Sterling Silver Jewellery; Professional Sterling Silver Jewelry Manufacturer Locade in GuangZhou Panyu, Factory founded since 2009; ODM, OEM, OBM"
925 sterling silver earrings,925 sterling silver earrings,925 sterling silver earrings with cz&freshwater pearl,925 sterling silver earrings with cz&freshwater pearl,,,,"Ebst Gallop Co.,Limited","Sterling Silver Jewellery; Professional Sterling Silver Jewelry Manufacturer Locade in GuangZhou Panyu, Factory founded since 2009; ODM, OEM, OBM","Sterling Silver Jewellery; Professional Sterling Silver Jewelry Manufacturer Locade in GuangZhou Panyu, Factory founded since 2009; ODM, OEM, OBM"
925 SILVER,925 SILVER,925 SILVER,925 SILVER,,,,"Guangzhou TUHE Jewelry Co., Ltd.","Sterling Silver Jewellery,Titanium Jewellery,Stainless Steel Jewellery; Emer Jewelry Company, it is a jewelry enterprise integrating gold and silver jewelry design, processing, and sales. The main products include necklaces, rings, earrings, bracelets, pendants and so on. We has mastered a number of key core technologie; ODM, OBM","Sterling Silver Jewellery,Titanium Jewellery,Stainless Steel Jewellery; Emer Jewelry Company, it is a jewelry enterprise integrating gold and silver jewelry design, processing, and sales. The main products include necklaces, rings, earrings, bracelets, pendants and so on. We has mastered a number of key core technologie; ODM, OBM"
"Silver, 925 SILVER","Silver, 925 SILVER","Silver, 925 SILVER","Silver, 925 SILVER",,,,"Guangzhou TUHE Jewelry Co., Ltd.","Sterling Silver Jewellery,Titanium Jewellery,Stainless Steel Jewellery; Emer Jewelry Company, it is a jewelry enterprise integrating gold and silver jewelry design, processing, and sales. The main products include necklaces, rings, earrings, bracelets, pendants and so on. We has mastered a number of key core technologie; ODM, OBM","Sterling Silver Jewellery,Titanium Jewellery,Stainless Steel Jewellery; Emer Jewelry Company, it is a jewelry enterprise integrating gold and silver jewelry design, processing, and sales. The main products include necklaces, rings, earrings, bracelets, pendants and so on. We has mastered a number of key core technologie; ODM, OBM"
Jewelry Set,Jewelry Set,Jewelry Set,Jewelry Set,,,,"Max Sim Co., Ltd.","Silver Jewelry 925, Gift Boxes; ODM, OEM","Silver Jewelry 925, Gift Boxes; ODM, OEM"
Amethyst Jewelry Set,Amethyst Jewelry Set,Amethyst Jewelry Set,Amethyst Jewelry Set,,,,"Max Sim Co., Ltd.","Silver Jewelry 925, Gift Boxes; ODM, OEM","Silver Jewelry 925, Gift Boxes; ODM, OEM"
Marcasite Jewelry Set,Marcasite Jewelry Set,Marcasite Jewelry Set,Marcasite Jewelry Set,,,,"Max Sim Co., Ltd.","Silver Jewelry 925, Gift Boxes; ODM, OEM","Silver Jewelry 925, Gift Boxes; ODM, OEM"
Sterling Silver Earring,Sterling Silver Earring,Sterling Silver Earring,Sterling Silver Earring,,,,"Max Sim Co., Ltd.","Silver Jewelry 925, Gift Boxes; ODM, OEM","Silver Jewelry 925, Gift Boxes; ODM, OEM"
Swarovski Jewelry Set,Swarovski Jewelry Set,Swarovski Jewelry Set,Swarovski Jewelry Set,,,,"Max Sim Co., Ltd.","Silver Jewelry 925, Gift Boxes; ODM, OEM","Silver Jewelry 925, Gift Boxes; ODM, OEM"
Opal Earrings,Opal Earrings,"Opal Earrings, 925 Silver Jewellery, Opal Jewellery","Opal Earrings, 925 Silver Jewellery, Opal Jewellery",,,,"Guangzhou Xinyi Jewelry Co., Limited","Opal Jewellery,Semi-Precious Stone Jewellery,Sterling Silver Jewellery; Opal Jewellery, Gemset Jewellery, Semi-Precious Stone Jewellery, 925 Sterling Silver Jewellery, 925 Silver Jewellery set, 925 Silver Jewellery; ODM, OEM","Opal Jewellery,Semi-Precious Stone Jewellery,Sterling Silver Jewellery; Opal Jewellery, Gemset Jewellery, Semi-Precious Stone Jewellery, 925 Sterling Silver Jewellery, 925 Silver Jewellery set, 925 Silver Jewellery; ODM, OEM"
Opal Ring,Opal Ring,"Opal Ring, Jewellery, Opal Jewellery, Finished Jewellery","Opal Ring, Jewellery, Opal Jewellery, Finished Jewellery",,,,"Guangzhou Xinyi Jewelry Co., Limited","Opal Jewellery,Semi-Precious Stone Jewellery,Sterling Silver Jewellery; Opal Jewellery, Gemset Jewellery, Semi-Precious Stone Jewellery, 925 Sterling Silver Jewellery, 925 Silver Jewellery set, 925 Silver Jewellery; ODM, OEM","Opal Jewellery,Semi-Precious Stone Jewellery,Sterling Silver Jewellery; Opal Jewellery, Gemset Jewellery, Semi-Precious Stone Jewellery, 925 Sterling Silver Jewellery, 925 Silver Jewellery set, 925 Silver Jewellery; ODM, OEM"
18K 3 Colors Fancy Necklace,18K 3 Colors Fancy Necklace,18K 3 Colors Fancy Necklace,18K 3 Colors Fancy Necklace,,,,Gold Bright Hong Kong Group Limited,"Gold Jewellery Set; 18kt gold necklaces, bracelets, earrings, rings, pendants and bangles etc.; Others","Gold Jewellery Set; 18kt gold necklaces, bracelets, earrings, rings, pendants and bangles etc.; Others"
18K 3 Colors Gold Chain with Cubic Zirconia,18K 3 Colors Gold Chain with Cubic Zirconia,18K 3 Colors Gold Chain with Cubic Zirconia,18K 3 Colors Gold Chain with Cubic Zirconia,,,,Gold Bright Hong Kong Group Limited,"Gold Jewellery Set; 18kt gold necklaces, bracelets, earrings, rings, pendants and bangles etc.; Others","Gold Jewellery Set; 18kt gold necklaces, bracelets, earrings, rings, pendants and bangles etc.; Others"
18K White Gold Fancy Necklace,18K White Gold Fancy Necklace,18K White Gold Fancy Necklace,18K White Gold Fancy Necklace,,,,Gold Bright Hong Kong Group Limited,"Gold Jewellery Set; 18kt gold necklaces, bracelets, earrings, rings, pendants and bangles etc.; Others","Gold Jewellery Set; 18kt gold necklaces, bracelets, earrings, rings, pendants and bangles etc.; Others"
Gold Chain Necklace,Gold Chain Necklace,A yellow color necklace designed with five pieces of pink color shiny stars in the middle part while one of the stars is made up with several tiny clear cubic zirconia.; #gold chain #18k gold chain necklace #gold necklace,A yellow color necklace designed with five pieces of pink color shiny stars in the middle part while one of the stars is made up with several tiny clear cubic zirconia.; #gold chain #18k gold chain necklace #gold necklace,,,,Gold Bright Hong Kong Group Limited,"Gold Jewellery Set; 18kt gold necklaces, bracelets, earrings, rings, pendants and bangles etc.; Others","Gold Jewellery Set; 18kt gold necklaces, bracelets, earrings, rings, pendants and bangles etc.; Others"
18K White Gold Bead Chain,18K White Gold Bead Chain,18K White Gold Bead Chain,18K White Gold Bead Chain,,,,Gold Bright Hong Kong Group Limited,"Gold Jewellery Set; 18kt gold necklaces, bracelets, earrings, rings, pendants and bangles etc.; Others","Gold Jewellery Set; 18kt gold necklaces, bracelets, earrings, rings, pendants and bangles etc.; Others"
18K Gold Necklace,18K Gold Necklace,18K Gold Necklace,18K Gold Necklace,,,,Gold Bright Hong Kong Group Limited,"Gold Jewellery Set; 18kt gold necklaces, bracelets, earrings, rings, pendants and bangles etc.; Others","Gold Jewellery Set; 18kt gold necklaces, bracelets, earrings, rings, pendants and bangles etc.; Others"
18K Pink Gold Fancy Chain,18K Pink Gold Fancy Chain,18K Pink Gold Fancy Chain,18K Pink Gold Fancy Chain,,,,Gold Bright Hong Kong Group Limited,"Gold Jewellery Set; 18kt gold necklaces, bracelets, earrings, rings, pendants and bangles etc.; Others","Gold Jewellery Set; 18kt gold necklaces, bracelets, earrings, rings, pendants and bangles etc.; Others"
18K 3 Colors Fancy Bead Chain,18K 3 Colors Fancy Bead Chain,18K 3 Colors Fancy Bead Chain,18K 3 Colors Fancy Bead Chain,,,,Gold Bright Hong Kong Group Limited,"Gold Jewellery Set; 18kt gold necklaces, bracelets, earrings, rings, pendants and bangles etc.; Others","Gold Jewellery Set; 18kt gold necklaces, bracelets, earrings, rings, pendants and bangles etc.; Others"
18K Yellow Gold Chain Necklace,18K Yellow Gold Chain Necklace,18K Yellow Gold Chain Necklace,18K Yellow Gold Chain Necklace,,,,Gold Bright Hong Kong Group Limited,"Gold Jewellery Set; 18kt gold necklaces, bracelets, earrings, rings, pendants and bangles etc.; Others","Gold Jewellery Set; 18kt gold necklaces, bracelets, earrings, rings, pendants and bangles etc.; Others"
18K Heart Necklace,18K Heart Necklace,18K Heart Necklace,18K Heart Necklace,,,,Gold Bright Hong Kong Group Limited,"Gold Jewellery Set; 18kt gold necklaces, bracelets, earrings, rings, pendants and bangles etc.; Others","Gold Jewellery Set; 18kt gold necklaces, bracelets, earrings, rings, pendants and bangles etc.; Others"
18K White Gold Necklace,18K White Gold Necklace,18K White Gold Necklace,18K White Gold Necklace,,,,Gold Bright Hong Kong Group Limited,"Gold Jewellery Set; 18kt gold necklaces, bracelets, earrings, rings, pendants and bangles etc.; Others","Gold Jewellery Set; 18kt gold necklaces, bracelets, earrings, rings, pendants and bangles etc.; Others"
18K 3 Colors Gold Chain Necklace,18K 3 Colors Gold Chain Necklace,18K 3 Colors Gold Chain Necklace,18K 3 Colors Gold Chain Necklace,,,,Gold Bright Hong Kong Group Limited,"Gold Jewellery Set; 18kt gold necklaces, bracelets, earrings, rings, pendants and bangles etc.; Others","Gold Jewellery Set; 18kt gold necklaces, bracelets, earrings, rings, pendants and bangles etc.; Others"
18K Pink Gold Charm Necklace,18K Pink Gold Charm Necklace,18K Pink Gold Charm Necklace,18K Pink Gold Charm Necklace,,,,Gold Bright Hong Kong Group Limited,"Gold Jewellery Set; 18kt gold necklaces, bracelets, earrings, rings, pendants and bangles etc.; Others","Gold Jewellery Set; 18kt gold necklaces, bracelets, earrings, rings, pendants and bangles etc.; Others"
18K 3 Colors Star Necklace,18K 3 Colors Star Necklace,18K 3 Colors Star Necklace,18K 3 Colors Star Necklace,,,,Gold Bright Hong Kong Group Limited,"Gold Jewellery Set; 18kt gold necklaces, bracelets, earrings, rings, pendants and bangles etc.; Others","Gold Jewellery Set; 18kt gold necklaces, bracelets, earrings, rings, pendants and bangles etc.; Others"
Jewellery Box gift box wooden box high gloss luxury high quality new design,Jewellery Box gift box wooden box high gloss luxury high quality new design,Jewellery Box gift box wooden box high gloss luxury high quality new design,Jewellery Box gift box wooden box high gloss luxury high quality new design,,,,Sunford Corporation Limited,"Jewellery and Watch Box,Jewellery Display Material,Jewellery Packaging Material,Jewellery Packaging & Display; We are professional manufacturer, and have been making high quality jewelry boxes,trays,displays,humidors and all kinds of different wooden items for more than 15 years. Our products are being exported to many different countries all over the world.; OEM","Jewellery and Watch Box,Jewellery Display Material,Jewellery Packaging Material,Jewellery Packaging & Display; We are professional manufacturer, and have been making high quality jewelry boxes,trays,displays,humidors and all kinds of different wooden items for more than 15 years. Our products are being exported to many different countries all over the world.; OEM"
Wooden Watch Box,Wooden Watch Box,"Protect your finest watches in the featured watch box. The box comes with a high gloss finish and black rims. With beautiful veins, the wooden box also functions as a beautiful dresser accessory.","Protect your finest watches in the featured watch box. The box comes with a high gloss finish and black rims. With beautiful veins, the wooden box also functions as a beautiful dresser accessory.",,,,Sunford Corporation Limited,"Jewellery and Watch Box,Jewellery Display Material,Jewellery Packaging Material,Jewellery Packaging & Display; We are professional manufacturer, and have been making high quality jewelry boxes,trays,displays,humidors and all kinds of different wooden items for more than 15 years. Our products are being exported to many different countries all over the world.; OEM","Jewellery and Watch Box,Jewellery Display Material,Jewellery Packaging Material,Jewellery Packaging & Display; We are professional manufacturer, and have been making high quality jewelry boxes,trays,displays,humidors and all kinds of different wooden items for more than 15 years. Our products are being exported to many different countries all over the world.; OEM"
Wooden Jewelry Box,Wooden Jewelry Box,Wooden Jewelry Box,Wooden Jewelry Box,,,,Sunford Corporation Limited,"Jewellery and Watch Box,Jewellery Display Material,Jewellery Packaging Material,Jewellery Packaging & Display; We are professional manufacturer, and have been making high quality jewelry boxes,trays,displays,humidors and all kinds of different wooden items for more than 15 years. Our products are being exported to many different countries all over the world.; OEM","Jewellery and Watch Box,Jewellery Display Material,Jewellery Packaging Material,Jewellery Packaging & Display; We are professional manufacturer, and have been making high quality jewelry boxes,trays,displays,humidors and all kinds of different wooden items for more than 15 years. Our products are being exported to many different countries all over the world.; OEM"
Solid Wood High Gloss Gift Jewellery Box,Solid Wood High Gloss Gift Jewellery Box,Solid Wood High Gloss Gift Jewellery Box,Solid Wood High Gloss Gift Jewellery Box,,,,Sunford Corporation Limited,"Jewellery and Watch Box,Jewellery Display Material,Jewellery Packaging Material,Jewellery Packaging & Display; We are professional manufacturer, and have been making high quality jewelry boxes,trays,displays,humidors and all kinds of different wooden items for more than 15 years. Our products are being exported to many different countries all over the world.; OEM","Jewellery and Watch Box,Jewellery Display Material,Jewellery Packaging Material,Jewellery Packaging & Display; We are professional manufacturer, and have been making high quality jewelry boxes,trays,displays,humidors and all kinds of different wooden items for more than 15 years. Our products are being exported to many different countries all over the world.; OEM"
Wooden jewelry box gift box watch box tea box,Wooden jewelry box gift box watch box tea box,"We are a Hong Kong funded bonafide factory that makes high quality jewelry boxes,wooden boxes,pu boxes,paper boxes,wooden items, etc.; Our clients including Audemars Piguet watch, Bentley jewelry, etc","We are a Hong Kong funded bonafide factory that makes high quality jewelry boxes,wooden boxes,pu boxes,paper boxes,wooden items, etc.; Our clients including Audemars Piguet watch, Bentley jewelry, etc",,,,Sunford Corporation Limited,"Jewellery and Watch Box,Jewellery Display Material,Jewellery Packaging Material,Jewellery Packaging & Display; We are professional manufacturer, and have been making high quality jewelry boxes,trays,displays,humidors and all kinds of different wooden items for more than 15 years. Our products are being exported to many different countries all over the world.; OEM","Jewellery and Watch Box,Jewellery Display Material,Jewellery Packaging Material,Jewellery Packaging & Display; We are professional manufacturer, and have been making high quality jewelry boxes,trays,displays,humidors and all kinds of different wooden items for more than 15 years. Our products are being exported to many different countries all over the world.; OEM"
PU708 PU leather set box,PU708 PU leather set box,Luxury custom logo high quality PU leather ring earring pendant bracelet necklace watch jewelry gift set box handmade,Luxury custom logo high quality PU leather ring earring pendant bracelet necklace watch jewelry gift set box handmade,,,,Sunford Corporation Limited,"Jewellery and Watch Box,Jewellery Display Material,Jewellery Packaging Material,Jewellery Packaging & Display; We are professional manufacturer, and have been making high quality jewelry boxes,trays,displays,humidors and all kinds of different wooden items for more than 15 years. Our products are being exported to many different countries all over the world.; OEM","Jewellery and Watch Box,Jewellery Display Material,Jewellery Packaging Material,Jewellery Packaging & Display; We are professional manufacturer, and have been making high quality jewelry boxes,trays,displays,humidors and all kinds of different wooden items for more than 15 years. Our products are being exported to many different countries all over the world.; OEM"
LED Light Box,LED Light Box,LED Light Box,LED Light Box,,,,Sunford Corporation Limited,"Jewellery and Watch Box,Jewellery Display Material,Jewellery Packaging Material,Jewellery Packaging & Display; We are professional manufacturer, and have been making high quality jewelry boxes,trays,displays,humidors and all kinds of different wooden items for more than 15 years. Our products are being exported to many different countries all over the world.; OEM","Jewellery and Watch Box,Jewellery Display Material,Jewellery Packaging Material,Jewellery Packaging & Display; We are professional manufacturer, and have been making high quality jewelry boxes,trays,displays,humidors and all kinds of different wooden items for more than 15 years. Our products are being exported to many different countries all over the world.; OEM"
Watch and Jewelry Box,Watch and Jewelry Box,This watch and jewelry box comes in a classic black or white color. The color-contrasting striped patterns highlight this storage box. This ultra-slim and compact size allows easy storage.,This watch and jewelry box comes in a classic black or white color. The color-contrasting striped patterns highlight this storage box. This ultra-slim and compact size allows easy storage.,,,,Sunford Corporation Limited,"Jewellery and Watch Box,Jewellery Display Material,Jewellery Packaging Material,Jewellery Packaging & Display; We are professional manufacturer, and have been making high quality jewelry boxes,trays,displays,humidors and all kinds of different wooden items for more than 15 years. Our products are being exported to many different countries all over the world.; OEM","Jewellery and Watch Box,Jewellery Display Material,Jewellery Packaging Material,Jewellery Packaging & Display; We are professional manufacturer, and have been making high quality jewelry boxes,trays,displays,humidors and all kinds of different wooden items for more than 15 years. Our products are being exported to many different countries all over the world.; OEM"
Jewellery Box,Jewellery Box,Jewellery Box,Jewellery Box,,,,Sunford Corporation Limited,"Jewellery and Watch Box,Jewellery Display Material,Jewellery Packaging Material,Jewellery Packaging & Display; We are professional manufacturer, and have been making high quality jewelry boxes,trays,displays,humidors and all kinds of different wooden items for more than 15 years. Our products are being exported to many different countries all over the world.; OEM","Jewellery and Watch Box,Jewellery Display Material,Jewellery Packaging Material,Jewellery Packaging & Display; We are professional manufacturer, and have been making high quality jewelry boxes,trays,displays,humidors and all kinds of different wooden items for more than 15 years. Our products are being exported to many different countries all over the world.; OEM"
Red Cedar Wooden Set Box,Red Cedar Wooden Set Box,Red Cedar Wooden Set Box,Red Cedar Wooden Set Box,,,,Sunford Corporation Limited,"Jewellery and Watch Box,Jewellery Display Material,Jewellery Packaging Material,Jewellery Packaging & Display; We are professional manufacturer, and have been making high quality jewelry boxes,trays,displays,humidors and all kinds of different wooden items for more than 15 years. Our products are being exported to many different countries all over the world.; OEM","Jewellery and Watch Box,Jewellery Display Material,Jewellery Packaging Material,Jewellery Packaging & Display; We are professional manufacturer, and have been making high quality jewelry boxes,trays,displays,humidors and all kinds of different wooden items for more than 15 years. Our products are being exported to many different countries all over the world.; OEM"
Wooden Jewellery Box,Wooden Jewellery Box,Wooden Jewellery Box,Wooden Jewellery Box,,,,Sunford Corporation Limited,"Jewellery and Watch Box,Jewellery Display Material,Jewellery Packaging Material,Jewellery Packaging & Display; We are professional manufacturer, and have been making high quality jewelry boxes,trays,displays,humidors and all kinds of different wooden items for more than 15 years. Our products are being exported to many different countries all over the world.; OEM","Jewellery and Watch Box,Jewellery Display Material,Jewellery Packaging Material,Jewellery Packaging & Display; We are professional manufacturer, and have been making high quality jewelry boxes,trays,displays,humidors and all kinds of different wooden items for more than 15 years. Our products are being exported to many different countries all over the world.; OEM"
Jewelry Box,Jewelry Box,"This is a jewelry box that comes with a shiny finish. Made of wood, this jewelry box is durable and comfortable to touch. This high quality jewelry box is built with a golden lock.","This is a jewelry box that comes with a shiny finish. Made of wood, this jewelry box is durable and comfortable to touch. This high quality jewelry box is built with a golden lock.",,,,Sunford Corporation Limited,"Jewellery and Watch Box,Jewellery Display Material,Jewellery Packaging Material,Jewellery Packaging & Display; We are professional manufacturer, and have been making high quality jewelry boxes,trays,displays,humidors and all kinds of different wooden items for more than 15 years. Our products are being exported to many different countries all over the world.; OEM","Jewellery and Watch Box,Jewellery Display Material,Jewellery Packaging Material,Jewellery Packaging & Display; We are professional manufacturer, and have been making high quality jewelry boxes,trays,displays,humidors and all kinds of different wooden items for more than 15 years. Our products are being exported to many different countries all over the world.; OEM"
Wooden Jewelry Box Set,Wooden Jewelry Box Set,Wooden Jewelry Box Set,Wooden Jewelry Box Set,,,,Sunford Corporation Limited,"Jewellery and Watch Box,Jewellery Display Material,Jewellery Packaging Material,Jewellery Packaging & Display; We are professional manufacturer, and have been making high quality jewelry boxes,trays,displays,humidors and all kinds of different wooden items for more than 15 years. Our products are being exported to many different countries all over the world.; OEM","Jewellery and Watch Box,Jewellery Display Material,Jewellery Packaging Material,Jewellery Packaging & Display; We are professional manufacturer, and have been making high quality jewelry boxes,trays,displays,humidors and all kinds of different wooden items for more than 15 years. Our products are being exported to many different countries all over the world.; OEM"
Elegant Gift Box Watch Display Case,Elegant Gift Box Watch Display Case,"Elegant Gift Box Watch Display Case, Luxury Wooden  Watch Box","Elegant Gift Box Watch Display Case, Luxury Wooden  Watch Box",,,,Sunford Corporation Limited,"Jewellery and Watch Box,Jewellery Display Material,Jewellery Packaging Material,Jewellery Packaging & Display; We are professional manufacturer, and have been making high quality jewelry boxes,trays,displays,humidors and all kinds of different wooden items for more than 15 years. Our products are being exported to many different countries all over the world.; OEM","Jewellery and Watch Box,Jewellery Display Material,Jewellery Packaging Material,Jewellery Packaging & Display; We are professional manufacturer, and have been making high quality jewelry boxes,trays,displays,humidors and all kinds of different wooden items for more than 15 years. Our products are being exported to many different countries all over the world.; OEM"
Paper wrapped wooden box customized designed high quality hand make packaging box collection box,Paper wrapped wooden box customized designed high quality hand make packaging box collection box,"We are a Hong Kong funded bonafide factory that makes high quality jewelry boxes,wooden boxes,pu boxes,paper boxes,wooden items, etc.; Our clients including Audemars Piguet watch, Bentley jewelry, etc; Paper wrapped wooden box","We are a Hong Kong funded bonafide factory that makes high quality jewelry boxes,wooden boxes,pu boxes,paper boxes,wooden items, etc.; Our clients including Audemars Piguet watch, Bentley jewelry, etc; Paper wrapped wooden box",,,,Sunford Corporation Limited,"Jewellery and Watch Box,Jewellery Display Material,Jewellery Packaging Material,Jewellery Packaging & Display; We are professional manufacturer, and have been making high quality jewelry boxes,trays,displays,humidors and all kinds of different wooden items for more than 15 years. Our products are being exported to many different countries all over the world.; OEM","Jewellery and Watch Box,Jewellery Display Material,Jewellery Packaging Material,Jewellery Packaging & Display; We are professional manufacturer, and have been making high quality jewelry boxes,trays,displays,humidors and all kinds of different wooden items for more than 15 years. Our products are being exported to many different countries all over the world.; OEM"
Flower Box,Flower Box,Flower Box,Flower Box,,,,Sunford Corporation Limited,"Jewellery and Watch Box,Jewellery Display Material,Jewellery Packaging Material,Jewellery Packaging & Display; We are professional manufacturer, and have been making high quality jewelry boxes,trays,displays,humidors and all kinds of different wooden items for more than 15 years. Our products are being exported to many different countries all over the world.; OEM","Jewellery and Watch Box,Jewellery Display Material,Jewellery Packaging Material,Jewellery Packaging & Display; We are professional manufacturer, and have been making high quality jewelry boxes,trays,displays,humidors and all kinds of different wooden items for more than 15 years. Our products are being exported to many different countries all over the world.; OEM"
PU Leather MDF wooden Jewelry Set Box,PU Leather MDF wooden Jewelry Set Box,PU Leather MDF wooden Jewelry Set Box,PU Leather MDF wooden Jewelry Set Box,,,,Sunford Corporation Limited,"Jewellery and Watch Box,Jewellery Display Material,Jewellery Packaging Material,Jewellery Packaging & Display; We are professional manufacturer, and have been making high quality jewelry boxes,trays,displays,humidors and all kinds of different wooden items for more than 15 years. Our products are being exported to many different countries all over the world.; OEM","Jewellery and Watch Box,Jewellery Display Material,Jewellery Packaging Material,Jewellery Packaging & Display; We are professional manufacturer, and have been making high quality jewelry boxes,trays,displays,humidors and all kinds of different wooden items for more than 15 years. Our products are being exported to many different countries all over the world.; OEM"
Hollow Wheat Chain,Hollow Wheat Chain,Hollow Wheat Chain,Hollow Wheat Chain,,,,Mioro,"Men's Jewellery,Gold Jewellery Set,White Gold Jewellery; Gold Jewellery; OEM, ODM","Men's Jewellery,Gold Jewellery Set,White Gold Jewellery; Gold Jewellery; OEM, ODM"
18K Gold Necklace,18K Gold Necklace,18K Gold Necklace,18K Gold Necklace,,,,Mioro,"Men's Jewellery,Gold Jewellery Set,White Gold Jewellery; Gold Jewellery; OEM, ODM","Men's Jewellery,Gold Jewellery Set,White Gold Jewellery; Gold Jewellery; OEM, ODM"
Wheat Chain,Wheat Chain,Wheat Chain,Wheat Chain,,,,Mioro,"Men's Jewellery,Gold Jewellery Set,White Gold Jewellery; Gold Jewellery; OEM, ODM","Men's Jewellery,Gold Jewellery Set,White Gold Jewellery; Gold Jewellery; OEM, ODM"
Rope Chain,Rope Chain,Rope Chain,Rope Chain,,,,Mioro,"Men's Jewellery,Gold Jewellery Set,White Gold Jewellery; Gold Jewellery; OEM, ODM","Men's Jewellery,Gold Jewellery Set,White Gold Jewellery; Gold Jewellery; OEM, ODM"
CZ Gold Jewelry Set,CZ Gold Jewelry Set,CZ Gold Jewelry Set,CZ Gold Jewelry Set,,,,Mioro,"Men's Jewellery,Gold Jewellery Set,White Gold Jewellery; Gold Jewellery; OEM, ODM","Men's Jewellery,Gold Jewellery Set,White Gold Jewellery; Gold Jewellery; OEM, ODM"
Electroform,Electroform,Electroform,Electroform,,,,Mioro,"Men's Jewellery,Gold Jewellery Set,White Gold Jewellery; Gold Jewellery; OEM, ODM","Men's Jewellery,Gold Jewellery Set,White Gold Jewellery; Gold Jewellery; OEM, ODM"
Mechanic Link Bracelet,Mechanic Link Bracelet,Mechanic Link Bracelet,Mechanic Link Bracelet,,,,Mioro,"Men's Jewellery,Gold Jewellery Set,White Gold Jewellery; Gold Jewellery; OEM, ODM","Men's Jewellery,Gold Jewellery Set,White Gold Jewellery; Gold Jewellery; OEM, ODM"
14K Gold Rope Chain,14K Gold Rope Chain,14K Gold Rope Chain,14K Gold Rope Chain,,,,Mioro,"Men's Jewellery,Gold Jewellery Set,White Gold Jewellery; Gold Jewellery; OEM, ODM","Men's Jewellery,Gold Jewellery Set,White Gold Jewellery; Gold Jewellery; OEM, ODM"
14K Gold Bracelet,14K Gold Bracelet,14K Gold Bracelet,14K Gold Bracelet,,,,Mioro,"Men's Jewellery,Gold Jewellery Set,White Gold Jewellery; Gold Jewellery; OEM, ODM","Men's Jewellery,Gold Jewellery Set,White Gold Jewellery; Gold Jewellery; OEM, ODM"
Jewelry Set,Jewelry Set,Jewelry Set,Jewelry Set,,,,Mioro,"Men's Jewellery,Gold Jewellery Set,White Gold Jewellery; Gold Jewellery; OEM, ODM","Men's Jewellery,Gold Jewellery Set,White Gold Jewellery; Gold Jewellery; OEM, ODM"
Hollow- Solid Machine Chain,Hollow- Solid Machine Chain,Hollow- Solid Machine Chain,Hollow- Solid Machine Chain,,,,Mioro,"Men's Jewellery,Gold Jewellery Set,White Gold Jewellery; Gold Jewellery; OEM, ODM","Men's Jewellery,Gold Jewellery Set,White Gold Jewellery; Gold Jewellery; OEM, ODM"
Hollow Rope Chian,Hollow Rope Chian,Hollow Rope Chian,Hollow Rope Chian,,,,Mioro,"Men's Jewellery,Gold Jewellery Set,White Gold Jewellery; Gold Jewellery; OEM, ODM","Men's Jewellery,Gold Jewellery Set,White Gold Jewellery; Gold Jewellery; OEM, ODM"
14K Gold Drop Necklace,14K Gold Drop Necklace,14K Gold Drop Necklace,14K Gold Drop Necklace,,,,Mioro,"Men's Jewellery,Gold Jewellery Set,White Gold Jewellery; Gold Jewellery; OEM, ODM","Men's Jewellery,Gold Jewellery Set,White Gold Jewellery; Gold Jewellery; OEM, ODM"
Necklace,Necklace,Necklace,Necklace,,,,Beta,"Gold Jewellery Set,Semi-Precious Stone Jewellery; alt?n kolye bilezik küpe yüzük; Others","Gold Jewellery Set,Semi-Precious Stone Jewellery; alt?n kolye bilezik küpe yüzük; Others"
925 Silver jewelry set,925 Silver jewelry set,"925 silver jewelry set, including necklace, bracelet, earring, ring....","925 silver jewelry set, including necklace, bracelet, earring, ring....",,,,"Guangzhou JiangMing Jewellery Co., Ltd.","Sterling Silver Jewellery; 926 silver Jewellery; OBM, ODM, OEM","Sterling Silver Jewellery; 926 silver Jewellery; OBM, ODM, OEM"
JMJ-E25003 silver earring with color crystal stones,JMJ-E25003 silver earring with color crystal stones,"JMJ-E25003 silver earring with color crystal stones, total length: 35CM","JMJ-E25003 silver earring with color crystal stones, total length: 35CM",,,,"Guangzhou JiangMing Jewellery Co., Ltd.","Sterling Silver Jewellery; 926 silver Jewellery; OBM, ODM, OEM","Sterling Silver Jewellery; 926 silver Jewellery; OBM, ODM, OEM"
925 silver jewelry set,925 silver jewelry set,"925 silver jewelry set, including necklace,earring, ring....","925 silver jewelry set, including necklace,earring, ring....",,,,"Guangzhou JiangMing Jewellery Co., Ltd.","Sterling Silver Jewellery; 926 silver Jewellery; OBM, ODM, OEM","Sterling Silver Jewellery; 926 silver Jewellery; OBM, ODM, OEM"
925 silver jewelry,925 silver jewelry,"925 silver jewelry set, including necklace, bracelet, earring, ring....","925 silver jewelry set, including necklace, bracelet, earring, ring....",,,,"Guangzhou JiangMing Jewellery Co., Ltd.","Sterling Silver Jewellery; 926 silver Jewellery; OBM, ODM, OEM","Sterling Silver Jewellery; 926 silver Jewellery; OBM, ODM, OEM"
JMJ-R25002  silver ring with color crystal stones,JMJ-R25002  silver ring with color crystal stones,JMJ-R25002  silver ring with color crystal stones,JMJ-R25002  silver ring with color crystal stones,,,,"Guangzhou JiangMing Jewellery Co., Ltd.","Sterling Silver Jewellery; 926 silver Jewellery; OBM, ODM, OEM","Sterling Silver Jewellery; 926 silver Jewellery; OBM, ODM, OEM"
925 SILVER JEWELRY SET,925 SILVER JEWELRY SET,"925 silver jewelry set, including necklace, earring, ring....","925 silver jewelry set, including necklace, earring, ring....",,,,"Guangzhou JiangMing Jewellery Co., Ltd.","Sterling Silver Jewellery; 926 silver Jewellery; OBM, ODM, OEM","Sterling Silver Jewellery; 926 silver Jewellery; OBM, ODM, OEM"
JMJ-B24880  925 silver bracelet with color gem stones,JMJ-B24880  925 silver bracelet with color gem stones,"925 silver bracelet with color crystal stones, length: 16cm+1.5cm+1.5cm","925 silver bracelet with color crystal stones, length: 16cm+1.5cm+1.5cm",,,,"Guangzhou JiangMing Jewellery Co., Ltd.","Sterling Silver Jewellery; 926 silver Jewellery; OBM, ODM, OEM","Sterling Silver Jewellery; 926 silver Jewellery; OBM, ODM, OEM"
925 silver bracelet,925 silver bracelet,925 silver bracelet with synthetic or gem stones,925 silver bracelet with synthetic or gem stones,,,,"Guangzhou JiangMing Jewellery Co., Ltd.","Sterling Silver Jewellery; 926 silver Jewellery; OBM, ODM, OEM","Sterling Silver Jewellery; 926 silver Jewellery; OBM, ODM, OEM"
JMJ-R24879  silver ring with color crystal stones,JMJ-R24879  silver ring with color crystal stones,JMJ-R24879  silver ring with color crystal stones,JMJ-R24879  silver ring with color crystal stones,,,,"Guangzhou JiangMing Jewellery Co., Ltd.","Sterling Silver Jewellery; 926 silver Jewellery; OBM, ODM, OEM","Sterling Silver Jewellery; 926 silver Jewellery; OBM, ODM, OEM"
925 silver necklace with color crystal stones,925 silver necklace with color crystal stones,925 silver necklace with color crystal stones,925 silver necklace with color crystal stones,,,,"Guangzhou JiangMing Jewellery Co., Ltd.","Sterling Silver Jewellery; 926 silver Jewellery; OBM, ODM, OEM","Sterling Silver Jewellery; 926 silver Jewellery; OBM, ODM, OEM"
JMJ-E24877  silver earring,JMJ-E24877  silver earring,"925 silver earring, total length: 30.8CM, With color crystal stones","925 silver earring, total length: 30.8CM, With color crystal stones",,,,"Guangzhou JiangMing Jewellery Co., Ltd.","Sterling Silver Jewellery; 926 silver Jewellery; OBM, ODM, OEM","Sterling Silver Jewellery; 926 silver Jewellery; OBM, ODM, OEM"
Dejavu,Dejavu,"Inspired by Zhuangzi’s philosophical question - how do people understand reality.  If the dream is real enough, it is difficult for people to know that they are dreaming.  But it could also be a lucid dream about the unity of nature and man.; The story of  Zhuangzi dreamed one day that he had turned into a butterfly.  After waking up, he found that he was still Zhuangzi, so he didn't know whether he had become Zhuangzi's butterfly or Zhuangzi who had become a butterfly in his dream.","Inspired by Zhuangzi’s philosophical question - how do people understand reality.  If the dream is real enough, it is difficult for people to know that they are dreaming.  But it could also be a lucid dream about the unity of nature and man.; The story of  Zhuangzi dreamed one day that he had turned into a butterfly.  After waking up, he found that he was still Zhuangzi, so he didn't know whether he had become Zhuangzi's butterfly or Zhuangzi who had become a butterfly in his dream.",,,,Present Watch & Jewelry Company Limited,"Diamond Jewellery,Gemset Jewellery; PRESENT- top notch luxurious jewelry watch featuring cultural heritage and Oriental aesthetic.
Deardia - contemporary design daily jewelry with Chinese ancient cosmology to bring luck and blessing for the wearer.; OBM","Diamond Jewellery,Gemset Jewellery; PRESENT- top notch luxurious jewelry watch featuring cultural heritage and Oriental aesthetic.
Deardia - contemporary design daily jewelry with Chinese ancient cosmology to bring luck and blessing for the wearer.; OBM"
Taibai,Taibai,"Taibai, the star god of the West.; Taibai is the essence of gold.  The son of the White Emperor,  takes charge of the general soldiers,  and is in charge of gold, silver, steel and jade in the world.; Taibai is another classic model of PRESENT.  The classic brushed craftsmanship is used as the dial face with square and round jadeite index to show that the PRESENT Tourbillon combines East and West.","Taibai, the star god of the West.; Taibai is the essence of gold.  The son of the White Emperor,  takes charge of the general soldiers,  and is in charge of gold, silver, steel and jade in the world.; Taibai is another classic model of PRESENT.  The classic brushed craftsmanship is used as the dial face with square and round jadeite index to show that the PRESENT Tourbillon combines East and West.",,,,Present Watch & Jewelry Company Limited,"Diamond Jewellery,Gemset Jewellery; PRESENT- top notch luxurious jewelry watch featuring cultural heritage and Oriental aesthetic.
Deardia - contemporary design daily jewelry with Chinese ancient cosmology to bring luck and blessing for the wearer.; OBM","Diamond Jewellery,Gemset Jewellery; PRESENT- top notch luxurious jewelry watch featuring cultural heritage and Oriental aesthetic.
Deardia - contemporary design daily jewelry with Chinese ancient cosmology to bring luck and blessing for the wearer.; OBM"
Wanxiang,Wanxiang,Wanxiang describes all things or scenes in nature.  It is the source of everything in the universe.  The Wanxiang watch uses the intangible cultural heritage lacquer and hand-craved lines to show the starry sky and imitate the trajectory of the stars.,Wanxiang describes all things or scenes in nature.  It is the source of everything in the universe.  The Wanxiang watch uses the intangible cultural heritage lacquer and hand-craved lines to show the starry sky and imitate the trajectory of the stars.,,,,Present Watch & Jewelry Company Limited,"Diamond Jewellery,Gemset Jewellery; PRESENT- top notch luxurious jewelry watch featuring cultural heritage and Oriental aesthetic.
Deardia - contemporary design daily jewelry with Chinese ancient cosmology to bring luck and blessing for the wearer.; OBM","Diamond Jewellery,Gemset Jewellery; PRESENT- top notch luxurious jewelry watch featuring cultural heritage and Oriental aesthetic.
Deardia - contemporary design daily jewelry with Chinese ancient cosmology to bring luck and blessing for the wearer.; OBM"
Senluo,Senluo,"Senluo describes the state of numerous and luxuriant things standing side by side. It means abundance and satisfaction, as numerous as the stars in the sky.; The Senluo watch uses the intangible cultural heritage lacquer and hand-craved lines to show the starry sky and imitate the trajectory of the stars.","Senluo describes the state of numerous and luxuriant things standing side by side. It means abundance and satisfaction, as numerous as the stars in the sky.; The Senluo watch uses the intangible cultural heritage lacquer and hand-craved lines to show the starry sky and imitate the trajectory of the stars.",,,,Present Watch & Jewelry Company Limited,"Diamond Jewellery,Gemset Jewellery; PRESENT- top notch luxurious jewelry watch featuring cultural heritage and Oriental aesthetic.
Deardia - contemporary design daily jewelry with Chinese ancient cosmology to bring luck and blessing for the wearer.; OBM","Diamond Jewellery,Gemset Jewellery; PRESENT- top notch luxurious jewelry watch featuring cultural heritage and Oriental aesthetic.
Deardia - contemporary design daily jewelry with Chinese ancient cosmology to bring luck and blessing for the wearer.; OBM"
XinYuan,XinYuan,"The heart is the root of all things.; If the movement is the source of everything in the watch, it highlights the brand's core technology and craftsmanship.  The driving force of PRESENT is the respect and pursuit of Oriental culture.; Xin Yuan is made into the brand's classic style.  The classic brushed craftsmanship is used as the dial face with square and round indexes, showing the mindful production of the brand's tourbillon.","The heart is the root of all things.; If the movement is the source of everything in the watch, it highlights the brand's core technology and craftsmanship.  The driving force of PRESENT is the respect and pursuit of Oriental culture.; Xin Yuan is made into the brand's classic style.  The classic brushed craftsmanship is used as the dial face with square and round indexes, showing the mindful production of the brand's tourbillon.",,,,Present Watch & Jewelry Company Limited,"Diamond Jewellery,Gemset Jewellery; PRESENT- top notch luxurious jewelry watch featuring cultural heritage and Oriental aesthetic.
Deardia - contemporary design daily jewelry with Chinese ancient cosmology to bring luck and blessing for the wearer.; OBM","Diamond Jewellery,Gemset Jewellery; PRESENT- top notch luxurious jewelry watch featuring cultural heritage and Oriental aesthetic.
Deardia - contemporary design daily jewelry with Chinese ancient cosmology to bring luck and blessing for the wearer.; OBM"
Water Lilies,Water Lilies,"Inspired by a work by Zhou Dunyi, a Neo-Confucian scholar in the Northern Song Dynasty.  The article praises the noble character of the lotus through the description of its image and quality.; Water Lilies with the same lotus theme is designed for women.  This watch uses natural jade as lotus leaves, diamonds and gemstones as flowers to build a lotus pond on the wrist.","Inspired by a work by Zhou Dunyi, a Neo-Confucian scholar in the Northern Song Dynasty.  The article praises the noble character of the lotus through the description of its image and quality.; Water Lilies with the same lotus theme is designed for women.  This watch uses natural jade as lotus leaves, diamonds and gemstones as flowers to build a lotus pond on the wrist.",,,,Present Watch & Jewelry Company Limited,"Diamond Jewellery,Gemset Jewellery; PRESENT- top notch luxurious jewelry watch featuring cultural heritage and Oriental aesthetic.
Deardia - contemporary design daily jewelry with Chinese ancient cosmology to bring luck and blessing for the wearer.; OBM","Diamond Jewellery,Gemset Jewellery; PRESENT- top notch luxurious jewelry watch featuring cultural heritage and Oriental aesthetic.
Deardia - contemporary design daily jewelry with Chinese ancient cosmology to bring luck and blessing for the wearer.; OBM"
Nature Wood Eyewear Optical Sunglass Window Display Rack POP Tray,Nature Wood Eyewear Optical Sunglass Window Display Rack POP Tray,Model No: POP-1801(A); Size: 440 x 375 x 255(H)mm; Main Material:; MDF/ PU leatherette,Model No: POP-1801(A); Size: 440 x 375 x 255(H)mm; Main Material:; MDF/ PU leatherette,,,,"Elegante Arts Packaging Co., Ltd.","Jewellery Packaging & Display; Our strong R&D team enables us to fit different tastes of customers worldwide with our professional knowledge, well-trained staff and well-equipped manufacturing facilities. Besides our creative design, customer designs are also welcome.; OEM, ODM","Jewellery Packaging & Display; Our strong R&D team enables us to fit different tastes of customers worldwide with our professional knowledge, well-trained staff and well-equipped manufacturing facilities. Besides our creative design, customer designs are also welcome.; OEM, ODM"
Watch Window Display,Watch Window Display,Watch Window Display,Watch Window Display,,,,"Elegante Arts Packaging Co., Ltd.","Jewellery Packaging & Display; Our strong R&D team enables us to fit different tastes of customers worldwide with our professional knowledge, well-trained staff and well-equipped manufacturing facilities. Besides our creative design, customer designs are also welcome.; OEM, ODM","Jewellery Packaging & Display; Our strong R&D team enables us to fit different tastes of customers worldwide with our professional knowledge, well-trained staff and well-equipped manufacturing facilities. Besides our creative design, customer designs are also welcome.; OEM, ODM"
Jewellery Display,Jewellery Display,Jewellery Display,Jewellery Display,,,,"Elegante Arts Packaging Co., Ltd.","Jewellery Packaging & Display; Our strong R&D team enables us to fit different tastes of customers worldwide with our professional knowledge, well-trained staff and well-equipped manufacturing facilities. Besides our creative design, customer designs are also welcome.; OEM, ODM","Jewellery Packaging & Display; Our strong R&D team enables us to fit different tastes of customers worldwide with our professional knowledge, well-trained staff and well-equipped manufacturing facilities. Besides our creative design, customer designs are also welcome.; OEM, ODM"
Jewellery Window Display - 330 mm height,Jewellery Window Display - 330 mm height,"For Window Display / Store Display / Counter Display; Main material : MDF with Ultrasuede/ / PU Leatherette; Included :; Logo : available Custom; Packing Material : Carton/ Foam/ Bubble Bag/ Plastic Bag, etc.; Available to change color / material / stand quantity; Apart from our standard products, Custom-made / Design services are provided.; You are welcome to let us know your ideas.","For Window Display / Store Display / Counter Display; Main material : MDF with Ultrasuede/ / PU Leatherette; Included :; Logo : available Custom; Packing Material : Carton/ Foam/ Bubble Bag/ Plastic Bag, etc.; Available to change color / material / stand quantity; Apart from our standard products, Custom-made / Design services are provided.; You are welcome to let us know your ideas.",,,,"Elegante Arts Packaging Co., Ltd.","Jewellery Packaging & Display; Our strong R&D team enables us to fit different tastes of customers worldwide with our professional knowledge, well-trained staff and well-equipped manufacturing facilities. Besides our creative design, customer designs are also welcome.; OEM, ODM","Jewellery Packaging & Display; Our strong R&D team enables us to fit different tastes of customers worldwide with our professional knowledge, well-trained staff and well-equipped manufacturing facilities. Besides our creative design, customer designs are also welcome.; OEM, ODM"
Jewellery Window Display - 330mm height,Jewellery Window Display - 330mm height,"For Window Display / Store Display / Counter Display; Main material : MDF with Ultrasuede/ / PU Leatherette; Included :; Logo : available Custom; Packing Material : Carton/ Foam/ Bubble Bag/ Plastic Bag, etc.; Available to change color / material / stand quantity; Apart from our standard products, Custom-made / Design services are provided.; You are welcome to let us know your ideas.","For Window Display / Store Display / Counter Display; Main material : MDF with Ultrasuede/ / PU Leatherette; Included :; Logo : available Custom; Packing Material : Carton/ Foam/ Bubble Bag/ Plastic Bag, etc.; Available to change color / material / stand quantity; Apart from our standard products, Custom-made / Design services are provided.; You are welcome to let us know your ideas.",,,,"Elegante Arts Packaging Co., Ltd.","Jewellery Packaging & Display; Our strong R&D team enables us to fit different tastes of customers worldwide with our professional knowledge, well-trained staff and well-equipped manufacturing facilities. Besides our creative design, customer designs are also welcome.; OEM, ODM","Jewellery Packaging & Display; Our strong R&D team enables us to fit different tastes of customers worldwide with our professional knowledge, well-trained staff and well-equipped manufacturing facilities. Besides our creative design, customer designs are also welcome.; OEM, ODM"
Custom Eyewear Optical Sunglasses Window Counter Display,Custom Eyewear Optical Sunglasses Window Counter Display,Model No.: POP-1606; Size: 350 x 220 x 297(H)mm; Main Materials: MDF/Laminated Paper/spray paint,Model No.: POP-1606; Size: 350 x 220 x 297(H)mm; Main Materials: MDF/Laminated Paper/spray paint,,,,"Elegante Arts Packaging Co., Ltd.","Jewellery Packaging & Display; Our strong R&D team enables us to fit different tastes of customers worldwide with our professional knowledge, well-trained staff and well-equipped manufacturing facilities. Besides our creative design, customer designs are also welcome.; OEM, ODM","Jewellery Packaging & Display; Our strong R&D team enables us to fit different tastes of customers worldwide with our professional knowledge, well-trained staff and well-equipped manufacturing facilities. Besides our creative design, customer designs are also welcome.; OEM, ODM"
Modern Eyewear Optical SunglassesShop POP Display Stand,Modern Eyewear Optical SunglassesShop POP Display Stand,Model No: OSC-1702(A); Size: 280 x 310 x 1840(H)mm; Specification:; For 18 Frames,Model No: OSC-1702(A); Size: 280 x 310 x 1840(H)mm; Specification:; For 18 Frames,,,,"Elegante Arts Packaging Co., Ltd.","Jewellery Packaging & Display; Our strong R&D team enables us to fit different tastes of customers worldwide with our professional knowledge, well-trained staff and well-equipped manufacturing facilities. Besides our creative design, customer designs are also welcome.; OEM, ODM","Jewellery Packaging & Display; Our strong R&D team enables us to fit different tastes of customers worldwide with our professional knowledge, well-trained staff and well-equipped manufacturing facilities. Besides our creative design, customer designs are also welcome.; OEM, ODM"
Wooden Metal Window Wall Display Set for Watch and Jewelry,Wooden Metal Window Wall Display Set for Watch and Jewelry,"New Hot Design Luxury Watch Display Set; Our designs and techniques could fulfill to the difference needs of your brand/ products;; all of our standards are able to revise / custom if you have other requirements or idea.; We are also adept at the project of the new tailor-made items, please feel free to contact us if you are interested.","New Hot Design Luxury Watch Display Set; Our designs and techniques could fulfill to the difference needs of your brand/ products;; all of our standards are able to revise / custom if you have other requirements or idea.; We are also adept at the project of the new tailor-made items, please feel free to contact us if you are interested.",,,https://sourcing-media.hktdc.com/product-original/Wooden-20Metal-20Window-20Wall-20Display-20Set-20for-20Watch-20and-20Jewelry/8f2988533c144d879fce3ecfa7fb8eb6,"Elegante Arts Packaging Co., Ltd.","Jewellery Packaging & Display; Our strong R&D team enables us to fit different tastes of customers worldwide with our professional knowledge, well-trained staff and well-equipped manufacturing facilities. Besides our creative design, customer designs are also welcome.; OEM, ODM","Jewellery Packaging & Display; Our strong R&D team enables us to fit different tastes of customers worldwide with our professional knowledge, well-trained staff and well-equipped manufacturing facilities. Besides our creative design, customer designs are also welcome.; OEM, ODM"
Necklace Set Tray,Necklace Set Tray,Necklace Set Tray,Necklace Set Tray,,,,"Elegante Arts Packaging Co., Ltd.","Jewellery Packaging & Display; Our strong R&D team enables us to fit different tastes of customers worldwide with our professional knowledge, well-trained staff and well-equipped manufacturing facilities. Besides our creative design, customer designs are also welcome.; OEM, ODM","Jewellery Packaging & Display; Our strong R&D team enables us to fit different tastes of customers worldwide with our professional knowledge, well-trained staff and well-equipped manufacturing facilities. Besides our creative design, customer designs are also welcome.; OEM, ODM"
Presentation Tray,Presentation Tray,Presentation Tray,Presentation Tray,,,,"Elegante Arts Packaging Co., Ltd.","Jewellery Packaging & Display; Our strong R&D team enables us to fit different tastes of customers worldwide with our professional knowledge, well-trained staff and well-equipped manufacturing facilities. Besides our creative design, customer designs are also welcome.; OEM, ODM","Jewellery Packaging & Display; Our strong R&D team enables us to fit different tastes of customers worldwide with our professional knowledge, well-trained staff and well-equipped manufacturing facilities. Besides our creative design, customer designs are also welcome.; OEM, ODM"
"Jewellery Window Display set for Pendant, Earring, Ring","Jewellery Window Display set for Pendant, Earring, Ring","Main material- MDF with Suede/ spray paint/ Laminated Wood (Marble Pattern); Included :; 1 x Earring stands; 6 x Ring stands; 1 x Pendant stand; Logo : available Custom; Packing Material : Carton/ Foam/ Bubble Bag/ Plastic Bag, etc.; Available to change color / material / stand quantity; Apart from our standard products, Custom-made / Design services are provided.","Main material- MDF with Suede/ spray paint/ Laminated Wood (Marble Pattern); Included :; 1 x Earring stands; 6 x Ring stands; 1 x Pendant stand; Logo : available Custom; Packing Material : Carton/ Foam/ Bubble Bag/ Plastic Bag, etc.; Available to change color / material / stand quantity; Apart from our standard products, Custom-made / Design services are provided.",,,https://sourcing-media.hktdc.com/product-original/Jewellery-20Window-20Display-20set-20for-20Pendant-20Earring-20Ring/26a8ed8a613a4e618a295464bf1ac7bb,"Elegante Arts Packaging Co., Ltd.","Jewellery Packaging & Display; Our strong R&D team enables us to fit different tastes of customers worldwide with our professional knowledge, well-trained staff and well-equipped manufacturing facilities. Besides our creative design, customer designs are also welcome.; OEM, ODM","Jewellery Packaging & Display; Our strong R&D team enables us to fit different tastes of customers worldwide with our professional knowledge, well-trained staff and well-equipped manufacturing facilities. Besides our creative design, customer designs are also welcome.; OEM, ODM"
"Jewellery Window Display for Necklace, Earring, Ring  WD-1818JE","Jewellery Window Display for Necklace, Earring, Ring  WD-1818JE","Main material- MDF with Ultrasuede, Laminated Wood Marble; Included :; 1 x Neck form; 1 x Earring stand; 3 x Ring stands; Packing Material : Carton/ Foam/ Bubble Bag/ Plastic Bag, etc.; Custom-made / Design services are provided, please feel free to contact us.","Main material- MDF with Ultrasuede, Laminated Wood Marble; Included :; 1 x Neck form; 1 x Earring stand; 3 x Ring stands; Packing Material : Carton/ Foam/ Bubble Bag/ Plastic Bag, etc.; Custom-made / Design services are provided, please feel free to contact us.",,,,"Elegante Arts Packaging Co., Ltd.","Jewellery Packaging & Display; Our strong R&D team enables us to fit different tastes of customers worldwide with our professional knowledge, well-trained staff and well-equipped manufacturing facilities. Besides our creative design, customer designs are also welcome.; OEM, ODM","Jewellery Packaging & Display; Our strong R&D team enables us to fit different tastes of customers worldwide with our professional knowledge, well-trained staff and well-equipped manufacturing facilities. Besides our creative design, customer designs are also welcome.; OEM, ODM"
Jewellery Window Display - 410mm height,Jewellery Window Display - 410mm height,"For Window Display / Store Display / Counter Display; Main material : MDF with spray paint/ PU Leatherette; Included :; Logo : available Custom; Packing Material : Carton/ Foam/ Bubble Bag/ Plastic Bag, etc.; Available to change color / material / stand quantity; Apart from our standard products, Custom-made / Design services are provided.; You are welcome to let us know your ideas.","For Window Display / Store Display / Counter Display; Main material : MDF with spray paint/ PU Leatherette; Included :; Logo : available Custom; Packing Material : Carton/ Foam/ Bubble Bag/ Plastic Bag, etc.; Available to change color / material / stand quantity; Apart from our standard products, Custom-made / Design services are provided.; You are welcome to let us know your ideas.",,,,"Elegante Arts Packaging Co., Ltd.","Jewellery Packaging & Display; Our strong R&D team enables us to fit different tastes of customers worldwide with our professional knowledge, well-trained staff and well-equipped manufacturing facilities. Besides our creative design, customer designs are also welcome.; OEM, ODM","Jewellery Packaging & Display; Our strong R&D team enables us to fit different tastes of customers worldwide with our professional knowledge, well-trained staff and well-equipped manufacturing facilities. Besides our creative design, customer designs are also welcome.; OEM, ODM"
Bracelet Tray,Bracelet Tray,Bracelet Tray,Bracelet Tray,,,,"Elegante Arts Packaging Co., Ltd.","Jewellery Packaging & Display; Our strong R&D team enables us to fit different tastes of customers worldwide with our professional knowledge, well-trained staff and well-equipped manufacturing facilities. Besides our creative design, customer designs are also welcome.; OEM, ODM","Jewellery Packaging & Display; Our strong R&D team enables us to fit different tastes of customers worldwide with our professional knowledge, well-trained staff and well-equipped manufacturing facilities. Besides our creative design, customer designs are also welcome.; OEM, ODM"
Luxury Metal Eyewear Optical Window Display Glorifier,Luxury Metal Eyewear Optical Window Display Glorifier,Model No: OP-1803; Size: 250 x 174 x 220(H)mm; Main Material:; Acrylic/ Metal/ MDF,Model No: OP-1803; Size: 250 x 174 x 220(H)mm; Main Material:; Acrylic/ Metal/ MDF,,,,"Elegante Arts Packaging Co., Ltd.","Jewellery Packaging & Display; Our strong R&D team enables us to fit different tastes of customers worldwide with our professional knowledge, well-trained staff and well-equipped manufacturing facilities. Besides our creative design, customer designs are also welcome.; OEM, ODM","Jewellery Packaging & Display; Our strong R&D team enables us to fit different tastes of customers worldwide with our professional knowledge, well-trained staff and well-equipped manufacturing facilities. Besides our creative design, customer designs are also welcome.; OEM, ODM"
Ring Stand,Ring Stand,Ring Stand,Ring Stand,,,,"Elegante Arts Packaging Co., Ltd.","Jewellery Packaging & Display; Our strong R&D team enables us to fit different tastes of customers worldwide with our professional knowledge, well-trained staff and well-equipped manufacturing facilities. Besides our creative design, customer designs are also welcome.; OEM, ODM","Jewellery Packaging & Display; Our strong R&D team enables us to fit different tastes of customers worldwide with our professional knowledge, well-trained staff and well-equipped manufacturing facilities. Besides our creative design, customer designs are also welcome.; OEM, ODM"
Wooden Jewelery Chest,Wooden Jewelery Chest,Wooden Jewelery Chest,Wooden Jewelery Chest,,,,C & S International Development Limited,"Jewellery and Watch Box,Jewellery Display Material,Jewellery Packaging Material,Jewellery Packaging & Display; In-house designer wooden jewel box, watch box for high end jewel packaging & displaying; OEM, ODM","Jewellery and Watch Box,Jewellery Display Material,Jewellery Packaging Material,Jewellery Packaging & Display; In-house designer wooden jewel box, watch box for high end jewel packaging & displaying; OEM, ODM"
Wooden Jewelry Case,Wooden Jewelry Case,Wooden Jewelry Case,Wooden Jewelry Case,,,,C & S International Development Limited,"Jewellery and Watch Box,Jewellery Display Material,Jewellery Packaging Material,Jewellery Packaging & Display; In-house designer wooden jewel box, watch box for high end jewel packaging & displaying; OEM, ODM","Jewellery and Watch Box,Jewellery Display Material,Jewellery Packaging Material,Jewellery Packaging & Display; In-house designer wooden jewel box, watch box for high end jewel packaging & displaying; OEM, ODM"
Wooden Jewellery Case,Wooden Jewellery Case,Wooden Jewellery Case,Wooden Jewellery Case,,,,C & S International Development Limited,"Jewellery and Watch Box,Jewellery Display Material,Jewellery Packaging Material,Jewellery Packaging & Display; In-house designer wooden jewel box, watch box for high end jewel packaging & displaying; OEM, ODM","Jewellery and Watch Box,Jewellery Display Material,Jewellery Packaging Material,Jewellery Packaging & Display; In-house designer wooden jewel box, watch box for high end jewel packaging & displaying; OEM, ODM"
Wooden Watch Box,Wooden Watch Box,Wooden Watch Box,Wooden Watch Box,,,,C & S International Development Limited,"Jewellery and Watch Box,Jewellery Display Material,Jewellery Packaging Material,Jewellery Packaging & Display; In-house designer wooden jewel box, watch box for high end jewel packaging & displaying; OEM, ODM","Jewellery and Watch Box,Jewellery Display Material,Jewellery Packaging Material,Jewellery Packaging & Display; In-house designer wooden jewel box, watch box for high end jewel packaging & displaying; OEM, ODM"
Jewelry Box,Jewelry Box,Jewelry Box,Jewelry Box,,,,C & S International Development Limited,"Jewellery and Watch Box,Jewellery Display Material,Jewellery Packaging Material,Jewellery Packaging & Display; In-house designer wooden jewel box, watch box for high end jewel packaging & displaying; OEM, ODM","Jewellery and Watch Box,Jewellery Display Material,Jewellery Packaging Material,Jewellery Packaging & Display; In-house designer wooden jewel box, watch box for high end jewel packaging & displaying; OEM, ODM"
Jewellery Box,Jewellery Box,Jewellery Box,Jewellery Box,,,,C & S International Development Limited,"Jewellery and Watch Box,Jewellery Display Material,Jewellery Packaging Material,Jewellery Packaging & Display; In-house designer wooden jewel box, watch box for high end jewel packaging & displaying; OEM, ODM","Jewellery and Watch Box,Jewellery Display Material,Jewellery Packaging Material,Jewellery Packaging & Display; In-house designer wooden jewel box, watch box for high end jewel packaging & displaying; OEM, ODM"
Wooden Jewelry Box,Wooden Jewelry Box,Wooden Jewelry Box,Wooden Jewelry Box,,,,C & S International Development Limited,"Jewellery and Watch Box,Jewellery Display Material,Jewellery Packaging Material,Jewellery Packaging & Display; In-house designer wooden jewel box, watch box for high end jewel packaging & displaying; OEM, ODM","Jewellery and Watch Box,Jewellery Display Material,Jewellery Packaging Material,Jewellery Packaging & Display; In-house designer wooden jewel box, watch box for high end jewel packaging & displaying; OEM, ODM"
Wooden Watch Winder,Wooden Watch Winder,Wooden Watch Winder,Wooden Watch Winder,,,,C & S International Development Limited,"Jewellery and Watch Box,Jewellery Display Material,Jewellery Packaging Material,Jewellery Packaging & Display; In-house designer wooden jewel box, watch box for high end jewel packaging & displaying; OEM, ODM","Jewellery and Watch Box,Jewellery Display Material,Jewellery Packaging Material,Jewellery Packaging & Display; In-house designer wooden jewel box, watch box for high end jewel packaging & displaying; OEM, ODM"
Watch Winder,Watch Winder,Watch Winder,Watch Winder,,,,C & S International Development Limited,"Jewellery and Watch Box,Jewellery Display Material,Jewellery Packaging Material,Jewellery Packaging & Display; In-house designer wooden jewel box, watch box for high end jewel packaging & displaying; OEM, ODM","Jewellery and Watch Box,Jewellery Display Material,Jewellery Packaging Material,Jewellery Packaging & Display; In-house designer wooden jewel box, watch box for high end jewel packaging & displaying; OEM, ODM"
Watch & Accessories Box for Men,Watch & Accessories Box for Men,Watch & Accessories Box for Men,Watch & Accessories Box for Men,,,,C & S International Development Limited,"Jewellery and Watch Box,Jewellery Display Material,Jewellery Packaging Material,Jewellery Packaging & Display; In-house designer wooden jewel box, watch box for high end jewel packaging & displaying; OEM, ODM","Jewellery and Watch Box,Jewellery Display Material,Jewellery Packaging Material,Jewellery Packaging & Display; In-house designer wooden jewel box, watch box for high end jewel packaging & displaying; OEM, ODM"
Wooden Humidor,Wooden Humidor,Wooden Humidor,Wooden Humidor,,,,C & S International Development Limited,"Jewellery and Watch Box,Jewellery Display Material,Jewellery Packaging Material,Jewellery Packaging & Display; In-house designer wooden jewel box, watch box for high end jewel packaging & displaying; OEM, ODM","Jewellery and Watch Box,Jewellery Display Material,Jewellery Packaging Material,Jewellery Packaging & Display; In-house designer wooden jewel box, watch box for high end jewel packaging & displaying; OEM, ODM"
Wooden Jewelry Boxes Set,Wooden Jewelry Boxes Set,Wooden Jewelry Boxes Set,Wooden Jewelry Boxes Set,,,,C & S International Development Limited,"Jewellery and Watch Box,Jewellery Display Material,Jewellery Packaging Material,Jewellery Packaging & Display; In-house designer wooden jewel box, watch box for high end jewel packaging & displaying; OEM, ODM","Jewellery and Watch Box,Jewellery Display Material,Jewellery Packaging Material,Jewellery Packaging & Display; In-house designer wooden jewel box, watch box for high end jewel packaging & displaying; OEM, ODM"
Wooden Jewellery Chest,Wooden Jewellery Chest,Wooden Jewellery Chest,Wooden Jewellery Chest,,,,C & S International Development Limited,"Jewellery and Watch Box,Jewellery Display Material,Jewellery Packaging Material,Jewellery Packaging & Display; In-house designer wooden jewel box, watch box for high end jewel packaging & displaying; OEM, ODM","Jewellery and Watch Box,Jewellery Display Material,Jewellery Packaging Material,Jewellery Packaging & Display; In-house designer wooden jewel box, watch box for high end jewel packaging & displaying; OEM, ODM"
Testing Services for Jewellery,Testing Services for Jewellery,"Why should you use Hong Kong’s testing and certification services?; You can find more information about Hong Kong’s testing and certification sector from the website of the Hong Kong Council for Testing and Certification (HKCTC): www.hkctc.gov.hk; To find quality reports / certificates? Look for the HKAS Accreditation Symbol!; All endorsed test reports / certificates issued by Hong Kong Accreditation Service (HKAS) accredited organisations bear the HKAS accreditation symbol with the registration number of the accredited organisations.; HKAS' accreditation is recognized in over 100 economies, including all major trading partners of Hong Kong such as the United States, European Union, Mainland China and Japan.; Accreditation helps users to identify reliable conformity assessment service providers. You can find service providers accredited by HKAS and their scope of accreditation from the website of HKAS: www.hkas.gov.hk","Why should you use Hong Kong’s testing and certification services?; You can find more information about Hong Kong’s testing and certification sector from the website of the Hong Kong Council for Testing and Certification (HKCTC): www.hkctc.gov.hk; To find quality reports / certificates? Look for the HKAS Accreditation Symbol!; All endorsed test reports / certificates issued by Hong Kong Accreditation Service (HKAS) accredited organisations bear the HKAS accreditation symbol with the registration number of the accredited organisations.; HKAS' accreditation is recognized in over 100 economies, including all major trading partners of Hong Kong such as the United States, European Union, Mainland China and Japan.; Accreditation helps users to identify reliable conformity assessment service providers. You can find service providers accredited by HKAS and their scope of accreditation from the website of HKAS: www.hkas.gov.hk",,,https://sourcing-media.hktdc.com/service-original/Testing-20Services-20for-20Jewellery/c5cf11c6caf4449d90096c8c04d95801,Hong Kong Council for Testing and Certification,"Testing Inspection & Certification,Gemmological Laboratory; The HKSAR Government established the HKCTC in 2009 to advise it on the overall development strategy of the testing & certification industry. HKAS provides accreditation services to laboratories, certification bodies & inspection bodies in Hong Kong.; Others","Testing Inspection & Certification,Gemmological Laboratory; The HKSAR Government established the HKCTC in 2009 to advise it on the overall development strategy of the testing & certification industry. HKAS provides accreditation services to laboratories, certification bodies & inspection bodies in Hong Kong.; Others"
Tested in Hong Kong - Certified in Hong Kong,Tested in Hong Kong - Certified in Hong Kong,"Why should you use Hong Kong’s testing and certification services?; You can find more information about Hong Kong’s testing and certification sector from the website of the Hong Kong Council for Testing and Certification (HKCTC): www.hkctc.gov.hk; To find quality reports / certificates? Look for the HKAS Accreditation Symbol!; All endorsed test reports / certificates issued by Hong Kong Accreditation Service (HKAS) accredited organisations bear the HKAS accreditation symbol with the registration number of the accredited organisations.; HKAS’ accreditation is recognised in over 100 economies, including all major trading partners of Hong Kong such as the United States, European Union, Mainland China and Japan.; Accreditation helps users to identify reliable conformity assessment service providers. You can find service providers accredited by HKAS and their scope of accreditation from the website of HKAS: www.hkas.gov.hk","Why should you use Hong Kong’s testing and certification services?; You can find more information about Hong Kong’s testing and certification sector from the website of the Hong Kong Council for Testing and Certification (HKCTC): www.hkctc.gov.hk; To find quality reports / certificates? Look for the HKAS Accreditation Symbol!; All endorsed test reports / certificates issued by Hong Kong Accreditation Service (HKAS) accredited organisations bear the HKAS accreditation symbol with the registration number of the accredited organisations.; HKAS’ accreditation is recognised in over 100 economies, including all major trading partners of Hong Kong such as the United States, European Union, Mainland China and Japan.; Accreditation helps users to identify reliable conformity assessment service providers. You can find service providers accredited by HKAS and their scope of accreditation from the website of HKAS: www.hkas.gov.hk",,,https://sourcing-media.hktdc.com/service-original/Tested-20in-20Hong-20Kong-20--20Certified-20in-20Hong-20Kong/350fb1caa8764bbdbd0dee1fb695aa8a,Hong Kong Council for Testing and Certification,"Testing Inspection & Certification,Gemmological Laboratory; The HKSAR Government established the HKCTC in 2009 to advise it on the overall development strategy of the testing & certification industry. HKAS provides accreditation services to laboratories, certification bodies & inspection bodies in Hong Kong.; Others","Testing Inspection & Certification,Gemmological Laboratory; The HKSAR Government established the HKCTC in 2009 to advise it on the overall development strategy of the testing & certification industry. HKAS provides accreditation services to laboratories, certification bodies & inspection bodies in Hong Kong.; Others"
Watch Boxes,Watch Boxes,Watch Boxes,Watch Boxes,,,,Siluck (Hong Kong) Limited,"Jewellery and Watch Box,Jewellery Display Material,Jewellery Packaging Material,Jewellery Packaging & Display; jewellery box, card board jewelry box, canvas jewelry box; OEM, OBM, ODM","Jewellery and Watch Box,Jewellery Display Material,Jewellery Packaging Material,Jewellery Packaging & Display; jewellery box, card board jewelry box, canvas jewelry box; OEM, OBM, ODM"
Luxury Paper Jewelry Box For Ring Necklace Bracelet Earrings Pendant Bangle Chain Jewellery Gift Display,Luxury Paper Jewelry Box For Ring Necklace Bracelet Earrings Pendant Bangle Chain Jewellery Gift Display,This shows that the box is perfect. The box is made of cardboard and thin; Canvas. Always have their own LOGO printed on the box for further branding.; OEM order is welcomed.Available for various designs.,This shows that the box is perfect. The box is made of cardboard and thin; Canvas. Always have their own LOGO printed on the box for further branding.; OEM order is welcomed.Available for various designs.,,,https://sourcing-media.hktdc.com/product-original/-20Luxury-20Paper-20Jewelry-20Box-20For-20Ring-20Necklace-20Bracelet-20Earrings-20Pendant-20Bangle-20Chain-20Jewellery-20Gift-20Display/8997eb18ee854b72933d35cb1a7fff57,Siluck (Hong Kong) Limited,"Jewellery and Watch Box,Jewellery Display Material,Jewellery Packaging Material,Jewellery Packaging & Display; jewellery box, card board jewelry box, canvas jewelry box; OEM, OBM, ODM","Jewellery and Watch Box,Jewellery Display Material,Jewellery Packaging Material,Jewellery Packaging & Display; jewellery box, card board jewelry box, canvas jewelry box; OEM, OBM, ODM"
Jewelry Box,Jewelry Box,Jewelry Box,Jewelry Box,,,,Siluck (Hong Kong) Limited,"Jewellery and Watch Box,Jewellery Display Material,Jewellery Packaging Material,Jewellery Packaging & Display; jewellery box, card board jewelry box, canvas jewelry box; OEM, OBM, ODM","Jewellery and Watch Box,Jewellery Display Material,Jewellery Packaging Material,Jewellery Packaging & Display; jewellery box, card board jewelry box, canvas jewelry box; OEM, OBM, ODM"
Watch boxes,Watch boxes,This shows that the box is perfect. The box is made of cardboard and thin; Canvas. Always have their own LOGO printed on the box for further branding.; OEM order is welcomed.Available for various designs.,This shows that the box is perfect. The box is made of cardboard and thin; Canvas. Always have their own LOGO printed on the box for further branding.; OEM order is welcomed.Available for various designs.,,,,Siluck (Hong Kong) Limited,"Jewellery and Watch Box,Jewellery Display Material,Jewellery Packaging Material,Jewellery Packaging & Display; jewellery box, card board jewelry box, canvas jewelry box; OEM, OBM, ODM","Jewellery and Watch Box,Jewellery Display Material,Jewellery Packaging Material,Jewellery Packaging & Display; jewellery box, card board jewelry box, canvas jewelry box; OEM, OBM, ODM"
Wood Veneer Watch Box For Couple watches With Press Button Luxury Case,Wood Veneer Watch Box For Couple watches With Press Button Luxury Case,"Watch Box; Item Number: DN-00960; Material: MDF / Wood Veneer /Velvet; Color : Natural; Size: 160x160x100; Outside : MDF with wood veneer , in natural color, matte finish, with press button for closure , 2pc hinges in L shape .; Inside : Laminate black Velvet , a removable tray with 2 pillows for couple watches ,; Logo: logo sticker on the box top & embossed logo inside; Packing: each one into a gift box, suitable quantity into a shipping carton .; ALL details including materials & sizes & design & logo can be customized.; Minimum Order Quantity: 1,000pcs; Sample Lead Time : 15~25 days after sample fee received; Production Lead Time : 60~75 days after deposit received; Quality Guarantee : One year under normal using condition after production finishing .","Watch Box; Item Number: DN-00960; Material: MDF / Wood Veneer /Velvet; Color : Natural; Size: 160x160x100; Outside : MDF with wood veneer , in natural color, matte finish, with press button for closure , 2pc hinges in L shape .; Inside : Laminate black Velvet , a removable tray with 2 pillows for couple watches ,; Logo: logo sticker on the box top & embossed logo inside; Packing: each one into a gift box, suitable quantity into a shipping carton .; ALL details including materials & sizes & design & logo can be customized.; Minimum Order Quantity: 1,000pcs; Sample Lead Time : 15~25 days after sample fee received; Production Lead Time : 60~75 days after deposit received; Quality Guarantee : One year under normal using condition after production finishing .",,,,Firmstock Limited,"Jewellery and Watch Box, Jewellery Display Material, Jewellery Packaging Material, Jewellery Packaging & Display; OEM/ODM  Jewellery Display & Jewellery Packaging & Jewellery Display Tray & Wooden Box & PU Box & Paper Box & Packaging Bag; ODM, OEM","Jewellery and Watch Box, Jewellery Display Material, Jewellery Packaging Material, Jewellery Packaging & Display; OEM/ODM  Jewellery Display & Jewellery Packaging & Jewellery Display Tray & Wooden Box & PU Box & Paper Box & Packaging Bag; ODM, OEM"
Soft Velvet Watch Pouch,Soft Velvet Watch Pouch,Soft Velvet Watch Pouch,Soft Velvet Watch Pouch,,,,Firmstock Limited,"Jewellery and Watch Box, Jewellery Display Material, Jewellery Packaging Material, Jewellery Packaging & Display; OEM/ODM  Jewellery Display & Jewellery Packaging & Jewellery Display Tray & Wooden Box & PU Box & Paper Box & Packaging Bag; ODM, OEM","Jewellery and Watch Box, Jewellery Display Material, Jewellery Packaging Material, Jewellery Packaging & Display; OEM/ODM  Jewellery Display & Jewellery Packaging & Jewellery Display Tray & Wooden Box & PU Box & Paper Box & Packaging Bag; ODM, OEM"
Customized  Luxury Watch Display with Rubber C Ring Metal Stand,Customized  Luxury Watch Display with Rubber C Ring Metal Stand,Watch Set Display (For 25pcs watches ); One set display includes :; All details including material/color/size/logo/design can be customized .,Watch Set Display (For 25pcs watches ); One set display includes :; All details including material/color/size/logo/design can be customized .,,,,Firmstock Limited,"Jewellery and Watch Box, Jewellery Display Material, Jewellery Packaging Material, Jewellery Packaging & Display; OEM/ODM  Jewellery Display & Jewellery Packaging & Jewellery Display Tray & Wooden Box & PU Box & Paper Box & Packaging Bag; ODM, OEM","Jewellery and Watch Box, Jewellery Display Material, Jewellery Packaging Material, Jewellery Packaging & Display; OEM/ODM  Jewellery Display & Jewellery Packaging & Jewellery Display Tray & Wooden Box & PU Box & Paper Box & Packaging Bag; ODM, OEM"
Portable Luxury Watch Pouch Customized PU Watch Packaging Watch Holder,Portable Luxury Watch Pouch Customized PU Watch Packaging Watch Holder,"Portable Watch Pouch; Item Number: D-01079; Material: PU Leather / Real Leather; Color : Black / Brown; Size: 75x25x155mm; Outside Made by Leather , with stitching in matching color; Inside with a holder for single watch;; Logo: Logo can be added to the pouch; Packing: each one into a PE bag , suitable into a shipping carton; ALL details including materials & sizes & design & Logo can be customized.; Minimum Order Quantity: 2000pcs; Sample Lead Time : 7~10 days after sample fee received .; Production Lead Time : 30~45 days after deposit received; Quality Guarantee : One year under normal using after production finishing .","Portable Watch Pouch; Item Number: D-01079; Material: PU Leather / Real Leather; Color : Black / Brown; Size: 75x25x155mm; Outside Made by Leather , with stitching in matching color; Inside with a holder for single watch;; Logo: Logo can be added to the pouch; Packing: each one into a PE bag , suitable into a shipping carton; ALL details including materials & sizes & design & Logo can be customized.; Minimum Order Quantity: 2000pcs; Sample Lead Time : 7~10 days after sample fee received .; Production Lead Time : 30~45 days after deposit received; Quality Guarantee : One year under normal using after production finishing .",,,,Firmstock Limited,"Jewellery and Watch Box, Jewellery Display Material, Jewellery Packaging Material, Jewellery Packaging & Display; OEM/ODM  Jewellery Display & Jewellery Packaging & Jewellery Display Tray & Wooden Box & PU Box & Paper Box & Packaging Bag; ODM, OEM","Jewellery and Watch Box, Jewellery Display Material, Jewellery Packaging Material, Jewellery Packaging & Display; OEM/ODM  Jewellery Display & Jewellery Packaging & Jewellery Display Tray & Wooden Box & PU Box & Paper Box & Packaging Bag; ODM, OEM"
Cardboard Watch Box Paper Box with slot for watch customized logo,Cardboard Watch Box Paper Box with slot for watch customized logo,"Watch Box; Item Number:D-01033; Material: Cardboard & Paper & Velvet; Color : Green & Gold; Size: 100x100x75 mm; Outside :2pc packer box,  Wrapped by paper; Inside :laminate black velvet, with slot for watch .; Logo: one logo on the box top  , can be customized; Packing: each one into a sleeve , suitable quantity into a shipping carton .; ALL details including materials & sizes & design & logo can be customized.; Minimum Order Quantity: 1,000pcs; Sample Lead Time :  7~15 days after sample fee received; Production Lead Time : 45~60 days after deposit received; Quality Guarantee : One year under normal using after production finishing .","Watch Box; Item Number:D-01033; Material: Cardboard & Paper & Velvet; Color : Green & Gold; Size: 100x100x75 mm; Outside :2pc packer box,  Wrapped by paper; Inside :laminate black velvet, with slot for watch .; Logo: one logo on the box top  , can be customized; Packing: each one into a sleeve , suitable quantity into a shipping carton .; ALL details including materials & sizes & design & logo can be customized.; Minimum Order Quantity: 1,000pcs; Sample Lead Time :  7~15 days after sample fee received; Production Lead Time : 45~60 days after deposit received; Quality Guarantee : One year under normal using after production finishing .",,,,Firmstock Limited,"Jewellery and Watch Box, Jewellery Display Material, Jewellery Packaging Material, Jewellery Packaging & Display; OEM/ODM  Jewellery Display & Jewellery Packaging & Jewellery Display Tray & Wooden Box & PU Box & Paper Box & Packaging Bag; ODM, OEM","Jewellery and Watch Box, Jewellery Display Material, Jewellery Packaging Material, Jewellery Packaging & Display; OEM/ODM  Jewellery Display & Jewellery Packaging & Jewellery Display Tray & Wooden Box & PU Box & Paper Box & Packaging Bag; ODM, OEM"
Fashionable Deep Blue Paper Watch Box  with customized logo,Fashionable Deep Blue Paper Watch Box  with customized logo,Fashionable Deep Blue Paper Watch Box  with customized logo,Fashionable Deep Blue Paper Watch Box  with customized logo,,,,Firmstock Limited,"Jewellery and Watch Box, Jewellery Display Material, Jewellery Packaging Material, Jewellery Packaging & Display; OEM/ODM  Jewellery Display & Jewellery Packaging & Jewellery Display Tray & Wooden Box & PU Box & Paper Box & Packaging Bag; ODM, OEM","Jewellery and Watch Box, Jewellery Display Material, Jewellery Packaging Material, Jewellery Packaging & Display; OEM/ODM  Jewellery Display & Jewellery Packaging & Jewellery Display Tray & Wooden Box & PU Box & Paper Box & Packaging Bag; ODM, OEM"
Luxury  Wooden Watch Box with metal plate Lacquer Watch Case  with wood veneer for single watch For men women watch,Luxury  Wooden Watch Box with metal plate Lacquer Watch Case  with wood veneer for single watch For men women watch,"Watch Box; Item Number: DN-00588; Material:  MDF / Wood Veneer /velvet; Color : Natural / Cream; Size: 160X160X 4 5+55; Outside : natural color in matte finish ,with a pin lock , 2pcs L shaped hinges; Inside : laminate cream velvet ,with a slot for watch; Logo: logo metal plate; Packing: each one into a gift box, suitable quantity into a shipping carton .; ALL details including materials & sizes & design & logo can be customized.; Minimum Order Quantity: 500 pcs; Sample Lead Time : 15~25 days after sample fee received; Production Lead Time : 60~75 days after deposit received; Quality Guarantee : One year under normal using condition after production finishing .","Watch Box; Item Number: DN-00588; Material:  MDF / Wood Veneer /velvet; Color : Natural / Cream; Size: 160X160X 4 5+55; Outside : natural color in matte finish ,with a pin lock , 2pcs L shaped hinges; Inside : laminate cream velvet ,with a slot for watch; Logo: logo metal plate; Packing: each one into a gift box, suitable quantity into a shipping carton .; ALL details including materials & sizes & design & logo can be customized.; Minimum Order Quantity: 500 pcs; Sample Lead Time : 15~25 days after sample fee received; Production Lead Time : 60~75 days after deposit received; Quality Guarantee : One year under normal using condition after production finishing .",,,,Firmstock Limited,"Jewellery and Watch Box, Jewellery Display Material, Jewellery Packaging Material, Jewellery Packaging & Display; OEM/ODM  Jewellery Display & Jewellery Packaging & Jewellery Display Tray & Wooden Box & PU Box & Paper Box & Packaging Bag; ODM, OEM","Jewellery and Watch Box, Jewellery Display Material, Jewellery Packaging Material, Jewellery Packaging & Display; OEM/ODM  Jewellery Display & Jewellery Packaging & Jewellery Display Tray & Wooden Box & PU Box & Paper Box & Packaging Bag; ODM, OEM"
Luxury Watch Wooden Box in Glossy Finish,Luxury Watch Wooden Box in Glossy Finish,Luxury Watch Wooden Box in Glossy Finish,Luxury Watch Wooden Box in Glossy Finish,,,,Firmstock Limited,"Jewellery and Watch Box, Jewellery Display Material, Jewellery Packaging Material, Jewellery Packaging & Display; OEM/ODM  Jewellery Display & Jewellery Packaging & Jewellery Display Tray & Wooden Box & PU Box & Paper Box & Packaging Bag; ODM, OEM","Jewellery and Watch Box, Jewellery Display Material, Jewellery Packaging Material, Jewellery Packaging & Display; OEM/ODM  Jewellery Display & Jewellery Packaging & Jewellery Display Tray & Wooden Box & PU Box & Paper Box & Packaging Bag; ODM, OEM"
Luxury Watch Display in glossy finish,Luxury Watch Display in glossy finish,Watch Display,Watch Display,,,,Firmstock Limited,"Jewellery and Watch Box, Jewellery Display Material, Jewellery Packaging Material, Jewellery Packaging & Display; OEM/ODM  Jewellery Display & Jewellery Packaging & Jewellery Display Tray & Wooden Box & PU Box & Paper Box & Packaging Bag; ODM, OEM","Jewellery and Watch Box, Jewellery Display Material, Jewellery Packaging Material, Jewellery Packaging & Display; OEM/ODM  Jewellery Display & Jewellery Packaging & Jewellery Display Tray & Wooden Box & PU Box & Paper Box & Packaging Bag; ODM, OEM"
Natural Watch Display Luxury Lacquer Set display for watch customized size,Natural Watch Display Luxury Lacquer Set display for watch customized size,Watch Display; Item Number : DN-00758; Material: MDF / Lacquer /PU; Color :Natural in matte finish& Grey & White; Size : 380x300x320 mm; One set includes:; 1pc back board; 1pc base board; 1pc raising board; 1pc small back board; 2pc bracelet stand in L shape; 3pc watch stand with pillows; 6pc Rubber C Ring For Watch; Logo: silkscreen on the backboard; Packing: each set into a shipping carton .; ALL details including materials & sizes & design & logo can be customized.; Minimum Order Quantity : 100 sets; Sample Lead Time :  15~25days after sample fee received; Production Lead Time : 55~70days after deposit received; Quality Guarantee : One year under normal using after production finishing .,Watch Display; Item Number : DN-00758; Material: MDF / Lacquer /PU; Color :Natural in matte finish& Grey & White; Size : 380x300x320 mm; One set includes:; 1pc back board; 1pc base board; 1pc raising board; 1pc small back board; 2pc bracelet stand in L shape; 3pc watch stand with pillows; 6pc Rubber C Ring For Watch; Logo: silkscreen on the backboard; Packing: each set into a shipping carton .; ALL details including materials & sizes & design & logo can be customized.; Minimum Order Quantity : 100 sets; Sample Lead Time :  15~25days after sample fee received; Production Lead Time : 55~70days after deposit received; Quality Guarantee : One year under normal using after production finishing .,,,,Firmstock Limited,"Jewellery and Watch Box, Jewellery Display Material, Jewellery Packaging Material, Jewellery Packaging & Display; OEM/ODM  Jewellery Display & Jewellery Packaging & Jewellery Display Tray & Wooden Box & PU Box & Paper Box & Packaging Bag; ODM, OEM","Jewellery and Watch Box, Jewellery Display Material, Jewellery Packaging Material, Jewellery Packaging & Display; OEM/ODM  Jewellery Display & Jewellery Packaging & Jewellery Display Tray & Wooden Box & PU Box & Paper Box & Packaging Bag; ODM, OEM"
Luxury PU Watch Box With Hinges Door Open Wooden Watch Display Box for watch namecard,Luxury PU Watch Box With Hinges Door Open Wooden Watch Display Box for watch namecard,"Watch Box; Item Number: D-00869; Material:  MDF / PU Leather; Color : Black; Size: 260x180x35+65; Outside : Wrapped by PU leather , with 4 hinges for opening & closure , box top with a logo metal plate; Inside : laminate PU leather ,with a tray for watch , name card , watch strap.; Logo: Metal logo plate on the box top; Packing: each one into a gift box, suitable quantity into a shipping carton .; ALL details including materials & sizes & design & logo can be customized.; Minimum Order Quantity: 500 pcs; Sample Lead Time : 15~25 days after sample fee received; Production Lead Time : 60~75 days after deposit received; Quality Guarantee : One year under normal using condition after production finishing .","Watch Box; Item Number: D-00869; Material:  MDF / PU Leather; Color : Black; Size: 260x180x35+65; Outside : Wrapped by PU leather , with 4 hinges for opening & closure , box top with a logo metal plate; Inside : laminate PU leather ,with a tray for watch , name card , watch strap.; Logo: Metal logo plate on the box top; Packing: each one into a gift box, suitable quantity into a shipping carton .; ALL details including materials & sizes & design & logo can be customized.; Minimum Order Quantity: 500 pcs; Sample Lead Time : 15~25 days after sample fee received; Production Lead Time : 60~75 days after deposit received; Quality Guarantee : One year under normal using condition after production finishing .",,,,Firmstock Limited,"Jewellery and Watch Box, Jewellery Display Material, Jewellery Packaging Material, Jewellery Packaging & Display; OEM/ODM  Jewellery Display & Jewellery Packaging & Jewellery Display Tray & Wooden Box & PU Box & Paper Box & Packaging Bag; ODM, OEM","Jewellery and Watch Box, Jewellery Display Material, Jewellery Packaging Material, Jewellery Packaging & Display; OEM/ODM  Jewellery Display & Jewellery Packaging & Jewellery Display Tray & Wooden Box & PU Box & Paper Box & Packaging Bag; ODM, OEM"
Luxury PU Watch Box With slot pillow for men watch made by Wood,Luxury PU Watch Box With slot pillow for men watch made by Wood,"Watch Box; Item Number: D-00901; Material:  MDF / PU Leather; Color : Black; Size: 180x150x35+55; Outside : Wrapped by PU leather , with  hinges for opening & closure ,; Inside : laminate PU leather ,with a slot for watch; Logo: logo inside lid; Packing: each one into a gift box, suitable quantity into a shipping carton .; ALL details including materials & sizes & design & logo can be customized.; Minimum Order Quantity: 500 pcs; Sample Lead Time : 15~25 days after sample fee received; Production Lead Time : 60~75 days after deposit received; Quality Guarantee : One year under normal using condition after production finishing .","Watch Box; Item Number: D-00901; Material:  MDF / PU Leather; Color : Black; Size: 180x150x35+55; Outside : Wrapped by PU leather , with  hinges for opening & closure ,; Inside : laminate PU leather ,with a slot for watch; Logo: logo inside lid; Packing: each one into a gift box, suitable quantity into a shipping carton .; ALL details including materials & sizes & design & logo can be customized.; Minimum Order Quantity: 500 pcs; Sample Lead Time : 15~25 days after sample fee received; Production Lead Time : 60~75 days after deposit received; Quality Guarantee : One year under normal using condition after production finishing .",,,,Firmstock Limited,"Jewellery and Watch Box, Jewellery Display Material, Jewellery Packaging Material, Jewellery Packaging & Display; OEM/ODM  Jewellery Display & Jewellery Packaging & Jewellery Display Tray & Wooden Box & PU Box & Paper Box & Packaging Bag; ODM, OEM","Jewellery and Watch Box, Jewellery Display Material, Jewellery Packaging Material, Jewellery Packaging & Display; OEM/ODM  Jewellery Display & Jewellery Packaging & Jewellery Display Tray & Wooden Box & PU Box & Paper Box & Packaging Bag; ODM, OEM"
Luxury Watch Collection Box For 6 watches with key lock to collect watches,Luxury Watch Collection Box For 6 watches with key lock to collect watches,"Watch Box; Item Number: DP-00903; Material: MDF / Wood Veneer /Velvet; Color :Blue; Size: 280 x 205 x 100; Outside : MDF with wood veneer , in glossy finish , with key lock for closure , 2pc hinges in L shape .; Inside : Laminate blue Velvet , 6pcs pillows & one compartment for booklet storage.; Logo: metal sticker on the box top & embossed logo inside; Packing: each one into a gift box, suitable quantity into a shipping carton .; ALL details including materials & sizes & design & logo can be customized.; Minimum Order Quantity: 300pcs; Sample Lead Time : 15~25 days after sample fee received; Production Lead Time : 60~75 days after deposit received; Quality Guarantee : One year under normal using condition after production finishing .","Watch Box; Item Number: DP-00903; Material: MDF / Wood Veneer /Velvet; Color :Blue; Size: 280 x 205 x 100; Outside : MDF with wood veneer , in glossy finish , with key lock for closure , 2pc hinges in L shape .; Inside : Laminate blue Velvet , 6pcs pillows & one compartment for booklet storage.; Logo: metal sticker on the box top & embossed logo inside; Packing: each one into a gift box, suitable quantity into a shipping carton .; ALL details including materials & sizes & design & logo can be customized.; Minimum Order Quantity: 300pcs; Sample Lead Time : 15~25 days after sample fee received; Production Lead Time : 60~75 days after deposit received; Quality Guarantee : One year under normal using condition after production finishing .",,,,Firmstock Limited,"Jewellery and Watch Box, Jewellery Display Material, Jewellery Packaging Material, Jewellery Packaging & Display; OEM/ODM  Jewellery Display & Jewellery Packaging & Jewellery Display Tray & Wooden Box & PU Box & Paper Box & Packaging Bag; ODM, OEM","Jewellery and Watch Box, Jewellery Display Material, Jewellery Packaging Material, Jewellery Packaging & Display; OEM/ODM  Jewellery Display & Jewellery Packaging & Jewellery Display Tray & Wooden Box & PU Box & Paper Box & Packaging Bag; ODM, OEM"
Wooden watch box,Wooden watch box,DN-00921-1   Size 130x130x35+50mm  Material:MDF+wulnut veneer in matt finish,DN-00921-1   Size 130x130x35+50mm  Material:MDF+wulnut veneer in matt finish,,,,Firmstock Limited,"Jewellery and Watch Box, Jewellery Display Material, Jewellery Packaging Material, Jewellery Packaging & Display; OEM/ODM  Jewellery Display & Jewellery Packaging & Jewellery Display Tray & Wooden Box & PU Box & Paper Box & Packaging Bag; ODM, OEM","Jewellery and Watch Box, Jewellery Display Material, Jewellery Packaging Material, Jewellery Packaging & Display; OEM/ODM  Jewellery Display & Jewellery Packaging & Jewellery Display Tray & Wooden Box & PU Box & Paper Box & Packaging Bag; ODM, OEM"
Plastic Watch box wrapped by Paper with special pattern customized logo,Plastic Watch box wrapped by Paper with special pattern customized logo,"Watch Box; Item Number:D-01025; Material: Plastic / Paper / Velvet; Color : White & Black; Size: 120x120x80 mm; Outside : Wrapped by White paper, with special pattern on the box top ,; Inside : laminate black velvet, with pillow for watch packaging; Logo: silkscreen on the box top & inside lid; Packing: each one into a white sleeve  , suitable quantity into a shipping carton .; ALL details including materials & sizes & design & logo can be customized.; Minimum Order Quantity: 1,000 pcs; Sample Lead Time :  7~15 days after sample fee received; Production Lead Time : 45~60 days after deposit received; Quality Guarantee : One year under normal using condition after production finishing .","Watch Box; Item Number:D-01025; Material: Plastic / Paper / Velvet; Color : White & Black; Size: 120x120x80 mm; Outside : Wrapped by White paper, with special pattern on the box top ,; Inside : laminate black velvet, with pillow for watch packaging; Logo: silkscreen on the box top & inside lid; Packing: each one into a white sleeve  , suitable quantity into a shipping carton .; ALL details including materials & sizes & design & logo can be customized.; Minimum Order Quantity: 1,000 pcs; Sample Lead Time :  7~15 days after sample fee received; Production Lead Time : 45~60 days after deposit received; Quality Guarantee : One year under normal using condition after production finishing .",,,,Firmstock Limited,"Jewellery and Watch Box, Jewellery Display Material, Jewellery Packaging Material, Jewellery Packaging & Display; OEM/ODM  Jewellery Display & Jewellery Packaging & Jewellery Display Tray & Wooden Box & PU Box & Paper Box & Packaging Bag; ODM, OEM","Jewellery and Watch Box, Jewellery Display Material, Jewellery Packaging Material, Jewellery Packaging & Display; OEM/ODM  Jewellery Display & Jewellery Packaging & Jewellery Display Tray & Wooden Box & PU Box & Paper Box & Packaging Bag; ODM, OEM"
Luxury Business Wooden Watch Box,Luxury Business Wooden Watch Box,"Watch Box; Item Number : DN-00673; Material : MDF + Lacquer + Velvet + Metal accessory; Color : Wooden color; Size : 160x160x(35+65)mm; Outside :  Stick with wooden paper, painted with matte lacquer; Inside : Lined with velvet; Logo : With one black hot stamp logo inside of the lid; Packing : each one into a gift box , suitable quantity into a shipping carton .; ALL details including materials & sizes & design & logo can be customized.; Minimum Order Quantity : 300pcs; Sample Lead Time : 15~25 days after sample fee received; Production Lead Time : 60~75 days after deposit received; Quality Guarantee : One year under normal using condition after production finishing .","Watch Box; Item Number : DN-00673; Material : MDF + Lacquer + Velvet + Metal accessory; Color : Wooden color; Size : 160x160x(35+65)mm; Outside :  Stick with wooden paper, painted with matte lacquer; Inside : Lined with velvet; Logo : With one black hot stamp logo inside of the lid; Packing : each one into a gift box , suitable quantity into a shipping carton .; ALL details including materials & sizes & design & logo can be customized.; Minimum Order Quantity : 300pcs; Sample Lead Time : 15~25 days after sample fee received; Production Lead Time : 60~75 days after deposit received; Quality Guarantee : One year under normal using condition after production finishing .",,,,Firmstock Limited,"Jewellery and Watch Box, Jewellery Display Material, Jewellery Packaging Material, Jewellery Packaging & Display; OEM/ODM  Jewellery Display & Jewellery Packaging & Jewellery Display Tray & Wooden Box & PU Box & Paper Box & Packaging Bag; ODM, OEM","Jewellery and Watch Box, Jewellery Display Material, Jewellery Packaging Material, Jewellery Packaging & Display; OEM/ODM  Jewellery Display & Jewellery Packaging & Jewellery Display Tray & Wooden Box & PU Box & Paper Box & Packaging Bag; ODM, OEM"
Watch box,Watch box,D-01035-3  size165x77x60  Material:EVA+fabric,D-01035-3  size165x77x60  Material:EVA+fabric,,,,Firmstock Limited,"Jewellery and Watch Box, Jewellery Display Material, Jewellery Packaging Material, Jewellery Packaging & Display; OEM/ODM  Jewellery Display & Jewellery Packaging & Jewellery Display Tray & Wooden Box & PU Box & Paper Box & Packaging Bag; ODM, OEM","Jewellery and Watch Box, Jewellery Display Material, Jewellery Packaging Material, Jewellery Packaging & Display; OEM/ODM  Jewellery Display & Jewellery Packaging & Jewellery Display Tray & Wooden Box & PU Box & Paper Box & Packaging Bag; ODM, OEM"
Iron Watch Box Tin Box for watch with PU Leather customized logo,Iron Watch Box Tin Box for watch with PU Leather customized logo,"Watch Box; Item Number: D-01007; Material: Iron / PU Leather /Velvet; Color : Black / Silver / Orange; Size: 75x105x83 mm; Outside : Iron wrapped by PU leather , with hinges for closure; Inside : laminate grey velvet , with C Ring for single watch; Logo: one logo inside lid .  Can be customized on the box top; Packing: each one into a white sleeve , suitable quantity into a shipping carton .; ALL details including materials & sizes & design & logo can be customized.; Minimum Order Quantity: 1,000 pcs; Sample Lead Time : 7~15 days after sample fee received; Production Lead Time : 45~60 days after deposit received; Quality Guarantee : One year under normal using after production finishing .","Watch Box; Item Number: D-01007; Material: Iron / PU Leather /Velvet; Color : Black / Silver / Orange; Size: 75x105x83 mm; Outside : Iron wrapped by PU leather , with hinges for closure; Inside : laminate grey velvet , with C Ring for single watch; Logo: one logo inside lid .  Can be customized on the box top; Packing: each one into a white sleeve , suitable quantity into a shipping carton .; ALL details including materials & sizes & design & logo can be customized.; Minimum Order Quantity: 1,000 pcs; Sample Lead Time : 7~15 days after sample fee received; Production Lead Time : 45~60 days after deposit received; Quality Guarantee : One year under normal using after production finishing .",,,,Firmstock Limited,"Jewellery and Watch Box, Jewellery Display Material, Jewellery Packaging Material, Jewellery Packaging & Display; OEM/ODM  Jewellery Display & Jewellery Packaging & Jewellery Display Tray & Wooden Box & PU Box & Paper Box & Packaging Bag; ODM, OEM","Jewellery and Watch Box, Jewellery Display Material, Jewellery Packaging Material, Jewellery Packaging & Display; OEM/ODM  Jewellery Display & Jewellery Packaging & Jewellery Display Tray & Wooden Box & PU Box & Paper Box & Packaging Bag; ODM, OEM"
Luxury Men Watch Box With Pillow For watch Black and Gold matching color Customized logo,Luxury Men Watch Box With Pillow For watch Black and Gold matching color Customized logo,"Watch Box; Item Number: D-01018; Material: Cardboard / Paper /Velvet; Color : Black & Gold; Size: 100x100x75 mm; Outside : cardboard wrapped by black paper , with patterns on the box top; Inside : wrapped by golden paper, laminate grey velvet , with pillow for watch; Logo: on logo on front of the box , one logo inside lid .; Packing: each one into a white sleeve , suitable quantity into a shipping carton .; ALL details including materials & sizes & design & logo can be customized.; Minimum Order Quantity: 1,000 pcs; Sample Lead Time : 7~15 days after sample fee received; Production Lead Time : 45~60 days after deposit received; Quality Guarantee : One year under normal using after production finishing .","Watch Box; Item Number: D-01018; Material: Cardboard / Paper /Velvet; Color : Black & Gold; Size: 100x100x75 mm; Outside : cardboard wrapped by black paper , with patterns on the box top; Inside : wrapped by golden paper, laminate grey velvet , with pillow for watch; Logo: on logo on front of the box , one logo inside lid .; Packing: each one into a white sleeve , suitable quantity into a shipping carton .; ALL details including materials & sizes & design & logo can be customized.; Minimum Order Quantity: 1,000 pcs; Sample Lead Time : 7~15 days after sample fee received; Production Lead Time : 45~60 days after deposit received; Quality Guarantee : One year under normal using after production finishing .",,,,Firmstock Limited,"Jewellery and Watch Box, Jewellery Display Material, Jewellery Packaging Material, Jewellery Packaging & Display; OEM/ODM  Jewellery Display & Jewellery Packaging & Jewellery Display Tray & Wooden Box & PU Box & Paper Box & Packaging Bag; ODM, OEM","Jewellery and Watch Box, Jewellery Display Material, Jewellery Packaging Material, Jewellery Packaging & Display; OEM/ODM  Jewellery Display & Jewellery Packaging & Jewellery Display Tray & Wooden Box & PU Box & Paper Box & Packaging Bag; ODM, OEM"
Luxury Watch Display Metal Stand for men watches with photo frame,Luxury Watch Display Metal Stand for men watches with photo frame,"Watch Display; Item Number: DN-00878; Material: MDF / PU /Metal; Color : Black & Cream; Size : 760X340X580; 1pc back board in black matte finish, with photo frame; 1pc base board in black matte finish; 2pc side board in black matte finish; 2pc bracelet stand in L shape; 4pc stand with C Ring , bottom with metal in rose gold; 1pc metal stand for double watches; 1pc metal stand for single watch; 1pc pillow; 8pc Rubber C Ring; 1pc logo metal plate; Logo: sticker in gold color; Packing: each set into a shipping carton .; ALL details including materials & sizes & design & logo can be customized.; Minimum Order Quantity : 100sets; Sample Lead Time :  15~25days after sample fee received; Production Lead Time : 60~70days after deposit received; Quality Guarantee : One year under normal using after production finishing .","Watch Display; Item Number: DN-00878; Material: MDF / PU /Metal; Color : Black & Cream; Size : 760X340X580; 1pc back board in black matte finish, with photo frame; 1pc base board in black matte finish; 2pc side board in black matte finish; 2pc bracelet stand in L shape; 4pc stand with C Ring , bottom with metal in rose gold; 1pc metal stand for double watches; 1pc metal stand for single watch; 1pc pillow; 8pc Rubber C Ring; 1pc logo metal plate; Logo: sticker in gold color; Packing: each set into a shipping carton .; ALL details including materials & sizes & design & logo can be customized.; Minimum Order Quantity : 100sets; Sample Lead Time :  15~25days after sample fee received; Production Lead Time : 60~70days after deposit received; Quality Guarantee : One year under normal using after production finishing .",,,,Firmstock Limited,"Jewellery and Watch Box, Jewellery Display Material, Jewellery Packaging Material, Jewellery Packaging & Display; OEM/ODM  Jewellery Display & Jewellery Packaging & Jewellery Display Tray & Wooden Box & PU Box & Paper Box & Packaging Bag; ODM, OEM","Jewellery and Watch Box, Jewellery Display Material, Jewellery Packaging Material, Jewellery Packaging & Display; OEM/ODM  Jewellery Display & Jewellery Packaging & Jewellery Display Tray & Wooden Box & PU Box & Paper Box & Packaging Bag; ODM, OEM"
925 Sterling Silver Bracelet,925 Sterling Silver Bracelet,925 Sterling Silver Bracelet,925 Sterling Silver Bracelet,,,,Chak Bo Trading Company,"Diamond Jewellery,Gemset Jewellery,South Sea Pearl Jewellery,Tahiti Pearl Jewellery,Akoya Pearl Jewellery,White Gold Jewellery; We specialize in South Sea Pearl, Tahitian Pearl, Akoya Plearl & Fresh Water Pearl. We also supply Pearls Finished Product with 925 Silver, 14K & 18K.We provide a wide range of products and services tailor made for our customers.; OBM, OEM, ODM","Diamond Jewellery,Gemset Jewellery,South Sea Pearl Jewellery,Tahiti Pearl Jewellery,Akoya Pearl Jewellery,White Gold Jewellery; We specialize in South Sea Pearl, Tahitian Pearl, Akoya Plearl & Fresh Water Pearl. We also supply Pearls Finished Product with 925 Silver, 14K & 18K.We provide a wide range of products and services tailor made for our customers.; OBM, OEM, ODM"
Pearl Set,Pearl Set,Pearl Set,Pearl Set,,,,Chak Bo Trading Company,"Diamond Jewellery,Gemset Jewellery,South Sea Pearl Jewellery,Tahiti Pearl Jewellery,Akoya Pearl Jewellery,White Gold Jewellery; We specialize in South Sea Pearl, Tahitian Pearl, Akoya Plearl & Fresh Water Pearl. We also supply Pearls Finished Product with 925 Silver, 14K & 18K.We provide a wide range of products and services tailor made for our customers.; OBM, OEM, ODM","Diamond Jewellery,Gemset Jewellery,South Sea Pearl Jewellery,Tahiti Pearl Jewellery,Akoya Pearl Jewellery,White Gold Jewellery; We specialize in South Sea Pearl, Tahitian Pearl, Akoya Plearl & Fresh Water Pearl. We also supply Pearls Finished Product with 925 Silver, 14K & 18K.We provide a wide range of products and services tailor made for our customers.; OBM, OEM, ODM"
Fresh Water Pearl Necklace,Fresh Water Pearl Necklace,Fresh Water Pearl Necklace,Fresh Water Pearl Necklace,,,,Chak Bo Trading Company,"Diamond Jewellery,Gemset Jewellery,South Sea Pearl Jewellery,Tahiti Pearl Jewellery,Akoya Pearl Jewellery,White Gold Jewellery; We specialize in South Sea Pearl, Tahitian Pearl, Akoya Plearl & Fresh Water Pearl. We also supply Pearls Finished Product with 925 Silver, 14K & 18K.We provide a wide range of products and services tailor made for our customers.; OBM, OEM, ODM","Diamond Jewellery,Gemset Jewellery,South Sea Pearl Jewellery,Tahiti Pearl Jewellery,Akoya Pearl Jewellery,White Gold Jewellery; We specialize in South Sea Pearl, Tahitian Pearl, Akoya Plearl & Fresh Water Pearl. We also supply Pearls Finished Product with 925 Silver, 14K & 18K.We provide a wide range of products and services tailor made for our customers.; OBM, OEM, ODM"
Sterling Silver Bracelet,Sterling Silver Bracelet,Sterling Silver Bracelet,Sterling Silver Bracelet,,,,Chak Bo Trading Company,"Diamond Jewellery,Gemset Jewellery,South Sea Pearl Jewellery,Tahiti Pearl Jewellery,Akoya Pearl Jewellery,White Gold Jewellery; We specialize in South Sea Pearl, Tahitian Pearl, Akoya Plearl & Fresh Water Pearl. We also supply Pearls Finished Product with 925 Silver, 14K & 18K.We provide a wide range of products and services tailor made for our customers.; OBM, OEM, ODM","Diamond Jewellery,Gemset Jewellery,South Sea Pearl Jewellery,Tahiti Pearl Jewellery,Akoya Pearl Jewellery,White Gold Jewellery; We specialize in South Sea Pearl, Tahitian Pearl, Akoya Plearl & Fresh Water Pearl. We also supply Pearls Finished Product with 925 Silver, 14K & 18K.We provide a wide range of products and services tailor made for our customers.; OBM, OEM, ODM"
Silver Bracelet,Silver Bracelet,Silver Bracelet,Silver Bracelet,,,,Chak Bo Trading Company,"Diamond Jewellery,Gemset Jewellery,South Sea Pearl Jewellery,Tahiti Pearl Jewellery,Akoya Pearl Jewellery,White Gold Jewellery; We specialize in South Sea Pearl, Tahitian Pearl, Akoya Plearl & Fresh Water Pearl. We also supply Pearls Finished Product with 925 Silver, 14K & 18K.We provide a wide range of products and services tailor made for our customers.; OBM, OEM, ODM","Diamond Jewellery,Gemset Jewellery,South Sea Pearl Jewellery,Tahiti Pearl Jewellery,Akoya Pearl Jewellery,White Gold Jewellery; We specialize in South Sea Pearl, Tahitian Pearl, Akoya Plearl & Fresh Water Pearl. We also supply Pearls Finished Product with 925 Silver, 14K & 18K.We provide a wide range of products and services tailor made for our customers.; OBM, OEM, ODM"
925 Sterling Silver Pendant,925 Sterling Silver Pendant,925 Sterling Silver Pendant,925 Sterling Silver Pendant,,,,Chak Bo Trading Company,"Diamond Jewellery,Gemset Jewellery,South Sea Pearl Jewellery,Tahiti Pearl Jewellery,Akoya Pearl Jewellery,White Gold Jewellery; We specialize in South Sea Pearl, Tahitian Pearl, Akoya Plearl & Fresh Water Pearl. We also supply Pearls Finished Product with 925 Silver, 14K & 18K.We provide a wide range of products and services tailor made for our customers.; OBM, OEM, ODM","Diamond Jewellery,Gemset Jewellery,South Sea Pearl Jewellery,Tahiti Pearl Jewellery,Akoya Pearl Jewellery,White Gold Jewellery; We specialize in South Sea Pearl, Tahitian Pearl, Akoya Plearl & Fresh Water Pearl. We also supply Pearls Finished Product with 925 Silver, 14K & 18K.We provide a wide range of products and services tailor made for our customers.; OBM, OEM, ODM"
Pearl Necklace,Pearl Necklace,Pearl Necklace,Pearl Necklace,,,,Chak Bo Trading Company,"Diamond Jewellery,Gemset Jewellery,South Sea Pearl Jewellery,Tahiti Pearl Jewellery,Akoya Pearl Jewellery,White Gold Jewellery; We specialize in South Sea Pearl, Tahitian Pearl, Akoya Plearl & Fresh Water Pearl. We also supply Pearls Finished Product with 925 Silver, 14K & 18K.We provide a wide range of products and services tailor made for our customers.; OBM, OEM, ODM","Diamond Jewellery,Gemset Jewellery,South Sea Pearl Jewellery,Tahiti Pearl Jewellery,Akoya Pearl Jewellery,White Gold Jewellery; We specialize in South Sea Pearl, Tahitian Pearl, Akoya Plearl & Fresh Water Pearl. We also supply Pearls Finished Product with 925 Silver, 14K & 18K.We provide a wide range of products and services tailor made for our customers.; OBM, OEM, ODM"
Freshwater Pearl Necklace,Freshwater Pearl Necklace,Freshwater Pearl Necklace,Freshwater Pearl Necklace,,,,Chak Bo Trading Company,"Diamond Jewellery,Gemset Jewellery,South Sea Pearl Jewellery,Tahiti Pearl Jewellery,Akoya Pearl Jewellery,White Gold Jewellery; We specialize in South Sea Pearl, Tahitian Pearl, Akoya Plearl & Fresh Water Pearl. We also supply Pearls Finished Product with 925 Silver, 14K & 18K.We provide a wide range of products and services tailor made for our customers.; OBM, OEM, ODM","Diamond Jewellery,Gemset Jewellery,South Sea Pearl Jewellery,Tahiti Pearl Jewellery,Akoya Pearl Jewellery,White Gold Jewellery; We specialize in South Sea Pearl, Tahitian Pearl, Akoya Plearl & Fresh Water Pearl. We also supply Pearls Finished Product with 925 Silver, 14K & 18K.We provide a wide range of products and services tailor made for our customers.; OBM, OEM, ODM"
Sterling Silver Earring,Sterling Silver Earring,Sterling Silver Earring,Sterling Silver Earring,,,,Chak Bo Trading Company,"Diamond Jewellery,Gemset Jewellery,South Sea Pearl Jewellery,Tahiti Pearl Jewellery,Akoya Pearl Jewellery,White Gold Jewellery; We specialize in South Sea Pearl, Tahitian Pearl, Akoya Plearl & Fresh Water Pearl. We also supply Pearls Finished Product with 925 Silver, 14K & 18K.We provide a wide range of products and services tailor made for our customers.; OBM, OEM, ODM","Diamond Jewellery,Gemset Jewellery,South Sea Pearl Jewellery,Tahiti Pearl Jewellery,Akoya Pearl Jewellery,White Gold Jewellery; We specialize in South Sea Pearl, Tahitian Pearl, Akoya Plearl & Fresh Water Pearl. We also supply Pearls Finished Product with 925 Silver, 14K & 18K.We provide a wide range of products and services tailor made for our customers.; OBM, OEM, ODM"
925 Sterling Silver Ring,925 Sterling Silver Ring,925 Sterling Silver Ring,925 Sterling Silver Ring,,,,Chak Bo Trading Company,"Diamond Jewellery,Gemset Jewellery,South Sea Pearl Jewellery,Tahiti Pearl Jewellery,Akoya Pearl Jewellery,White Gold Jewellery; We specialize in South Sea Pearl, Tahitian Pearl, Akoya Plearl & Fresh Water Pearl. We also supply Pearls Finished Product with 925 Silver, 14K & 18K.We provide a wide range of products and services tailor made for our customers.; OBM, OEM, ODM","Diamond Jewellery,Gemset Jewellery,South Sea Pearl Jewellery,Tahiti Pearl Jewellery,Akoya Pearl Jewellery,White Gold Jewellery; We specialize in South Sea Pearl, Tahitian Pearl, Akoya Plearl & Fresh Water Pearl. We also supply Pearls Finished Product with 925 Silver, 14K & 18K.We provide a wide range of products and services tailor made for our customers.; OBM, OEM, ODM"
Pearl Earring,Pearl Earring,Pearl Earring,Pearl Earring,,,,Chak Bo Trading Company,"Diamond Jewellery,Gemset Jewellery,South Sea Pearl Jewellery,Tahiti Pearl Jewellery,Akoya Pearl Jewellery,White Gold Jewellery; We specialize in South Sea Pearl, Tahitian Pearl, Akoya Plearl & Fresh Water Pearl. We also supply Pearls Finished Product with 925 Silver, 14K & 18K.We provide a wide range of products and services tailor made for our customers.; OBM, OEM, ODM","Diamond Jewellery,Gemset Jewellery,South Sea Pearl Jewellery,Tahiti Pearl Jewellery,Akoya Pearl Jewellery,White Gold Jewellery; We specialize in South Sea Pearl, Tahitian Pearl, Akoya Plearl & Fresh Water Pearl. We also supply Pearls Finished Product with 925 Silver, 14K & 18K.We provide a wide range of products and services tailor made for our customers.; OBM, OEM, ODM"
Sterling Silver Pearl Earring,Sterling Silver Pearl Earring,Sterling Silver Pearl Earring,Sterling Silver Pearl Earring,,,,Chak Bo Trading Company,"Diamond Jewellery,Gemset Jewellery,South Sea Pearl Jewellery,Tahiti Pearl Jewellery,Akoya Pearl Jewellery,White Gold Jewellery; We specialize in South Sea Pearl, Tahitian Pearl, Akoya Plearl & Fresh Water Pearl. We also supply Pearls Finished Product with 925 Silver, 14K & 18K.We provide a wide range of products and services tailor made for our customers.; OBM, OEM, ODM","Diamond Jewellery,Gemset Jewellery,South Sea Pearl Jewellery,Tahiti Pearl Jewellery,Akoya Pearl Jewellery,White Gold Jewellery; We specialize in South Sea Pearl, Tahitian Pearl, Akoya Plearl & Fresh Water Pearl. We also supply Pearls Finished Product with 925 Silver, 14K & 18K.We provide a wide range of products and services tailor made for our customers.; OBM, OEM, ODM"
Natural stone necklace earrings,Natural stone necklace earrings,"❤GEMSTONE VERTICAL BAR NECKLACE FOR WOMEN - Dainty vertical bar necklace filled with delicate tumbled small turquoise, blue sodalite, malachite, snowflake obsidian, purple imperial jasper, picture jasper, mookaite jasper and phosphosiderite stone chips. Every stone used in the necklace is natural and freely crushed, which makes the necklace to be absolutely unique and like no other. The simple bar necklace featuring eye-catching and bright stone color, sure to stand out in a crowd.; ❤MATERIAL & SIZE - The bar necklace is made of Semi-precious Gemstone and durable jewelry grade Stainless Steel, high polished and shiny on both sides, oxidation resistant, never get tarnished or change color. Hypoallergenic, nickel-free and lead-free, no irritation for sensitive skin. The chain is adjustable, with total length of 16"" + 2"" extender, suitable for women and girls.; ❤HEALING CRYSTAL JEWELRY GIFT - Our gemstone bar pendant comes from deep of the earth, full of natural energy. Wearing this spiritual healing crystal necklace will help to give purification to the body, healing your soul and mind, protect you from negative energy, and make you feel calm and relaxed and keep your mind clear.; ❤EXQUISITE PACKAGING - The minimalist necklace is beautifully packaged and ready for any gift giving occasion. Perfect gemstone jewelry gifts for women, girls, wife, girlfriend, grandma, mom, daughter, sisters and best friends on Birthday, Valentine's Day, Mothers Day, Anniversary, Christmas, Thanksgiving, Graduation, Friendship.","❤GEMSTONE VERTICAL BAR NECKLACE FOR WOMEN - Dainty vertical bar necklace filled with delicate tumbled small turquoise, blue sodalite, malachite, snowflake obsidian, purple imperial jasper, picture jasper, mookaite jasper and phosphosiderite stone chips. Every stone used in the necklace is natural and freely crushed, which makes the necklace to be absolutely unique and like no other. The simple bar necklace featuring eye-catching and bright stone color, sure to stand out in a crowd.; ❤MATERIAL & SIZE - The bar necklace is made of Semi-precious Gemstone and durable jewelry grade Stainless Steel, high polished and shiny on both sides, oxidation resistant, never get tarnished or change color. Hypoallergenic, nickel-free and lead-free, no irritation for sensitive skin. The chain is adjustable, with total length of 16"" + 2"" extender, suitable for women and girls.; ❤HEALING CRYSTAL JEWELRY GIFT - Our gemstone bar pendant comes from deep of the earth, full of natural energy. Wearing this spiritual healing crystal necklace will help to give purification to the body, healing your soul and mind, protect you from negative energy, and make you feel calm and relaxed and keep your mind clear.; ❤EXQUISITE PACKAGING - The minimalist necklace is beautifully packaged and ready for any gift giving occasion. Perfect gemstone jewelry gifts for women, girls, wife, girlfriend, grandma, mom, daughter, sisters and best friends on Birthday, Valentine's Day, Mothers Day, Anniversary, Christmas, Thanksgiving, Graduation, Friendship.",,,https://sourcing-media.hktdc.com/product-original/Natural-20stone-20necklace-20earrings/bfae0a67480d4aa6bef60a5bfc099dd4; https://sourcing-media.hktdc.com/product-original/Natural-20stone-20necklace-20earrings/5161f9f98f3848ffa37b66e8670b2f86; https://sourcing-media.hktdc.com/product-original/Natural-20stone-20necklace-20earrings/9ea1d73acf3249e8a97946ba195dd068; https://sourcing-media.hktdc.com/product-original/Natural-20stone-20necklace-20earrings/e19de08d2d114b1d843729ea22eb73e4; https://sourcing-media.hktdc.com/product-original/Natural-20stone-20necklace-20earrings/0d21358edc09482faeecc62c25d311d3; https://sourcing-media.hktdc.com/product-original/Natural-20stone-20necklace-20earrings/cd9cd77ea89149f78c7ed321da0651ca; https://sourcing-media.hktdc.com/product-original/Natural-20stone-20necklace-20earrings/2099d6ecf069403bbb00cb88c7eb7e09,"Lauren-Spencer, Limited","Men's Jewellery,Semi-Precious Stone Jewellery,Stainless Steel Jewellery; Stainless steel jewelry, Mens jewelry gifts, Kids and Teenager jewelry gifts; Holiday item and specialty themed jewelry gifts.; ODM, OEM","Men's Jewellery,Semi-Precious Stone Jewellery,Stainless Steel Jewellery; Stainless steel jewelry, Mens jewelry gifts, Kids and Teenager jewelry gifts; Holiday item and specialty themed jewelry gifts.; ODM, OEM"
Sea Style Jewelry Abalone Shell Ocean Wave Hoop Earrings,Sea Style Jewelry Abalone Shell Ocean Wave Hoop Earrings,Sea Style Jewelry Abalone Shell Ocean Wave Hoop Earrings,Sea Style Jewelry Abalone Shell Ocean Wave Hoop Earrings,,,https://sourcing-media.hktdc.com/product-original/Sea-20Style-20Jewelry-20Abalone-20Shell-20Ocean-20Wave-20Hoop-20Earrings/63094352f0fd46248b661708c8174fe5; https://sourcing-media.hktdc.com/product-original/Sea-20Style-20Jewelry-20Abalone-20Shell-20Ocean-20Wave-20Hoop-20Earrings/98cfeac0596148259bc92436768ac73c,"Lauren-Spencer, Limited","Men's Jewellery,Semi-Precious Stone Jewellery,Stainless Steel Jewellery; Stainless steel jewelry, Mens jewelry gifts, Kids and Teenager jewelry gifts; Holiday item and specialty themed jewelry gifts.; ODM, OEM","Men's Jewellery,Semi-Precious Stone Jewellery,Stainless Steel Jewellery; Stainless steel jewelry, Mens jewelry gifts, Kids and Teenager jewelry gifts; Holiday item and specialty themed jewelry gifts.; ODM, OEM"
Palm Tree Wrap Bracelets,Palm Tree Wrap Bracelets,Palm Tree Wrap Bracelets,Palm Tree Wrap Bracelets,,,https://sourcing-media.hktdc.com/product-original/Palm-20Tree-20Wrap-20Bracelets/e7559a81fcce4b7f94dd559e150696db; https://sourcing-media.hktdc.com/product-original/Palm-20Tree-20Wrap-20Bracelets/87972d8bc2954007b2dad564709411cd; https://sourcing-media.hktdc.com/product-original/Palm-20Tree-20Wrap-20Bracelets/dc6f30c60a3d4e3da21f89e3c7336947; https://sourcing-media.hktdc.com/product-original/Palm-20Tree-20Wrap-20Bracelets/aade4c493fe74264826f9bdfbf8b9c6b,"Lauren-Spencer, Limited","Men's Jewellery,Semi-Precious Stone Jewellery,Stainless Steel Jewellery; Stainless steel jewelry, Mens jewelry gifts, Kids and Teenager jewelry gifts; Holiday item and specialty themed jewelry gifts.; ODM, OEM","Men's Jewellery,Semi-Precious Stone Jewellery,Stainless Steel Jewellery; Stainless steel jewelry, Mens jewelry gifts, Kids and Teenager jewelry gifts; Holiday item and specialty themed jewelry gifts.; ODM, OEM"
Animal Earrings,Animal Earrings,"[Charming Hogg Earrings]: Gold plated coin Hogg earrings, textured snakes and crystals, super exquisite earrings, elegant style combined with the latest fashion trends, they are perfect daily earrings that can be worn alone or stacked with other earrings to achieve a powerful appearance.; [Minimalist Jewelry]: Small earrings provide a minimalist and stylish style for your clothing. The unique design of the pendant charm, with a thick and fashionable modern style. Perfect for those who like exquisite jewelry but want a bit of talent.; [Material and Size]: The medal necklace is made of jewelry grade stainless steel, gold plated, lead free, nickel free, and hypoallergenic. Suitable for sensitive skin and won't make your skin turn green. Necklace length: 16 ""+2"", Pendant size: 0.62 "", with extended chain. This length is suitable for almost anyone!; [Perfect Gift]: These charming Huggie earrings are perfect gifts. Whether it's birthdays, holidays, special occasions, weddings, parties, or because jewelry is always the perfect gift. They are a great birthday gift, Mother's Day gift, Valentine's Day gift, and even a whim gift to remind you to love them!","[Charming Hogg Earrings]: Gold plated coin Hogg earrings, textured snakes and crystals, super exquisite earrings, elegant style combined with the latest fashion trends, they are perfect daily earrings that can be worn alone or stacked with other earrings to achieve a powerful appearance.; [Minimalist Jewelry]: Small earrings provide a minimalist and stylish style for your clothing. The unique design of the pendant charm, with a thick and fashionable modern style. Perfect for those who like exquisite jewelry but want a bit of talent.; [Material and Size]: The medal necklace is made of jewelry grade stainless steel, gold plated, lead free, nickel free, and hypoallergenic. Suitable for sensitive skin and won't make your skin turn green. Necklace length: 16 ""+2"", Pendant size: 0.62 "", with extended chain. This length is suitable for almost anyone!; [Perfect Gift]: These charming Huggie earrings are perfect gifts. Whether it's birthdays, holidays, special occasions, weddings, parties, or because jewelry is always the perfect gift. They are a great birthday gift, Mother's Day gift, Valentine's Day gift, and even a whim gift to remind you to love them!",,,https://sourcing-media.hktdc.com/product-original/Animal-20Earrings/dec05f51f819417fb8f779c331938da6; https://sourcing-media.hktdc.com/product-original/Animal-20Earrings/ac7689c21163432bb27b851a6e688181; https://sourcing-media.hktdc.com/product-original/Animal-20Earrings/9aef9ce7c54247b89b42fc4dce321319; https://sourcing-media.hktdc.com/product-original/Animal-20Earrings/630d4b93ccfe4ac9948bdb9f3a8b079b; https://sourcing-media.hktdc.com/product-original/Animal-20Earrings/506e5f67b2fb4c59a3138f37f48e355f; https://sourcing-media.hktdc.com/product-original/Animal-20Earrings/d45008d1113d41e48bfa8a5c16a6cef1; https://sourcing-media.hktdc.com/product-original/Animal-20Earrings/4d346f8e4ef64333a247e297026eb13b; https://sourcing-media.hktdc.com/product-original/Animal-20Earrings/68452a157cb3474fb78fa30bcc39a6f1; https://sourcing-media.hktdc.com/product-original/Animal-20Earrings/992d0d84a0b347c78a998655dc0b2dcd,"Lauren-Spencer, Limited","Men's Jewellery,Semi-Precious Stone Jewellery,Stainless Steel Jewellery; Stainless steel jewelry, Mens jewelry gifts, Kids and Teenager jewelry gifts; Holiday item and specialty themed jewelry gifts.; ODM, OEM","Men's Jewellery,Semi-Precious Stone Jewellery,Stainless Steel Jewellery; Stainless steel jewelry, Mens jewelry gifts, Kids and Teenager jewelry gifts; Holiday item and specialty themed jewelry gifts.; ODM, OEM"
Gemstone Necklace,Gemstone Necklace,Gemstone Necklace,Gemstone Necklace,,,https://sourcing-media.hktdc.com/product-original/Gemstone-20Necklace/8678c079fac042e7b1beda93db6ddce9; https://sourcing-media.hktdc.com/product-original/Gemstone-20Necklace/0c0661198db344e5a8d4a0483c7210ae; https://sourcing-media.hktdc.com/product-original/Gemstone-20Necklace/427e94b8123e4eef93bbbe9dd81f33e3; https://sourcing-media.hktdc.com/product-original/Gemstone-20Necklace/c45534c8772f4d028f97e5dfd407bcf2; https://sourcing-media.hktdc.com/product-original/Gemstone-20Necklace/5e701b5c613d46f3b4e90f4848543812; https://sourcing-media.hktdc.com/product-original/Gemstone-20Necklace/5db102a1642448d2bcc31fcc3058d399,"Lauren-Spencer, Limited","Men's Jewellery,Semi-Precious Stone Jewellery,Stainless Steel Jewellery; Stainless steel jewelry, Mens jewelry gifts, Kids and Teenager jewelry gifts; Holiday item and specialty themed jewelry gifts.; ODM, OEM","Men's Jewellery,Semi-Precious Stone Jewellery,Stainless Steel Jewellery; Stainless steel jewelry, Mens jewelry gifts, Kids and Teenager jewelry gifts; Holiday item and specialty themed jewelry gifts.; ODM, OEM"
Gem Earrings,Gem Earrings,Gem Earrings,Gem Earrings,,,https://sourcing-media.hktdc.com/product-original/Gem-20Earrings/4de9f2bf617a4293b5b7eb23ba6d2c1d; https://sourcing-media.hktdc.com/product-original/Gem-20Earrings/5aca5b7f0b2a4990a3cb569877b18fd0; https://sourcing-media.hktdc.com/product-original/Gem-20Earrings/85753097f5e648b794904cb3deb43328; https://sourcing-media.hktdc.com/product-original/Gem-20Earrings/697da373e8514991bba07cfc8498e06f; https://sourcing-media.hktdc.com/product-original/Gem-20Earrings/fb1e19a8dc714bddb38b8d525e5d297d; https://sourcing-media.hktdc.com/product-original/Gem-20Earrings/23680b0c3fb0429e95e0c53dd91e851c,"Lauren-Spencer, Limited","Men's Jewellery,Semi-Precious Stone Jewellery,Stainless Steel Jewellery; Stainless steel jewelry, Mens jewelry gifts, Kids and Teenager jewelry gifts; Holiday item and specialty themed jewelry gifts.; ODM, OEM","Men's Jewellery,Semi-Precious Stone Jewellery,Stainless Steel Jewellery; Stainless steel jewelry, Mens jewelry gifts, Kids and Teenager jewelry gifts; Holiday item and specialty themed jewelry gifts.; ODM, OEM"
Christmas Jewelry Colorful Oil Drip Christmas Tree Snowman Bell Brooch,Christmas Jewelry Colorful Oil Drip Christmas Tree Snowman Bell Brooch,Christmas Jewelry Colorful Oil Drip Christmas Tree Snowman Bell Brooch,Christmas Jewelry Colorful Oil Drip Christmas Tree Snowman Bell Brooch,,,https://sourcing-media.hktdc.com/product-original/Christmas-20Jewelry-20Colorful-20Oil-20Drip-20Christmas-20Tree-20Snowman-20Bell-20Brooch/1bb40c4d8381414ab974e1bc6d48cf23; https://sourcing-media.hktdc.com/product-original/Christmas-20Jewelry-20Colorful-20Oil-20Drip-20Christmas-20Tree-20Snowman-20Bell-20Brooch/9b7aa577bbd64b62aa5e38a0a4ea0f7d,"Lauren-Spencer, Limited","Men's Jewellery,Semi-Precious Stone Jewellery,Stainless Steel Jewellery; Stainless steel jewelry, Mens jewelry gifts, Kids and Teenager jewelry gifts; Holiday item and specialty themed jewelry gifts.; ODM, OEM","Men's Jewellery,Semi-Precious Stone Jewellery,Stainless Steel Jewellery; Stainless steel jewelry, Mens jewelry gifts, Kids and Teenager jewelry gifts; Holiday item and specialty themed jewelry gifts.; ODM, OEM"
Stainless Steel Natural Crushed Gemstone Howlite Turquoise Mountain Necklace,Stainless Steel Natural Crushed Gemstone Howlite Turquoise Mountain Necklace,Stainless Steel Natural Crushed Gemstone Howlite Turquoise Mountain Necklace,Stainless Steel Natural Crushed Gemstone Howlite Turquoise Mountain Necklace,,,https://sourcing-media.hktdc.com/product-original/Stainless-20Steel-20Natural-20Crushed-20Gemstone-20Howlite-20Turquoise-20Mountain-20Necklace/cb0480bbb8844710843bb3facb6abfd5,"Lauren-Spencer, Limited","Men's Jewellery,Semi-Precious Stone Jewellery,Stainless Steel Jewellery; Stainless steel jewelry, Mens jewelry gifts, Kids and Teenager jewelry gifts; Holiday item and specialty themed jewelry gifts.; ODM, OEM","Men's Jewellery,Semi-Precious Stone Jewellery,Stainless Steel Jewellery; Stainless steel jewelry, Mens jewelry gifts, Kids and Teenager jewelry gifts; Holiday item and specialty themed jewelry gifts.; ODM, OEM"
Copper earrings,Copper earrings,18k Gold Plated Brass Women's Jewelry Long Cuban Chain Earrings,18k Gold Plated Brass Women's Jewelry Long Cuban Chain Earrings,,,https://sourcing-media.hktdc.com/product-original/Copper-20earrings/882e51e904f74fd381ed39c77cbb6dec; https://sourcing-media.hktdc.com/product-original/Copper-20earrings/07ac9dc1d3b34a9aa1bbc006cb3a2b28; https://sourcing-media.hktdc.com/product-original/Copper-20earrings/ebe83657222646ca9388044705b663aa; https://sourcing-media.hktdc.com/product-original/Copper-20earrings/6e72fb55725841568940dbd2475e5c13; https://sourcing-media.hktdc.com/product-original/Copper-20earrings/c8051e877e8340ffb8adff36e84e1fad; https://sourcing-media.hktdc.com/product-original/Copper-20earrings/4c49ceea46654e64a0e39f9a315e1a10,"Lauren-Spencer, Limited","Men's Jewellery,Semi-Precious Stone Jewellery,Stainless Steel Jewellery; Stainless steel jewelry, Mens jewelry gifts, Kids and Teenager jewelry gifts; Holiday item and specialty themed jewelry gifts.; ODM, OEM","Men's Jewellery,Semi-Precious Stone Jewellery,Stainless Steel Jewellery; Stainless steel jewelry, Mens jewelry gifts, Kids and Teenager jewelry gifts; Holiday item and specialty themed jewelry gifts.; ODM, OEM"
Glorious Light Necklace,Glorious Light Necklace,"Sometimes life is just hard, but hard does not mean impossible. There will be times when you will break, but it does not mean you are broken. Find your inner strength and let it light the fire in you. Remember that you do not need a giant flame to set a fire — all you need is a tiny spark. One spark of strength to lighten up the darkest of moments. Never underestimate your strength, you are stronger than you think.","Sometimes life is just hard, but hard does not mean impossible. There will be times when you will break, but it does not mean you are broken. Find your inner strength and let it light the fire in you. Remember that you do not need a giant flame to set a fire — all you need is a tiny spark. One spark of strength to lighten up the darkest of moments. Never underestimate your strength, you are stronger than you think.",,,https://sourcing-media.hktdc.com/product-original/Glorious-20Light-20Necklace/9306b403ba5c48c3a50483b5816fcbb9,"Lauren-Spencer, Limited","Men's Jewellery,Semi-Precious Stone Jewellery,Stainless Steel Jewellery; Stainless steel jewelry, Mens jewelry gifts, Kids and Teenager jewelry gifts; Holiday item and specialty themed jewelry gifts.; ODM, OEM","Men's Jewellery,Semi-Precious Stone Jewellery,Stainless Steel Jewellery; Stainless steel jewelry, Mens jewelry gifts, Kids and Teenager jewelry gifts; Holiday item and specialty themed jewelry gifts.; ODM, OEM"
Stainless Steel Surfboard Necklaces Black Leather Surf Pendant Necklaces For Men,Stainless Steel Surfboard Necklaces Black Leather Surf Pendant Necklaces For Men,Stainless Steel Surfboard Necklaces Black Leather Surf Pendant Necklaces For Men,Stainless Steel Surfboard Necklaces Black Leather Surf Pendant Necklaces For Men,,,https://sourcing-media.hktdc.com/product-original/Stainless-20Steel-20Surfboard-20Necklaces-20Black-20Leather-20Surf-20Pendant-20Necklaces-20For-20Men/5f9b1fad7cd1483eb17ad731ffa801e4; https://sourcing-media.hktdc.com/product-original/Stainless-20Steel-20Surfboard-20Necklaces-20Black-20Leather-20Surf-20Pendant-20Necklaces-20For-20Men/5d4c102afdb34d219e129cda5d933ba6,"Lauren-Spencer, Limited","Men's Jewellery,Semi-Precious Stone Jewellery,Stainless Steel Jewellery; Stainless steel jewelry, Mens jewelry gifts, Kids and Teenager jewelry gifts; Holiday item and specialty themed jewelry gifts.; ODM, OEM","Men's Jewellery,Semi-Precious Stone Jewellery,Stainless Steel Jewellery; Stainless steel jewelry, Mens jewelry gifts, Kids and Teenager jewelry gifts; Holiday item and specialty themed jewelry gifts.; ODM, OEM"
Stainless steel hoop earring,Stainless steel hoop earring,"High quality material: The ring earrings are made of 316L stainless steel, with a highly polished surface, lead-free, cadmium free, anti allergic, and not easily corroded, rusted, or dirty by water. Safer, healthier, and skin safe.; Multiple options: Multiple sizes and customizable support, all ring earrings are silver and gold, fashionable and durable. These sizes are perfect for everyday wear. You can choose to wear single or multiple pairs together.; Classic design: Flexible buckle, lightweight Hoop earrings, super easy to wear and remove. They can also be used as nose rings, spiral eardrums, cartilage earrings, etc... Classic, fashionable and exquisite ring earring set, simple but not tacky, small and cute, sparkling.; Perfect Gift: Women's ring earrings are a great choice for daily attire or holiday gifts, including Mother's Day gifts, anniversary gifts, wedding gifts, birthday gifts, Christmas gifts, Valentine's Day gifts, and graduation gifts. Treat or reward oneself for sisters, mothers, grandmothers, daughters, wives, girlfriends, aunts, female friends.","High quality material: The ring earrings are made of 316L stainless steel, with a highly polished surface, lead-free, cadmium free, anti allergic, and not easily corroded, rusted, or dirty by water. Safer, healthier, and skin safe.; Multiple options: Multiple sizes and customizable support, all ring earrings are silver and gold, fashionable and durable. These sizes are perfect for everyday wear. You can choose to wear single or multiple pairs together.; Classic design: Flexible buckle, lightweight Hoop earrings, super easy to wear and remove. They can also be used as nose rings, spiral eardrums, cartilage earrings, etc... Classic, fashionable and exquisite ring earring set, simple but not tacky, small and cute, sparkling.; Perfect Gift: Women's ring earrings are a great choice for daily attire or holiday gifts, including Mother's Day gifts, anniversary gifts, wedding gifts, birthday gifts, Christmas gifts, Valentine's Day gifts, and graduation gifts. Treat or reward oneself for sisters, mothers, grandmothers, daughters, wives, girlfriends, aunts, female friends.",,,https://sourcing-media.hktdc.com/product-original/Stainless-20steel-20hoop-20earring/da2bc4c4e76c49ab9d3ae6573dd425f9; https://sourcing-media.hktdc.com/product-original/Stainless-20steel-20hoop-20earring/5c84af1b86ab4550bbccf4d9e8041cac; https://sourcing-media.hktdc.com/product-original/Stainless-20steel-20hoop-20earring/48340977aa924644ba11000147770f96; https://sourcing-media.hktdc.com/product-original/Stainless-20steel-20hoop-20earring/04e04972c06c4702839898605ff63a33; https://sourcing-media.hktdc.com/product-original/Stainless-20steel-20hoop-20earring/b2d0c2e9b19e462d99e6b5c22502854e; https://sourcing-media.hktdc.com/product-original/Stainless-20steel-20hoop-20earring/5e3a2aba04bd4a8e88f505711b575bb8,"Lauren-Spencer, Limited","Men's Jewellery,Semi-Precious Stone Jewellery,Stainless Steel Jewellery; Stainless steel jewelry, Mens jewelry gifts, Kids and Teenager jewelry gifts; Holiday item and specialty themed jewelry gifts.; ODM, OEM","Men's Jewellery,Semi-Precious Stone Jewellery,Stainless Steel Jewellery; Stainless steel jewelry, Mens jewelry gifts, Kids and Teenager jewelry gifts; Holiday item and specialty themed jewelry gifts.; ODM, OEM"
Brass Turquoise Cuff Bracelet,Brass Turquoise Cuff Bracelet,Brass Turquoise Cuff Bracelet,Brass Turquoise Cuff Bracelet,,,https://sourcing-media.hktdc.com/product-original/Brass-20Turquoise-20Cuff-20Bracelet/d4266e70c786401b9d72b6513fd09aac; https://sourcing-media.hktdc.com/product-original/Brass-20Turquoise-20Cuff-20Bracelet/da2dcb901ef24aa38a1441b17bf51ef8; https://sourcing-media.hktdc.com/product-original/Brass-20Turquoise-20Cuff-20Bracelet/3726dc652b434fb5bf9ab07601f6d800; https://sourcing-media.hktdc.com/product-original/Brass-20Turquoise-20Cuff-20Bracelet/e22ace1f81724b1582cbe9b286f7e291; https://sourcing-media.hktdc.com/product-original/Brass-20Turquoise-20Cuff-20Bracelet/95ec828dc092442cb23b17a779cce929,"Lauren-Spencer, Limited","Men's Jewellery,Semi-Precious Stone Jewellery,Stainless Steel Jewellery; Stainless steel jewelry, Mens jewelry gifts, Kids and Teenager jewelry gifts; Holiday item and specialty themed jewelry gifts.; ODM, OEM","Men's Jewellery,Semi-Precious Stone Jewellery,Stainless Steel Jewellery; Stainless steel jewelry, Mens jewelry gifts, Kids and Teenager jewelry gifts; Holiday item and specialty themed jewelry gifts.; ODM, OEM"
Genuine Stones Power Stone Fragment Stainless Steel Square Stud Earrings,Genuine Stones Power Stone Fragment Stainless Steel Square Stud Earrings,"Empowerment is an inner power that comes from a peaceful place. When you are empowered, you're fueled with personal power, unencumbered by fear, and have the confidence to make your own decisions. And empowerment stones are here to help you access it.","Empowerment is an inner power that comes from a peaceful place. When you are empowered, you're fueled with personal power, unencumbered by fear, and have the confidence to make your own decisions. And empowerment stones are here to help you access it.",,,https://sourcing-media.hktdc.com/product-original/Genuine-20Stones-20Power-20Stone-20Fragment-20Stainless-20Steel-20Square-20Stud-20Earrings/f643c273a2724a86b3a9f03c1328d658,"Lauren-Spencer, Limited","Men's Jewellery,Semi-Precious Stone Jewellery,Stainless Steel Jewellery; Stainless steel jewelry, Mens jewelry gifts, Kids and Teenager jewelry gifts; Holiday item and specialty themed jewelry gifts.; ODM, OEM","Men's Jewellery,Semi-Precious Stone Jewellery,Stainless Steel Jewellery; Stainless steel jewelry, Mens jewelry gifts, Kids and Teenager jewelry gifts; Holiday item and specialty themed jewelry gifts.; ODM, OEM"
Mother of pearl letter necklace,Mother of pearl letter necklace,Mother of pearl letter necklace,Mother of pearl letter necklace,,,https://sourcing-media.hktdc.com/product-original/Mother-20of-20pearl-20letter-20necklace/bd7d5d2ca3b9479685d43ee2dca27372; https://sourcing-media.hktdc.com/product-original/Mother-20of-20pearl-20letter-20necklace/82e76979c5144dbba85a986c9744a085; https://sourcing-media.hktdc.com/product-original/Mother-20of-20pearl-20letter-20necklace/9a8e63c36d7846ef94ec9120d35711d8; https://sourcing-media.hktdc.com/product-original/Mother-20of-20pearl-20letter-20necklace/69b6e42ffe52478a9e127fdd859953ea; https://sourcing-media.hktdc.com/product-original/Mother-20of-20pearl-20letter-20necklace/ae8c1fbea0634e10ada123907db10492,"Lauren-Spencer, Limited","Men's Jewellery,Semi-Precious Stone Jewellery,Stainless Steel Jewellery; Stainless steel jewelry, Mens jewelry gifts, Kids and Teenager jewelry gifts; Holiday item and specialty themed jewelry gifts.; ODM, OEM","Men's Jewellery,Semi-Precious Stone Jewellery,Stainless Steel Jewellery; Stainless steel jewelry, Mens jewelry gifts, Kids and Teenager jewelry gifts; Holiday item and specialty themed jewelry gifts.; ODM, OEM"
Ocean Series Jewelry Abalone Shell Sea Turtle Adjustable Anklet Bracelet,Ocean Series Jewelry Abalone Shell Sea Turtle Adjustable Anklet Bracelet,"💖Women 's Ankle Bracelets 💖Our Sea Turtle Ankle Bracelets for Women are designed in Abalone Shells,which Bright color and clear texture.Our story cards are designed ,printed and made in USA,wood display is hand made by American carpenters.Our company's handicrafts,Own creativity, Own design,Unique existence.; 💖Sea Turtle Gifts for Women 💖Turtles are a symbol of happiness and auspiciousness,a unique present for her, best friends,teen girls, sisters, daughter, mother, granddaughter, as a surprise gift for that special one in your life to let her know you care about her.; 💖Suitable Occasions 💖This fashion Women's jewelry - Starfish Bracelet is suitable for any occasions.Especially for Mother's day, Christmas, Thanksgiving Day, Valentine’s day, wedding,Party, graduation, birthday,daily wear, gift etc,or just give it to yourself as a daily wear.; 💖Material and Size💖 The chain made of alloy,Good for sensitive skin,Hypo Allergenic.And the dolphin be made in Abalone Shells,It belongs to the category of semi precious stones.","💖Women 's Ankle Bracelets 💖Our Sea Turtle Ankle Bracelets for Women are designed in Abalone Shells,which Bright color and clear texture.Our story cards are designed ,printed and made in USA,wood display is hand made by American carpenters.Our company's handicrafts,Own creativity, Own design,Unique existence.; 💖Sea Turtle Gifts for Women 💖Turtles are a symbol of happiness and auspiciousness,a unique present for her, best friends,teen girls, sisters, daughter, mother, granddaughter, as a surprise gift for that special one in your life to let her know you care about her.; 💖Suitable Occasions 💖This fashion Women's jewelry - Starfish Bracelet is suitable for any occasions.Especially for Mother's day, Christmas, Thanksgiving Day, Valentine’s day, wedding,Party, graduation, birthday,daily wear, gift etc,or just give it to yourself as a daily wear.; 💖Material and Size💖 The chain made of alloy,Good for sensitive skin,Hypo Allergenic.And the dolphin be made in Abalone Shells,It belongs to the category of semi precious stones.",,,https://sourcing-media.hktdc.com/product-original/Ocean-20Series-20Jewelry-20Abalone-20Shell-20Sea-20Turtle-20Adjustable-20Anklet-20Bracelet/643ccdafee9a4a12bb4f55ac8775caa1,"Lauren-Spencer, Limited","Men's Jewellery,Semi-Precious Stone Jewellery,Stainless Steel Jewellery; Stainless steel jewelry, Mens jewelry gifts, Kids and Teenager jewelry gifts; Holiday item and specialty themed jewelry gifts.; ODM, OEM","Men's Jewellery,Semi-Precious Stone Jewellery,Stainless Steel Jewellery; Stainless steel jewelry, Mens jewelry gifts, Kids and Teenager jewelry gifts; Holiday item and specialty themed jewelry gifts.; ODM, OEM"
Custom copper bracelet,Custom copper bracelet,"❤INSPIRATIONAL CHARM BRACELET- round disc charm bangle bracelet, each coin is engraved with one meaningful word, and designed in antique rose gold, gold and silver colors, great inspirational gifts for mom, wife, girlfriend, sisters. daughter, grandma, friends etc. Perfect gift for anniversary, birthday, Mother's Day, Valentine's Day, Christmas Day to express your love.; ❤QUALITY MATERIAL - This bracelet is made of hypoallergenic brass, plated with real rose gold, 925 sterling silver and bronze, 100% nickel-free and allergy safety which is friendly for sensitive skin and allergy-prone skin. The bracelet surface is brushed, not easy to fade, and the smooth edge will not scratch your skin.; ❤PERFECT SIZE & ADJUSTABLE - The bangle measures 6.7cm/2.63inch in diameter. This bracelet can is expandable, you can easily adjust the bracelet to fit in your wrist. Squeeze the 2 ends and wear it on your wrist. Each disc charm measures 1cm/0.39inch.; ❤EXQUITE PACAGING - All our bracelets are beautifully packaged and ready for any gift giving occcasion. The package comes with a lovely card that records the design concept of this jewelery, making it more special.","❤INSPIRATIONAL CHARM BRACELET- round disc charm bangle bracelet, each coin is engraved with one meaningful word, and designed in antique rose gold, gold and silver colors, great inspirational gifts for mom, wife, girlfriend, sisters. daughter, grandma, friends etc. Perfect gift for anniversary, birthday, Mother's Day, Valentine's Day, Christmas Day to express your love.; ❤QUALITY MATERIAL - This bracelet is made of hypoallergenic brass, plated with real rose gold, 925 sterling silver and bronze, 100% nickel-free and allergy safety which is friendly for sensitive skin and allergy-prone skin. The bracelet surface is brushed, not easy to fade, and the smooth edge will not scratch your skin.; ❤PERFECT SIZE & ADJUSTABLE - The bangle measures 6.7cm/2.63inch in diameter. This bracelet can is expandable, you can easily adjust the bracelet to fit in your wrist. Squeeze the 2 ends and wear it on your wrist. Each disc charm measures 1cm/0.39inch.; ❤EXQUITE PACAGING - All our bracelets are beautifully packaged and ready for any gift giving occcasion. The package comes with a lovely card that records the design concept of this jewelery, making it more special.",,,https://sourcing-media.hktdc.com/product-original/Custom-20copper-20bracelet/0c786106ade841cb9b3d600e5a503546; https://sourcing-media.hktdc.com/product-original/Custom-20copper-20bracelet/d7388001ec3749918e94f03bf3ffd224; https://sourcing-media.hktdc.com/product-original/Custom-20copper-20bracelet/39469fa1b99f4edcbfd253edce8fb3eb; https://sourcing-media.hktdc.com/product-original/Custom-20copper-20bracelet/19ef6b4b7b0c4cc1abf8f7b653e2c066; https://sourcing-media.hktdc.com/product-original/Custom-20copper-20bracelet/478e80d84bd84122855db235b67021eb; https://sourcing-media.hktdc.com/product-original/Custom-20copper-20bracelet/af399a7c72fd454b8509ec2d22d57668,"Lauren-Spencer, Limited","Men's Jewellery,Semi-Precious Stone Jewellery,Stainless Steel Jewellery; Stainless steel jewelry, Mens jewelry gifts, Kids and Teenager jewelry gifts; Holiday item and specialty themed jewelry gifts.; ODM, OEM","Men's Jewellery,Semi-Precious Stone Jewellery,Stainless Steel Jewellery; Stainless steel jewelry, Mens jewelry gifts, Kids and Teenager jewelry gifts; Holiday item and specialty themed jewelry gifts.; ODM, OEM"
Navigation series necklace,Navigation series necklace,Navigation series necklace,Navigation series necklace,,,https://sourcing-media.hktdc.com/product-original/Navigation-20series-20necklace/d27ccb646bbb46ab95fa8c8332e65ba3; https://sourcing-media.hktdc.com/product-original/Navigation-20series-20necklace/d2db7f8687984a7fa2cdf63b42e4367d; https://sourcing-media.hktdc.com/product-original/Navigation-20series-20necklace/4e5113fb555548a2857482bb0722faa9; https://sourcing-media.hktdc.com/product-original/Navigation-20series-20necklace/e492656c14dd4c8fa2effe1267eb553e; https://sourcing-media.hktdc.com/product-original/Navigation-20series-20necklace/8805a621c7dd4f43a3ca5845e98d8307; https://sourcing-media.hktdc.com/product-original/Navigation-20series-20necklace/e3dd248531a0481d8303e666129c38a1; https://sourcing-media.hktdc.com/product-original/Navigation-20series-20necklace/ba7c6c3921df487cb476bf694ebe35c7,"Lauren-Spencer, Limited","Men's Jewellery,Semi-Precious Stone Jewellery,Stainless Steel Jewellery; Stainless steel jewelry, Mens jewelry gifts, Kids and Teenager jewelry gifts; Holiday item and specialty themed jewelry gifts.; ODM, OEM","Men's Jewellery,Semi-Precious Stone Jewellery,Stainless Steel Jewellery; Stainless steel jewelry, Mens jewelry gifts, Kids and Teenager jewelry gifts; Holiday item and specialty themed jewelry gifts.; ODM, OEM"
Couples Keychain Necklace Set,Couples Keychain Necklace Set,"❤COUPLES NECKLACE & KEYCHAIN SET - Lobster matching necklace and keychain couple set, cute lobster shaped pendant necklace and lobster cutout keychain engraved with the warm words ""You're my lobster"" or ""Lobsters for life"". The pendant and the keychain only can match perfectly when both are together, which symbolizes both of them are a part of each other.; ❤YOU'RE MY LOBSTER JEWELRY GIFTS - Everyone knows that lobsters mate for life. What a great way to tell someone how much you love her/him. Perfect you're my lobster couples jewelry gifts for boyfriend and girlfriend, husband and wife, him and her, or best friends. Great for an anniversary gift, birthday gift, Valentines day gift, wedding gift, Christmas gift.; ❤MATERIAL & SIZE - The couple necklace and keychain are made of jewelry grade 316L Stainless Steel, high polished and shiny on both sides, oxidation resistant, never get tarnished or change color, hypoallergenic, nickel-free and lead-free, no irritation for sensitive skin. The chain is adjustable for desired length, with total length of 16"" + 2"" extender.; ❤EXQUISITE PACKAGING - Our couples jewelry are beautifully packaged and ready for any gift giving occasion. The package comes with a nice gift box and bag. Meaningful couple gifts for boyfriend, girlfriend, him or her, husband, wife, or best friends etc.","❤COUPLES NECKLACE & KEYCHAIN SET - Lobster matching necklace and keychain couple set, cute lobster shaped pendant necklace and lobster cutout keychain engraved with the warm words ""You're my lobster"" or ""Lobsters for life"". The pendant and the keychain only can match perfectly when both are together, which symbolizes both of them are a part of each other.; ❤YOU'RE MY LOBSTER JEWELRY GIFTS - Everyone knows that lobsters mate for life. What a great way to tell someone how much you love her/him. Perfect you're my lobster couples jewelry gifts for boyfriend and girlfriend, husband and wife, him and her, or best friends. Great for an anniversary gift, birthday gift, Valentines day gift, wedding gift, Christmas gift.; ❤MATERIAL & SIZE - The couple necklace and keychain are made of jewelry grade 316L Stainless Steel, high polished and shiny on both sides, oxidation resistant, never get tarnished or change color, hypoallergenic, nickel-free and lead-free, no irritation for sensitive skin. The chain is adjustable for desired length, with total length of 16"" + 2"" extender.; ❤EXQUISITE PACKAGING - Our couples jewelry are beautifully packaged and ready for any gift giving occasion. The package comes with a nice gift box and bag. Meaningful couple gifts for boyfriend, girlfriend, him or her, husband, wife, or best friends etc.",,,https://sourcing-media.hktdc.com/product-original/Couples-20Keychain-20Necklace-20Set/62c67eba90e440ce86d70deaaf9983a1,"Lauren-Spencer, Limited","Men's Jewellery,Semi-Precious Stone Jewellery,Stainless Steel Jewellery; Stainless steel jewelry, Mens jewelry gifts, Kids and Teenager jewelry gifts; Holiday item and specialty themed jewelry gifts.; ODM, OEM","Men's Jewellery,Semi-Precious Stone Jewellery,Stainless Steel Jewellery; Stainless steel jewelry, Mens jewelry gifts, Kids and Teenager jewelry gifts; Holiday item and specialty themed jewelry gifts.; ODM, OEM"
Custom Bar Necklace,Custom Bar Necklace,Custom Bar Necklace,Custom Bar Necklace,,,https://sourcing-media.hktdc.com/product-original/Custom-20Bar-20Necklace/71a06125eefa41cc91a47ab3a1f8dc4b; https://sourcing-media.hktdc.com/product-original/Custom-20Bar-20Necklace/c21bc52b309f4111b2190c6c028c3116,"Lauren-Spencer, Limited","Men's Jewellery,Semi-Precious Stone Jewellery,Stainless Steel Jewellery; Stainless steel jewelry, Mens jewelry gifts, Kids and Teenager jewelry gifts; Holiday item and specialty themed jewelry gifts.; ODM, OEM","Men's Jewellery,Semi-Precious Stone Jewellery,Stainless Steel Jewellery; Stainless steel jewelry, Mens jewelry gifts, Kids and Teenager jewelry gifts; Holiday item and specialty themed jewelry gifts.; ODM, OEM"
Stainless steel Expansion Bangle 12mm,Stainless steel Expansion Bangle 12mm,Stainless steel Expansion Bangle 12mm,Stainless steel Expansion Bangle 12mm,,,,Charmy (Asia) Ltd,"Men's Jewellery,Diamond Jewellery,Semi-Precious Stone Jewellery,Sterling Silver Jewellery,Coin Jewellery,Titanium Jewellery,Stainless Steel Jewellery; Silver Jewelry, Stainless Steel & Titanium Jewelry; OEM, ODM, OBM","Men's Jewellery,Diamond Jewellery,Semi-Precious Stone Jewellery,Sterling Silver Jewellery,Coin Jewellery,Titanium Jewellery,Stainless Steel Jewellery; Silver Jewelry, Stainless Steel & Titanium Jewelry; OEM, ODM, OBM"
Stanless Steel Octagon Necklace,Stanless Steel Octagon Necklace,-Excellent quality.; -For all ages; -Excellent gift; -Easy to match; -25 Pcs White Stone,-Excellent quality.; -For all ages; -Excellent gift; -Easy to match; -25 Pcs White Stone,,,,Charmy (Asia) Ltd,"Men's Jewellery,Diamond Jewellery,Semi-Precious Stone Jewellery,Sterling Silver Jewellery,Coin Jewellery,Titanium Jewellery,Stainless Steel Jewellery; Silver Jewelry, Stainless Steel & Titanium Jewelry; OEM, ODM, OBM","Men's Jewellery,Diamond Jewellery,Semi-Precious Stone Jewellery,Sterling Silver Jewellery,Coin Jewellery,Titanium Jewellery,Stainless Steel Jewellery; Silver Jewelry, Stainless Steel & Titanium Jewelry; OEM, ODM, OBM"
Stainless Steel Expansion Bangle,Stainless Steel Expansion Bangle,Stainless Steel Expansion Bangle,Stainless Steel Expansion Bangle,,,,Charmy (Asia) Ltd,"Men's Jewellery,Diamond Jewellery,Semi-Precious Stone Jewellery,Sterling Silver Jewellery,Coin Jewellery,Titanium Jewellery,Stainless Steel Jewellery; Silver Jewelry, Stainless Steel & Titanium Jewelry; OEM, ODM, OBM","Men's Jewellery,Diamond Jewellery,Semi-Precious Stone Jewellery,Sterling Silver Jewellery,Coin Jewellery,Titanium Jewellery,Stainless Steel Jewellery; Silver Jewelry, Stainless Steel & Titanium Jewelry; OEM, ODM, OBM"
Stainless Steel Bracelet with Leather Parts,Stainless Steel Bracelet with Leather Parts,-Meterial:Stainless Steel and Leather; -Modern look and feel; -Great gift idea; -Simple but special; -Special Buckle Design,-Meterial:Stainless Steel and Leather; -Modern look and feel; -Great gift idea; -Simple but special; -Special Buckle Design,,,,Charmy (Asia) Ltd,"Men's Jewellery,Diamond Jewellery,Semi-Precious Stone Jewellery,Sterling Silver Jewellery,Coin Jewellery,Titanium Jewellery,Stainless Steel Jewellery; Silver Jewelry, Stainless Steel & Titanium Jewelry; OEM, ODM, OBM","Men's Jewellery,Diamond Jewellery,Semi-Precious Stone Jewellery,Sterling Silver Jewellery,Coin Jewellery,Titanium Jewellery,Stainless Steel Jewellery; Silver Jewelry, Stainless Steel & Titanium Jewelry; OEM, ODM, OBM"
Stainless Steel Ring with Colour stones,Stainless Steel Ring with Colour stones,Stainless Steel Ring with Colour stones,Stainless Steel Ring with Colour stones,,,,Charmy (Asia) Ltd,"Men's Jewellery,Diamond Jewellery,Semi-Precious Stone Jewellery,Sterling Silver Jewellery,Coin Jewellery,Titanium Jewellery,Stainless Steel Jewellery; Silver Jewelry, Stainless Steel & Titanium Jewelry; OEM, ODM, OBM","Men's Jewellery,Diamond Jewellery,Semi-Precious Stone Jewellery,Sterling Silver Jewellery,Coin Jewellery,Titanium Jewellery,Stainless Steel Jewellery; Silver Jewelry, Stainless Steel & Titanium Jewelry; OEM, ODM, OBM"
Stainless steel Expansion Bangle 8mm,Stainless steel Expansion Bangle 8mm,Stainless steel Expansion Bangle 8mm,Stainless steel Expansion Bangle 8mm,,,,Charmy (Asia) Ltd,"Men's Jewellery,Diamond Jewellery,Semi-Precious Stone Jewellery,Sterling Silver Jewellery,Coin Jewellery,Titanium Jewellery,Stainless Steel Jewellery; Silver Jewelry, Stainless Steel & Titanium Jewelry; OEM, ODM, OBM","Men's Jewellery,Diamond Jewellery,Semi-Precious Stone Jewellery,Sterling Silver Jewellery,Coin Jewellery,Titanium Jewellery,Stainless Steel Jewellery; Silver Jewelry, Stainless Steel & Titanium Jewelry; OEM, ODM, OBM"
Stainless steel Expansion Bangle 9mm,Stainless steel Expansion Bangle 9mm,Stainless steel Expansion Bangle 9mm,Stainless steel Expansion Bangle 9mm,,,,Charmy (Asia) Ltd,"Men's Jewellery,Diamond Jewellery,Semi-Precious Stone Jewellery,Sterling Silver Jewellery,Coin Jewellery,Titanium Jewellery,Stainless Steel Jewellery; Silver Jewelry, Stainless Steel & Titanium Jewelry; OEM, ODM, OBM","Men's Jewellery,Diamond Jewellery,Semi-Precious Stone Jewellery,Sterling Silver Jewellery,Coin Jewellery,Titanium Jewellery,Stainless Steel Jewellery; Silver Jewelry, Stainless Steel & Titanium Jewelry; OEM, ODM, OBM"
Ceramics Ring with Silver and stone,Ceramics Ring with Silver and stone,Ceramics Ring with Silver and stone,Ceramics Ring with Silver and stone,,,,Charmy (Asia) Ltd,"Men's Jewellery,Diamond Jewellery,Semi-Precious Stone Jewellery,Sterling Silver Jewellery,Coin Jewellery,Titanium Jewellery,Stainless Steel Jewellery; Silver Jewelry, Stainless Steel & Titanium Jewelry; OEM, ODM, OBM","Men's Jewellery,Diamond Jewellery,Semi-Precious Stone Jewellery,Sterling Silver Jewellery,Coin Jewellery,Titanium Jewellery,Stainless Steel Jewellery; Silver Jewelry, Stainless Steel & Titanium Jewelry; OEM, ODM, OBM"
Stainless Steel Octagon Earring,Stainless Steel Octagon Earring,-Material :Stainless Steel; -Excellent quality; -Great gift idea; -For all ages; -13 Pcs White Stone,-Material :Stainless Steel; -Excellent quality; -Great gift idea; -For all ages; -13 Pcs White Stone,,,,Charmy (Asia) Ltd,"Men's Jewellery,Diamond Jewellery,Semi-Precious Stone Jewellery,Sterling Silver Jewellery,Coin Jewellery,Titanium Jewellery,Stainless Steel Jewellery; Silver Jewelry, Stainless Steel & Titanium Jewelry; OEM, ODM, OBM","Men's Jewellery,Diamond Jewellery,Semi-Precious Stone Jewellery,Sterling Silver Jewellery,Coin Jewellery,Titanium Jewellery,Stainless Steel Jewellery; Silver Jewelry, Stainless Steel & Titanium Jewelry; OEM, ODM, OBM"
Stainless steel Expansion Bangle 11mm,Stainless steel Expansion Bangle 11mm,Stainless steel Expansion Bangle 11mm,Stainless steel Expansion Bangle 11mm,,,,Charmy (Asia) Ltd,"Men's Jewellery,Diamond Jewellery,Semi-Precious Stone Jewellery,Sterling Silver Jewellery,Coin Jewellery,Titanium Jewellery,Stainless Steel Jewellery; Silver Jewelry, Stainless Steel & Titanium Jewelry; OEM, ODM, OBM","Men's Jewellery,Diamond Jewellery,Semi-Precious Stone Jewellery,Sterling Silver Jewellery,Coin Jewellery,Titanium Jewellery,Stainless Steel Jewellery; Silver Jewelry, Stainless Steel & Titanium Jewelry; OEM, ODM, OBM"
Stainless Steel Rope Chain Necklace with Bayonet Clasp,Stainless Steel Rope Chain Necklace with Bayonet Clasp,Stainless Steel Rope Chain Necklace with Bayonet Clasp; Length: 42cm/48cm/50cm/60cm/70cm/80cm/90cm; Size: 2mm/4mm,Stainless Steel Rope Chain Necklace with Bayonet Clasp; Length: 42cm/48cm/50cm/60cm/70cm/80cm/90cm; Size: 2mm/4mm,,,,Charmy (Asia) Ltd,"Men's Jewellery,Diamond Jewellery,Semi-Precious Stone Jewellery,Sterling Silver Jewellery,Coin Jewellery,Titanium Jewellery,Stainless Steel Jewellery; Silver Jewelry, Stainless Steel & Titanium Jewelry; OEM, ODM, OBM","Men's Jewellery,Diamond Jewellery,Semi-Precious Stone Jewellery,Sterling Silver Jewellery,Coin Jewellery,Titanium Jewellery,Stainless Steel Jewellery; Silver Jewelry, Stainless Steel & Titanium Jewelry; OEM, ODM, OBM"
Titanium Creoles Hoop Earring,Titanium Creoles Hoop Earring,-Material :Titanium; -Excellent quality; -Great gift idea; -For all ages,-Material :Titanium; -Excellent quality; -Great gift idea; -For all ages,,,,Charmy (Asia) Ltd,"Men's Jewellery,Diamond Jewellery,Semi-Precious Stone Jewellery,Sterling Silver Jewellery,Coin Jewellery,Titanium Jewellery,Stainless Steel Jewellery; Silver Jewelry, Stainless Steel & Titanium Jewelry; OEM, ODM, OBM","Men's Jewellery,Diamond Jewellery,Semi-Precious Stone Jewellery,Sterling Silver Jewellery,Coin Jewellery,Titanium Jewellery,Stainless Steel Jewellery; Silver Jewelry, Stainless Steel & Titanium Jewelry; OEM, ODM, OBM"
Stainless steel Expansion Bangle 6mm,Stainless steel Expansion Bangle 6mm,Stainless steel Expansion Bangle 6mm,Stainless steel Expansion Bangle 6mm,,,,Charmy (Asia) Ltd,"Men's Jewellery,Diamond Jewellery,Semi-Precious Stone Jewellery,Sterling Silver Jewellery,Coin Jewellery,Titanium Jewellery,Stainless Steel Jewellery; Silver Jewelry, Stainless Steel & Titanium Jewelry; OEM, ODM, OBM","Men's Jewellery,Diamond Jewellery,Semi-Precious Stone Jewellery,Sterling Silver Jewellery,Coin Jewellery,Titanium Jewellery,Stainless Steel Jewellery; Silver Jewelry, Stainless Steel & Titanium Jewelry; OEM, ODM, OBM"
Titanium Ring with Stone,Titanium Ring with Stone,-Titanium Ring  with stone; -with IP Plating Gold Color or Rose Gold Color; -Excellent gift; -Ring design suitable for girl and women,-Titanium Ring  with stone; -with IP Plating Gold Color or Rose Gold Color; -Excellent gift; -Ring design suitable for girl and women,,,,Charmy (Asia) Ltd,"Men's Jewellery,Diamond Jewellery,Semi-Precious Stone Jewellery,Sterling Silver Jewellery,Coin Jewellery,Titanium Jewellery,Stainless Steel Jewellery; Silver Jewelry, Stainless Steel & Titanium Jewelry; OEM, ODM, OBM","Men's Jewellery,Diamond Jewellery,Semi-Precious Stone Jewellery,Sterling Silver Jewellery,Coin Jewellery,Titanium Jewellery,Stainless Steel Jewellery; Silver Jewelry, Stainless Steel & Titanium Jewelry; OEM, ODM, OBM"
Stainless Steel Earrings with stone,Stainless Steel Earrings with stone,-Stainless Steel Earrings with stone; -Stud Earrings; -For gift; -Excellent quality,-Stainless Steel Earrings with stone; -Stud Earrings; -For gift; -Excellent quality,,,,Charmy (Asia) Ltd,"Men's Jewellery,Diamond Jewellery,Semi-Precious Stone Jewellery,Sterling Silver Jewellery,Coin Jewellery,Titanium Jewellery,Stainless Steel Jewellery; Silver Jewelry, Stainless Steel & Titanium Jewelry; OEM, ODM, OBM","Men's Jewellery,Diamond Jewellery,Semi-Precious Stone Jewellery,Sterling Silver Jewellery,Coin Jewellery,Titanium Jewellery,Stainless Steel Jewellery; Silver Jewelry, Stainless Steel & Titanium Jewelry; OEM, ODM, OBM"
Stainless Steel Ring with Stone,Stainless Steel Ring with Stone,-Stainless Steel Ring with stone; -with IP Plating Gold Color or Rose Gold Color; -Excellent gift; -Ring design suitable for girl and women,-Stainless Steel Ring with stone; -with IP Plating Gold Color or Rose Gold Color; -Excellent gift; -Ring design suitable for girl and women,,,,Charmy (Asia) Ltd,"Men's Jewellery,Diamond Jewellery,Semi-Precious Stone Jewellery,Sterling Silver Jewellery,Coin Jewellery,Titanium Jewellery,Stainless Steel Jewellery; Silver Jewelry, Stainless Steel & Titanium Jewelry; OEM, ODM, OBM","Men's Jewellery,Diamond Jewellery,Semi-Precious Stone Jewellery,Sterling Silver Jewellery,Coin Jewellery,Titanium Jewellery,Stainless Steel Jewellery; Silver Jewelry, Stainless Steel & Titanium Jewelry; OEM, ODM, OBM"
Luxury High Glosy Watch box,Luxury High Glosy Watch box,Luxury High Glosy Watch box for single watch.,Luxury High Glosy Watch box for single watch.,,,,Hong Fung Products Limited,"Jewellery and Watch Box,Jewellery Display Material,Jewellery Packaging Material,Jewellery Packaging & Display; watch, jewelry, gift packaging solution; ODM, OEM","Jewellery and Watch Box,Jewellery Display Material,Jewellery Packaging Material,Jewellery Packaging & Display; watch, jewelry, gift packaging solution; ODM, OEM"
Watch straps oraganizer,Watch straps oraganizer,Pu leather watch strap display case,Pu leather watch strap display case,,,,Hong Fung Products Limited,"Jewellery and Watch Box,Jewellery Display Material,Jewellery Packaging Material,Jewellery Packaging & Display; watch, jewelry, gift packaging solution; ODM, OEM","Jewellery and Watch Box,Jewellery Display Material,Jewellery Packaging Material,Jewellery Packaging & Display; watch, jewelry, gift packaging solution; ODM, OEM"
Traveling watch pouch,Traveling watch pouch,watch pouch for travaling,watch pouch for travaling,,,,Hong Fung Products Limited,"Jewellery and Watch Box,Jewellery Display Material,Jewellery Packaging Material,Jewellery Packaging & Display; watch, jewelry, gift packaging solution; ODM, OEM","Jewellery and Watch Box,Jewellery Display Material,Jewellery Packaging Material,Jewellery Packaging & Display; watch, jewelry, gift packaging solution; ODM, OEM"
Glosy Watch and jewelry box,Glosy Watch and jewelry box,Luxury High Glosy Watch box for jewelry,Luxury High Glosy Watch box for jewelry,,,,Hong Fung Products Limited,"Jewellery and Watch Box,Jewellery Display Material,Jewellery Packaging Material,Jewellery Packaging & Display; watch, jewelry, gift packaging solution; ODM, OEM","Jewellery and Watch Box,Jewellery Display Material,Jewellery Packaging Material,Jewellery Packaging & Display; watch, jewelry, gift packaging solution; ODM, OEM"
Tie Clip,Tie Clip,Tie Clip,Tie Clip,,,,Natalia Marketing (Far-East) Co Ltd,"Semi-Precious Stone Jewellery,Sterling Silver Jewellery,Stainless Steel Jewellery; Natalia Marketing (Far-East) Co. Ltd. with over 25 years of experience in manufacturing men's jewelry. we specialize in producing cufflinks and tie clips made from stainless steel and brass.; OEM","Semi-Precious Stone Jewellery,Sterling Silver Jewellery,Stainless Steel Jewellery; Natalia Marketing (Far-East) Co. Ltd. with over 25 years of experience in manufacturing men's jewelry. we specialize in producing cufflinks and tie clips made from stainless steel and brass.; OEM"
Cufflink,Cufflink,Cufflink,Cufflink,,,,Natalia Marketing (Far-East) Co Ltd,"Semi-Precious Stone Jewellery,Sterling Silver Jewellery,Stainless Steel Jewellery; Natalia Marketing (Far-East) Co. Ltd. with over 25 years of experience in manufacturing men's jewelry. we specialize in producing cufflinks and tie clips made from stainless steel and brass.; OEM","Semi-Precious Stone Jewellery,Sterling Silver Jewellery,Stainless Steel Jewellery; Natalia Marketing (Far-East) Co. Ltd. with over 25 years of experience in manufacturing men's jewelry. we specialize in producing cufflinks and tie clips made from stainless steel and brass.; OEM"
Cufflinks,Cufflinks,Cufflinks,Cufflinks,,,,Natalia Marketing (Far-East) Co Ltd,"Semi-Precious Stone Jewellery,Sterling Silver Jewellery,Stainless Steel Jewellery; Natalia Marketing (Far-East) Co. Ltd. with over 25 years of experience in manufacturing men's jewelry. we specialize in producing cufflinks and tie clips made from stainless steel and brass.; OEM","Semi-Precious Stone Jewellery,Sterling Silver Jewellery,Stainless Steel Jewellery; Natalia Marketing (Far-East) Co. Ltd. with over 25 years of experience in manufacturing men's jewelry. we specialize in producing cufflinks and tie clips made from stainless steel and brass.; OEM"
Jewelry Lady Box,Jewelry Lady Box,Jewelry Lady Box,Jewelry Lady Box,,,,Well Packaging Company Limited,"Jewellery and Watch Box,Jewellery Packaging & Display; We make for packaging over 10 years, we offer professional advice & innovative ideas from concept to finished product with competitive pricing & good quality. We assist out clients with every steps.; OEM","Jewellery and Watch Box,Jewellery Packaging & Display; We make for packaging over 10 years, we offer professional advice & innovative ideas from concept to finished product with competitive pricing & good quality. We assist out clients with every steps.; OEM"
Watch Display Luggage,Watch Display Luggage,Watch Display Luggage,Watch Display Luggage,,,,Well Packaging Company Limited,"Jewellery and Watch Box,Jewellery Packaging & Display; We make for packaging over 10 years, we offer professional advice & innovative ideas from concept to finished product with competitive pricing & good quality. We assist out clients with every steps.; OEM","Jewellery and Watch Box,Jewellery Packaging & Display; We make for packaging over 10 years, we offer professional advice & innovative ideas from concept to finished product with competitive pricing & good quality. We assist out clients with every steps.; OEM"
Watch Box,Watch Box,Watch Box,Watch Box,,,,Well Packaging Company Limited,"Jewellery and Watch Box,Jewellery Packaging & Display; We make for packaging over 10 years, we offer professional advice & innovative ideas from concept to finished product with competitive pricing & good quality. We assist out clients with every steps.; OEM","Jewellery and Watch Box,Jewellery Packaging & Display; We make for packaging over 10 years, we offer professional advice & innovative ideas from concept to finished product with competitive pricing & good quality. We assist out clients with every steps.; OEM"
Flannel Ribbon Draw Cord Pouch,Flannel Ribbon Draw Cord Pouch,Flannel Ribbon Draw Cord Pouch,Flannel Ribbon Draw Cord Pouch,,,,Well Packaging Company Limited,"Jewellery and Watch Box,Jewellery Packaging & Display; We make for packaging over 10 years, we offer professional advice & innovative ideas from concept to finished product with competitive pricing & good quality. We assist out clients with every steps.; OEM","Jewellery and Watch Box,Jewellery Packaging & Display; We make for packaging over 10 years, we offer professional advice & innovative ideas from concept to finished product with competitive pricing & good quality. We assist out clients with every steps.; OEM"
Jewelry Box,Jewelry Box,Jewelry Box,Jewelry Box,,,,Well Packaging Company Limited,"Jewellery and Watch Box,Jewellery Packaging & Display; We make for packaging over 10 years, we offer professional advice & innovative ideas from concept to finished product with competitive pricing & good quality. We assist out clients with every steps.; OEM","Jewellery and Watch Box,Jewellery Packaging & Display; We make for packaging over 10 years, we offer professional advice & innovative ideas from concept to finished product with competitive pricing & good quality. We assist out clients with every steps.; OEM"
Flannel Pouch,Flannel Pouch,Flannel Pouch,Flannel Pouch,,,,Well Packaging Company Limited,"Jewellery and Watch Box,Jewellery Packaging & Display; We make for packaging over 10 years, we offer professional advice & innovative ideas from concept to finished product with competitive pricing & good quality. We assist out clients with every steps.; OEM","Jewellery and Watch Box,Jewellery Packaging & Display; We make for packaging over 10 years, we offer professional advice & innovative ideas from concept to finished product with competitive pricing & good quality. We assist out clients with every steps.; OEM"
Men Watch Pouch,Men Watch Pouch,Men Watch Pouch,Men Watch Pouch,,,,Well Packaging Company Limited,"Jewellery and Watch Box,Jewellery Packaging & Display; We make for packaging over 10 years, we offer professional advice & innovative ideas from concept to finished product with competitive pricing & good quality. We assist out clients with every steps.; OEM","Jewellery and Watch Box,Jewellery Packaging & Display; We make for packaging over 10 years, we offer professional advice & innovative ideas from concept to finished product with competitive pricing & good quality. We assist out clients with every steps.; OEM"
Bracelet Jewelry Box,Bracelet Jewelry Box,Bracelet Jewelry Box,Bracelet Jewelry Box,,,,Well Packaging Company Limited,"Jewellery and Watch Box,Jewellery Packaging & Display; We make for packaging over 10 years, we offer professional advice & innovative ideas from concept to finished product with competitive pricing & good quality. We assist out clients with every steps.; OEM","Jewellery and Watch Box,Jewellery Packaging & Display; We make for packaging over 10 years, we offer professional advice & innovative ideas from concept to finished product with competitive pricing & good quality. We assist out clients with every steps.; OEM"
PU Draw Cord Bag,PU Draw Cord Bag,PU Draw Cord Bag,PU Draw Cord Bag,,,,Well Packaging Company Limited,"Jewellery and Watch Box,Jewellery Packaging & Display; We make for packaging over 10 years, we offer professional advice & innovative ideas from concept to finished product with competitive pricing & good quality. We assist out clients with every steps.; OEM","Jewellery and Watch Box,Jewellery Packaging & Display; We make for packaging over 10 years, we offer professional advice & innovative ideas from concept to finished product with competitive pricing & good quality. We assist out clients with every steps.; OEM"
Jeweley Pouch with Snap Button,Jeweley Pouch with Snap Button,Jeweley Pouch with Snap Button,Jeweley Pouch with Snap Button,,,,Well Packaging Company Limited,"Jewellery and Watch Box,Jewellery Packaging & Display; We make for packaging over 10 years, we offer professional advice & innovative ideas from concept to finished product with competitive pricing & good quality. We assist out clients with every steps.; OEM","Jewellery and Watch Box,Jewellery Packaging & Display; We make for packaging over 10 years, we offer professional advice & innovative ideas from concept to finished product with competitive pricing & good quality. We assist out clients with every steps.; OEM"
Jewelry Display Box with Tray and Mirror,Jewelry Display Box with Tray and Mirror,Jewelry Display Box with Tray and Mirror,Jewelry Display Box with Tray and Mirror,,,,Well Packaging Company Limited,"Jewellery and Watch Box,Jewellery Packaging & Display; We make for packaging over 10 years, we offer professional advice & innovative ideas from concept to finished product with competitive pricing & good quality. We assist out clients with every steps.; OEM","Jewellery and Watch Box,Jewellery Packaging & Display; We make for packaging over 10 years, we offer professional advice & innovative ideas from concept to finished product with competitive pricing & good quality. We assist out clients with every steps.; OEM"
Jewellery Display Tray with Mirror,Jewellery Display Tray with Mirror,Jewellery Display Tray with Mirror,Jewellery Display Tray with Mirror,,,,Well Packaging Company Limited,"Jewellery and Watch Box,Jewellery Packaging & Display; We make for packaging over 10 years, we offer professional advice & innovative ideas from concept to finished product with competitive pricing & good quality. We assist out clients with every steps.; OEM","Jewellery and Watch Box,Jewellery Packaging & Display; We make for packaging over 10 years, we offer professional advice & innovative ideas from concept to finished product with competitive pricing & good quality. We assist out clients with every steps.; OEM"
Draw Cord Gift Bag,Draw Cord Gift Bag,Draw Cord Gift Bag,Draw Cord Gift Bag,,,,Well Packaging Company Limited,"Jewellery and Watch Box,Jewellery Packaging & Display; We make for packaging over 10 years, we offer professional advice & innovative ideas from concept to finished product with competitive pricing & good quality. We assist out clients with every steps.; OEM","Jewellery and Watch Box,Jewellery Packaging & Display; We make for packaging over 10 years, we offer professional advice & innovative ideas from concept to finished product with competitive pricing & good quality. We assist out clients with every steps.; OEM"
Watch Tray,Watch Tray,Watch Tray,Watch Tray,,,,Well Packaging Company Limited,"Jewellery and Watch Box,Jewellery Packaging & Display; We make for packaging over 10 years, we offer professional advice & innovative ideas from concept to finished product with competitive pricing & good quality. We assist out clients with every steps.; OEM","Jewellery and Watch Box,Jewellery Packaging & Display; We make for packaging over 10 years, we offer professional advice & innovative ideas from concept to finished product with competitive pricing & good quality. We assist out clients with every steps.; OEM"
AMEN | Flagship Store,AMEN | Flagship Store,"A new shop concept was developed for the Italian brand Amen, with a modern design combining fine leatherette, microfibre and lacquered profiles for an elegant and dynamic display.; -----; Customization is the essence of our job. Especially for tailor-made projects, our consultancy, our experience and the qualification of our style department connect to create the best solution to fulfil our customers’ needs. From the design studio to the prototyping, from manufacturing to logistics, every single phase is 100% tailor-made in compliance with quality standards.","A new shop concept was developed for the Italian brand Amen, with a modern design combining fine leatherette, microfibre and lacquered profiles for an elegant and dynamic display.; -----; Customization is the essence of our job. Especially for tailor-made projects, our consultancy, our experience and the qualification of our style department connect to create the best solution to fulfil our customers’ needs. From the design studio to the prototyping, from manufacturing to logistics, every single phase is 100% tailor-made in compliance with quality standards.",,,,"Dongguan SDJ Packing Co., Limited","Jewellery and Watch Box,Jewellery Display Material,Jewellery Packaging & Display; Rolls are a fundamental ally in product presentation.
Jewellery trays are practical, convenient and professional tools for product presentation.
Totems, display cases and counters are among the flagships of the company, custom-made and customisable; OEM","Jewellery and Watch Box,Jewellery Display Material,Jewellery Packaging & Display; Rolls are a fundamental ally in product presentation.
Jewellery trays are practical, convenient and professional tools for product presentation.
Totems, display cases and counters are among the flagships of the company, custom-made and customisable; OEM"
Window Display & Tray - Luxury By Leonardo,Window Display & Tray - Luxury By Leonardo,"Wrapped in a fine midnight blue leatherette and soft velvet, the display and tray embody the essence of elegance. Gold details add a touch of luxury.; --------------; Customization is the essence of our job. Especially for tailor-made projects, our consultancy, our experience and the qualification of our style department connect to create the best solution to fulfil our customers’ needs. From the design studio to the prototyping, from manufacturing to logistics, every single phase is 100% tailor-made in compliance with quality standards.","Wrapped in a fine midnight blue leatherette and soft velvet, the display and tray embody the essence of elegance. Gold details add a touch of luxury.; --------------; Customization is the essence of our job. Especially for tailor-made projects, our consultancy, our experience and the qualification of our style department connect to create the best solution to fulfil our customers’ needs. From the design studio to the prototyping, from manufacturing to logistics, every single phase is 100% tailor-made in compliance with quality standards.",,,,"Dongguan SDJ Packing Co., Limited","Jewellery and Watch Box,Jewellery Display Material,Jewellery Packaging & Display; Rolls are a fundamental ally in product presentation.
Jewellery trays are practical, convenient and professional tools for product presentation.
Totems, display cases and counters are among the flagships of the company, custom-made and customisable; OEM","Jewellery and Watch Box,Jewellery Display Material,Jewellery Packaging & Display; Rolls are a fundamental ally in product presentation.
Jewellery trays are practical, convenient and professional tools for product presentation.
Totems, display cases and counters are among the flagships of the company, custom-made and customisable; OEM"
URANIA BOXES,URANIA BOXES,"Customization is the essence of our job. Especially for tailor-made projects, our consultancy, our experience and the qualification of our style department connect to create the best solution to fulfil our customers’ needs. From the design studio to the prototyping, from manufacturing to logistics, every single phase is 100% tailor-made in compliance with quality standards.","Customization is the essence of our job. Especially for tailor-made projects, our consultancy, our experience and the qualification of our style department connect to create the best solution to fulfil our customers’ needs. From the design studio to the prototyping, from manufacturing to logistics, every single phase is 100% tailor-made in compliance with quality standards.",,,,"Dongguan SDJ Packing Co., Limited","Jewellery and Watch Box,Jewellery Display Material,Jewellery Packaging & Display; Rolls are a fundamental ally in product presentation.
Jewellery trays are practical, convenient and professional tools for product presentation.
Totems, display cases and counters are among the flagships of the company, custom-made and customisable; OEM","Jewellery and Watch Box,Jewellery Display Material,Jewellery Packaging & Display; Rolls are a fundamental ally in product presentation.
Jewellery trays are practical, convenient and professional tools for product presentation.
Totems, display cases and counters are among the flagships of the company, custom-made and customisable; OEM"
Window Display | Trays | Boxes,Window Display | Trays | Boxes,"Uniquely Yours represent a universe of elegance where every details is a hallmark. The combination of leatherette and velvet in shades of grey and blue, with silver detailing, lends a touch of sophistication.; -----; Customization is the essence of our job. Especially for tailor-made projects, our consultancy, our experience and the qualification of our style department connect to create the best solution to fulfil our customers’ needs. From the design studio to the prototyping, from manufacturing to logistics, every single phase is 100% tailor-made in compliance with quality standards.","Uniquely Yours represent a universe of elegance where every details is a hallmark. The combination of leatherette and velvet in shades of grey and blue, with silver detailing, lends a touch of sophistication.; -----; Customization is the essence of our job. Especially for tailor-made projects, our consultancy, our experience and the qualification of our style department connect to create the best solution to fulfil our customers’ needs. From the design studio to the prototyping, from manufacturing to logistics, every single phase is 100% tailor-made in compliance with quality standards.",,,,"Dongguan SDJ Packing Co., Limited","Jewellery and Watch Box,Jewellery Display Material,Jewellery Packaging & Display; Rolls are a fundamental ally in product presentation.
Jewellery trays are practical, convenient and professional tools for product presentation.
Totems, display cases and counters are among the flagships of the company, custom-made and customisable; OEM","Jewellery and Watch Box,Jewellery Display Material,Jewellery Packaging & Display; Rolls are a fundamental ally in product presentation.
Jewellery trays are practical, convenient and professional tools for product presentation.
Totems, display cases and counters are among the flagships of the company, custom-made and customisable; OEM"
Amen Stardust - Window Display,Amen Stardust - Window Display,"The jewellery display designed for Amen Stardust stands out for its elegance and sophistication. With colours in enveloping shades of pink and violet, covered in soft velvet, it creates an atmospheric atmosphere that embraces the Stardust collection.; Customization is the essence of our job. Especially for tailor-made projects, our consultancy, our experience and the qualification of our style department connect to create the best solution to fulfil our customers’ needs. From the design studio to the prototyping, from manufacturing to logistics, every single phase is 100% tailor-made in compliance with quality standards.","The jewellery display designed for Amen Stardust stands out for its elegance and sophistication. With colours in enveloping shades of pink and violet, covered in soft velvet, it creates an atmospheric atmosphere that embraces the Stardust collection.; Customization is the essence of our job. Especially for tailor-made projects, our consultancy, our experience and the qualification of our style department connect to create the best solution to fulfil our customers’ needs. From the design studio to the prototyping, from manufacturing to logistics, every single phase is 100% tailor-made in compliance with quality standards.",,,,"Dongguan SDJ Packing Co., Limited","Jewellery and Watch Box,Jewellery Display Material,Jewellery Packaging & Display; Rolls are a fundamental ally in product presentation.
Jewellery trays are practical, convenient and professional tools for product presentation.
Totems, display cases and counters are among the flagships of the company, custom-made and customisable; OEM","Jewellery and Watch Box,Jewellery Display Material,Jewellery Packaging & Display; Rolls are a fundamental ally in product presentation.
Jewellery trays are practical, convenient and professional tools for product presentation.
Totems, display cases and counters are among the flagships of the company, custom-made and customisable; OEM"
Burren - Window Display,Burren - Window Display,"Elegance in a delicate pink microfibre and golden details. Inspired by Ireland's unique landscapes, Burren is a display that encapsulates a combination of style and sophistication.; Customization is the essence of our job. Especially for tailor-made projects, our consultancy, our experience and the qualification of our style department connect to create the best solution to fulfil our customers’ needs. From the design studio to the prototyping, from manufacturing to logistics, every single phase is 100% tailor-made in compliance with quality standards.","Elegance in a delicate pink microfibre and golden details. Inspired by Ireland's unique landscapes, Burren is a display that encapsulates a combination of style and sophistication.; Customization is the essence of our job. Especially for tailor-made projects, our consultancy, our experience and the qualification of our style department connect to create the best solution to fulfil our customers’ needs. From the design studio to the prototyping, from manufacturing to logistics, every single phase is 100% tailor-made in compliance with quality standards.",,,,"Dongguan SDJ Packing Co., Limited","Jewellery and Watch Box,Jewellery Display Material,Jewellery Packaging & Display; Rolls are a fundamental ally in product presentation.
Jewellery trays are practical, convenient and professional tools for product presentation.
Totems, display cases and counters are among the flagships of the company, custom-made and customisable; OEM","Jewellery and Watch Box,Jewellery Display Material,Jewellery Packaging & Display; Rolls are a fundamental ally in product presentation.
Jewellery trays are practical, convenient and professional tools for product presentation.
Totems, display cases and counters are among the flagships of the company, custom-made and customisable; OEM"
VIOLANTE,VIOLANTE,Showcase to display your jewelry.,Showcase to display your jewelry.,,,,"Dongguan SDJ Packing Co., Limited","Jewellery and Watch Box,Jewellery Display Material,Jewellery Packaging & Display; Rolls are a fundamental ally in product presentation.
Jewellery trays are practical, convenient and professional tools for product presentation.
Totems, display cases and counters are among the flagships of the company, custom-made and customisable; OEM","Jewellery and Watch Box,Jewellery Display Material,Jewellery Packaging & Display; Rolls are a fundamental ally in product presentation.
Jewellery trays are practical, convenient and professional tools for product presentation.
Totems, display cases and counters are among the flagships of the company, custom-made and customisable; OEM"
Boxes&Shoppers - Fannie Thomas,Boxes&Shoppers - Fannie Thomas,"The boxes and shoppers created for Fannie Tomas are a riot of bright shades, releasing an energy that transforms every purchase into an experience of pure joy.; -------------; Customization is the essence of our job. Especially for tailor-made projects, our consultancy, our experience and the qualification of our style department connect to create the best solution to fulfil our customers’ needs. From the design studio to the prototyping, from manufacturing to logistics, every single phase is 100% tailor-made in compliance with quality standards.","The boxes and shoppers created for Fannie Tomas are a riot of bright shades, releasing an energy that transforms every purchase into an experience of pure joy.; -------------; Customization is the essence of our job. Especially for tailor-made projects, our consultancy, our experience and the qualification of our style department connect to create the best solution to fulfil our customers’ needs. From the design studio to the prototyping, from manufacturing to logistics, every single phase is 100% tailor-made in compliance with quality standards.",,,,"Dongguan SDJ Packing Co., Limited","Jewellery and Watch Box,Jewellery Display Material,Jewellery Packaging & Display; Rolls are a fundamental ally in product presentation.
Jewellery trays are practical, convenient and professional tools for product presentation.
Totems, display cases and counters are among the flagships of the company, custom-made and customisable; OEM","Jewellery and Watch Box,Jewellery Display Material,Jewellery Packaging & Display; Rolls are a fundamental ally in product presentation.
Jewellery trays are practical, convenient and professional tools for product presentation.
Totems, display cases and counters are among the flagships of the company, custom-made and customisable; OEM"
SMW Window Display | Trays,SMW Window Display | Trays,"For the Portuguese client Flamingo, we created a jewelry window display and matching tray in bordeaux and pink microfiber, with rounded edges, for a modern and elegant style.; -----; Customization is the essence of our job. Especially for tailor-made projects, our consultancy, our experience and the qualification of our style department connect to create the best solution to fulfil our customers’ needs. From the design studio to the prototyping, from manufacturing to logistics, every single phase is 100% tailor-made in compliance with quality standards.","For the Portuguese client Flamingo, we created a jewelry window display and matching tray in bordeaux and pink microfiber, with rounded edges, for a modern and elegant style.; -----; Customization is the essence of our job. Especially for tailor-made projects, our consultancy, our experience and the qualification of our style department connect to create the best solution to fulfil our customers’ needs. From the design studio to the prototyping, from manufacturing to logistics, every single phase is 100% tailor-made in compliance with quality standards.",,,,"Dongguan SDJ Packing Co., Limited","Jewellery and Watch Box,Jewellery Display Material,Jewellery Packaging & Display; Rolls are a fundamental ally in product presentation.
Jewellery trays are practical, convenient and professional tools for product presentation.
Totems, display cases and counters are among the flagships of the company, custom-made and customisable; OEM","Jewellery and Watch Box,Jewellery Display Material,Jewellery Packaging & Display; Rolls are a fundamental ally in product presentation.
Jewellery trays are practical, convenient and professional tools for product presentation.
Totems, display cases and counters are among the flagships of the company, custom-made and customisable; OEM"
ELLA,ELLA,Showcase to display your jewelry.,Showcase to display your jewelry.,,,,"Dongguan SDJ Packing Co., Limited","Jewellery and Watch Box,Jewellery Display Material,Jewellery Packaging & Display; Rolls are a fundamental ally in product presentation.
Jewellery trays are practical, convenient and professional tools for product presentation.
Totems, display cases and counters are among the flagships of the company, custom-made and customisable; OEM","Jewellery and Watch Box,Jewellery Display Material,Jewellery Packaging & Display; Rolls are a fundamental ally in product presentation.
Jewellery trays are practical, convenient and professional tools for product presentation.
Totems, display cases and counters are among the flagships of the company, custom-made and customisable; OEM"
Window Display - Liori Diamonds,Window Display - Liori Diamonds,"The jewellery display for Liori Diamonds shows an ethereal elegance, suitable for holding the finest diamonds. A unique experience in a world of refined beauty, where the colour midnight blue dominates.; --------------; Customization is the essence of our job. Especially for tailor-made projects, our consultancy, our experience and the qualification of our style department connect to create the best solution to fulfil our customers’ needs. From the design studio to the prototyping, from manufacturing to logistics, every single phase is 100% tailor-made in compliance with quality standards.","The jewellery display for Liori Diamonds shows an ethereal elegance, suitable for holding the finest diamonds. A unique experience in a world of refined beauty, where the colour midnight blue dominates.; --------------; Customization is the essence of our job. Especially for tailor-made projects, our consultancy, our experience and the qualification of our style department connect to create the best solution to fulfil our customers’ needs. From the design studio to the prototyping, from manufacturing to logistics, every single phase is 100% tailor-made in compliance with quality standards.",,,,"Dongguan SDJ Packing Co., Limited","Jewellery and Watch Box,Jewellery Display Material,Jewellery Packaging & Display; Rolls are a fundamental ally in product presentation.
Jewellery trays are practical, convenient and professional tools for product presentation.
Totems, display cases and counters are among the flagships of the company, custom-made and customisable; OEM","Jewellery and Watch Box,Jewellery Display Material,Jewellery Packaging & Display; Rolls are a fundamental ally in product presentation.
Jewellery trays are practical, convenient and professional tools for product presentation.
Totems, display cases and counters are among the flagships of the company, custom-made and customisable; OEM"
Excellent Jewelery - Window Display,Excellent Jewelery - Window Display,"For Excellent Jewelery, a minimalist display was chosen, embellished with a refined golden profile, which adds a touch of sophistication to the delicate soft colours.; Customization is the essence of our job. Especially for tailor-made projects, our consultancy, our experience and the qualification of our style department connect to create the best solution to fulfil our customers’ needs. From the design studio to the prototyping, from manufacturing to logistics, every single phase is 100% tailor-made in compliance with quality standards.","For Excellent Jewelery, a minimalist display was chosen, embellished with a refined golden profile, which adds a touch of sophistication to the delicate soft colours.; Customization is the essence of our job. Especially for tailor-made projects, our consultancy, our experience and the qualification of our style department connect to create the best solution to fulfil our customers’ needs. From the design studio to the prototyping, from manufacturing to logistics, every single phase is 100% tailor-made in compliance with quality standards.",,,,"Dongguan SDJ Packing Co., Limited","Jewellery and Watch Box,Jewellery Display Material,Jewellery Packaging & Display; Rolls are a fundamental ally in product presentation.
Jewellery trays are practical, convenient and professional tools for product presentation.
Totems, display cases and counters are among the flagships of the company, custom-made and customisable; OEM","Jewellery and Watch Box,Jewellery Display Material,Jewellery Packaging & Display; Rolls are a fundamental ally in product presentation.
Jewellery trays are practical, convenient and professional tools for product presentation.
Totems, display cases and counters are among the flagships of the company, custom-made and customisable; OEM"
Display Tray - Gioielli D'Abruzzo,Display Tray - Gioielli D'Abruzzo,"Customizable, light and elegant trays. The ideal choice for storing and presenting jewelery with style.; -----; Customization is the essence of our job. Especially for tailor-made projects, our consultancy, our experience and the qualification of our style department connect to create the best solution to fulfil our customers’ needs. From the design studio to the prototyping, from manufacturing to logistics, every single phase is 100% tailor-made in compliance with quality standards.","Customizable, light and elegant trays. The ideal choice for storing and presenting jewelery with style.; -----; Customization is the essence of our job. Especially for tailor-made projects, our consultancy, our experience and the qualification of our style department connect to create the best solution to fulfil our customers’ needs. From the design studio to the prototyping, from manufacturing to logistics, every single phase is 100% tailor-made in compliance with quality standards.",,,,"Dongguan SDJ Packing Co., Limited","Jewellery and Watch Box,Jewellery Display Material,Jewellery Packaging & Display; Rolls are a fundamental ally in product presentation.
Jewellery trays are practical, convenient and professional tools for product presentation.
Totems, display cases and counters are among the flagships of the company, custom-made and customisable; OEM","Jewellery and Watch Box,Jewellery Display Material,Jewellery Packaging & Display; Rolls are a fundamental ally in product presentation.
Jewellery trays are practical, convenient and professional tools for product presentation.
Totems, display cases and counters are among the flagships of the company, custom-made and customisable; OEM"
SIBILLA,SIBILLA,Showcase to display your jewelry.,Showcase to display your jewelry.,,,,"Dongguan SDJ Packing Co., Limited","Jewellery and Watch Box,Jewellery Display Material,Jewellery Packaging & Display; Rolls are a fundamental ally in product presentation.
Jewellery trays are practical, convenient and professional tools for product presentation.
Totems, display cases and counters are among the flagships of the company, custom-made and customisable; OEM","Jewellery and Watch Box,Jewellery Display Material,Jewellery Packaging & Display; Rolls are a fundamental ally in product presentation.
Jewellery trays are practical, convenient and professional tools for product presentation.
Totems, display cases and counters are among the flagships of the company, custom-made and customisable; OEM"
BARTOCCINI - Box,BARTOCCINI - Box,"A symphony of design and precision is manifested in the watch display and in the boxes made for Bartoccini. Dark colours evoke class and elegance.; Customization is the essence of our job. Especially for tailor-made projects, our consultancy, our experience and the qualification of our style department connect to create the best solution to fulfil our customers’ needs. From the design studio to the prototyping, from manufacturing to logistics, every single phase is 100% tailor-made in compliance with quality standards.","A symphony of design and precision is manifested in the watch display and in the boxes made for Bartoccini. Dark colours evoke class and elegance.; Customization is the essence of our job. Especially for tailor-made projects, our consultancy, our experience and the qualification of our style department connect to create the best solution to fulfil our customers’ needs. From the design studio to the prototyping, from manufacturing to logistics, every single phase is 100% tailor-made in compliance with quality standards.",,,,"Dongguan SDJ Packing Co., Limited","Jewellery and Watch Box,Jewellery Display Material,Jewellery Packaging & Display; Rolls are a fundamental ally in product presentation.
Jewellery trays are practical, convenient and professional tools for product presentation.
Totems, display cases and counters are among the flagships of the company, custom-made and customisable; OEM","Jewellery and Watch Box,Jewellery Display Material,Jewellery Packaging & Display; Rolls are a fundamental ally in product presentation.
Jewellery trays are practical, convenient and professional tools for product presentation.
Totems, display cases and counters are among the flagships of the company, custom-made and customisable; OEM"
REYKA BOXES,REYKA BOXES,Boxes to package your jewelry.; Packaging created to enhance collections by telling the story and values of a brand.,Boxes to package your jewelry.; Packaging created to enhance collections by telling the story and values of a brand.,,,,"Dongguan SDJ Packing Co., Limited","Jewellery and Watch Box,Jewellery Display Material,Jewellery Packaging & Display; Rolls are a fundamental ally in product presentation.
Jewellery trays are practical, convenient and professional tools for product presentation.
Totems, display cases and counters are among the flagships of the company, custom-made and customisable; OEM","Jewellery and Watch Box,Jewellery Display Material,Jewellery Packaging & Display; Rolls are a fundamental ally in product presentation.
Jewellery trays are practical, convenient and professional tools for product presentation.
Totems, display cases and counters are among the flagships of the company, custom-made and customisable; OEM"
NARDELLI UOMO Display,NARDELLI UOMO Display,Showcase to display your jewelry.,Showcase to display your jewelry.,,,,"Dongguan SDJ Packing Co., Limited","Jewellery and Watch Box,Jewellery Display Material,Jewellery Packaging & Display; Rolls are a fundamental ally in product presentation.
Jewellery trays are practical, convenient and professional tools for product presentation.
Totems, display cases and counters are among the flagships of the company, custom-made and customisable; OEM","Jewellery and Watch Box,Jewellery Display Material,Jewellery Packaging & Display; Rolls are a fundamental ally in product presentation.
Jewellery trays are practical, convenient and professional tools for product presentation.
Totems, display cases and counters are among the flagships of the company, custom-made and customisable; OEM"
SOLEIL,SOLEIL,Showcase to display your jewelry.,Showcase to display your jewelry.,,,,"Dongguan SDJ Packing Co., Limited","Jewellery and Watch Box,Jewellery Display Material,Jewellery Packaging & Display; Rolls are a fundamental ally in product presentation.
Jewellery trays are practical, convenient and professional tools for product presentation.
Totems, display cases and counters are among the flagships of the company, custom-made and customisable; OEM","Jewellery and Watch Box,Jewellery Display Material,Jewellery Packaging & Display; Rolls are a fundamental ally in product presentation.
Jewellery trays are practical, convenient and professional tools for product presentation.
Totems, display cases and counters are among the flagships of the company, custom-made and customisable; OEM"
FABIANI BUBBLE Display,FABIANI BUBBLE Display,Showcase to display your jewelry.,Showcase to display your jewelry.,,,,"Dongguan SDJ Packing Co., Limited","Jewellery and Watch Box,Jewellery Display Material,Jewellery Packaging & Display; Rolls are a fundamental ally in product presentation.
Jewellery trays are practical, convenient and professional tools for product presentation.
Totems, display cases and counters are among the flagships of the company, custom-made and customisable; OEM","Jewellery and Watch Box,Jewellery Display Material,Jewellery Packaging & Display; Rolls are a fundamental ally in product presentation.
Jewellery trays are practical, convenient and professional tools for product presentation.
Totems, display cases and counters are among the flagships of the company, custom-made and customisable; OEM"
Window Display - Gioielli di Valenza,Window Display - Gioielli di Valenza,"The curved and sodft lines with the pastel-toned microfibre, add a touch of style and delicacy, making the display a true treasure chest of elegance.; -----; Customization is the essence of our job. Especially for tailor-made projects, our consultancy, our experience and the qualification of our style department connect to create the best solution to fulfil our customers’ needs. From the design studio to the prototyping, from manufacturing to logistics, every single phase is 100% tailor-made in compliance with quality standards.","The curved and sodft lines with the pastel-toned microfibre, add a touch of style and delicacy, making the display a true treasure chest of elegance.; -----; Customization is the essence of our job. Especially for tailor-made projects, our consultancy, our experience and the qualification of our style department connect to create the best solution to fulfil our customers’ needs. From the design studio to the prototyping, from manufacturing to logistics, every single phase is 100% tailor-made in compliance with quality standards.",,,,"Dongguan SDJ Packing Co., Limited","Jewellery and Watch Box,Jewellery Display Material,Jewellery Packaging & Display; Rolls are a fundamental ally in product presentation.
Jewellery trays are practical, convenient and professional tools for product presentation.
Totems, display cases and counters are among the flagships of the company, custom-made and customisable; OEM","Jewellery and Watch Box,Jewellery Display Material,Jewellery Packaging & Display; Rolls are a fundamental ally in product presentation.
Jewellery trays are practical, convenient and professional tools for product presentation.
Totems, display cases and counters are among the flagships of the company, custom-made and customisable; OEM"
Customised Cover Paper Jewelry Boxes ZB13,Customised Cover Paper Jewelry Boxes ZB13,"Any sizes/materials/colors can be customised.; Please feel free to contact us for more information,; we are looking forward to cooperating with you.; Whatsapp: +0086 136 6085 2025","Any sizes/materials/colors can be customised.; Please feel free to contact us for more information,; we are looking forward to cooperating with you.; Whatsapp: +0086 136 6085 2025",,,,"Guangzhou Hallfung Package Co., Ltd","Conceive new creative designs;
Provide professional advice;
Provide quality service;
Respect buyers' opinions and rights;
Pursue win-Win cooperation;
Strictly inspect the quality of product;
Arrange shipment in time;; OEM, ODM, OBM","Conceive new creative designs;
Provide professional advice;
Provide quality service;
Respect buyers' opinions and rights;
Pursue win-Win cooperation;
Strictly inspect the quality of product;
Arrange shipment in time;; OEM, ODM, OBM"
Customised Paper Jewelry Boxes ZB1,Customised Paper Jewelry Boxes ZB1,"Any sizes/materials/colors can be customised.; Please feel free to contact us for more information,; we are looking forward to cooperating with you.; Whatsapp: +0086 136 6085 2025","Any sizes/materials/colors can be customised.; Please feel free to contact us for more information,; we are looking forward to cooperating with you.; Whatsapp: +0086 136 6085 2025",,,,"Guangzhou Hallfung Package Co., Ltd","Conceive new creative designs;
Provide professional advice;
Provide quality service;
Respect buyers' opinions and rights;
Pursue win-Win cooperation;
Strictly inspect the quality of product;
Arrange shipment in time;; OEM, ODM, OBM","Conceive new creative designs;
Provide professional advice;
Provide quality service;
Respect buyers' opinions and rights;
Pursue win-Win cooperation;
Strictly inspect the quality of product;
Arrange shipment in time;; OEM, ODM, OBM"
Customised Small Jewelry Pouches,Customised Small Jewelry Pouches,"Any sizes/materials/colors can be customised.; Please feel free to contact us for more information,; we are looking forward to cooperating with you.; Whatsapp: +0086 136 6085 2025","Any sizes/materials/colors can be customised.; Please feel free to contact us for more information,; we are looking forward to cooperating with you.; Whatsapp: +0086 136 6085 2025",,,,"Guangzhou Hallfung Package Co., Ltd","Conceive new creative designs;
Provide professional advice;
Provide quality service;
Respect buyers' opinions and rights;
Pursue win-Win cooperation;
Strictly inspect the quality of product;
Arrange shipment in time;; OEM, ODM, OBM","Conceive new creative designs;
Provide professional advice;
Provide quality service;
Respect buyers' opinions and rights;
Pursue win-Win cooperation;
Strictly inspect the quality of product;
Arrange shipment in time;; OEM, ODM, OBM"
Customised Paper Drawer Jewelry Boxes ZB26,Customised Paper Drawer Jewelry Boxes ZB26,"Any sizes/materials/colors can be customised.; Please feel free to contact us for more information,; we are looking forward to cooperating with you.; Whatsapp: +0086 136 6085 2025","Any sizes/materials/colors can be customised.; Please feel free to contact us for more information,; we are looking forward to cooperating with you.; Whatsapp: +0086 136 6085 2025",,,,"Guangzhou Hallfung Package Co., Ltd","Conceive new creative designs;
Provide professional advice;
Provide quality service;
Respect buyers' opinions and rights;
Pursue win-Win cooperation;
Strictly inspect the quality of product;
Arrange shipment in time;; OEM, ODM, OBM","Conceive new creative designs;
Provide professional advice;
Provide quality service;
Respect buyers' opinions and rights;
Pursue win-Win cooperation;
Strictly inspect the quality of product;
Arrange shipment in time;; OEM, ODM, OBM"
Customised Wood Grain Jewelry Boxes JB10,Customised Wood Grain Jewelry Boxes JB10,"Any sizes/materials/colors can be customised.; Please feel free to contact us for more information,; we are looking forward to cooperating with you.; Whatsapp: +0086 136 6085 2025","Any sizes/materials/colors can be customised.; Please feel free to contact us for more information,; we are looking forward to cooperating with you.; Whatsapp: +0086 136 6085 2025",,,,"Guangzhou Hallfung Package Co., Ltd","Conceive new creative designs;
Provide professional advice;
Provide quality service;
Respect buyers' opinions and rights;
Pursue win-Win cooperation;
Strictly inspect the quality of product;
Arrange shipment in time;; OEM, ODM, OBM","Conceive new creative designs;
Provide professional advice;
Provide quality service;
Respect buyers' opinions and rights;
Pursue win-Win cooperation;
Strictly inspect the quality of product;
Arrange shipment in time;; OEM, ODM, OBM"
Customised Premium Plastic Jewelry Boxes JB4,Customised Premium Plastic Jewelry Boxes JB4,"Any sizes/materials/colors can be customised.; Please feel free to contact us for more information,; we are looking forward to cooperating with you.; Whatsapp: +0086 136 6085 2025","Any sizes/materials/colors can be customised.; Please feel free to contact us for more information,; we are looking forward to cooperating with you.; Whatsapp: +0086 136 6085 2025",,,,"Guangzhou Hallfung Package Co., Ltd","Conceive new creative designs;
Provide professional advice;
Provide quality service;
Respect buyers' opinions and rights;
Pursue win-Win cooperation;
Strictly inspect the quality of product;
Arrange shipment in time;; OEM, ODM, OBM","Conceive new creative designs;
Provide professional advice;
Provide quality service;
Respect buyers' opinions and rights;
Pursue win-Win cooperation;
Strictly inspect the quality of product;
Arrange shipment in time;; OEM, ODM, OBM"
Weldo Diamond Dispensing Robot,Weldo Diamond Dispensing Robot,"Weldo Diamond automatic dispensing machine can be ensure every diamond tightly sticking without excess glue, it is a good helper for improving production and quality .; Application : Diamond dispensing Robot is widely used in various fields , like Clock , Pen, Key chains, necklace, finger rings, ear rings ,pullers,3D diamond products and many other diamond items.; Features:; 1.Automatic dispensing glue with fast speed only few seconds; 2.Widely used in various fields , suitable for flat and cone diamond; 3.The machine can dispense few types of size diamond at same time; 4.Widely suitable for 1mm-4mm diamond.; 5.Reduce worker’s working burden ,relief worker’s eyes and improve efficient; 6.Applied Automatic diamond dispensing system , fast fix diamond in fixture.; 7.Applied visual identifiable system , automatic identify craft and diamond position.; 8.Absorb diamond dispensing model, high efficient , dispensing speed is 2 pieces/second.; Working Method: diamond Automatic dispensing machine has nozzle absorption and dispenses plate or cone diamond on craft .; Craft Position :worker put Craft on fixture; Diamond Position: Automatic screen diamond in fixture","Weldo Diamond automatic dispensing machine can be ensure every diamond tightly sticking without excess glue, it is a good helper for improving production and quality .; Application : Diamond dispensing Robot is widely used in various fields , like Clock , Pen, Key chains, necklace, finger rings, ear rings ,pullers,3D diamond products and many other diamond items.; Features:; 1.Automatic dispensing glue with fast speed only few seconds; 2.Widely used in various fields , suitable for flat and cone diamond; 3.The machine can dispense few types of size diamond at same time; 4.Widely suitable for 1mm-4mm diamond.; 5.Reduce worker’s working burden ,relief worker’s eyes and improve efficient; 6.Applied Automatic diamond dispensing system , fast fix diamond in fixture.; 7.Applied visual identifiable system , automatic identify craft and diamond position.; 8.Absorb diamond dispensing model, high efficient , dispensing speed is 2 pieces/second.; Working Method: diamond Automatic dispensing machine has nozzle absorption and dispenses plate or cone diamond on craft .; Craft Position :worker put Craft on fixture; Diamond Position: Automatic screen diamond in fixture",,,,"Dong Guan Weldo Automatic Equipment Technology Co., Ltd","Dispenser machine; ODM, OEM","Dispenser machine; ODM, OEM"
Wholesale Luxury Custom Logo Men's Magnetic Clasp Men Jewelry Bracelet Real Leather Bracelet,Wholesale Luxury Custom Logo Men's Magnetic Clasp Men Jewelry Bracelet Real Leather Bracelet,Wholesale Luxury Custom Logo Men's Magnetic Clasp Men Jewelry Bracelet Real Leather Bracelet,Wholesale Luxury Custom Logo Men's Magnetic Clasp Men Jewelry Bracelet Real Leather Bracelet,,,,"Dongguan Yitenong Jewelry Co., Limited","Sterling Silver Jewellery,Stainless Steel Jewellery; Stainless steel jewelry; ODM, OEM, OBM","Sterling Silver Jewellery,Stainless Steel Jewellery; Stainless steel jewelry; ODM, OEM, OBM"
Best Customizable Fashion Logo Personalized Rose Gold Charm Adjust Navy Blue Leather Bracelet,Best Customizable Fashion Logo Personalized Rose Gold Charm Adjust Navy Blue Leather Bracelet,Best Customizable Fashion Logo Personalized Rose Gold Charm Adjust Navy Blue Leather Bracelet,Best Customizable Fashion Logo Personalized Rose Gold Charm Adjust Navy Blue Leather Bracelet,,,,"Dongguan Yitenong Jewelry Co., Limited","Sterling Silver Jewellery,Stainless Steel Jewellery; Stainless steel jewelry; ODM, OEM, OBM","Sterling Silver Jewellery,Stainless Steel Jewellery; Stainless steel jewelry; ODM, OEM, OBM"
Stainless Steel Shackle bracelet,Stainless Steel Shackle bracelet,Stainless steel+Cotton Rope,Stainless steel+Cotton Rope,,,,"Dongguan Yitenong Jewelry Co., Limited","Sterling Silver Jewellery,Stainless Steel Jewellery; Stainless steel jewelry; ODM, OEM, OBM","Sterling Silver Jewellery,Stainless Steel Jewellery; Stainless steel jewelry; ODM, OEM, OBM"
Hot Sale Lion Head Design Smart Style Plain Stainless Steel Bracelet Handmade Bracelets Solid Steel Bracelets,Hot Sale Lion Head Design Smart Style Plain Stainless Steel Bracelet Handmade Bracelets Solid Steel Bracelets,Hot Sale Lion Head Design Smart Style Plain Stainless Steel Bracelet Handmade Bracelets Solid Steel Bracelets,Hot Sale Lion Head Design Smart Style Plain Stainless Steel Bracelet Handmade Bracelets Solid Steel Bracelets,,,,"Dongguan Yitenong Jewelry Co., Limited","Sterling Silver Jewellery,Stainless Steel Jewellery; Stainless steel jewelry; ODM, OEM, OBM","Sterling Silver Jewellery,Stainless Steel Jewellery; Stainless steel jewelry; ODM, OEM, OBM"
Factory Wholesale Custom Name Jewelry Bar Blank Stainless Steel Engraved Chain Bracelet For Couples,Factory Wholesale Custom Name Jewelry Bar Blank Stainless Steel Engraved Chain Bracelet For Couples,Factory Wholesale Custom Name Jewelry Bar Blank Stainless Steel Engraved Chain Bracelet For Couples,Factory Wholesale Custom Name Jewelry Bar Blank Stainless Steel Engraved Chain Bracelet For Couples,,,,"Dongguan Yitenong Jewelry Co., Limited","Sterling Silver Jewellery,Stainless Steel Jewellery; Stainless steel jewelry; ODM, OEM, OBM","Sterling Silver Jewellery,Stainless Steel Jewellery; Stainless steel jewelry; ODM, OEM, OBM"
Dragon pen,Dragon pen,Laban’s elaborate dragon overlay design comes in a choice; of rhodium over black resin and rose gold over red resin.; Available in fountain pen and rollerball.,Laban’s elaborate dragon overlay design comes in a choice; of rhodium over black resin and rose gold over red resin.; Available in fountain pen and rollerball.,,,,Thong Yeong Corporation,"Men's Jewellery,Diamond Jewellery,Gemset Jewellery,White Gold Jewellery,Stainless Steel Jewellery; We specialize in crafting an exquisite range of Pens, including Silver Pens, Jewelry Pens,
and Diamond Pens, while we provide a diverse array of custom services tailored to fulfill your unique
requirements.; ODM, OEM","Men's Jewellery,Diamond Jewellery,Gemset Jewellery,White Gold Jewellery,Stainless Steel Jewellery; We specialize in crafting an exquisite range of Pens, including Silver Pens, Jewelry Pens,
and Diamond Pens, while we provide a diverse array of custom services tailored to fulfill your unique
requirements.; ODM, OEM"
PEN,PEN,PEN,PEN,,,,Thong Yeong Corporation,"Men's Jewellery,Diamond Jewellery,Gemset Jewellery,White Gold Jewellery,Stainless Steel Jewellery; We specialize in crafting an exquisite range of Pens, including Silver Pens, Jewelry Pens,
and Diamond Pens, while we provide a diverse array of custom services tailored to fulfill your unique
requirements.; ODM, OEM","Men's Jewellery,Diamond Jewellery,Gemset Jewellery,White Gold Jewellery,Stainless Steel Jewellery; We specialize in crafting an exquisite range of Pens, including Silver Pens, Jewelry Pens,
and Diamond Pens, while we provide a diverse array of custom services tailored to fulfill your unique
requirements.; ODM, OEM"
Laban Pen,Laban Pen,Brass Metal Ballpoint Pen,Brass Metal Ballpoint Pen,,,,Thong Yeong Corporation,"Men's Jewellery,Diamond Jewellery,Gemset Jewellery,White Gold Jewellery,Stainless Steel Jewellery; We specialize in crafting an exquisite range of Pens, including Silver Pens, Jewelry Pens,
and Diamond Pens, while we provide a diverse array of custom services tailored to fulfill your unique
requirements.; ODM, OEM","Men's Jewellery,Diamond Jewellery,Gemset Jewellery,White Gold Jewellery,Stainless Steel Jewellery; We specialize in crafting an exquisite range of Pens, including Silver Pens, Jewelry Pens,
and Diamond Pens, while we provide a diverse array of custom services tailored to fulfill your unique
requirements.; ODM, OEM"
PB-979-1,PB-979-1,Ballpoint Pen  Metal Pen; MOQ  100PCS; $ 30-50/PC,Ballpoint Pen  Metal Pen; MOQ  100PCS; $ 30-50/PC,,,,Thong Yeong Corporation,"Men's Jewellery,Diamond Jewellery,Gemset Jewellery,White Gold Jewellery,Stainless Steel Jewellery; We specialize in crafting an exquisite range of Pens, including Silver Pens, Jewelry Pens,
and Diamond Pens, while we provide a diverse array of custom services tailored to fulfill your unique
requirements.; ODM, OEM","Men's Jewellery,Diamond Jewellery,Gemset Jewellery,White Gold Jewellery,Stainless Steel Jewellery; We specialize in crafting an exquisite range of Pens, including Silver Pens, Jewelry Pens,
and Diamond Pens, while we provide a diverse array of custom services tailored to fulfill your unique
requirements.; ODM, OEM"
MOP,MOP,"The materials of a MOP fountain pen are the true natural mother of pearl and resin lacquer. It is a harmonious and balanced pen as if there is a tiny universe in hand.; The MOP pens are slightly heavier than other pens, which set off the prudence and quietness of writing.","The materials of a MOP fountain pen are the true natural mother of pearl and resin lacquer. It is a harmonious and balanced pen as if there is a tiny universe in hand.; The MOP pens are slightly heavier than other pens, which set off the prudence and quietness of writing.",,,,Thong Yeong Corporation,"Men's Jewellery,Diamond Jewellery,Gemset Jewellery,White Gold Jewellery,Stainless Steel Jewellery; We specialize in crafting an exquisite range of Pens, including Silver Pens, Jewelry Pens,
and Diamond Pens, while we provide a diverse array of custom services tailored to fulfill your unique
requirements.; ODM, OEM","Men's Jewellery,Diamond Jewellery,Gemset Jewellery,White Gold Jewellery,Stainless Steel Jewellery; We specialize in crafting an exquisite range of Pens, including Silver Pens, Jewelry Pens,
and Diamond Pens, while we provide a diverse array of custom services tailored to fulfill your unique
requirements.; ODM, OEM"
Totality,Totality,"The Diamond, a rare and brilliant crystal formed by nature, where time,; extreme pressure and heat combine to create the hardest substance on earth.; Diamond seems to perform magic with the light giving them a sparkle; unmatched by other gems and making them the delight of royalty around the globe.; Laban has paired the wondrous diamond with the lustrous silver sheen of Rhodium; to create the triumph; combining simplicity and elegance of our turned pattern.","The Diamond, a rare and brilliant crystal formed by nature, where time,; extreme pressure and heat combine to create the hardest substance on earth.; Diamond seems to perform magic with the light giving them a sparkle; unmatched by other gems and making them the delight of royalty around the globe.; Laban has paired the wondrous diamond with the lustrous silver sheen of Rhodium; to create the triumph; combining simplicity and elegance of our turned pattern.",,,,Thong Yeong Corporation,"Men's Jewellery,Diamond Jewellery,Gemset Jewellery,White Gold Jewellery,Stainless Steel Jewellery; We specialize in crafting an exquisite range of Pens, including Silver Pens, Jewelry Pens,
and Diamond Pens, while we provide a diverse array of custom services tailored to fulfill your unique
requirements.; ODM, OEM","Men's Jewellery,Diamond Jewellery,Gemset Jewellery,White Gold Jewellery,Stainless Steel Jewellery; We specialize in crafting an exquisite range of Pens, including Silver Pens, Jewelry Pens,
and Diamond Pens, while we provide a diverse array of custom services tailored to fulfill your unique
requirements.; ODM, OEM"
Steel Ring,Steel Ring,Steel/silver/brass Jewelry,Steel/silver/brass Jewelry,,,,Hebest Jewelry HK Company Limited,"Sterling Silver Jewellery,Stainless Steel Jewellery; Steel/silver Jewelry; OEM, ODM, OBM","Sterling Silver Jewellery,Stainless Steel Jewellery; Steel/silver Jewelry; OEM, ODM, OBM"
High Glossy Wood Watch Box,High Glossy Wood Watch Box,Exterior material :  MDF with lacquer; Interior material : velvet; Logo : custom; Package : outer paper box,Exterior material :  MDF with lacquer; Interior material : velvet; Logo : custom; Package : outer paper box,,,,"Global Victory International Co., Ltd","Jewellery and Watch Box,Jewellery Display Material,Jewellery Packaging Material,Jewellery Packaging & Display; We GVP specialized in manufacturing & exporting all kinds of jewelry box/display, watch box/display,gift packaging box, paper bag and jewelry pouches ect., Located in Shenzhen,China,with an area of 15.000 square factory workshop and around 500 employ; OEM, ODM","Jewellery and Watch Box,Jewellery Display Material,Jewellery Packaging Material,Jewellery Packaging & Display; We GVP specialized in manufacturing & exporting all kinds of jewelry box/display, watch box/display,gift packaging box, paper bag and jewelry pouches ect., Located in Shenzhen,China,with an area of 15.000 square factory workshop and around 500 employ; OEM, ODM"
PU Watch Box With Transparency Window,PU Watch Box With Transparency Window,Exterior material : plastic core wrapped with PU leather; Interior material : velvet; Logo : custom; Package : PE bag + sleeve,Exterior material : plastic core wrapped with PU leather; Interior material : velvet; Logo : custom; Package : PE bag + sleeve,,,,"Global Victory International Co., Ltd","Jewellery and Watch Box,Jewellery Display Material,Jewellery Packaging Material,Jewellery Packaging & Display; We GVP specialized in manufacturing & exporting all kinds of jewelry box/display, watch box/display,gift packaging box, paper bag and jewelry pouches ect., Located in Shenzhen,China,with an area of 15.000 square factory workshop and around 500 employ; OEM, ODM","Jewellery and Watch Box,Jewellery Display Material,Jewellery Packaging Material,Jewellery Packaging & Display; We GVP specialized in manufacturing & exporting all kinds of jewelry box/display, watch box/display,gift packaging box, paper bag and jewelry pouches ect., Located in Shenzhen,China,with an area of 15.000 square factory workshop and around 500 employ; OEM, ODM"
Bespoke Leather Watch Box,Bespoke Leather Watch Box,Exterior material : plastic core wrapped with PU leather; Interior material : PU; Logo : custom; Package : PE bag + sleeve,Exterior material : plastic core wrapped with PU leather; Interior material : PU; Logo : custom; Package : PE bag + sleeve,,,,"Global Victory International Co., Ltd","Jewellery and Watch Box,Jewellery Display Material,Jewellery Packaging Material,Jewellery Packaging & Display; We GVP specialized in manufacturing & exporting all kinds of jewelry box/display, watch box/display,gift packaging box, paper bag and jewelry pouches ect., Located in Shenzhen,China,with an area of 15.000 square factory workshop and around 500 employ; OEM, ODM","Jewellery and Watch Box,Jewellery Display Material,Jewellery Packaging Material,Jewellery Packaging & Display; We GVP specialized in manufacturing & exporting all kinds of jewelry box/display, watch box/display,gift packaging box, paper bag and jewelry pouches ect., Located in Shenzhen,China,with an area of 15.000 square factory workshop and around 500 employ; OEM, ODM"
Fashion Design Jelwery Packaging Box,Fashion Design Jelwery Packaging Box,Exterior material: plastic core wrapped with PU leather; Interior material : foam wrapped with velvet; Logo : custom; Packaging : PE bag+ sleeve,Exterior material: plastic core wrapped with PU leather; Interior material : foam wrapped with velvet; Logo : custom; Packaging : PE bag+ sleeve,,,,"Global Victory International Co., Ltd","Jewellery and Watch Box,Jewellery Display Material,Jewellery Packaging Material,Jewellery Packaging & Display; We GVP specialized in manufacturing & exporting all kinds of jewelry box/display, watch box/display,gift packaging box, paper bag and jewelry pouches ect., Located in Shenzhen,China,with an area of 15.000 square factory workshop and around 500 employ; OEM, ODM","Jewellery and Watch Box,Jewellery Display Material,Jewellery Packaging Material,Jewellery Packaging & Display; We GVP specialized in manufacturing & exporting all kinds of jewelry box/display, watch box/display,gift packaging box, paper bag and jewelry pouches ect., Located in Shenzhen,China,with an area of 15.000 square factory workshop and around 500 employ; OEM, ODM"
Wholesale Jewelry Paper Packaging,Wholesale Jewelry Paper Packaging,Exterior material : cardboard core wrapped with paper; Interior material : foam wrapped with velvet; Logo : custom; Packaging : PE bag+sleeve,Exterior material : cardboard core wrapped with paper; Interior material : foam wrapped with velvet; Logo : custom; Packaging : PE bag+sleeve,,,,"Global Victory International Co., Ltd","Jewellery and Watch Box,Jewellery Display Material,Jewellery Packaging Material,Jewellery Packaging & Display; We GVP specialized in manufacturing & exporting all kinds of jewelry box/display, watch box/display,gift packaging box, paper bag and jewelry pouches ect., Located in Shenzhen,China,with an area of 15.000 square factory workshop and around 500 employ; OEM, ODM","Jewellery and Watch Box,Jewellery Display Material,Jewellery Packaging Material,Jewellery Packaging & Display; We GVP specialized in manufacturing & exporting all kinds of jewelry box/display, watch box/display,gift packaging box, paper bag and jewelry pouches ect., Located in Shenzhen,China,with an area of 15.000 square factory workshop and around 500 employ; OEM, ODM"
PU Jewelry Box,PU Jewelry Box,PU Jewelry Box,PU Jewelry Box,,,,"Global Victory International Co., Ltd","Jewellery and Watch Box,Jewellery Display Material,Jewellery Packaging Material,Jewellery Packaging & Display; We GVP specialized in manufacturing & exporting all kinds of jewelry box/display, watch box/display,gift packaging box, paper bag and jewelry pouches ect., Located in Shenzhen,China,with an area of 15.000 square factory workshop and around 500 employ; OEM, ODM","Jewellery and Watch Box,Jewellery Display Material,Jewellery Packaging Material,Jewellery Packaging & Display; We GVP specialized in manufacturing & exporting all kinds of jewelry box/display, watch box/display,gift packaging box, paper bag and jewelry pouches ect., Located in Shenzhen,China,with an area of 15.000 square factory workshop and around 500 employ; OEM, ODM"
Perfume Soap Flower Jewelry Storage Box,Perfume Soap Flower Jewelry Storage Box,Perfume Soap Flower Jewelry Storage Box,Perfume Soap Flower Jewelry Storage Box,,,,"Global Victory International Co., Ltd","Jewellery and Watch Box,Jewellery Display Material,Jewellery Packaging Material,Jewellery Packaging & Display; We GVP specialized in manufacturing & exporting all kinds of jewelry box/display, watch box/display,gift packaging box, paper bag and jewelry pouches ect., Located in Shenzhen,China,with an area of 15.000 square factory workshop and around 500 employ; OEM, ODM","Jewellery and Watch Box,Jewellery Display Material,Jewellery Packaging Material,Jewellery Packaging & Display; We GVP specialized in manufacturing & exporting all kinds of jewelry box/display, watch box/display,gift packaging box, paper bag and jewelry pouches ect., Located in Shenzhen,China,with an area of 15.000 square factory workshop and around 500 employ; OEM, ODM"
Custom Paper Jewelry Packaging Box,Custom Paper Jewelry Packaging Box,Exterior material : cardboard core wrapped with paper; Interior material : foam wrapped with velvet; Logo : custom; Packaging : PE bag+sleeve,Exterior material : cardboard core wrapped with paper; Interior material : foam wrapped with velvet; Logo : custom; Packaging : PE bag+sleeve,,,,"Global Victory International Co., Ltd","Jewellery and Watch Box,Jewellery Display Material,Jewellery Packaging Material,Jewellery Packaging & Display; We GVP specialized in manufacturing & exporting all kinds of jewelry box/display, watch box/display,gift packaging box, paper bag and jewelry pouches ect., Located in Shenzhen,China,with an area of 15.000 square factory workshop and around 500 employ; OEM, ODM","Jewellery and Watch Box,Jewellery Display Material,Jewellery Packaging Material,Jewellery Packaging & Display; We GVP specialized in manufacturing & exporting all kinds of jewelry box/display, watch box/display,gift packaging box, paper bag and jewelry pouches ect., Located in Shenzhen,China,with an area of 15.000 square factory workshop and around 500 employ; OEM, ODM"
Green PU Leather Watch Box,Green PU Leather Watch Box,Exterior material : plastic core wrapped with Green PU leather; Interior material : velvet; Logo : custom; Package : PE bag + sleeve,Exterior material : plastic core wrapped with Green PU leather; Interior material : velvet; Logo : custom; Package : PE bag + sleeve,,,,"Global Victory International Co., Ltd","Jewellery and Watch Box,Jewellery Display Material,Jewellery Packaging Material,Jewellery Packaging & Display; We GVP specialized in manufacturing & exporting all kinds of jewelry box/display, watch box/display,gift packaging box, paper bag and jewelry pouches ect., Located in Shenzhen,China,with an area of 15.000 square factory workshop and around 500 employ; OEM, ODM","Jewellery and Watch Box,Jewellery Display Material,Jewellery Packaging Material,Jewellery Packaging & Display; We GVP specialized in manufacturing & exporting all kinds of jewelry box/display, watch box/display,gift packaging box, paper bag and jewelry pouches ect., Located in Shenzhen,China,with an area of 15.000 square factory workshop and around 500 employ; OEM, ODM"
Luxury Leather Watch Box,Luxury Leather Watch Box,Exterior material : plastic core wrapped with PU leather; Interior material : PU; Logo : custom; Package : PE bag + sleeve,Exterior material : plastic core wrapped with PU leather; Interior material : PU; Logo : custom; Package : PE bag + sleeve,,,,"Global Victory International Co., Ltd","Jewellery and Watch Box,Jewellery Display Material,Jewellery Packaging Material,Jewellery Packaging & Display; We GVP specialized in manufacturing & exporting all kinds of jewelry box/display, watch box/display,gift packaging box, paper bag and jewelry pouches ect., Located in Shenzhen,China,with an area of 15.000 square factory workshop and around 500 employ; OEM, ODM","Jewellery and Watch Box,Jewellery Display Material,Jewellery Packaging Material,Jewellery Packaging & Display; We GVP specialized in manufacturing & exporting all kinds of jewelry box/display, watch box/display,gift packaging box, paper bag and jewelry pouches ect., Located in Shenzhen,China,with an area of 15.000 square factory workshop and around 500 employ; OEM, ODM"
Wooden Watch Box,Wooden Watch Box,Wooden Watch Box,Wooden Watch Box,,,,"Global Victory International Co., Ltd","Jewellery and Watch Box,Jewellery Display Material,Jewellery Packaging Material,Jewellery Packaging & Display; We GVP specialized in manufacturing & exporting all kinds of jewelry box/display, watch box/display,gift packaging box, paper bag and jewelry pouches ect., Located in Shenzhen,China,with an area of 15.000 square factory workshop and around 500 employ; OEM, ODM","Jewellery and Watch Box,Jewellery Display Material,Jewellery Packaging Material,Jewellery Packaging & Display; We GVP specialized in manufacturing & exporting all kinds of jewelry box/display, watch box/display,gift packaging box, paper bag and jewelry pouches ect., Located in Shenzhen,China,with an area of 15.000 square factory workshop and around 500 employ; OEM, ODM"
PU Leather Box,PU Leather Box,PU Leather Box,PU Leather Box,,,,"Global Victory International Co., Ltd","Jewellery and Watch Box,Jewellery Display Material,Jewellery Packaging Material,Jewellery Packaging & Display; We GVP specialized in manufacturing & exporting all kinds of jewelry box/display, watch box/display,gift packaging box, paper bag and jewelry pouches ect., Located in Shenzhen,China,with an area of 15.000 square factory workshop and around 500 employ; OEM, ODM","Jewellery and Watch Box,Jewellery Display Material,Jewellery Packaging Material,Jewellery Packaging & Display; We GVP specialized in manufacturing & exporting all kinds of jewelry box/display, watch box/display,gift packaging box, paper bag and jewelry pouches ect., Located in Shenzhen,China,with an area of 15.000 square factory workshop and around 500 employ; OEM, ODM"
Custom Satin Material Jewelry Packaging Box,Custom Satin Material Jewelry Packaging Box,Exterior material : plastic core wrapped with satin material; Interior material : foam wrapped with satin material; Logo : custom; Packaging : PE bag + sleeve,Exterior material : plastic core wrapped with satin material; Interior material : foam wrapped with satin material; Logo : custom; Packaging : PE bag + sleeve,,,,"Global Victory International Co., Ltd","Jewellery and Watch Box,Jewellery Display Material,Jewellery Packaging Material,Jewellery Packaging & Display; We GVP specialized in manufacturing & exporting all kinds of jewelry box/display, watch box/display,gift packaging box, paper bag and jewelry pouches ect., Located in Shenzhen,China,with an area of 15.000 square factory workshop and around 500 employ; OEM, ODM","Jewellery and Watch Box,Jewellery Display Material,Jewellery Packaging Material,Jewellery Packaging & Display; We GVP specialized in manufacturing & exporting all kinds of jewelry box/display, watch box/display,gift packaging box, paper bag and jewelry pouches ect., Located in Shenzhen,China,with an area of 15.000 square factory workshop and around 500 employ; OEM, ODM"
Custom Leather Watch Packaging Box,Custom Leather Watch Packaging Box,Exterior material : plastic core wrapped with PU leather; Interior material : PU; Logo : custom; Package : PE bag + sleeve,Exterior material : plastic core wrapped with PU leather; Interior material : PU; Logo : custom; Package : PE bag + sleeve,,,,"Global Victory International Co., Ltd","Jewellery and Watch Box,Jewellery Display Material,Jewellery Packaging Material,Jewellery Packaging & Display; We GVP specialized in manufacturing & exporting all kinds of jewelry box/display, watch box/display,gift packaging box, paper bag and jewelry pouches ect., Located in Shenzhen,China,with an area of 15.000 square factory workshop and around 500 employ; OEM, ODM","Jewellery and Watch Box,Jewellery Display Material,Jewellery Packaging Material,Jewellery Packaging & Display; We GVP specialized in manufacturing & exporting all kinds of jewelry box/display, watch box/display,gift packaging box, paper bag and jewelry pouches ect., Located in Shenzhen,China,with an area of 15.000 square factory workshop and around 500 employ; OEM, ODM"
Popular Single Watch Packaging Box With Two Size,Popular Single Watch Packaging Box With Two Size,Exterior material : plastic core wrapped with fancy paper; Interior material : velvet; Logo : custom; Package : PE bag + sleeve,Exterior material : plastic core wrapped with fancy paper; Interior material : velvet; Logo : custom; Package : PE bag + sleeve,,,,"Global Victory International Co., Ltd","Jewellery and Watch Box,Jewellery Display Material,Jewellery Packaging Material,Jewellery Packaging & Display; We GVP specialized in manufacturing & exporting all kinds of jewelry box/display, watch box/display,gift packaging box, paper bag and jewelry pouches ect., Located in Shenzhen,China,with an area of 15.000 square factory workshop and around 500 employ; OEM, ODM","Jewellery and Watch Box,Jewellery Display Material,Jewellery Packaging Material,Jewellery Packaging & Display; We GVP specialized in manufacturing & exporting all kinds of jewelry box/display, watch box/display,gift packaging box, paper bag and jewelry pouches ect., Located in Shenzhen,China,with an area of 15.000 square factory workshop and around 500 employ; OEM, ODM"
Exquisite High Glossy Wooden Watch Box,Exquisite High Glossy Wooden Watch Box,Exterior material :  MDF with lacquer; Interior material : velvet; Logo : custom; Package : outer paper box,Exterior material :  MDF with lacquer; Interior material : velvet; Logo : custom; Package : outer paper box,,,,"Global Victory International Co., Ltd","Jewellery and Watch Box,Jewellery Display Material,Jewellery Packaging Material,Jewellery Packaging & Display; We GVP specialized in manufacturing & exporting all kinds of jewelry box/display, watch box/display,gift packaging box, paper bag and jewelry pouches ect., Located in Shenzhen,China,with an area of 15.000 square factory workshop and around 500 employ; OEM, ODM","Jewellery and Watch Box,Jewellery Display Material,Jewellery Packaging Material,Jewellery Packaging & Display; We GVP specialized in manufacturing & exporting all kinds of jewelry box/display, watch box/display,gift packaging box, paper bag and jewelry pouches ect., Located in Shenzhen,China,with an area of 15.000 square factory workshop and around 500 employ; OEM, ODM"
Custom Pu leather Jewelry Set Box,Custom Pu leather Jewelry Set Box,Exterior material : plastic core wrapped with PU leather; Interior material : foam wrapped with velvet; Logo : custom; Package : PE bag+sleeve,Exterior material : plastic core wrapped with PU leather; Interior material : foam wrapped with velvet; Logo : custom; Package : PE bag+sleeve,,,,"Global Victory International Co., Ltd","Jewellery and Watch Box,Jewellery Display Material,Jewellery Packaging Material,Jewellery Packaging & Display; We GVP specialized in manufacturing & exporting all kinds of jewelry box/display, watch box/display,gift packaging box, paper bag and jewelry pouches ect., Located in Shenzhen,China,with an area of 15.000 square factory workshop and around 500 employ; OEM, ODM","Jewellery and Watch Box,Jewellery Display Material,Jewellery Packaging Material,Jewellery Packaging & Display; We GVP specialized in manufacturing & exporting all kinds of jewelry box/display, watch box/display,gift packaging box, paper bag and jewelry pouches ect., Located in Shenzhen,China,with an area of 15.000 square factory workshop and around 500 employ; OEM, ODM"
High Gloss Lacquer Watch Wood Packaging Boxes,High Gloss Lacquer Watch Wood Packaging Boxes,High Gloss Lacquer Watch Wood Packaging Boxes,High Gloss Lacquer Watch Wood Packaging Boxes,,,,"Global Victory International Co., Ltd","Jewellery and Watch Box,Jewellery Display Material,Jewellery Packaging Material,Jewellery Packaging & Display; We GVP specialized in manufacturing & exporting all kinds of jewelry box/display, watch box/display,gift packaging box, paper bag and jewelry pouches ect., Located in Shenzhen,China,with an area of 15.000 square factory workshop and around 500 employ; OEM, ODM","Jewellery and Watch Box,Jewellery Display Material,Jewellery Packaging Material,Jewellery Packaging & Display; We GVP specialized in manufacturing & exporting all kinds of jewelry box/display, watch box/display,gift packaging box, paper bag and jewelry pouches ect., Located in Shenzhen,China,with an area of 15.000 square factory workshop and around 500 employ; OEM, ODM"
Wood Watch Box With Lacquer,Wood Watch Box With Lacquer,Exterior material :  MDF with lacquer; Interior material : velvet; Logo : custom; Package : outer paper box,Exterior material :  MDF with lacquer; Interior material : velvet; Logo : custom; Package : outer paper box,,,,"Global Victory International Co., Ltd","Jewellery and Watch Box,Jewellery Display Material,Jewellery Packaging Material,Jewellery Packaging & Display; We GVP specialized in manufacturing & exporting all kinds of jewelry box/display, watch box/display,gift packaging box, paper bag and jewelry pouches ect., Located in Shenzhen,China,with an area of 15.000 square factory workshop and around 500 employ; OEM, ODM","Jewellery and Watch Box,Jewellery Display Material,Jewellery Packaging Material,Jewellery Packaging & Display; We GVP specialized in manufacturing & exporting all kinds of jewelry box/display, watch box/display,gift packaging box, paper bag and jewelry pouches ect., Located in Shenzhen,China,with an area of 15.000 square factory workshop and around 500 employ; OEM, ODM"
High Glossy Black Wood Watch Box,High Glossy Black Wood Watch Box,Exterior material :  wooden core with lacquer; Interior material : velvet; Logo : custom; Package : paper box,Exterior material :  wooden core with lacquer; Interior material : velvet; Logo : custom; Package : paper box,,,,"Global Victory International Co., Ltd","Jewellery and Watch Box,Jewellery Display Material,Jewellery Packaging Material,Jewellery Packaging & Display; We GVP specialized in manufacturing & exporting all kinds of jewelry box/display, watch box/display,gift packaging box, paper bag and jewelry pouches ect., Located in Shenzhen,China,with an area of 15.000 square factory workshop and around 500 employ; OEM, ODM","Jewellery and Watch Box,Jewellery Display Material,Jewellery Packaging Material,Jewellery Packaging & Display; We GVP specialized in manufacturing & exporting all kinds of jewelry box/display, watch box/display,gift packaging box, paper bag and jewelry pouches ect., Located in Shenzhen,China,with an area of 15.000 square factory workshop and around 500 employ; OEM, ODM"
South Sea Pearl Necklace,South Sea Pearl Necklace,South Sea Pearl Necklace,South Sea Pearl Necklace,,,,Heartford Jewellery Group (Belgium) Limited,"Men's Jewellery,Jade Jewellery Set,South Sea Pearl Jewellery,Tahiti Pearl Jewellery,Akoya Pearl Jewellery; Diamond Jewellery, Jade Jewellery, Pearl Jewellery, South sea pearl, Akoya pearl, Japan pearl Engagement Ring, Diamond Ring, Pendant and Necklace.; OBM, ODM, OEM, Others","Men's Jewellery,Jade Jewellery Set,South Sea Pearl Jewellery,Tahiti Pearl Jewellery,Akoya Pearl Jewellery; Diamond Jewellery, Jade Jewellery, Pearl Jewellery, South sea pearl, Akoya pearl, Japan pearl Engagement Ring, Diamond Ring, Pendant and Necklace.; OBM, ODM, OEM, Others"
Akoya Pearl Necklace Earring,Akoya Pearl Necklace Earring,Akoya Pearl Necklace Earring,Akoya Pearl Necklace Earring,,,,Heartford Jewellery Group (Belgium) Limited,"Men's Jewellery,Jade Jewellery Set,South Sea Pearl Jewellery,Tahiti Pearl Jewellery,Akoya Pearl Jewellery; Diamond Jewellery, Jade Jewellery, Pearl Jewellery, South sea pearl, Akoya pearl, Japan pearl Engagement Ring, Diamond Ring, Pendant and Necklace.; OBM, ODM, OEM, Others","Men's Jewellery,Jade Jewellery Set,South Sea Pearl Jewellery,Tahiti Pearl Jewellery,Akoya Pearl Jewellery; Diamond Jewellery, Jade Jewellery, Pearl Jewellery, South sea pearl, Akoya pearl, Japan pearl Engagement Ring, Diamond Ring, Pendant and Necklace.; OBM, ODM, OEM, Others"
Sapphire Ring,Sapphire Ring,Sapphire Ring,Sapphire Ring,,,,Heartford Jewellery Group (Belgium) Limited,"Men's Jewellery,Jade Jewellery Set,South Sea Pearl Jewellery,Tahiti Pearl Jewellery,Akoya Pearl Jewellery; Diamond Jewellery, Jade Jewellery, Pearl Jewellery, South sea pearl, Akoya pearl, Japan pearl Engagement Ring, Diamond Ring, Pendant and Necklace.; OBM, ODM, OEM, Others","Men's Jewellery,Jade Jewellery Set,South Sea Pearl Jewellery,Tahiti Pearl Jewellery,Akoya Pearl Jewellery; Diamond Jewellery, Jade Jewellery, Pearl Jewellery, South sea pearl, Akoya pearl, Japan pearl Engagement Ring, Diamond Ring, Pendant and Necklace.; OBM, ODM, OEM, Others"
"Tahiti Pearl, Tahitian Pearl","Tahiti Pearl, Tahitian Pearl","Tahiti Pearl, Tahitian Pearl","Tahiti Pearl, Tahitian Pearl",,,,Heartford Jewellery Group (Belgium) Limited,"Men's Jewellery,Jade Jewellery Set,South Sea Pearl Jewellery,Tahiti Pearl Jewellery,Akoya Pearl Jewellery; Diamond Jewellery, Jade Jewellery, Pearl Jewellery, South sea pearl, Akoya pearl, Japan pearl Engagement Ring, Diamond Ring, Pendant and Necklace.; OBM, ODM, OEM, Others","Men's Jewellery,Jade Jewellery Set,South Sea Pearl Jewellery,Tahiti Pearl Jewellery,Akoya Pearl Jewellery; Diamond Jewellery, Jade Jewellery, Pearl Jewellery, South sea pearl, Akoya pearl, Japan pearl Engagement Ring, Diamond Ring, Pendant and Necklace.; OBM, ODM, OEM, Others"
Akoya Pearl,Akoya Pearl,Akoya Pearl,Akoya Pearl,,,,Heartford Jewellery Group (Belgium) Limited,"Men's Jewellery,Jade Jewellery Set,South Sea Pearl Jewellery,Tahiti Pearl Jewellery,Akoya Pearl Jewellery; Diamond Jewellery, Jade Jewellery, Pearl Jewellery, South sea pearl, Akoya pearl, Japan pearl Engagement Ring, Diamond Ring, Pendant and Necklace.; OBM, ODM, OEM, Others","Men's Jewellery,Jade Jewellery Set,South Sea Pearl Jewellery,Tahiti Pearl Jewellery,Akoya Pearl Jewellery; Diamond Jewellery, Jade Jewellery, Pearl Jewellery, South sea pearl, Akoya pearl, Japan pearl Engagement Ring, Diamond Ring, Pendant and Necklace.; OBM, ODM, OEM, Others"
Akoya Pearl Jewelry Set,Akoya Pearl Jewelry Set,Akoya Pearl Jewelry Set,Akoya Pearl Jewelry Set,,,,Heartford Jewellery Group (Belgium) Limited,"Men's Jewellery,Jade Jewellery Set,South Sea Pearl Jewellery,Tahiti Pearl Jewellery,Akoya Pearl Jewellery; Diamond Jewellery, Jade Jewellery, Pearl Jewellery, South sea pearl, Akoya pearl, Japan pearl Engagement Ring, Diamond Ring, Pendant and Necklace.; OBM, ODM, OEM, Others","Men's Jewellery,Jade Jewellery Set,South Sea Pearl Jewellery,Tahiti Pearl Jewellery,Akoya Pearl Jewellery; Diamond Jewellery, Jade Jewellery, Pearl Jewellery, South sea pearl, Akoya pearl, Japan pearl Engagement Ring, Diamond Ring, Pendant and Necklace.; OBM, ODM, OEM, Others"
Jade Jewellery,Jade Jewellery,Jade Jewellery,Jade Jewellery,,,,Heartford Jewellery Group (Belgium) Limited,"Men's Jewellery,Jade Jewellery Set,South Sea Pearl Jewellery,Tahiti Pearl Jewellery,Akoya Pearl Jewellery; Diamond Jewellery, Jade Jewellery, Pearl Jewellery, South sea pearl, Akoya pearl, Japan pearl Engagement Ring, Diamond Ring, Pendant and Necklace.; OBM, ODM, OEM, Others","Men's Jewellery,Jade Jewellery Set,South Sea Pearl Jewellery,Tahiti Pearl Jewellery,Akoya Pearl Jewellery; Diamond Jewellery, Jade Jewellery, Pearl Jewellery, South sea pearl, Akoya pearl, Japan pearl Engagement Ring, Diamond Ring, Pendant and Necklace.; OBM, ODM, OEM, Others"
Diamond Ring,Diamond Ring,Diamond Ring,Diamond Ring,,,,Heartford Jewellery Group (Belgium) Limited,"Men's Jewellery,Jade Jewellery Set,South Sea Pearl Jewellery,Tahiti Pearl Jewellery,Akoya Pearl Jewellery; Diamond Jewellery, Jade Jewellery, Pearl Jewellery, South sea pearl, Akoya pearl, Japan pearl Engagement Ring, Diamond Ring, Pendant and Necklace.; OBM, ODM, OEM, Others","Men's Jewellery,Jade Jewellery Set,South Sea Pearl Jewellery,Tahiti Pearl Jewellery,Akoya Pearl Jewellery; Diamond Jewellery, Jade Jewellery, Pearl Jewellery, South sea pearl, Akoya pearl, Japan pearl Engagement Ring, Diamond Ring, Pendant and Necklace.; OBM, ODM, OEM, Others"
"White South Sea Pearl, South Sea Pearl","White South Sea Pearl, South Sea Pearl","White South Sea Pearl, South Sea Pearl","White South Sea Pearl, South Sea Pearl",,,,Heartford Jewellery Group (Belgium) Limited,"Men's Jewellery,Jade Jewellery Set,South Sea Pearl Jewellery,Tahiti Pearl Jewellery,Akoya Pearl Jewellery; Diamond Jewellery, Jade Jewellery, Pearl Jewellery, South sea pearl, Akoya pearl, Japan pearl Engagement Ring, Diamond Ring, Pendant and Necklace.; OBM, ODM, OEM, Others","Men's Jewellery,Jade Jewellery Set,South Sea Pearl Jewellery,Tahiti Pearl Jewellery,Akoya Pearl Jewellery; Diamond Jewellery, Jade Jewellery, Pearl Jewellery, South sea pearl, Akoya pearl, Japan pearl Engagement Ring, Diamond Ring, Pendant and Necklace.; OBM, ODM, OEM, Others"
Akoya Pearl Bracelet,Akoya Pearl Bracelet,Akoya Pearl Bracelet,Akoya Pearl Bracelet,,,,Heartford Jewellery Group (Belgium) Limited,"Men's Jewellery,Jade Jewellery Set,South Sea Pearl Jewellery,Tahiti Pearl Jewellery,Akoya Pearl Jewellery; Diamond Jewellery, Jade Jewellery, Pearl Jewellery, South sea pearl, Akoya pearl, Japan pearl Engagement Ring, Diamond Ring, Pendant and Necklace.; OBM, ODM, OEM, Others","Men's Jewellery,Jade Jewellery Set,South Sea Pearl Jewellery,Tahiti Pearl Jewellery,Akoya Pearl Jewellery; Diamond Jewellery, Jade Jewellery, Pearl Jewellery, South sea pearl, Akoya pearl, Japan pearl Engagement Ring, Diamond Ring, Pendant and Necklace.; OBM, ODM, OEM, Others"
South Sea Pearl,South Sea Pearl,South Sea Pearl,South Sea Pearl,,,,Heartford Jewellery Group (Belgium) Limited,"Men's Jewellery,Jade Jewellery Set,South Sea Pearl Jewellery,Tahiti Pearl Jewellery,Akoya Pearl Jewellery; Diamond Jewellery, Jade Jewellery, Pearl Jewellery, South sea pearl, Akoya pearl, Japan pearl Engagement Ring, Diamond Ring, Pendant and Necklace.; OBM, ODM, OEM, Others","Men's Jewellery,Jade Jewellery Set,South Sea Pearl Jewellery,Tahiti Pearl Jewellery,Akoya Pearl Jewellery; Diamond Jewellery, Jade Jewellery, Pearl Jewellery, South sea pearl, Akoya pearl, Japan pearl Engagement Ring, Diamond Ring, Pendant and Necklace.; OBM, ODM, OEM, Others"
earring,earring,"Stainless steel 316L earring,each earring has 2pcs cubic zirconia,  and we chose the best quality cubic zirconia,this earring is simple but beautiful","Stainless steel 316L earring,each earring has 2pcs cubic zirconia,  and we chose the best quality cubic zirconia,this earring is simple but beautiful",,,,Shenzhen Xingwang Jewelry Limited Company,"Titanium Jewellery,Stainless Steel Jewellery; Titanium steel necklace; ODM, OEM, OBM","Titanium Jewellery,Stainless Steel Jewellery; Titanium steel necklace; ODM, OEM, OBM"
Exhibition service,Exhibition service,"Shenzhen Winwai International Exhibition & Advertising Co., Ltd.mainly for domestic foreign trade enterprises to explore the international market, adhere to the customer enterprise as the core, and build a service bridge for the enterprise's international market. The company has established a long-term close cooperative relationship with major exhibition organizers in the world, and is also an authorized agent recognized by the Hong Kong Trade Development Council, providing services for domestic enterprises to promote overseas and assisting in signing up for various international exhibitions of the Hong Kong Trade Development Council. Including the popular Hong Kong TDC Spring and Autumn Electronics Show, Hong Kong International Jewellery Show, Hong Kong TDC Spring and Autumn Lighting Show and Hong Kong TDC Gifts and Gifts Show, and is responsible for the domestic marketing business of HKTDC's B2B platform, HKTDC's trade magazines, which plays a significant role in promoting the international market share and brand effect of Chinese enterprises' products. We take ""customer supreme, meticulous service"" as the concept, and provide accurate, high-quality, efficient and thorough exhibition services for every enterprise with sincere attitude. Foreign international exhibition advertisements hope to join hands with TDC to provide more opportunities for domestic foreign trade enterprises and manufacturers and expand more overseas markets.; 深圳市汇外国际展览广告有限公司主要为国内外贸企业开拓国际市场，坚持以客户企业为核心，为企业国际化市场铸造服务桥梁，公司与世界各大展览主办机构建立了长期紧密的合作关系，同时也是香港贸易发展局国内认可授权代理，为国内企业海外推广提供服务，协助报名参加香港贸发局的各类国际性展览，包括热门的香港贸发局春秋季电子展、香港国际珠宝展、香港贸发局春秋季灯饰展及香港贸发局礼品及赠品展、并负责香港贸发局网络 B2B 平台贸发网及贸发局行业杂志国内营销业务，为我国企业的产品提高国际市场占有率和提升品牌效应起到显著的促进作用。我们以""客户至尊，精心服务""为理念，以真诚的态度为每家企业提供精确、优质、高效、周密的展览全程服务。汇外国际展览广告希望携手贸发局为国内外贸企业厂商提供更多机会，拓展更多海外市场。","Shenzhen Winwai International Exhibition & Advertising Co., Ltd.mainly for domestic foreign trade enterprises to explore the international market, adhere to the customer enterprise as the core, and build a service bridge for the enterprise's international market. The company has established a long-term close cooperative relationship with major exhibition organizers in the world, and is also an authorized agent recognized by the Hong Kong Trade Development Council, providing services for domestic enterprises to promote overseas and assisting in signing up for various international exhibitions of the Hong Kong Trade Development Council. Including the popular Hong Kong TDC Spring and Autumn Electronics Show, Hong Kong International Jewellery Show, Hong Kong TDC Spring and Autumn Lighting Show and Hong Kong TDC Gifts and Gifts Show, and is responsible for the domestic marketing business of HKTDC's B2B platform, HKTDC's trade magazines, which plays a significant role in promoting the international market share and brand effect of Chinese enterprises' products. We take ""customer supreme, meticulous service"" as the concept, and provide accurate, high-quality, efficient and thorough exhibition services for every enterprise with sincere attitude. Foreign international exhibition advertisements hope to join hands with TDC to provide more opportunities for domestic foreign trade enterprises and manufacturers and expand more overseas markets.; 深圳市汇外国际展览广告有限公司主要为国内外贸企业开拓国际市场，坚持以客户企业为核心，为企业国际化市场铸造服务桥梁，公司与世界各大展览主办机构建立了长期紧密的合作关系，同时也是香港贸易发展局国内认可授权代理，为国内企业海外推广提供服务，协助报名参加香港贸发局的各类国际性展览，包括热门的香港贸发局春秋季电子展、香港国际珠宝展、香港贸发局春秋季灯饰展及香港贸发局礼品及赠品展、并负责香港贸发局网络 B2B 平台贸发网及贸发局行业杂志国内营销业务，为我国企业的产品提高国际市场占有率和提升品牌效应起到显著的促进作用。我们以""客户至尊，精心服务""为理念，以真诚的态度为每家企业提供精确、优质、高效、周密的展览全程服务。汇外国际展览广告希望携手贸发局为国内外贸企业厂商提供更多机会，拓展更多海外市场。",,,,"Shenzhen Winwai International Exhibition & Advertising Co., Ltd.",Trade Service; Exhibition service; Others,Trade Service; Exhibition service; Others
