NAME_KR,NAME_EN,COUNTRY,INTRO_KR,INTRO_EN,WEBSITE,PARTICIPATION_TYPE,EXHIBITION_NAME_EN,BOOTH_NAME,HALL_NAME,PAVILION_NAME,FLOOR,X_COORD,Y_COORD,INDUSTRY_NAME_KR,INDUSTRY_NAME_EN,DETAIL_URL,PRODUCT_COUNT,PRODUCT_LIST
Now TV Limited,Now TV Limited,Hong Kong,,,,Exhibitor,Home Delights Expo 2025,3G-A22,Household Products,,1,,,"Now TV, Netvigator and csl mobile","Now TV, Netvigator and csl mobile",https://www.hktdc.com/event/homedelights/en/exhibitor/1S005NYFT,0,
Kinox Trading Limited,Kinox Trading Limited,Hong Kong,"Founded in Hong Kong 1949, Kinox has evolved from a small mould making workshop to a world renowed manufacturer of quality stainless steel and insulated products. In addition to our extensive range of cookware for the modern homes, we are also one of the largest manufacturers of food and beverage servers for the commercial foodservice and hospitality sectors worldwide, which include hotels, restaurants, cafes and institutions.","Founded in Hong Kong 1949, Kinox has evolved from a small mould making workshop to a world renowed manufacturer of quality stainless steel and insulated products. In addition to our extensive range of cookware for the modern homes, we are also one of the largest manufacturers of food and beverage servers for the commercial foodservice and hospitality sectors worldwide, which include hotels, restaurants, cafes and institutions.",,Exhibitor,Home Delights Expo 2025,3F-D08,Avenue of Delights,,1,,,"Kitchen Utensil Set, Kitchenware; Household cookwares; thermal servers; electric kettles","Kitchen Utensil Set, Kitchenware; Household cookwares; thermal servers; electric kettles",https://www.hktdc.com/event/homedelights/en/exhibitor/1S005OB9Y,10,https://www.hktdc.com/event/homedelights/en/product/1X1I6UH1; https://www.hktdc.com/event/homedelights/en/product/1X1I6UKY; https://www.hktdc.com/event/homedelights/en/product/1X1I6UMW; https://www.hktdc.com/event/homedelights/en/product/1X1I6UPT; https://www.hktdc.com/event/homedelights/en/product/1X1K1HPW; https://www.hktdc.com/event/homedelights/en/product/1X1K1HTS; https://www.hktdc.com/event/homedelights/en/product/1X1K1HZM; https://www.hktdc.com/event/homedelights/en/product/1X1K1I1H; https://www.hktdc.com/event/homedelights/en/product/1X1K1I4E; https://www.hktdc.com/event/homedelights/en/product/1X1K1I6C
Pottvip (Hong Kong) Limited,Pottvip (Hong Kong) Limited,Hong Kong,"Electrical Personal Care Appliances, Interior Design, General Home Items, Personal Care Product, Furniture","Electrical Personal Care Appliances, Interior Design, General Home Items, Personal Care Product, Furniture",,Exhibitor,Home Delights Expo 2025,3F-C08,Avenue of Delights,,1,,,"Electrical Personal Care Appliances, Interior Design, General Home Items, Personal Care Product, Furniture; Upchair 38 and Upchair 9","Electrical Personal Care Appliances, Interior Design, General Home Items, Personal Care Product, Furniture; Upchair 38 and Upchair 9",https://www.hktdc.com/event/homedelights/en/exhibitor/1S005O0VF,2,https://www.hktdc.com/event/homedelights/en/product/1Z03O1CRF; https://www.hktdc.com/event/homedelights/en/product/1Z03O1CFF
Iplus Home Limited,Iplus Home Limited,Hong Kong,"Cooker Hood, Dehumidifier, Induction Cooker, Air Cooler / Warmer, Vacuum Cleaner, Smart Living, Electric Iron, Kitchen Cabinet, Electrical Juice Extractor, Air Fryer, Electric Fan, Electric Oven, Air Purifier, Kitchen Utensil Set, Electric Water Dispenser, Electric Rice Cooker, Electric Food Steamer, Food Processor, Electric Blender, Electric Heater, Water Purifier, Kitchenware","Cooker Hood, Dehumidifier, Induction Cooker, Air Cooler / Warmer, Vacuum Cleaner, Smart Living, Electric Iron, Kitchen Cabinet, Electrical Juice Extractor, Air Fryer, Electric Fan, Electric Oven, Air Purifier, Kitchen Utensil Set, Electric Water Dispenser, Electric Rice Cooker, Electric Food Steamer, Food Processor, Electric Blender, Electric Heater, Water Purifier, Kitchenware",,Exhibitor,Home Delights Expo 2025,3F-E25,Electrical Appliances,,1,,,"Cooker Hood, Dehumidifier, Induction Cooker, Air Cooler / Warmer, Vacuum Cleaner, Smart Living, Electric Iron, Kitchen Cabinet, Electrical Juice Extractor, Air Fryer, Electric Fan, Electric Oven, Air Purifier, Kitchen Utensil Set, Electric Water Dispenser, Electric Rice Cooker, Electric Food Steamer, Food Processor, Electric Blender, Electric Heater, Water Purifier, Kitchenware; With the aim of selling quality, innovative, convenient and practical products, our brand focus on the home with Primada, Prologic, Plologic Robotics.","Cooker Hood, Dehumidifier, Induction Cooker, Air Cooler / Warmer, Vacuum Cleaner, Smart Living, Electric Iron, Kitchen Cabinet, Electrical Juice Extractor, Air Fryer, Electric Fan, Electric Oven, Air Purifier, Kitchen Utensil Set, Electric Water Dispenser, Electric Rice Cooker, Electric Food Steamer, Food Processor, Electric Blender, Electric Heater, Water Purifier, Kitchenware; With the aim of selling quality, innovative, convenient and practical products, our brand focus on the home with Primada, Prologic, Plologic Robotics.",https://www.hktdc.com/event/homedelights/en/exhibitor/1S005O0II,8,https://www.hktdc.com/event/homedelights/en/product/1X1VKXOL; https://www.hktdc.com/event/homedelights/en/product/1X1VKXNM; https://www.hktdc.com/event/homedelights/en/product/1X1VKXMN; https://www.hktdc.com/event/homedelights/en/product/1X1W73P2; https://www.hktdc.com/event/homedelights/en/product/1X1W6W1B; https://www.hktdc.com/event/homedelights/en/product/1X1W6V87; https://www.hktdc.com/event/homedelights/en/product/1X1W6UNV; https://www.hktdc.com/event/homedelights/en/product/1X1W74I6
1001HK Limited,1001HK Limited,Hong Kong,"Not only novel designs but also different types of workshops and activities. The aim of what we are selling or holding is to integrate new elements and new concepts into your life, making art and design a part of your life and giving you a unique life experience.","Not only novel designs but also different types of workshops and activities. The aim of what we are selling or holding is to integrate new elements and new concepts into your life, making art and design a part of your life and giving you a unique life experience.",,Exhibitor,Home Delights Expo 2025,3F-G03,Household Products,,1,,,"Cup / Mug, Furniture, Cutlery Set, Tableware; 1001HK","Cup / Mug, Furniture, Cutlery Set, Tableware; 1001HK",https://www.hktdc.com/event/homedelights/en/exhibitor/1S005OC9X,3,https://www.hktdc.com/event/homedelights/en/product/1Z03O2BCP; https://www.hktdc.com/event/homedelights/en/product/1Z03O1LQ9; https://www.hktdc.com/event/homedelights/en/product/1Z03O1LUX
OUD Design Store,OUD Design Store,Hong Kong,"OUD Own ur design:每位顧客在其中必得到各自的設計空間, 在OUD內,自創造設計與承接設計玩美自然地揉合其中,創造即是承設,而承設亦是創造,兩者相 互影響,環環相扣,生生不息,使其千變萬化","OUD Own ur design:每位顧客在其中必得到各自的設計空間, 在OUD內,自創造設計與承接設計玩美自然地揉合其中,創造即是承設,而承設亦是創造,兩者相 互影響,環環相扣,生生不息,使其千變萬化",,Exhibitor,Home Delights Expo 2025,3CON-013,Creative Corner,,1,,,Handmade quality fashion accessory,Handmade quality fashion accessory,https://www.hktdc.com/event/homedelights/en/exhibitor/1S005OBFG,0,
Plateau Consultant Services Company,Plateau Consultant Services Company,Hong Kong,BOC LIFE,BOC LIFE,,Exhibitor,Home Delights Expo 2025,3G-C28,Household Products,,1,,,Home Insurance; BOC LIFE,Home Insurance; BOC LIFE,https://www.hktdc.com/event/homedelights/en/exhibitor/1S005OC73,0,
Change Design Factory Limited,Change Design Factory Limited,Hong Kong,"Change Design Factory The furniture factory is a company with more than ten years of experience, providing one-stop decoration and design. The price is comparable to that of the masters, the furniture is sold directly from the factory, and all the furniture is made of 11-layer solid wood core boards imported from the UK. Furniture design, custom-made wardrobes, kitchen cabinet islands, redone kitchens, cloakrooms, hydraulic platform beds, turning beds Wallbed, deformation Furniture, Loft, Cleaf Board and more. Professional designers, in-house construction team, and discounts on decoration design! Free ruler design","Change Design Factory The furniture factory is a company with more than ten years of experience, providing one-stop decoration and design. The price is comparable to that of the masters, the furniture is sold directly from the factory, and all the furniture is made of 11-layer solid wood core boards imported from the UK. Furniture design, custom-made wardrobes, kitchen cabinet islands, redone kitchens, cloakrooms, hydraulic platform beds, turning beds Wallbed, deformation Furniture, Loft, Cleaf Board and more. Professional designers, in-house construction team, and discounts on decoration design! Free ruler design",,Exhibitor,Home Delights Expo 2025,3F-A16,Avenue of Delights,,1,,,Interior Design; Change Design Factory 傢俬廠為十多年經驗的公司，一站式裝修及設計。價錢媲美師傅，工廠直銷傢俬，全用英國進口11層實木細芯板，傢俬設計，訂造衣櫃、廚櫃中島、重做廚房、衣帽間、油壓地台床、翻床Wallbed、變形傢俬、閣樓、Cleaf 板等。專業設計師，自家施工團隊，裝修設計可享折扣優惠！,Interior Design; Change Design Factory 傢俬廠為十多年經驗的公司，一站式裝修及設計。價錢媲美師傅，工廠直銷傢俬，全用英國進口11層實木細芯板，傢俬設計，訂造衣櫃、廚櫃中島、重做廚房、衣帽間、油壓地台床、翻床Wallbed、變形傢俬、閣樓、Cleaf 板等。專業設計師，自家施工團隊，裝修設計可享折扣優惠！,https://www.hktdc.com/event/homedelights/en/exhibitor/1S005NYJH,0,
Cheong Hing Store Ltd,Cheong Hing Store Ltd,Hong Kong,"Food Container, Food Processor, Kitchenware, Tableware, Induction Cooker, Cutlery Set, Air Purifier, Electric Water Dispenser, Bowl, Dining Table Accessories, Cutting Board, Bakeware, Kitchen Utensil Set, Personal Care Product, Toaster, Plate/ Dish, Kitchen Knife, Electric Kettle, Electric Rice Cooker","Food Container, Food Processor, Kitchenware, Tableware, Induction Cooker, Cutlery Set, Air Purifier, Electric Water Dispenser, Bowl, Dining Table Accessories, Cutting Board, Bakeware, Kitchen Utensil Set, Personal Care Product, Toaster, Plate/ Dish, Kitchen Knife, Electric Kettle, Electric Rice Cooker",,Exhibitor,Home Delights Expo 2025,3F-F02,Avenue of Delights,,1,,,"Food Container, Food Processor, Kitchenware, Tableware, Induction Cooker, Cutlery Set, Air Purifier, Electric Water Dispenser, Bowl, Dining Table Accessories, Cutting Board, Bakeware, Kitchen Utensil Set, Personal Care Product, Toaster, Plate/ Dish, Kitchen Knife, Electric Kettle, Electric Rice Cooker; A wide variety of well-known and trusted kitchenware brands that includes ZWILLING, STAUB and BALLARINI. Our products keep up with the latest technology with evolving consumer trends which
make each brand timeless.","Food Container, Food Processor, Kitchenware, Tableware, Induction Cooker, Cutlery Set, Air Purifier, Electric Water Dispenser, Bowl, Dining Table Accessories, Cutting Board, Bakeware, Kitchen Utensil Set, Personal Care Product, Toaster, Plate/ Dish, Kitchen Knife, Electric Kettle, Electric Rice Cooker; A wide variety of well-known and trusted kitchenware brands that includes ZWILLING, STAUB and BALLARINI. Our products keep up with the latest technology with evolving consumer trends which
make each brand timeless.",https://www.hktdc.com/event/homedelights/en/exhibitor/1S005O04O,0,
Decor Suite Interiors Limited,Decor Suite Interiors Limited,Hong Kong,"Decor House was set up in 1984. businesses divide into three main areas: apartments, shops and offices.","Decor House was set up in 1984. businesses divide into three main areas: apartments, shops and offices.",,Exhibitor,Home Delights Expo 2025,3F-D12,Avenue of Delights,,1,,,"Interior Design; We offers diversifying and one-stop interior design and furniture-making services, includes planning on interior design and renovation of new and old apartments and offices and shops, as well as furniture design and manufacturing, as well as directs","Interior Design; We offers diversifying and one-stop interior design and furniture-making services, includes planning on interior design and renovation of new and old apartments and offices and shops, as well as furniture design and manufacturing, as well as directs",https://www.hktdc.com/event/homedelights/en/exhibitor/1S005NYHN,0,
EMMAS Spectrum (Hong Kong) Limited,EMMAS Spectrum (Hong Kong) Limited,Hong Kong,"Through years of growth and revolutionary changes, EMMAS has taken roots in diverse sales locations in Hong Kong, with the first EMMAS Store being opened in 2016. Today, more than 25 specialty stores have expanded across the city.","Through years of growth and revolutionary changes, EMMAS has taken roots in diverse sales locations in Hong Kong, with the first EMMAS Store being opened in 2016. Today, more than 25 specialty stores have expanded across the city.",,Exhibitor,Home Delights Expo 2025,3F-F12,Household Products,,1,,,"Bed Linen,Quilt,Pillow; Driven by strong belief and passion in the pursuit of quality sleep, EMMAS joins hands with Australian crafters specialised in mattress production and innovation, to deliver the sophisticated experience and skills to Asia, adjusting specification to","Bed Linen,Quilt,Pillow; Driven by strong belief and passion in the pursuit of quality sleep, EMMAS joins hands with Australian crafters specialised in mattress production and innovation, to deliver the sophisticated experience and skills to Asia, adjusting specification to",https://www.hktdc.com/event/homedelights/en/exhibitor/1S005NY9B,0,
German Pool Kitchen Equipment Limited,German Pool Kitchen Equipment Limited,Hong Kong,"Vacuum Cleaner, Dehumidifier, Egg Beater, Electric Food Steamer, Air Fryer, Halogen Cooking Pot, Smart Living, Cooker Hood, Induction Cooker, Air Cooler / Warmer, Water Purifier, Vacuum Pot, Electric Kettle, Electrical Juice Extractor, Electric Iron, Air Purifier, Food Container, Electric Fan, Electric Blender, Humidifier, Electric Rice Cooker, Kitchen Knife, Consumer Electronics Accessories, Food Processor, Coffee Grinder, Electric Water Dispenser, Electrical Personal Care Appliances, Coffee Maker, Electric Oven, Kitchenware, Electric Heater","Vacuum Cleaner, Dehumidifier, Egg Beater, Electric Food Steamer, Air Fryer, Halogen Cooking Pot, Smart Living, Cooker Hood, Induction Cooker, Air Cooler / Warmer, Water Purifier, Vacuum Pot, Electric Kettle, Electrical Juice Extractor, Electric Iron, Air Purifier, Food Container, Electric Fan, Electric Blender, Humidifier, Electric Rice Cooker, Kitchen Knife, Consumer Electronics Accessories, Food Processor, Coffee Grinder, Electric Water Dispenser, Electrical Personal Care Appliances, Coffee Maker, Electric Oven, Kitchenware, Electric Heater",,Exhibitor,Home Delights Expo 2025,3F-D02,Avenue of Delights,,1,,,"Vacuum Cleaner, Dehumidifier, Egg Beater, Electric Food Steamer, Air Fryer, Halogen Cooking Pot, Smart Living, Cooker Hood, Induction Cooker, Air Cooler / Warmer, Water Purifier, Vacuum Pot, Electric Kettle, Electrical Juice Extractor, Electric Iron, Air Purifier, Food Container, Electric Fan, Electric Blender, Humidifier, Electric Rice Cooker, Kitchen Knife, Consumer Electronics Accessories, Food Processor, Coffee Grinder, Electric Water Dispenser, Electrical Personal Care Appliances, Coffee Maker, Electric Oven, Kitchenware, Electric Heater; After over 30 years of success, German Pool emerges as an international corporation strong in product design, manufacturing, sales and marketing, as well as international import and export. German Pool is now one of the most influential players in HK","Vacuum Cleaner, Dehumidifier, Egg Beater, Electric Food Steamer, Air Fryer, Halogen Cooking Pot, Smart Living, Cooker Hood, Induction Cooker, Air Cooler / Warmer, Water Purifier, Vacuum Pot, Electric Kettle, Electrical Juice Extractor, Electric Iron, Air Purifier, Food Container, Electric Fan, Electric Blender, Humidifier, Electric Rice Cooker, Kitchen Knife, Consumer Electronics Accessories, Food Processor, Coffee Grinder, Electric Water Dispenser, Electrical Personal Care Appliances, Coffee Maker, Electric Oven, Kitchenware, Electric Heater; After over 30 years of success, German Pool emerges as an international corporation strong in product design, manufacturing, sales and marketing, as well as international import and export. German Pool is now one of the most influential players in HK",https://www.hktdc.com/event/homedelights/en/exhibitor/1S005O1WB,0,
Health & Beauty International Holdings Ltd,Health & Beauty International Holdings Ltd,Hong Kong,Electrical Personal Care Appliances,Electrical Personal Care Appliances,,Exhibitor,Home Delights Expo 2025,3F-B12,Electrical Appliances,,1,,,Electrical Personal Care Appliances; The 'Eaulier Systemic Curer' is an exclusive patented medical device offered by the Health & Beauty International Holdings Limited globally. Developed with cutting-edge technology through years of research in medicine and known for its exceptional sa,Electrical Personal Care Appliances; The 'Eaulier Systemic Curer' is an exclusive patented medical device offered by the Health & Beauty International Holdings Limited globally. Developed with cutting-edge technology through years of research in medicine and known for its exceptional sa,https://www.hktdc.com/event/homedelights/en/exhibitor/1S005NY8E,0,
Kuka (HK) Int'l Trade Limited,Kuka (HK) Int'l Trade Limited,Hong Kong,Furniture,Furniture,,Exhibitor,Home Delights Expo 2025,3F-E12,Avenue of Delights,,1,,,Furniture; Sofa,Furniture; Sofa,https://www.hktdc.com/event/homedelights/en/exhibitor/1S005NY7H,0,
Maxcare Industrial Limited,Maxcare Industrial Limited,Hong Kong,"Maxcare has been awarded the Hong Kong Top Brands for several consecutive years. Our products cover three major categories: massage, fitness equipment, and personal care, dedicated to providing quality products and service experiences.","Maxcare has been awarded the Hong Kong Top Brands for several consecutive years. Our products cover three major categories: massage, fitness equipment, and personal care, dedicated to providing quality products and service experiences.",,Exhibitor,Home Delights Expo 2025,3F-C12,Electrical Appliances,,1,,,"Massage Chair, Fitness Product; Maxcare's hero product: Photobiomodulation. Products are jointly developed by MTCURE and The Chinese University of Hong Kong, and Maxcare provides engineering and manufacturing supports, effectively improves pain conditions while promoting metabolism","Massage Chair, Fitness Product; Maxcare's hero product: Photobiomodulation. Products are jointly developed by MTCURE and The Chinese University of Hong Kong, and Maxcare provides engineering and manufacturing supports, effectively improves pain conditions while promoting metabolism",https://www.hktdc.com/event/homedelights/en/exhibitor/1S005NYC2,0,
OTO Bodycare (H.K.) Limited,OTO Bodycare (H.K.) Limited,Hong Kong,"In OTO, the 'O' signifies totality, and the 'T' signifies balance. We believe in living life to its fullest through the wonders of balance and totality. OTO products are dedicated to help people live better, and longer. OTO has four categories of products: Relaxation and Fitness products could keep bodies rejuvenated and vital; Diagnostics products could help monitor health, while Therapeutic products could alleviate pains and ailments. OTO has a strong strategic partnership with established manufacturers. Its aim is to put an OTO product in every home.","In OTO, the 'O' signifies totality, and the 'T' signifies balance. We believe in living life to its fullest through the wonders of balance and totality. OTO products are dedicated to help people live better, and longer. OTO has four categories of products: Relaxation and Fitness products could keep bodies rejuvenated and vital; Diagnostics products could help monitor health, while Therapeutic products could alleviate pains and ailments. OTO has a strong strategic partnership with established manufacturers. Its aim is to put an OTO product in every home.",,Exhibitor,Home Delights Expo 2025,3F-B02,Electrical Appliances,,1,,,"Fitness Product, Healthcare Product, Massage Chair; 按摩產品","Fitness Product, Healthcare Product, Massage Chair; 按摩產品",https://www.hktdc.com/event/homedelights/en/exhibitor/1S005O02U,0,
Ogawa Health Care International (HK) Limited,Ogawa Health Care International (HK) Limited,Hong Kong,"Ogawa is a Malaysian health and wellness retail store established in 1996. It has successfully grown into a leading player specializing in design, development and marketing of health and wellness equipment. With its innovative wellness products of the highest quality, Ogawa is the first choice for many homes and families today.","Ogawa is a Malaysian health and wellness retail store established in 1996. It has successfully grown into a leading player specializing in design, development and marketing of health and wellness equipment. With its innovative wellness products of the highest quality, Ogawa is the first choice for many homes and families today.",,Exhibitor,Home Delights Expo 2025,3F-C02,Electrical Appliances,,1,,,Massage Chair; OGAWA Massage Chairs and Massage Products,Massage Chair; OGAWA Massage Chairs and Massage Products,https://www.hktdc.com/event/homedelights/en/exhibitor/1S005NYB5,0,
Osim (HK) Co. Limited,Osim (HK) Co. Limited,Hong Kong,Healthcare Product,Healthcare Product,,Exhibitor,Home Delights Expo 2025,3G-A02,Electrical Appliances,,1,,,Healthcare Product; OSIM,Healthcare Product; OSIM,https://www.hktdc.com/event/homedelights/en/exhibitor/1S005O03R,0,
The Hong Kong and China Gas Company Limited,The Hong Kong and China Gas Company Limited,Hong Kong,"Founded in 1862, The Hong Kong and China Gas Company Limited (Towngas) was Hong Kong's first public utility. Today, we are one of the largest energy suppliers in Hong Kong, operating with world-class corporate management and leading-edge business practices. For the past years, Towngas has been growing with Hong Kong, evolving from the simple gas company supplying fuel for street lamps to our current leading position in the energy industry in the greater China region.","Founded in 1862, The Hong Kong and China Gas Company Limited (Towngas) was Hong Kong's first public utility. Today, we are one of the largest energy suppliers in Hong Kong, operating with world-class corporate management and leading-edge business practices. For the past years, Towngas has been growing with Hong Kong, evolving from the simple gas company supplying fuel for street lamps to our current leading position in the energy industry in the greater China region.",,Exhibitor,Home Delights Expo 2025,3F-E02,Avenue of Delights,,1,,,"Electric Water Dispenser; Towngas offers a series of quality & stylish appliance and merchandise, to show you the latest kitchen and living room techno home aids. They'll help you to build your dream home!","Electric Water Dispenser; Towngas offers a series of quality & stylish appliance and merchandise, to show you the latest kitchen and living room techno home aids. They'll help you to build your dream home!",https://www.hktdc.com/event/homedelights/en/exhibitor/1S005O70T,0,
Art Lane Ltd,Art Lane Ltd,Hong Kong,"GIORMANI was founded by Mr. Kelvin Ng and Ms Jane Tong in 1999. As sofa is the centerpiece of a home that can gather all family members for a long time, they started the business by providing quality, comfortable and stylish sofa furniture. Working with young designers from Italy, Germany and Hong Kong for years enables the Company to keep up with the latest trends from the continent and ensures a freshness of approach. Also, its designer team masterfully blends tradition and innovation, classic and contemporary designs, to create unique and modern sofas and armchairs. Giormani's designs consistently combine functionality with creativity.","GIORMANI was founded by Mr. Kelvin Ng and Ms Jane Tong in 1999. As sofa is the centerpiece of a home that can gather all family members for a long time, they started the business by providing quality, comfortable and stylish sofa furniture. Working with young designers from Italy, Germany and Hong Kong for years enables the Company to keep up with the latest trends from the continent and ensures a freshness of approach. Also, its designer team masterfully blends tradition and innovation, classic and contemporary designs, to create unique and modern sofas and armchairs. Giormani's designs consistently combine functionality with creativity.",,Exhibitor,Home Delights Expo 2025,3F-F22,Household Products,,1,,,"Furniture; GIORMANI focuses on developing high-quality sofas, living room furniture, and other accessories, hope for every family provides high quality, comfortable sofa and let them ride the trend when the good times.","Furniture; GIORMANI focuses on developing high-quality sofas, living room furniture, and other accessories, hope for every family provides high quality, comfortable sofa and let them ride the trend when the good times.",https://www.hktdc.com/event/homedelights/en/exhibitor/1S005O1TK,0,
ITSU Health Care Limited,ITSU Health Care Limited,Hong Kong,"With over 20 years of experience in the massage industry, ITSU is committed to preserving the traditional techniques and exquisite skills of master masseurs that are on the verge of being lost. ITSU harnesses technology to recreate and immortalise these traditional techniques, allowing every guest to experience the dedication to craftsmanship honed over many years, alongside the precise techniques of traditional massage. ITSU combines technology with skill, embodying the true art of massage through innovative advancements.","With over 20 years of experience in the massage industry, ITSU is committed to preserving the traditional techniques and exquisite skills of master masseurs that are on the verge of being lost. ITSU harnesses technology to recreate and immortalise these traditional techniques, allowing every guest to experience the dedication to craftsmanship honed over many years, alongside the precise techniques of traditional massage. ITSU combines technology with skill, embodying the true art of massage through innovative advancements.",,Exhibitor,Home Delights Expo 2025,3F-A12,Electrical Appliances,,1,,,Massage Chair; VV4 Space Pod / PRIME Odyssey,Massage Chair; VV4 Space Pod / PRIME Odyssey,https://www.hktdc.com/event/homedelights/en/exhibitor/1S005NYGQ,0,
Sealy Asia (Hong Kong) Limited,Sealy Asia (Hong Kong) Limited,Hong Kong,"Every Sealy mattress is tested by experts, combining exceptional craftsmanship, outstanding technology and unique patents. From research and development to production, Sealy maintains the highest quality to provide you with the most comfort and the best sleeping experience.","Every Sealy mattress is tested by experts, combining exceptional craftsmanship, outstanding technology and unique patents. From research and development to production, Sealy maintains the highest quality to provide you with the most comfort and the best sleeping experience.",,Exhibitor,Home Delights Expo 2025,3F-D22,Household Products,,1,,,"Pillow, Bed Linen; Sealy Mattress provides quality support thanks to our patented coil design, enabling micro-adjustments to fulfil the sleeping needs of different body types. Enhanced edge support increases the mattress's useable area and durability,offering wellbeing","Pillow, Bed Linen; Sealy Mattress provides quality support thanks to our patented coil design, enabling micro-adjustments to fulfil the sleeping needs of different body types. Enhanced edge support increases the mattress's useable area and durability,offering wellbeing",https://www.hktdc.com/event/homedelights/en/exhibitor/1S005O7NW,0,
Yiu Hing International Development Limited,Yiu Hing International Development Limited,Hong Kong,"Yiu Hing International Development Ltd.(The original name:Liko Development Co).Founded in 2011,mainly engaged in the manufacture of household and small household appliances,wholesale and sales.Hongkong department store business distribution,Picerite,The Link Reit market and each big trade fair.2014 are extended to Macau to the Royal supermarket. Along with the trade between Hongkong and the increasingly close,in 2013,our company will be part of the business development in China,to introduce the best quality products more consumer groups,More follow Hongkong TDC in the same year,the domesyic each big trade fair,to build our brand and a wide range of high quality products.","Yiu Hing International Development Ltd.(The original name:Liko Development Co).Founded in 2011,mainly engaged in the manufacture of household and small household appliances,wholesale and sales.Hongkong department store business distribution,Picerite,The Link Reit market and each big trade fair.2014 are extended to Macau to the Royal supermarket. Along with the trade between Hongkong and the increasingly close,in 2013,our company will be part of the business development in China,to introduce the best quality products more consumer groups,More follow Hongkong TDC in the same year,the domesyic each big trade fair,to build our brand and a wide range of high quality products.",,Exhibitor,Home Delights Expo 2025,3F-A08,Electrical Appliances,,1,,,"展品品牌:   Senga
1)SE-1120   迷你乾洗掛燙機。
2)LM-009    多功能掃地機。
3)SA-2280   韓陶燒。
4)SF-903    旋風吸塵機。
5)SD-8009   石瓷燒電飯煲。
6)K-26320   韓國鑽石鍋。","展品品牌:   Senga
1)SE-1120   迷你乾洗掛燙機。
2)LM-009    多功能掃地機。
3)SA-2280   韓陶燒。
4)SF-903    旋風吸塵機。
5)SD-8009   石瓷燒電飯煲。
6)K-26320   韓國鑽石鍋。",https://www.hktdc.com/event/homedelights/en/exhibitor/1S005NY6K,0,
Owell International Ltd,Owell International Ltd,Hong Kong,"Air Purifier, Electric Water Dispenser, Bathroom Supply, Healthcare Product, Water Purifier, Electrical Personal Care Appliances","Air Purifier, Electric Water Dispenser, Bathroom Supply, Healthcare Product, Water Purifier, Electrical Personal Care Appliances",,Exhibitor,Home Delights Expo 2025,3F-E22,Avenue of Delights,,1,,,"Air Purifier, Electric Water Dispenser, Bathroom Supply, Healthcare Product, Water Purifier, Electrical Personal Care Appliances; Water Purifiers, electric bidets, smart integrated toilets, water ionizers from Korea","Air Purifier, Electric Water Dispenser, Bathroom Supply, Healthcare Product, Water Purifier, Electrical Personal Care Appliances; Water Purifiers, electric bidets, smart integrated toilets, water ionizers from Korea",https://www.hktdc.com/event/homedelights/en/exhibitor/1S005NYDZ,0,
"Anibull Co., Limited","Anibull Co., Limited",Hong Kong,Hong Kong famous local brand Specialize in manufacturing fashion sofas in wholly owned factory in Shenzhen for more than 20years. Professional delivery and after sales services. Accept special orders for local and oversea markets,Hong Kong famous local brand Specialize in manufacturing fashion sofas in wholly owned factory in Shenzhen for more than 20years. Professional delivery and after sales services. Accept special orders for local and oversea markets,,Exhibitor,Home Delights Expo 2025,3F-D10,Household Products,,1,,,Furniture; All kinds of sofas,Furniture; All kinds of sofas,https://www.hktdc.com/event/homedelights/en/exhibitor/1S005O1UH,0,
TM Capital Group Limited,TM Capital Group Limited,Hong Kong,Lighting Product,Lighting Product,,Exhibitor,Home Delights Expo 2025,3F-D17,Avenue of Delights,,1,,,Lighting Product; Sunshine,Lighting Product; Sunshine,https://www.hktdc.com/event/homedelights/en/exhibitor/1S005O0L9,0,
Department of Health - the Government of the HKSAR,Department of Health - the Government of the HKSAR,Hong Kong,"Electric Kettle, Face Mask","Electric Kettle, Face Mask",,Exhibitor,Home Delights Expo 2025,3F-G10,Household Products,,1,,,"Electric Kettle, Face Mask; Organ Donation Promotion Booth","Electric Kettle, Face Mask; Organ Donation Promotion Booth",https://www.hktdc.com/event/homedelights/en/exhibitor/1S005OC80,0,
"Aware & Trustful (HK) Co., Limited","Aware & Trustful (HK) Co., Limited",Hong Kong,"Laurastar DMS effectively and lastingly eliminates harmful microorganisms such as viruses, bacteria and dust mites. IGGI is the stylish hygienic steamer that disinfects fabrics and objects. With the IGGI steam sterilising set, you can protect your baby or child from infections and allergies. Lift is the only 3-in-1 steam generator that irons, steams and disinfects. All in one ironing systems, the original beauty of your garments will return, effortlessly. Fibres are smoothed, plumped and cleaned, in a way that is both natural and long lasting.","Laurastar DMS effectively and lastingly eliminates harmful microorganisms such as viruses, bacteria and dust mites. IGGI is the stylish hygienic steamer that disinfects fabrics and objects. With the IGGI steam sterilising set, you can protect your baby or child from infections and allergies. Lift is the only 3-in-1 steam generator that irons, steams and disinfects. All in one ironing systems, the original beauty of your garments will return, effortlessly. Fibres are smoothed, plumped and cleaned, in a way that is both natural and long lasting.",,Exhibitor,Home Delights Expo 2025,3F-F20,Avenue of Delights,,1,,,"Electric Iron, Vacuum Cleaner; Laurastar DMS effectively and lastingly eliminates harmful microorganisms such as viruses, bacteria and dust mites. IGGI is the stylish hygienic steamer that disinfects fabrics and objects.","Electric Iron, Vacuum Cleaner; Laurastar DMS effectively and lastingly eliminates harmful microorganisms such as viruses, bacteria and dust mites. IGGI is the stylish hygienic steamer that disinfects fabrics and objects.",https://www.hktdc.com/event/homedelights/en/exhibitor/1S005O0N3,0,
Samily Group Company Limited,Samily Group Company Limited,Hong Kong,"Samily is a Hong Kong brand, takes simpleness, thoughtfulness and practicalness as our design philosophy, to design, develop and produce a range of household and kitchen supplies.","Samily is a Hong Kong brand, takes simpleness, thoughtfulness and practicalness as our design philosophy, to design, develop and produce a range of household and kitchen supplies.",,Exhibitor,Home Delights Expo 2025,3F-D20,Avenue of Delights,,1,,,"Cup / Mug, Tableware, Food Container, Plate/ Dish; we perfect use of Borosilicate glass, Silicone, PES, PPSU which are all food grade safety material to design a series of simple and practical household and kitchen supplies.
- Double Deck Glass Food Container
- 1000ml Glass Jug","Cup / Mug, Tableware, Food Container, Plate/ Dish; we perfect use of Borosilicate glass, Silicone, PES, PPSU which are all food grade safety material to design a series of simple and practical household and kitchen supplies.
- Double Deck Glass Food Container
- 1000ml Glass Jug",https://www.hktdc.com/event/homedelights/en/exhibitor/1S005O0KC,0,
Tiger Corporation Hong Kong Limited,Tiger Corporation Hong Kong Limited,Hong Kong,"TIGER adheres to the concept of ""delivering happiness to all parts of the world"", and creates a series of healthy, convenient, high-quality insulation and home appliances with excellent and exclusive vacuum insulation technology and Japanese ""artisan spirit"", hoping to truly take care of Every user needs. TIGER brand includes: rice cooker, thermos cup, soup cup, instant electric kettle, thermos bottle, hand pouring kettle, thermal lunch box, electronic cooker and so on.","TIGER adheres to the concept of ""delivering happiness to all parts of the world"", and creates a series of healthy, convenient, high-quality insulation and home appliances with excellent and exclusive vacuum insulation technology and Japanese ""artisan spirit"", hoping to truly take care of Every user needs. TIGER brand includes: rice cooker, thermos cup, soup cup, instant electric kettle, thermos bottle, hand pouring kettle, thermal lunch box, electronic cooker and so on.",,Exhibitor,Home Delights Expo 2025,3F-A01,Avenue of Delights,,1,,,"Electric Kettle, General Home Items, Travel Good & Bag, Electric Rice Cooker, Kitchenware, Vacuum Pot; Made-in-Japan Rice Cookers, Made-in-Japan Electric Water Pots, Electric Kettles, Made-in-Japan Stainless Steel Bottles, Soup Cup, Lunch Box and Handy Jugs, etc.","Electric Kettle, General Home Items, Travel Good & Bag, Electric Rice Cooker, Kitchenware, Vacuum Pot; Made-in-Japan Rice Cookers, Made-in-Japan Electric Water Pots, Electric Kettles, Made-in-Japan Stainless Steel Bottles, Soup Cup, Lunch Box and Handy Jugs, etc.",https://www.hktdc.com/event/homedelights/en/exhibitor/1S005NYIK,0,
3W Co-Creation Holding Limited,3W Co-Creation Holding Limited,Hong Kong,"We are a company mainly retail the household and kitchenware, products including stainless steel wok, cast iron wok, high carbon steel cleaver, cutting board, ergonomics chair etc...Main market at the department store, roadshow & exhibition promotion, we also have oversea trading as well.","We are a company mainly retail the household and kitchenware, products including stainless steel wok, cast iron wok, high carbon steel cleaver, cutting board, ergonomics chair etc...Main market at the department store, roadshow & exhibition promotion, we also have oversea trading as well.",,Exhibitor,Home Delights Expo 2025,3G-A20,Avenue of Delights,,1,,,"Kitchen Utensil Set, Kitchenware, Cutting Board, Healthcare Product, Kitchen Knife; Stainless steel wok, Black diamond cast iron wok, kitchen knife series, w cutting board, ergonomics chair","Kitchen Utensil Set, Kitchenware, Cutting Board, Healthcare Product, Kitchen Knife; Stainless steel wok, Black diamond cast iron wok, kitchen knife series, w cutting board, ergonomics chair",https://www.hktdc.com/event/homedelights/en/exhibitor/1S005O0O0,0,
Fidelity (Far East) Trading Company Limited,Fidelity (Far East) Trading Company Limited,Hong Kong,"Fidelity (Far East) Trading Co., Ltd., the sole agent of FUJIOH & Ariafina Branded cooker hoods, Gas hobs,ICIH Hobs, ovens, steam oven in Hong Kong and Macau. We also distribut Bio-X Insecticide & Disinfectant Surface Spray series, Domestic Pest Control units, Fidelity Cleaning and sterilizing & personal hygiene series. Fidelity estiblished on 1996, our aim is to bring high quality environemental friendly and health products to customers and who enjoy eco life style.","Fidelity (Far East) Trading Co., Ltd., the sole agent of FUJIOH & Ariafina Branded cooker hoods, Gas hobs,ICIH Hobs, ovens, steam oven in Hong Kong and Macau. We also distribut Bio-X Insecticide & Disinfectant Surface Spray series, Domestic Pest Control units, Fidelity Cleaning and sterilizing & personal hygiene series. Fidelity estiblished on 1996, our aim is to bring high quality environemental friendly and health products to customers and who enjoy eco life style.",,Exhibitor,Home Delights Expo 2025,3G-B22,Avenue of Delights,,1,,,"Hand Sanitizer, Stove, Cooker Hood, Personal Care Product, Cleaning Cloth, Household Disinfectant Products, Induction Cooker, Electric Oven; FUJIOH Cooker hood, oven, Induction & Ceramic hobs and Gas hobs; Bio-X Eco friendly & safe insecticide series and Air & surface Disinfectant series, Fidelity Cleaning & personal hygiene products.","Hand Sanitizer, Stove, Cooker Hood, Personal Care Product, Cleaning Cloth, Household Disinfectant Products, Induction Cooker, Electric Oven; FUJIOH Cooker hood, oven, Induction & Ceramic hobs and Gas hobs; Bio-X Eco friendly & safe insecticide series and Air & surface Disinfectant series, Fidelity Cleaning & personal hygiene products.",https://www.hktdc.com/event/homedelights/en/exhibitor/1S005O0HL,0,
Mendi Holdings Ltd,Mendi Holdings Ltd,Hong Kong,"Electric Rice Cooker, Household Disinfectant Products, Cup / Mug, Electric Fan, Vacuum Cleaner, Vacuum Pot, Kitchen Knife, Dehumidifier, Kitchen Utensil Set, Electric Oven, Electric Iron, Stove, Electric Heater, Electric Kettle, Humidifier, Cooker Hood, Induction Cooker, Toaster, Electrical Juice Extractor, Kitchenware, Air Cooler / Warmer","Electric Rice Cooker, Household Disinfectant Products, Cup / Mug, Electric Fan, Vacuum Cleaner, Vacuum Pot, Kitchen Knife, Dehumidifier, Kitchen Utensil Set, Electric Oven, Electric Iron, Stove, Electric Heater, Electric Kettle, Humidifier, Cooker Hood, Induction Cooker, Toaster, Electrical Juice Extractor, Kitchenware, Air Cooler / Warmer",,Exhibitor,Home Delights Expo 2025,3F-B20,Avenue of Delights,,1,,,"Electric Rice Cooker, Household Disinfectant Products, Cup / Mug, Electric Fan, Vacuum Cleaner, Vacuum Pot, Kitchen Knife, Dehumidifier, Kitchen Utensil Set, Electric Oven, Electric Iron, Stove, Electric Heater, Electric Kettle, Humidifier, Cooker Hood, Induction Cooker, Toaster, Electrical Juice Extractor, Kitchenware, Air Cooler / Warmer; In recent years, we have been working with different license owners for collab product offerings to cater to the needs of different demographics and attract potential customers. JNC omnichannel retail strategies elevate customer experience along the","Electric Rice Cooker, Household Disinfectant Products, Cup / Mug, Electric Fan, Vacuum Cleaner, Vacuum Pot, Kitchen Knife, Dehumidifier, Kitchen Utensil Set, Electric Oven, Electric Iron, Stove, Electric Heater, Electric Kettle, Humidifier, Cooker Hood, Induction Cooker, Toaster, Electrical Juice Extractor, Kitchenware, Air Cooler / Warmer; In recent years, we have been working with different license owners for collab product offerings to cater to the needs of different demographics and attract potential customers. JNC omnichannel retail strategies elevate customer experience along the",https://www.hktdc.com/event/homedelights/en/exhibitor/1S005O1VE,0,
QeeBoo HK Company Limited,QeeBoo HK Company Limited,Hong Kong,"QeeBoo is dedicated to relieving the stress of life for Hong Kong residents through natural products. QeeBoo's products appeal to the four senses of the body: Sight, Smell, Hearing, and Taste. Sight: Green plants not only relax the eyes but also wash away the stress of a hectic life with their natural aura. Smell: The natural fragrances of Palo Santo and sage can purify the negative energy around you, filling your life with positive energy. Hearing: The melodious sound of the Nepalese singing bowls brings inner peace and tranquility to the mind and spirit. Taste: We also offer coffee and tea to relax your taste buds. QeeBoo looks forward to creating a more relaxed and joyful living environment with you through natural products.","QeeBoo is dedicated to relieving the stress of life for Hong Kong residents through natural products. QeeBoo's products appeal to the four senses of the body: Sight, Smell, Hearing, and Taste. Sight: Green plants not only relax the eyes but also wash away the stress of a hectic life with their natural aura. Smell: The natural fragrances of Palo Santo and sage can purify the negative energy around you, filling your life with positive energy. Hearing: The melodious sound of the Nepalese singing bowls brings inner peace and tranquility to the mind and spirit. Taste: We also offer coffee and tea to relax your taste buds. QeeBoo looks forward to creating a more relaxed and joyful living environment with you through natural products.",,Exhibitor,Home Delights Expo 2025,3F-D21,Avenue of Delights,,1,,,"Pet Supplies, Home Fragrance, General Home Items, Household Disinfectant Products, Bonsai; QeeBoo Brand Introduction:

SOULMATE: Relax and relieve stress with natural aromatherapy and Nepalese singing bowls.

COPPER DAILY: Handmade copper drinkware from India, leveraging the natural properties of pure copper to purify water.","Pet Supplies, Home Fragrance, General Home Items, Household Disinfectant Products, Bonsai; QeeBoo Brand Introduction:

SOULMATE: Relax and relieve stress with natural aromatherapy and Nepalese singing bowls.

COPPER DAILY: Handmade copper drinkware from India, leveraging the natural properties of pure copper to purify water.",https://www.hktdc.com/event/homedelights/en/exhibitor/1S005O7OT,0,
Vision Interior Design Limited,Vision Interior Design Limited,Hong Kong,"Interior Design, Smart Door Lock","Interior Design, Smart Door Lock",,Exhibitor,Home Delights Expo 2025,3F-C18,Avenue of Delights,,1,,,"Interior Design, Smart Door Lock; Specializes in residential renovation projects, primarily serving public housing and private residential units.","Interior Design, Smart Door Lock; Specializes in residential renovation projects, primarily serving public housing and private residential units.",https://www.hktdc.com/event/homedelights/en/exhibitor/1S005O0PX,0,
Wholesome (Hong Kong) Limited,Wholesome (Hong Kong) Limited,Hong Kong,"General Home Items, Personal Care Product, Hand Sanitizer, Home Fragrance, Smart Living, Humidifier, Pet Supplies, Household Disinfectant Products","General Home Items, Personal Care Product, Hand Sanitizer, Home Fragrance, Smart Living, Humidifier, Pet Supplies, Household Disinfectant Products",,Exhibitor,Home Delights Expo 2025,3F-E20,Avenue of Delights,,1,,,"General Home Items, Personal Care Product, Hand Sanitizer, Home Fragrance, Smart Living, Humidifier, Pet Supplies, Household Disinfectant Products; Household Cleaning Products","General Home Items, Personal Care Product, Hand Sanitizer, Home Fragrance, Smart Living, Humidifier, Pet Supplies, Household Disinfectant Products; Household Cleaning Products",https://www.hktdc.com/event/homedelights/en/exhibitor/1S005O0TL,0,
Master Plus Interior Design Limited,Master Plus Interior Design Limited,Hong Kong,"Master Plus Interior Design is a local interior design brand in Hong Kong with rich design experience and profound industry knowledge. It pays attention to details, quality, functionality and practicality, and is committed to providing a full range of high-quality interior design, decoration engineering and maintenance services, covering residential and commercial projects. At the same time, Master Plus Interior Design provides a variety of ready-made furniture, electrical system and products for customers to choose from, as well as customized furniture services, providing tailor-made high-quality service solutions based on customers' preferences and needs.","Master Plus Interior Design is a local interior design brand in Hong Kong with rich design experience and profound industry knowledge. It pays attention to details, quality, functionality and practicality, and is committed to providing a full range of high-quality interior design, decoration engineering and maintenance services, covering residential and commercial projects. At the same time, Master Plus Interior Design provides a variety of ready-made furniture, electrical system and products for customers to choose from, as well as customized furniture services, providing tailor-made high-quality service solutions based on customers' preferences and needs.",,Exhibitor,Home Delights Expo 2025,3F-E28,Avenue of Delights,,1,,,"Water Purifier, Smart Door Lock, Furniture, Door Lock, Interior Design, Household Disinfectant Products, Smart Living; We provides a variety of ready-made furniture and electrical system & products for customers to choose from, including the agency of Lamboo furniture, German Pool home appliances, LOCKIS smart door locks, Megaman Lighting, Philips water purifiers etc","Water Purifier, Smart Door Lock, Furniture, Door Lock, Interior Design, Household Disinfectant Products, Smart Living; We provides a variety of ready-made furniture and electrical system & products for customers to choose from, including the agency of Lamboo furniture, German Pool home appliances, LOCKIS smart door locks, Megaman Lighting, Philips water purifiers etc",https://www.hktdc.com/event/homedelights/en/exhibitor/1S005O1X8,0,
Quooker Hong Kong Limited,Quooker Hong Kong Limited,Hong Kong,"The Quooker was the very first boiling-water tap in the world. Inventions like the high-vacuum insulated tank, the all-in-one taps Quooker Fusion and Flex and the series of black boiling-water taps brought about a revolution in the kitchen. Innovation 'around the sink' still continues every day. Quooker is well on its way to conquering the world. Since it was invented in 1970 by Henri Peteri, the boiling-water tap has become an indispensable tool in kitchens all over the world. Quooker in Ridderkerk, Holland, has more than 450 people working on new technical ideas and design solutions to make the taps even more efficient, even easier to use and even more attractive.","The Quooker was the very first boiling-water tap in the world. Inventions like the high-vacuum insulated tank, the all-in-one taps Quooker Fusion and Flex and the series of black boiling-water taps brought about a revolution in the kitchen. Innovation 'around the sink' still continues every day. Quooker is well on its way to conquering the world. Since it was invented in 1970 by Henri Peteri, the boiling-water tap has become an indispensable tool in kitchens all over the world. Quooker in Ridderkerk, Holland, has more than 450 people working on new technical ideas and design solutions to make the taps even more efficient, even easier to use and even more attractive.",,Exhibitor,Home Delights Expo 2025,3F-B18,Avenue of Delights,,1,,,"Water Purifier; A Quooker system is pure convenience. It provides 100?C boiling, cold, chilled still and even chilled sparkling water directly from the tap and all filtered.","Water Purifier; A Quooker system is pure convenience. It provides 100?C boiling, cold, chilled still and even chilled sparkling water directly from the tap and all filtered.",https://www.hktdc.com/event/homedelights/en/exhibitor/1S005O0UI,0,
Renovation Guide Consultant Limited,Renovation Guide Consultant Limited,Hong Kong,The company was officially established in 2023 and provides relevant decoration information,The company was officially established in 2023 and provides relevant decoration information,,Exhibitor,Home Delights Expo 2025,3G-B26,Avenue of Delights,,1,,,Interior Design; Our company provides decoration information and product promotion and has a project management APP to assist decoration companies in their operations.,Interior Design; Our company provides decoration information and product promotion and has a project management APP to assist decoration companies in their operations.,https://www.hktdc.com/event/homedelights/en/exhibitor/1S005O0FR,0,
"SC Logistics Co., Limited","SC Logistics Co., Limited",Hong Kong,Mini Storage,Mini Storage,,Exhibitor,Home Delights Expo 2025,3F-E07,Avenue of Delights,,1,,,"Mini Storage; We are Sc Storage, which founded in 2001. We provide storage services to customer to solve the problem of lack of space.We have more than 50 branch all over Hong Kong.Our target customer are widely, whether commercial or general family.","Mini Storage; We are Sc Storage, which founded in 2001. We provide storage services to customer to solve the problem of lack of space.We have more than 50 branch all over Hong Kong.Our target customer are widely, whether commercial or general family.",https://www.hktdc.com/event/homedelights/en/exhibitor/1S005O1SN,0,
I Love Kitchen Limited,I Love Kitchen Limited,Hong Kong,"Cutting Board, Kitchenware, Bakeware, Tableware, Furniture","Cutting Board, Kitchenware, Bakeware, Tableware, Furniture",,Exhibitor,Home Delights Expo 2025,3G-C21,Household Products,,1,,,"Cutting Board, Kitchenware, Bakeware, Tableware, Furniture; Epicurean cutting board, Woll Wok, Low Pressure Pot, Electric kitchenware; Lovos kitchen tools, Keter cabinet","Cutting Board, Kitchenware, Bakeware, Tableware, Furniture; Epicurean cutting board, Woll Wok, Low Pressure Pot, Electric kitchenware; Lovos kitchen tools, Keter cabinet",https://www.hktdc.com/event/homedelights/en/exhibitor/1S005O0M6,0,
CS Group Holdings Limited,CS Group Holdings Limited,Hong Kong,"Electric Oven, Electric Rice Cooker, Cutlery Set, Kitchenware","Electric Oven, Electric Rice Cooker, Cutlery Set, Kitchenware",,Exhibitor,Home Delights Expo 2025,3F-G04,Electrical Appliances,,1,,,"Electric Oven, Electric Rice Cooker, Cutlery Set, Kitchenware; Pressure cooker, Fry pans, Cookware set, Steam oven","Electric Oven, Electric Rice Cooker, Cutlery Set, Kitchenware; Pressure cooker, Fry pans, Cookware set, Steam oven",https://www.hktdc.com/event/homedelights/en/exhibitor/1S005O44K,0,
Asia World Group Limited,Asia World Group Limited,Hong Kong,"ASIA WORLD GROUP LIMITED was established in 2006 Our Company has continued to develop from Import and export furniture business. Now we have our own BRAND - MARC JAMES Design (Indoor and Outdoor furniture ) and TAKUMI Furniture (Wooden Indoor Furniture). They are manufacture in JAPAN, MALAYSIA, VIETNAM and CHINA.","ASIA WORLD GROUP LIMITED was established in 2006 Our Company has continued to develop from Import and export furniture business. Now we have our own BRAND - MARC JAMES Design (Indoor and Outdoor furniture ) and TAKUMI Furniture (Wooden Indoor Furniture). They are manufacture in JAPAN, MALAYSIA, VIETNAM and CHINA.",,Exhibitor,Home Delights Expo 2025,3G-B28,Household Products,,1,,,"Furniture; MARC JAMES DESIGN 室內及戶外傢俱, TAKUMI Furniture 木製室內傢俱","Furniture; MARC JAMES DESIGN 室內及戶外傢俱, TAKUMI Furniture 木製室內傢俱",https://www.hktdc.com/event/homedelights/en/exhibitor/1S005O4FN,0,
Pete's Studio & Co.,Pete's Studio & Co.,Hong Kong,"The Lanes HK aims to introduce different regions and festive cultures through high-quality products. The Lanes HK also sources unique, exquisite and finest boutiques from all over the world, adding taste and colour to lifestyle.","The Lanes HK aims to introduce different regions and festive cultures through high-quality products. The Lanes HK also sources unique, exquisite and finest boutiques from all over the world, adding taste and colour to lifestyle.",,Exhibitor,Home Delights Expo 2025,3CON-004,Creative Corner,,1,,,"Our designed and hand crafted products focus on Hong Kong and British sentiment, commemorating the essence of British and Hong Kong heritage.","Our designed and hand crafted products focus on Hong Kong and British sentiment, commemorating the essence of British and Hong Kong heritage.",https://www.hktdc.com/event/homedelights/en/exhibitor/1S005OKBJ,0,
"Farbe Sofa Design Co., Limited","Farbe Sofa Design Co., Limited",Hong Kong,"FARBE, is a local brand dedicated to providing Hong Kong families with dynamic, practical, high-quality and cost-effective furniture. Our main business covers furniture retail. We currently have seven specialty stores and our own factories. The founder of Fabi Sofa started to engage in sofa production and wholesale more than twenty years ago, laying a solid foundation for entering the retail market. We provide a full range of one-stop services for our own brand sofas and other furniture products, from design, production to sales and after-sales service. We strictly control quality management to ensure that every product meets our commitment to high quality. In addition, we have more than twenty years of experience in sofa manufacturing, relying on mature technology and innovative design to provide customers with highly competitive product choices. FARBE is the first brand in Hong Kong that can truly provide completely customized sofas. Whether in style, function, size, color, fabric or sitting feel, customers can make personalized choices based on their own needs.","FARBE, is a local brand dedicated to providing Hong Kong families with dynamic, practical, high-quality and cost-effective furniture. Our main business covers furniture retail. We currently have seven specialty stores and our own factories. The founder of Fabi Sofa started to engage in sofa production and wholesale more than twenty years ago, laying a solid foundation for entering the retail market. We provide a full range of one-stop services for our own brand sofas and other furniture products, from design, production to sales and after-sales service. We strictly control quality management to ensure that every product meets our commitment to high quality. In addition, we have more than twenty years of experience in sofa manufacturing, relying on mature technology and innovative design to provide customers with highly competitive product choices. FARBE is the first brand in Hong Kong that can truly provide completely customized sofas. Whether in style, function, size, color, fabric or sitting feel, customers can make personalized choices based on their own needs.",,Exhibitor,Home Delights Expo 2025,3G-A12,Household Products,,1,,,"Furniture; Sofa products
Sofas are our signature product, and we are the only brand in Hong Kong that truly offers fully customized sofas.

We also offer a variety of dining tables and chairs, and have added a bedroom and mattress series.","Furniture; Sofa products
Sofas are our signature product, and we are the only brand in Hong Kong that truly offers fully customized sofas.

We also offer a variety of dining tables and chairs, and have added a bedroom and mattress series.",https://www.hktdc.com/event/homedelights/en/exhibitor/1S005NYKE,0,
Sofamark Ltd,Sofamark Ltd,Hong Kong,"Found in 1999, Sofamark - the combination of ""Sofa"" and ""Supermarket"" which implies the variety choices and comprehensive services to the valuable customers. The long term goal of Sofamark is providing high quality products with affordable price. Ranging from intelligent sofas, tailor-made sofas, Fabric sofas, European brand sofas and other home accessories, Sofamark is striving toward providing high-qualitative home furniture ensuring those suppliers are passed by international product quality certificate and furniture are not harmful substances contained.","Found in 1999, Sofamark - the combination of ""Sofa"" and ""Supermarket"" which implies the variety choices and comprehensive services to the valuable customers. The long term goal of Sofamark is providing high quality products with affordable price. Ranging from intelligent sofas, tailor-made sofas, Fabric sofas, European brand sofas and other home accessories, Sofamark is striving toward providing high-qualitative home furniture ensuring those suppliers are passed by international product quality certificate and furniture are not harmful substances contained.",,Exhibitor,Home Delights Expo 2025,3F-A02,Household Products,,1,,,SOFAMARK LTD,SOFAMARK LTD,https://www.hktdc.com/event/homedelights/en/exhibitor/1S005NYEW,0,
J.B. Diamond Limited,J.B. Diamond Limited,Hong Kong,"JB Diamond has continued to grow since its inception in 1999, thanks to the love of its partners, the professionalism and hard work of each employee. We are very grateful and thank the families behind the employees who silently support them. We always take [Love Life, Love Earth] as our corporate philosophy, and will [Woju. Environmental protection. Tourism] as the course of action. In the rapidly changing social environment, people's lifestyles are diversifying. We continue to think about the lifestyle that makes every day happy, and plan to deliver happy and happy products and services to many people. In the face of challenges, we will continue to provide products that are loved by everyone.","JB Diamond has continued to grow since its inception in 1999, thanks to the love of its partners, the professionalism and hard work of each employee. We are very grateful and thank the families behind the employees who silently support them. We always take [Love Life, Love Earth] as our corporate philosophy, and will [Woju. Environmental protection. Tourism] as the course of action. In the rapidly changing social environment, people's lifestyles are diversifying. We continue to think about the lifestyle that makes every day happy, and plan to deliver happy and happy products and services to many people. In the face of challenges, we will continue to provide products that are loved by everyone.",,Exhibitor,Home Delights Expo 2025,3G-A08,Household Products,,1,,,"Pillow, Bed Linen; diamondpro品牌產品包括
天使枕+軟珪藻土浴室墊+鑽石鍋+充電摺疊風扇","Pillow, Bed Linen; diamondpro品牌產品包括
天使枕+軟珪藻土浴室墊+鑽石鍋+充電摺疊風扇",https://www.hktdc.com/event/homedelights/en/exhibitor/1S005NYA8,0,
"White Pan and Wok Co., Limited","White Pan and Wok Co., Limited",Hong Kong,"White Pan and Wok Co Ltd is established in 2010. We are the first one using Nano-Ceramic for cookware and set up our own brand ""BLANC"" cookware. Nano-Ceramic is invented in South Korea and under own production. Our cookware is free of Polytetrafluoroetylene (PTFE) and Perfluorooctanoic Acid (PFOA). In order to fulfill our customers' need on cooking, we source high quality silicone cooking tools and set up our 2nd brand ""BLANC Plus"". After rapid development in few years, BLANC products become more popular and are launched at main Department Stores and Towngas Shops.","White Pan and Wok Co Ltd is established in 2010. We are the first one using Nano-Ceramic for cookware and set up our own brand ""BLANC"" cookware. Nano-Ceramic is invented in South Korea and under own production. Our cookware is free of Polytetrafluoroetylene (PTFE) and Perfluorooctanoic Acid (PFOA). In order to fulfill our customers' need on cooking, we source high quality silicone cooking tools and set up our 2nd brand ""BLANC Plus"". After rapid development in few years, BLANC products become more popular and are launched at main Department Stores and Towngas Shops.",,Exhibitor,Home Delights Expo 2025,3F-B08,Household Products,,1,,,"Electric Kettle, Electric Fan, Bakeware, Electrical Juice Extractor, Coffee Maker; BLANC nano-ceramic cookwares, BLANC Plus Silicone Accessories, Capybara Silicone Products & Gadgets, H2W Heated Products, snoopy kitchenwares","Electric Kettle, Electric Fan, Bakeware, Electrical Juice Extractor, Coffee Maker; BLANC nano-ceramic cookwares, BLANC Plus Silicone Accessories, Capybara Silicone Products & Gadgets, H2W Heated Products, snoopy kitchenwares",https://www.hktdc.com/event/homedelights/en/exhibitor/1S005NYLB,0,
Amazing Mode Limited,Amazing Mode Limited,Hong Kong,"At Amazing Mode, we have been enriching lives by distributing premium international brands in Hong Kong and Macau. Our business delivers high-quality lifestyle products across cookwares, consumer electronics, home and living, as well as kitchen and appliances, so shoppers can find the right choices for their needs and desires. Our sales channel covers various deparment stores and electrical chain stores, as well as e-channels.","At Amazing Mode, we have been enriching lives by distributing premium international brands in Hong Kong and Macau. Our business delivers high-quality lifestyle products across cookwares, consumer electronics, home and living, as well as kitchen and appliances, so shoppers can find the right choices for their needs and desires. Our sales channel covers various deparment stores and electrical chain stores, as well as e-channels.",,Exhibitor,Home Delights Expo 2025,3F-A13,Household Products,,1,,,"Cutting Board, Coffee Grinder, Food Container; Will exhibit four international brands, Cristel from France, Sistema from New Zealand, Stoneline form Germany, De'Longhi from Italy, Kenwood from UK, Braun from GErmany and Equa from Slovenia  .","Cutting Board, Coffee Grinder, Food Container; Will exhibit four international brands, Cristel from France, Sistema from New Zealand, Stoneline form Germany, De'Longhi from Italy, Kenwood from UK, Braun from GErmany and Equa from Slovenia  .",https://www.hktdc.com/event/homedelights/en/exhibitor/1S005O0QU,0,
BOC Group Life Assurance Company Limited,BOC Group Life Assurance Company Limited,Hong Kong,Home Insurance,Home Insurance,,Exhibitor,Home Delights Expo 2025,3G-D18,Household Products,,1,,,"Home Insurance; Insurance product, Savings","Home Insurance; Insurance product, Savings",https://www.hktdc.com/event/homedelights/en/exhibitor/1S005PQCA,0,
G I Technology Co.,G I Technology Co.,Hong Kong,"Promote Health Products, Water Purifiers, Instant Hot Water Dispenser, Showers, Ergo Items, Air Purifier in Hong Kong, Macau and China Market","Promote Health Products, Water Purifiers, Instant Hot Water Dispenser, Showers, Ergo Items, Air Purifier in Hong Kong, Macau and China Market",,Exhibitor,Home Delights Expo 2025,3G-A25,Household Products,,1,,,"Healthcare Product, Water Purifier; B&H, Senwater, BC Tap, Everpool, Bellini, Airdog","Healthcare Product, Water Purifier; B&H, Senwater, BC Tap, Everpool, Bellini, Airdog",https://www.hktdc.com/event/homedelights/en/exhibitor/1S005O0SO,0,
Hosanna (HK) Limited,Hosanna (HK) Limited,Hong Kong,Biolux Ozone System,Biolux Ozone System,,Exhibitor,Home Delights Expo 2025,3G-C25,Electrical Appliances,,1,,,"Water Purifier, Electrical Personal Care Appliances, Household Disinfectant Products; Biolux Ozone System","Water Purifier, Electrical Personal Care Appliances, Household Disinfectant Products; Biolux Ozone System",https://www.hktdc.com/event/homedelights/en/exhibitor/1S005O0JF,0,
International Warwick Limited,International Warwick Limited,Hong Kong,"International Warwick Limited was established in 2018 and rooted in Hong Kong. At the beginning of its business, it was mainly engaged in FMCG fast moving consumer goods industry, Japanese and Korean cosmetics and skin care products wholesale. Vision The competition in similar markets in Hong Kong is becoming increasingly fierce. Therefore, creative people face the world, and are committed to exploring and exploring the feasibility of other business opportunities in the global market, continuing the company's long-term development and improving the industry level, and moving forward one step ahead. relied on careful observation, combined with big data system analysis, innovation and change, and won the trust of famous beauty product brands such as Japan and South Korea, and successfully obtained the general agent in Hong Kong and Macao. Over the years, in the process of negotiation between creative people and manufacturers around the world, with the concept of ""own brand"", combined with the needs of life and diversified creative products, seize the opportunity of operation and development.","International Warwick Limited was established in 2018 and rooted in Hong Kong. At the beginning of its business, it was mainly engaged in FMCG fast moving consumer goods industry, Japanese and Korean cosmetics and skin care products wholesale. Vision The competition in similar markets in Hong Kong is becoming increasingly fierce. Therefore, creative people face the world, and are committed to exploring and exploring the feasibility of other business opportunities in the global market, continuing the company's long-term development and improving the industry level, and moving forward one step ahead. relied on careful observation, combined with big data system analysis, innovation and change, and won the trust of famous beauty product brands such as Japan and South Korea, and successfully obtained the general agent in Hong Kong and Macao. Over the years, in the process of negotiation between creative people and manufacturers around the world, with the concept of ""own brand"", combined with the needs of life and diversified creative products, seize the opportunity of operation and development.",,Exhibitor,Home Delights Expo 2025,3F-F26,Household Products,,1,,,"General Home Items; Sterilization Laundry Expert - DoDoME Laundry capsules, with strong sterilization and long-lasting deodorant ability!
Having a DoDoME laundry capsules means having laundry detergent, deodorant, disinfectant and softener. One laundry capsules can be","General Home Items; Sterilization Laundry Expert - DoDoME Laundry capsules, with strong sterilization and long-lasting deodorant ability!
Having a DoDoME laundry capsules means having laundry detergent, deodorant, disinfectant and softener. One laundry capsules can be",https://www.hktdc.com/event/homedelights/en/exhibitor/1S005O0GO,0,
Suntronics Investment Limited,Suntronics Investment Limited,Hong Kong,"Electric Rice Cooker, Electrical Juice Extractor","Electric Rice Cooker, Electrical Juice Extractor",,Exhibitor,Home Delights Expo 2025,3G-A26,Electrical Appliances,,1,,,"Electric Rice Cooker, Electrical Juice Extractor; 惠人HUROM慢磨原汁機及福庫CUCKOO電飯煲","Electric Rice Cooker, Electrical Juice Extractor; 惠人HUROM慢磨原汁機及福庫CUCKOO電飯煲",https://www.hktdc.com/event/homedelights/en/exhibitor/1S005O0EU,0,
The Man Optical Co.,The Man Optical Co.,Hong Kong,"Healthcare Product, Fitness Product","Healthcare Product, Fitness Product",,Exhibitor,Home Delights Expo 2025,3F-F25,Household Products,,1,,,"Healthcare Product, Fitness Product; 防藍光平光眼鏡, 防藍光老花眼鏡, 太陽眼鏡","Healthcare Product, Fitness Product; 防藍光平光眼鏡, 防藍光老花眼鏡, 太陽眼鏡",https://www.hktdc.com/event/homedelights/en/exhibitor/1S005O0RR,0,
Trendy Trading (HK) Limited,Trendy Trading (HK) Limited,Hong Kong,"Monitoring & Communication Products, Water Purifier, Air Purifier, Electric Rice Cooker, Electric Iron, Electric Water Dispenser, Electric Kettle, Coffee Maker, Electric Oven, Toaster, Electric Blender, Air Fryer","Monitoring & Communication Products, Water Purifier, Air Purifier, Electric Rice Cooker, Electric Iron, Electric Water Dispenser, Electric Kettle, Coffee Maker, Electric Oven, Toaster, Electric Blender, Air Fryer",,Exhibitor,Home Delights Expo 2025,3F-A09,Electrical Appliances,,1,,,"Monitoring & Communication Products, Water Purifier, Air Purifier, Electric Rice Cooker, Electric Iron, Electric Water Dispenser, Electric Kettle, Coffee Maker, Electric Oven, Toaster, Electric Blender, Air Fryer; Tefal, Delonghi, Kenwood, 3M","Monitoring & Communication Products, Water Purifier, Air Purifier, Electric Rice Cooker, Electric Iron, Electric Water Dispenser, Electric Kettle, Coffee Maker, Electric Oven, Toaster, Electric Blender, Air Fryer; Tefal, Delonghi, Kenwood, 3M",https://www.hktdc.com/event/homedelights/en/exhibitor/1S005O46E,0,
Acer Computer (Far East) Ltd,Acer Computer (Far East) Ltd,Hong Kong,"Air Fryer, Vacuum Cleaner, Electric Fan, Water Purifier, Electric Rice Cooker","Air Fryer, Vacuum Cleaner, Electric Fan, Water Purifier, Electric Rice Cooker",,Exhibitor,Home Delights Expo 2025,3F-D25,Electrical Appliances,,1,,,"Air Fryer, Vacuum Cleaner, Electric Fan, Water Purifier, Electric Rice Cooker; Acerpure & Joyoung","Air Fryer, Vacuum Cleaner, Electric Fan, Water Purifier, Electric Rice Cooker; Acerpure & Joyoung",https://www.hktdc.com/event/homedelights/en/exhibitor/1S005OL0F,0,
Anele Branding & Marketing Communications Company,Anele Branding & Marketing Communications Company,Hong Kong,"NoLessCreateur, PMA","NoLessCreateur, PMA",,Exhibitor,Home Delights Expo 2025,3CON-003,Creative Corner,,1,,,,,https://www.hktdc.com/event/homedelights/en/exhibitor/1S005OBAV,0,
Brighten Building Materials Ltd,Brighten Building Materials Ltd,Hong Kong,,,,Exhibitor,Home Delights Expo 2025,3G-C22,Household Products,,1,,,"T-SAVE water savers, Fiore taps, Kakudai hand showers, Cramer Tap cleaner","T-SAVE water savers, Fiore taps, Kakudai hand showers, Cramer Tap cleaner",https://www.hktdc.com/event/homedelights/en/exhibitor/1S005O4CW,0,
CRG Technology Limited,CRG Technology Limited,Hong Kong,CRG HAS BEEN STAYING WITH YOU SINCE 2008. WE INTEND TO CREATE WIN WIN FOR ALL STACKHOLDERS. WE CARE YOUR CARE. WE AIM TO EXTEND THE WORLD KNOWLEDGE OF LOCKS AND HARDWARE APPLICATION. WE DO HOPE YOU CAN CHOOSE AND BUY THE PRODUCT FITS YOUR NEED.,CRG HAS BEEN STAYING WITH YOU SINCE 2008. WE INTEND TO CREATE WIN WIN FOR ALL STACKHOLDERS. WE CARE YOUR CARE. WE AIM TO EXTEND THE WORLD KNOWLEDGE OF LOCKS AND HARDWARE APPLICATION. WE DO HOPE YOU CAN CHOOSE AND BUY THE PRODUCT FITS YOUR NEED.,,Exhibitor,Home Delights Expo 2025,3F-D27,Household Products,,1,,,"HARDWARE, LOCKS AND ELECTRONIC PRODUCTS. WE ALSO PROVIDE INSTALLATION AND REPAIR SERVICE. WE DISTRIBUTE WORLD BEST, LIKE YALE ETC.","HARDWARE, LOCKS AND ELECTRONIC PRODUCTS. WE ALSO PROVIDE INSTALLATION AND REPAIR SERVICE. WE DISTRIBUTE WORLD BEST, LIKE YALE ETC.",https://www.hktdc.com/event/homedelights/en/exhibitor/1S005O6ZX,0,
Calm Candles Essential Limited,Calm Candles Essential Limited,Hong Kong,"Experience the serene allure of Calm Candles Essential, proudly made in Hong Kong. Indulge in our exquisite range of vegan candles, enchanting diffusers, and IFRA certified oils. Immerse yourself in the captivating scents that transport you to a world of tranquility. Elevate your ambiance with our locally crafted treasures.","Experience the serene allure of Calm Candles Essential, proudly made in Hong Kong. Indulge in our exquisite range of vegan candles, enchanting diffusers, and IFRA certified oils. Immerse yourself in the captivating scents that transport you to a world of tranquility. Elevate your ambiance with our locally crafted treasures.",,Exhibitor,Home Delights Expo 2025,3CON-018,Creative Corner,,1,,,"Luxury coconut and soy wax candles infused with IFRA-compliant essential oils (MSDS certified). Our collection includes FCC, CE, and RoHS certified diffusers, candle warmers, and artisanal parfum—crafted for wellness, elegance, and safety.","Luxury coconut and soy wax candles infused with IFRA-compliant essential oils (MSDS certified). Our collection includes FCC, CE, and RoHS certified diffusers, candle warmers, and artisanal parfum—crafted for wellness, elegance, and safety.",https://www.hktdc.com/event/homedelights/en/exhibitor/1S005OCCO,0,
Champion Workshop Limited,Champion Workshop Limited,Hong Kong,"The Zhangxiaoquan story began with a craftsman named Zhang Xiaoquan whose knifes and scissors have warranted by royal. By 1628, he has left royal service and created this brand. That's why our logo is a name of founder. Even though our logo changed quite a bit over the years and the small premium knife and scissors manufacturer became a global culinary leader, our quality standards have never changed. In fact, it's quite the opposite-it became a tradition.","The Zhangxiaoquan story began with a craftsman named Zhang Xiaoquan whose knifes and scissors have warranted by royal. By 1628, he has left royal service and created this brand. That's why our logo is a name of founder. Even though our logo changed quite a bit over the years and the small premium knife and scissors manufacturer became a global culinary leader, our quality standards have never changed. In fact, it's quite the opposite-it became a tradition.",,Exhibitor,Home Delights Expo 2025,3F-A21,Household Products,,1,,,"Cutlery Set, Cup / Mug, Kitchen Utensil Set, Cutting Board, Personal Care Product, Kitchenware, Plate/ Dish, Kitchen Knife; Knifes, scissors, stainless still products, frying Chinese wok  and all other kitchen ware.","Cutlery Set, Cup / Mug, Kitchen Utensil Set, Cutting Board, Personal Care Product, Kitchenware, Plate/ Dish, Kitchen Knife; Knifes, scissors, stainless still products, frying Chinese wok  and all other kitchen ware.",https://www.hktdc.com/event/homedelights/en/exhibitor/1S005O4BZ,0,
Chestnut Corner,Chestnut Corner,Hong Kong,,,,Exhibitor,Home Delights Expo 2025,3CON-012,Creative Corner,,1,,,,,https://www.hktdc.com/event/homedelights/en/exhibitor/1S005OBBS,0,
Cohesion International Company limited,Cohesion International Company limited,Hong Kong,"Household Disinfectant Products, Healthcare Product, Cleaning Cloth, Can Opener, Cutlery Set, Cutting Board","Household Disinfectant Products, Healthcare Product, Cleaning Cloth, Can Opener, Cutlery Set, Cutting Board",,Exhibitor,Home Delights Expo 2025,3F-D28,Household Products,,1,,,"Household Disinfectant Products, Healthcare Product, Cleaning Cloth, Can Opener, Cutlery Set, Cutting Board; Acupuncture Meridian Physiotherpy Pen, Decontaminationn Stick, Graphene Knee Pads , Glass Cleaner, Can Opener","Household Disinfectant Products, Healthcare Product, Cleaning Cloth, Can Opener, Cutlery Set, Cutting Board; Acupuncture Meridian Physiotherpy Pen, Decontaminationn Stick, Graphene Knee Pads , Glass Cleaner, Can Opener",https://www.hktdc.com/event/homedelights/en/exhibitor/1S005O4A2,0,
Colourful-FS,Colourful-FS,Hong Kong,主要售賣自家製頭飾、民族風飾物、民族風手袋、印度披肩,主要售賣自家製頭飾、民族風飾物、民族風手袋、印度披肩,,Exhibitor,Home Delights Expo 2025,3CON-001,Creative Corner,,1,,,"繽紛的顏色總予人開心的感覺, 亦是本店的宗旨, 本店主要售賣印度披肩, 紙巾套, 手繪木盒, 民族風貨品.","繽紛的顏色總予人開心的感覺, 亦是本店的宗旨, 本店主要售賣印度披肩, 紙巾套, 手繪木盒, 民族風貨品.",https://www.hktdc.com/event/homedelights/en/exhibitor/1S005OCAU,0,
Cosway (HK) Limited,Cosway (HK) Limited,Hong Kong,"Healthcare Product, Fitness Product, Water Purifier","Healthcare Product, Fitness Product, Water Purifier",,Exhibitor,Home Delights Expo 2025,3F-B22,Electrical Appliances,,1,,,"Healthcare Product, Fitness Product, Water Purifier; health products / health supplements","Healthcare Product, Fitness Product, Water Purifier; health products / health supplements",https://www.hktdc.com/event/homedelights/en/exhibitor/1S005O4DT,0,
Dream Lam,Dream Lam,Hong Kong,"夢想林創藝坊，創辦人-林鳳，來自屯門一個小區-紅橋 ，喜歡，興趣，手藝，藝術。默默耕耘這麼多年，實現<您的夢想我為你創> ，林導師十幾載情結不斷改進變化萬千的創作手藝作品。並開辦課程傳授手藝。 ，今次帶來我的手工藝品,供大家視覺欣賞及擁有。 ，獨特的雙面繡(刺繡/十字繡) ，獨特的徒手繪木烙畫-(可提供即場烙刻木名牌) ，歡迎來攤位欣賞/支持","夢想林創藝坊，創辦人-林鳳，來自屯門一個小區-紅橋 ，喜歡，興趣，手藝，藝術。默默耕耘這麼多年，實現<您的夢想我為你創> ，林導師十幾載情結不斷改進變化萬千的創作手藝作品。並開辦課程傳授手藝。 ，今次帶來我的手工藝品,供大家視覺欣賞及擁有。 ，獨特的雙面繡(刺繡/十字繡) ，獨特的徒手繪木烙畫-(可提供即場烙刻木名牌) ，歡迎來攤位欣賞/支持",,Exhibitor,Home Delights Expo 2025,3CON-016,Creative Corner,,1,,,十字繡/刺繡/木烙畫全手工藝作品,十字繡/刺繡/木烙畫全手工藝作品,https://www.hktdc.com/event/homedelights/en/exhibitor/1S005OBNS,0,
Good Mood Design and Build Company Limited,Good Mood Design and Build Company Limited,Hong Kong,"Our story began with one of the founders personally experiencing the challenges of renovating their own home. They realized that even the most renowned design studios had shortcomings in project management and client interaction. As a result, they teamed up with a professional team and decided to establish a company that not only offers excellent design management solutions but also prioritizes customer satisfaction and peace of mind.","Our story began with one of the founders personally experiencing the challenges of renovating their own home. They realized that even the most renowned design studios had shortcomings in project management and client interaction. As a result, they teamed up with a professional team and decided to establish a company that not only offers excellent design management solutions but also prioritizes customer satisfaction and peace of mind.",,Exhibitor,Home Delights Expo 2025,3F-G09,Household Products,,1,,,"Furniture, Interior Design; Apartment Renovation, Custom Made Furniture, Outdoor Woody Deck, Kitchen Makeover","Furniture, Interior Design; Apartment Renovation, Custom Made Furniture, Outdoor Woody Deck, Kitchen Makeover",https://www.hktdc.com/event/homedelights/en/exhibitor/1S005O8CS,0,
Good Yu Company Limited,Good Yu Company Limited,Hong Kong,"OWN BRAND,OWN FACTORY","OWN BRAND,OWN FACTORY",,Exhibitor,Home Delights Expo 2025,3F-D26,Household Products,,1,,,"Bed Sheet, Bed Linen; BEDDING","Bed Sheet, Bed Linen; BEDDING",https://www.hktdc.com/event/homedelights/en/exhibitor/1S005O43N,0,
HK-Accessories,HK-Accessories,Hong Kong,Simple is the Best & Beautiful.,Simple is the Best & Beautiful.,,Exhibitor,Home Delights Expo 2025,3CON-008,Creative Corner,,1,,,,,https://www.hktdc.com/event/homedelights/en/exhibitor/1S005OBCP,0,
Handmadeship,Handmadeship,Hong Kong,我們的創作理念來自種種的兒時回憶和香港情懷。大部分人長大後為口奔馳，為生活奔波， 很容易會忽略身邊 的人和事，更會遺忘兒時那種簡單無憂的幸福感覺。所以，我們希望透過 把無憂的童年時光和本土香港特 色形象化於產品中，讓顧客能在産品中找回昔日的幸福時光 和甜蜜回憶。Handmadeship以推廣香港獨特 風格和創意文化為己任，透過把本土特色和創 新設計意念結合，讓更多人認識和了解香港有趣的一面。,我們的創作理念來自種種的兒時回憶和香港情懷。大部分人長大後為口奔馳，為生活奔波， 很容易會忽略身邊 的人和事，更會遺忘兒時那種簡單無憂的幸福感覺。所以，我們希望透過 把無憂的童年時光和本土香港特 色形象化於產品中，讓顧客能在産品中找回昔日的幸福時光 和甜蜜回憶。Handmadeship以推廣香港獨特 風格和創意文化為己任，透過把本土特色和創 新設計意念結合，讓更多人認識和了解香港有趣的一面。,,Exhibitor,Home Delights Expo 2025,3CON-014,Creative Corner,,1,,,,,https://www.hktdc.com/event/homedelights/en/exhibitor/1S005OBRG,0,
Hong Kong Signage Research Society Limited,Hong Kong Signage Research Society Limited,Hong Kong,,,,Exhibitor,Home Delights Expo 2025,3CON-010,Creative Corner,,1,,,,,https://www.hktdc.com/event/homedelights/en/exhibitor/1S005OBEJ,0,
In-Way Outdoor Goods Manufactory Limited,In-Way Outdoor Goods Manufactory Limited,Hong Kong,"In-Way brand was founded in 2000. A professional outdoor mountaineering bag with environmental protection and humanized design as the product idea was jointly developed by Norwegian designers and Hong Kong designers. After 20 years of hard work and continuous innovation of the In-Way team, the products have been favored in domestic and overseas markets. Currently, overseas agents include: Norway, Denmark, Switzerland, Sweden, Iceland, Japan, the Philippines and other places. There are more than 250 distribution points in China, Hong Kong, Macau and Taiwan. The In-Way brand started to develop its own counters last year, 8 of which are in mid-to-high-end department stores and ground shops in Guangdong Province. The products are made of safe and durable materials, and the quality is strictly controlled by professional and technical personnel. The manufacturer provides high-quality warranty, ordinary product warranty period, and patented product lifetime warranty.","In-Way brand was founded in 2000. A professional outdoor mountaineering bag with environmental protection and humanized design as the product idea was jointly developed by Norwegian designers and Hong Kong designers. After 20 years of hard work and continuous innovation of the In-Way team, the products have been favored in domestic and overseas markets. Currently, overseas agents include: Norway, Denmark, Switzerland, Sweden, Iceland, Japan, the Philippines and other places. There are more than 250 distribution points in China, Hong Kong, Macau and Taiwan. The In-Way brand started to develop its own counters last year, 8 of which are in mid-to-high-end department stores and ground shops in Guangdong Province. The products are made of safe and durable materials, and the quality is strictly controlled by professional and technical personnel. The manufacturer provides high-quality warranty, ordinary product warranty period, and patented product lifetime warranty.",,Exhibitor,Home Delights Expo 2025,3F-G07,Household Products,,1,,,Rucksack & Travel Bag,Rucksack & Travel Bag,https://www.hktdc.com/event/homedelights/en/exhibitor/1S005O42Q,0,
K C Products Company Limited,K C Products Company Limited,Hong Kong,House cleaning products,House cleaning products,,Exhibitor,Home Delights Expo 2025,3F-A17,Household Products,,1,,,"Household Disinfectant Products, Water Purifier, General Home Items, Cleaning Cloth; House cleaning products","Household Disinfectant Products, Water Purifier, General Home Items, Cleaning Cloth; House cleaning products",https://www.hktdc.com/event/homedelights/en/exhibitor/1S005O495,0,
K S Trading Company,K S Trading Company,Hong Kong,,,,Exhibitor,Home Delights Expo 2025,3CON-017,Creative Corner,,1,,,,,https://www.hktdc.com/event/homedelights/en/exhibitor/1S005OBDM,0,
Kood Wood Work Co.,Kood Wood Work Co.,Hong Kong,All products are crafted by epoxy resin with solid wood in a unique combination. Using solid timber wood with natural imperfections integrate with resin to transform these characteristics into distinctive features – turning perceived flaws into core strengths.,All products are crafted by epoxy resin with solid wood in a unique combination. Using solid timber wood with natural imperfections integrate with resin to transform these characteristics into distinctive features – turning perceived flaws into core strengths.,,Exhibitor,Home Delights Expo 2025,3CON-020,Creative Corner,,1,,,,,https://www.hktdc.com/event/homedelights/en/exhibitor/1S005OBPM,0,
Leung So Kee Umbrella Factory,Leung So Kee Umbrella Factory,Hong Kong,Established since 1885. Hong Kong Handmade Umbrella Umbrella Frame Lifetime Warranty,Established since 1885. Hong Kong Handmade Umbrella Umbrella Frame Lifetime Warranty,,Exhibitor,Home Delights Expo 2025,3G-B20,Household Products,,1,,,"Hong Kong Handmade Umbrella, including straight umbrella and folding umbrella.

We also provide Lifetime Warranty service for our umbrella frame.","Hong Kong Handmade Umbrella, including straight umbrella and folding umbrella.

We also provide Lifetime Warranty service for our umbrella frame.",https://www.hktdc.com/event/homedelights/en/exhibitor/1S005OCBR,0,
Man Wah Trading Company,Man Wah Trading Company,Hong Kong,,,,Exhibitor,Home Delights Expo 2025,3CON-005,Creative Corner,,1,,,"樟木油，樟木榕，香茅油，松焦油膏，蛋黃油，護髮水，通渠條, 足貼, 足部用品","樟木油，樟木榕，香茅油，松焦油膏，蛋黃油，護髮水，通渠條, 足貼, 足部用品",https://www.hktdc.com/event/homedelights/en/exhibitor/1S005OBI7,0,
"Maxell Asia, Limited","Maxell Asia, Limited",Hong Kong,"The Future is Within At Maxell, we love to make people smile. Synergizing our unique analog technology with the lastest digital, and connecting with people through our products we have excited and impressed so many in counteless ways.","The Future is Within At Maxell, we love to make people smile. Synergizing our unique analog technology with the lastest digital, and connecting with people through our products we have excited and impressed so many in counteless ways.",,Exhibitor,Home Delights Expo 2025,3F-A19,Household Products,,1,,,"Personal Care Product, Air Purifier, Electrical Personal Care Appliances, Home Fragrance; Antibacterial Air Purifier, Anti-Bacterial Air Deodorizer [Ozoneo Aero], Reciprocating Shaver, Hair iron, Face & body shaver, Eyelash Curler, V line shaver, I line shaver","Personal Care Product, Air Purifier, Electrical Personal Care Appliances, Home Fragrance; Antibacterial Air Purifier, Anti-Bacterial Air Deodorizer [Ozoneo Aero], Reciprocating Shaver, Hair iron, Face & body shaver, Eyelash Curler, V line shaver, I line shaver",https://www.hktdc.com/event/homedelights/en/exhibitor/1S005O4HH,0,
"Mitsu Annai Co., Ltd.","Mitsu Annai Co., Ltd.",Hong Kong,"精選日本生活工具, 設計及功能性兼備, 日本製造","精選日本生活工具, 設計及功能性兼備, 日本製造",,Exhibitor,Home Delights Expo 2025,3CON-019,Creative Corner,,1,,,,,https://www.hktdc.com/event/homedelights/en/exhibitor/1S005OKCG,0,
Polarwafter,Polarwafter,Hong Kong,,,,Exhibitor,Home Delights Expo 2025,3CON-024,Creative Corner,,1,,,,,https://www.hktdc.com/event/homedelights/en/exhibitor/1S005PBOP,0,
Recruit & Company Limited,Recruit & Company Limited,Hong Kong,"Recruit is all-rounded recruitment and education media offering wide range of services for recruitment advertising and display advertising. We are dedicated to providing effective and quality services for recruiters. Our services vary from recruitment publication, job portals, and social media sites to career expo.","Recruit is all-rounded recruitment and education media offering wide range of services for recruitment advertising and display advertising. We are dedicated to providing effective and quality services for recruiters. Our services vary from recruitment publication, job portals, and social media sites to career expo.",,Exhibitor,Home Delights Expo 2025,3F-G08,Household Products,,1,,,Smart Living; Recruit is all-rounded recruitment and education media offering wide range of services for recruitment advertising and display advertising. We are dedicated to providing effective and quality services for recruiters. Our services vary from recruitmen,Smart Living; Recruit is all-rounded recruitment and education media offering wide range of services for recruitment advertising and display advertising. We are dedicated to providing effective and quality services for recruiters. Our services vary from recruitmen,https://www.hktdc.com/event/homedelights/en/exhibitor/1S005OCDL,0,
Riley Creative Company,Riley Creative Company,Hong Kong,We are committed to incorporating coins from different countries into our designs to showcase diverse styles and unique regional characteristics.,We are committed to incorporating coins from different countries into our designs to showcase diverse styles and unique regional characteristics.,,Exhibitor,Home Delights Expo 2025,3CON-015,Creative Corner,,1,,,,,https://www.hktdc.com/event/homedelights/en/exhibitor/1S005OBQJ,0,
Rise Sky International Industrial Limited,Rise Sky International Industrial Limited,Hong Kong,Our company is committed to producing and promoting various household appliances to provide every customer with innovative and high-quality life,Our company is committed to producing and promoting various household appliances to provide every customer with innovative and high-quality life,,Exhibitor,Home Delights Expo 2025,3F-C22,Electrical Appliances,,1,,,"Electric Iron, Vacuum Cleaner, Kitchenware, Air Purifier, Electric Rice Cooker, Electrical Juice Extractor; Vortex電器 , WASA廚具 , Happycall廚具","Electric Iron, Vacuum Cleaner, Kitchenware, Air Purifier, Electric Rice Cooker, Electrical Juice Extractor; Vortex電器 , WASA廚具 , Happycall廚具",https://www.hktdc.com/event/homedelights/en/exhibitor/1S005O45H,0,
Sell 2 World Company Limited,Sell 2 World Company Limited,Hong Kong,"Sell 2 World Company Limited is an internationally recognized brand agent dedicated to sourcing high-quality household products for customers around the world. We aim to introduce popular best-selling items from various countries into Hong Kong, providing the public with a diverse range of products at reasonable prices and excellent quality to create a better life together. We are also committed to operating various platforms and channels, offering comprehensive services from B2C to B2B","Sell 2 World Company Limited is an internationally recognized brand agent dedicated to sourcing high-quality household products for customers around the world. We aim to introduce popular best-selling items from various countries into Hong Kong, providing the public with a diverse range of products at reasonable prices and excellent quality to create a better life together. We are also committed to operating various platforms and channels, offering comprehensive services from B2C to B2B",,Exhibitor,Home Delights Expo 2025,3F-A22,Household Products,,1,,,"Electric Rice Cooker, Household Disinfectant Products, Air Fryer, Pillow, Electric Kettle, Electric Fan, Home Fragrance, General Home Items, Egg Beater, Coffee Maker, Air Purifier, Electric Blender, Electric Iron; BRITA Filter Products
We offer high-quality filter products to ensure guests enjoy healthy, clean drinking water. Our water filters utilize advanced filtration technology to effectively remove impurities and contaminants from the water.","Electric Rice Cooker, Household Disinfectant Products, Air Fryer, Pillow, Electric Kettle, Electric Fan, Home Fragrance, General Home Items, Egg Beater, Coffee Maker, Air Purifier, Electric Blender, Electric Iron; BRITA Filter Products
We offer high-quality filter products to ensure guests enjoy healthy, clean drinking water. Our water filters utilize advanced filtration technology to effectively remove impurities and contaminants from the water.",https://www.hktdc.com/event/homedelights/en/exhibitor/1S005O47B,0,
Shining For You,Shining For You,Hong Kong,,,,Exhibitor,Home Delights Expo 2025,3CON-007,Creative Corner,,1,,,"Different kinds of crystal, beeswax, jade, silver and other accessories.","Different kinds of crystal, beeswax, jade, silver and other accessories.",https://www.hktdc.com/event/homedelights/en/exhibitor/1S005OBLY,0,
Shiok Shop,Shiok Shop,Hong Kong,"自家手作產品, 手工皂, 擴香石,驅蚊石。日本進口線香及法國進口香薰。","自家手作產品, 手工皂, 擴香石,驅蚊石。日本進口線香及法國進口香薰。",,Exhibitor,Home Delights Expo 2025,3CON-009,Creative Corner,,1,,,,,https://www.hktdc.com/event/homedelights/en/exhibitor/1S005OBJ4,0,
Sosu Village,Sosu Village,Hong Kong,本店精選各類特色植物，包括塊根植物、造型盆景、進口盆栽及手工陶瓷用品。,本店精選各類特色植物，包括塊根植物、造型盆景、進口盆栽及手工陶瓷用品。,,Exhibitor,Home Delights Expo 2025,3CON-022,Creative Corner,,1,,,,,https://www.hktdc.com/event/homedelights/en/exhibitor/1S005OKDD,0,
Spazio Creative Deco Limited,Spazio Creative Deco Limited,Hong Kong,"地氈, 家君裝飾, 芳香產品, 小型家品","地氈, 家君裝飾, 芳香產品, 小型家品",,Exhibitor,Home Delights Expo 2025,3CON-021,Creative Corner,,1,,,"Indian incense, home decoration, ReSPR, air purifier, uv-c toilet sterilization, hypochlorous acid water","Indian incense, home decoration, ReSPR, air purifier, uv-c toilet sterilization, hypochlorous acid water",https://www.hktdc.com/event/homedelights/en/exhibitor/1S005OBK1,0,
Sunlike Fabric Company,Sunlike Fabric Company,Hong Kong,"專門搜羅各種時尚寵物及奴才飾品及用品, 為主子及奴才們帶來最新寵物款式潮流飾品, 確保品質優良,舒適,時尚","專門搜羅各種時尚寵物及奴才飾品及用品, 為主子及奴才們帶來最新寵物款式潮流飾品, 確保品質優良,舒適,時尚",,Exhibitor,Home Delights Expo 2025,3CON-023,Creative Corner,,1,,,"專門搜羅各種時尚寵物服裝同用品, 為主子們帶來最新寵物潮流, 確保品質優良, 舒適, 時尚.  Stylish your pet with fashion and care.","專門搜羅各種時尚寵物服裝同用品, 為主子們帶來最新寵物潮流, 確保品質優良, 舒適, 時尚.  Stylish your pet with fashion and care.",https://www.hktdc.com/event/homedelights/en/exhibitor/1S005OBGD,0,
Sunrise Trading Co,Sunrise Trading Co,Hong Kong,,,,Exhibitor,Home Delights Expo 2025,3CON-011,Creative Corner,,1,,,手工花茶，矯形鞋墊，按摩油，毛巾,手工花茶，矯形鞋墊，按摩油，毛巾,https://www.hktdc.com/event/homedelights/en/exhibitor/1S005OBHA,0,
Synchronize Production,Synchronize Production,Hong Kong,"Our company mainly produces map series products, including world maps, Hong Kong maps, other country maps, calendars, HK characteristic furnishings, ornaments, etc. We provide one-stop gift customization services, professional design, and production.","Our company mainly produces map series products, including world maps, Hong Kong maps, other country maps, calendars, HK characteristic furnishings, ornaments, etc. We provide one-stop gift customization services, professional design, and production.",,Exhibitor,Home Delights Expo 2025,3CON-002,Creative Corner,,1,,,,,https://www.hktdc.com/event/homedelights/en/exhibitor/1S005OBOP,0,
TMX International Limited,TMX International Limited,Hong Kong,"TMX International Limited has been established for over 10 years and is the exclusive distributor of the German Thermomix multi-functional cooking machine in Hong Kong, as well as the exclusive distributor of the Singaporean Cooven Food Engine all-in-one cooking machine in Hong Kong and the Greater Bay Area. We are committed to bringing intelligent and high-efficiency cooking experiences to both commercial and home kitchens. These two premium cooking machines enhance the convenience and innovation of kitchen life for Hong Kong families, transforming cooking into an enjoyable experience rather than a chore.","TMX International Limited has been established for over 10 years and is the exclusive distributor of the German Thermomix multi-functional cooking machine in Hong Kong, as well as the exclusive distributor of the Singaporean Cooven Food Engine all-in-one cooking machine in Hong Kong and the Greater Bay Area. We are committed to bringing intelligent and high-efficiency cooking experiences to both commercial and home kitchens. These two premium cooking machines enhance the convenience and innovation of kitchen life for Hong Kong families, transforming cooking into an enjoyable experience rather than a chore.",,Exhibitor,Home Delights Expo 2025,3F-B21,Electrical Appliances,,1,,,"Electric Oven, Food Processor, Electrical Juice Extractor, Electric Rice Cooker, Coffee Grinder, Electric Kettle, Electric Food Steamer, Air Fryer, Halogen Cooking Pot; The German Thermomix multi-functional cooking machine integrates over 30 cooking functions with advanced technology and touchscreen controls. Cooven Food Engine provides 16 cooking modes and creates a highly efficient smart cooking experience.","Electric Oven, Food Processor, Electrical Juice Extractor, Electric Rice Cooker, Coffee Grinder, Electric Kettle, Electric Food Steamer, Air Fryer, Halogen Cooking Pot; The German Thermomix multi-functional cooking machine integrates over 30 cooking functions with advanced technology and touchscreen controls. Cooven Food Engine provides 16 cooking modes and creates a highly efficient smart cooking experience.",https://www.hktdc.com/event/homedelights/en/exhibitor/1S005O4EQ,0,
Tinkyo Design Company Limited,Tinkyo Design Company Limited,Hong Kong,"Tinkyo Design is a local one-stop home decoration company that provides high-quality home decoration services. We have expertise in small indoor projects such as mosquito nets, cat screens, window grilles, patio safety screens, etc. We also specialize in interior design, custom kitchens, bathroom renovations, other feature wall installations such as paint and wallpaper, and outdoor patio wood Services such as flooring, garden roof design and door locks. We also specialize in the design and installation of outdoor patio timber structures, whether you prefer a minimalist or natural style, we can create a comfortable and beautiful outdoor space based on your preferences and needs, allowing you to spend quality time with family and friends. Our team provides services to customers with a professional, careful and high-quality work attitude, always aiming for customer satisfaction. If you are interested in our services, please feel free to contact us. We look forward to providing you with an excellent service experience and working with you.","Tinkyo Design is a local one-stop home decoration company that provides high-quality home decoration services. We have expertise in small indoor projects such as mosquito nets, cat screens, window grilles, patio safety screens, etc. We also specialize in interior design, custom kitchens, bathroom renovations, other feature wall installations such as paint and wallpaper, and outdoor patio wood Services such as flooring, garden roof design and door locks. We also specialize in the design and installation of outdoor patio timber structures, whether you prefer a minimalist or natural style, we can create a comfortable and beautiful outdoor space based on your preferences and needs, allowing you to spend quality time with family and friends. Our team provides services to customers with a professional, careful and high-quality work attitude, always aiming for customer satisfaction. If you are interested in our services, please feel free to contact us. We look forward to providing you with an excellent service experience and working with you.",,Exhibitor,Home Delights Expo 2025,3G-B27,Household Products,,1,,,"Interior Design; High-quality home decoration services, mosquito nets, cat protection nets, window grilles, terrace protection nets, indoor and outdoor clothes drying racks, electric or manual clothes drying racks, outdoor wooden floors, etc.","Interior Design; High-quality home decoration services, mosquito nets, cat protection nets, window grilles, terrace protection nets, indoor and outdoor clothes drying racks, electric or manual clothes drying racks, outdoor wooden floors, etc.",https://www.hktdc.com/event/homedelights/en/exhibitor/1S005O4GK,0,
V-Target International Company Limited,V-Target International Company Limited,Hong Kong,,,,Exhibitor,Home Delights Expo 2025,3CON-006,Creative Corner,,1,,,,,https://www.hktdc.com/event/homedelights/en/exhibitor/1S005OBMV,0,
Wing Yip International Limited,Wing Yip International Limited,Hong Kong,"Cheng's sisters established Wing Yip International Limited and the brand 'Cherry' in 2004. Cherry is one of the leading brands in Hong Kong and Macau, mainly engaged in design, production, distribution and retailing of bedding products, with a focus in the high-end and premium bedding market. We aspire to enhance the quality of life to our customers by sharing the values of quality, innovation and design in everyday lives. Cherry is committed to helping consumers attain a higher quality of sleep and supports this mission by developing superior bedding items and promoting quality of life. We appreciate innovation, importing high quality materials and developing new premium products at reasonable price, and developed multi-brand to provide high-quality products for different market segments from basic to premium. Cherry has set up Cherry showrooms in Hong Kong and have Cherry counters in all major department stores. Nowadays, Cherry has more than 50 points of sales throughout Hong Kong and Macau.","Cheng's sisters established Wing Yip International Limited and the brand 'Cherry' in 2004. Cherry is one of the leading brands in Hong Kong and Macau, mainly engaged in design, production, distribution and retailing of bedding products, with a focus in the high-end and premium bedding market. We aspire to enhance the quality of life to our customers by sharing the values of quality, innovation and design in everyday lives. Cherry is committed to helping consumers attain a higher quality of sleep and supports this mission by developing superior bedding items and promoting quality of life. We appreciate innovation, importing high quality materials and developing new premium products at reasonable price, and developed multi-brand to provide high-quality products for different market segments from basic to premium. Cherry has set up Cherry showrooms in Hong Kong and have Cherry counters in all major department stores. Nowadays, Cherry has more than 50 points of sales throughout Hong Kong and Macau.",,Exhibitor,Home Delights Expo 2025,3F-C24,Household Products,,1,,,"Pillow, Bed Sheet, Quilt, Bed Linen; Cherry specializes in offering premium quality of wide selection of bedding items, includes Bed Set, Pillows, Quilts, Baby items and others.","Pillow, Bed Sheet, Quilt, Bed Linen; Cherry specializes in offering premium quality of wide selection of bedding items, includes Bed Set, Pillows, Quilts, Baby items and others.",https://www.hktdc.com/event/homedelights/en/exhibitor/1S005O488,0,
iRecycle Charity Foundation Limited,iRecycle Charity Foundation Limited,Hong Kong,,,,Exhibitor,Home Delights Expo 2025,3G-B18,Household Products,,1,,,"愛回收慈善基金於2024年成立，旨在推廣綠色採購、廢物管理、循環再造及可持續發展理念，實現可持續的未來。基金會致力於促進兒童及青少年的多元教育，幫助弱勢社群，並積極與各界合作，推出和支持各種綠色公益項目。 

我們希望通過優化ESG教育、環保公益和綠色認證，提高持份者對環保、碳中和及可持續發展議題的認識，進而改善生活環境，造福社會。","愛回收慈善基金於2024年成立，旨在推廣綠色採購、廢物管理、循環再造及可持續發展理念，實現可持續的未來。基金會致力於促進兒童及青少年的多元教育，幫助弱勢社群，並積極與各界合作，推出和支持各種綠色公益項目。 

我們希望通過優化ESG教育、環保公益和綠色認證，提高持份者對環保、碳中和及可持續發展議題的認識，進而改善生活環境，造福社會。",https://www.hktdc.com/event/homedelights/en/exhibitor/1S005OKEA,0,
